vol_idx,pred_id,x_px,y_px,z_plane,x_um,y_um,z_um,status,gt_id,err_xy_um,err_z_um,err_um,dx_um,dy_um,dz_um
103,0,407.92,63.55,95.68,56.09,8.738,47.84,TP,7,1.18,2.07,2.383,-1.084,0.467,2.07
103,1,405.08,61.64,31.69,55.699,8.475,15.843,FP,,,,,,,
103,2,305.18,66.0,31.74,41.962,9.076,15.872,FP,,,,,,,
103,3,305.3,70.18,95.5,41.979,9.65,47.75,FP,,,,,,,
103,4,199.8,67.4,95.0,27.473,9.268,47.5,FP,,,,,,,
103,5,462.44,69.22,95.0,63.586,9.518,47.5,FP,,,,,,,
103,6,206.29,71.86,95.14,28.364,9.88,47.571,FP,,,,,,,
103,7,184.0,71.5,31.0,25.3,9.831,15.5,FP,,,,,,,
103,8,358.14,73.5,95.29,49.245,10.106,47.643,FP,,,,,,,
103,9,190.0,75.0,31.0,26.125,10.312,15.5,FP,,,,,,,
103,10,205.14,117.77,95.65,28.207,16.194,47.825,FP,,,,,,,
103,11,106.47,119.81,95.7,14.639,16.474,47.849,FP,,,,,,,
103,12,201.0,119.74,31.63,27.638,16.464,15.816,FP,,,,,,,
103,13,105.92,141.86,95.7,14.564,19.506,47.849,FP,,,,,,,
103,14,106.13,139.97,31.74,14.593,19.245,15.868,FP,,,,,,,
103,15,103.97,137.13,55.33,14.295,18.856,27.667,FP,,,,,,,
103,16,110.0,138.0,55.0,15.125,18.975,27.5,FP,,,,,,,
103,17,16.89,160.35,31.62,2.322,22.048,15.811,FP,,,,,,,
103,18,346.05,183.02,95.68,47.582,25.165,47.842,FP,,,,,,,
103,19,347.93,182.15,31.64,47.84,25.045,15.818,TP,16,0.464,1.951,2.006,-0.459,0.065,-1.951
103,20,347.32,183.35,55.46,47.757,25.211,27.73,FP,,,,,,,
103,21,351.06,182.15,113.85,48.271,25.046,56.924,FP,,,,,,,
103,22,349.67,184.12,3.68,48.08,25.316,1.84,FP,,,,,,,
103,23,350.61,182.93,83.24,48.209,25.153,41.618,FP,,,,,,,
103,24,351.64,183.32,131.73,48.35,25.206,65.863,FP,,,,,,,
103,25,350.38,183.59,17.28,48.177,25.244,8.641,FP,,,,,,,
103,26,350.91,183.83,24.11,48.25,25.277,12.054,FP,,,,,,,
103,27,350.56,183.58,39.87,48.202,25.242,19.933,FP,,,,,,,
103,28,350.83,183.83,159.0,48.24,25.277,79.5,FP,,,,,,,
103,29,214.47,206.66,95.65,29.49,28.416,47.824,FP,,,,,,,
103,30,188.93,207.41,31.43,25.978,28.52,15.715,FP,,,,,,,
103,31,215.29,207.71,31.29,29.602,28.561,15.643,FP,,,,,,,
103,32,102.66,239.61,95.46,14.116,32.947,47.728,FP,,,,,,,
103,33,72.08,274.42,31.62,9.91,37.733,15.808,FP,,,,,,,
103,34,225.26,280.59,31.73,30.973,38.581,15.863,FP,,,,,,,
103,35,144.27,286.34,31.61,19.838,39.372,15.806,FP,,,,,,,
103,36,222.22,283.78,95.47,30.555,39.019,47.737,FP,,,,,,,
103,37,151.09,288.78,95.78,20.775,39.707,47.891,FP,,,,,,,
103,38,314.62,296.16,31.52,43.26,40.722,15.759,FP,,,,,,,
103,39,144.0,288.0,3.0,19.8,39.6,1.5,FP,,,,,,,
103,40,444.17,311.93,30.17,61.073,42.891,15.083,FP,,,,,,,
103,41,360.29,308.72,95.7,49.539,42.45,47.85,FP,,,,,,,
103,42,441.78,315.87,95.73,60.744,43.432,47.865,FP,,,,,,,
103,43,442.86,313.05,3.87,60.894,43.044,1.934,TP,27,0.174,4.52,4.524,-0.001,-0.174,-4.52
103,44,445.35,312.32,55.46,61.236,42.944,27.732,FP,,,,,,,
103,45,359.93,310.6,31.13,49.491,42.708,15.567,FP,,,,,,,
103,46,442.83,312.83,10.75,60.89,43.015,5.375,FP,,,,,,,
103,47,73.23,333.24,95.67,10.07,45.82,47.837,FP,,,,,,,
103,48,68.9,333.54,31.64,9.474,45.862,15.819,FP,,,,,,,
103,49,476.15,372.77,31.68,65.471,51.255,15.84,TP,34,0.409,1.664,1.714,0.186,0.364,1.664
103,50,477.59,374.06,95.45,65.669,51.433,47.724,FP,,,,,,,
103,51,214.08,376.13,95.47,29.436,51.718,47.737,TP,35,0.184,2.081,2.089,0.141,-0.118,-2.081
103,52,304.11,413.77,31.5,41.815,56.893,15.75,FP,,,,,,,
103,53,149.9,446.72,31.75,20.611,61.424,15.876,FP,,,,,,,
103,54,152.14,445.21,95.64,20.919,61.217,47.819,FP,,,,,,,
103,55,149.5,447.83,3.42,20.556,61.577,1.708,FP,,,,,,,
103,56,223.46,458.55,31.73,30.725,63.051,15.866,FP,,,,,,,
103,57,222.31,459.5,95.58,30.568,63.182,47.791,FP,,,,,,,
103,58,224.0,457.5,55.0,30.8,62.906,27.5,FP,,,,,,,
103,59,225.67,459.33,43.0,31.029,63.158,21.5,FP,,,,,,,
103,60,54.84,463.0,95.42,7.54,63.663,47.71,FP,,,,,,,
103,61,44.98,471.67,31.58,6.185,64.855,15.791,FP,,,,,,,
103,62,357.68,492.34,31.64,49.181,67.697,15.822,FP,,,,,,,
103,63,287.1,487.66,31.62,39.477,67.054,15.808,FP,,,,,,,
103,64,288.41,489.64,95.48,39.657,67.325,47.738,FP,,,,,,,
103,,,,,49.549,1.351,12.172,FN,0,,,,,,
103,,,,,58.71,2.495,55.196,FN,1,,,,,,
103,,,,,4.781,1.499,54.992,FN,2,,,,,,
103,,,,,14.582,2.138,15.889,FN,3,,,,,,
103,,,,,43.556,3.357,90.729,FN,4,,,,,,
103,,,,,6.854,3.603,92.044,FN,5,,,,,,
103,,,,,54.474,4.344,19.621,FN,6,,,,,,
103,,,,,55.445,8.981,39.994,FN,8,,,,,,
103,,,,,42.084,8.949,31.872,FN,9,,,,,,
103,,,,,27.877,16.238,41.231,FN,10,,,,,,
103,,,,,14.34,16.905,18.417,FN,11,,,,,,
103,,,,,15.903,18.464,14.318,FN,12,,,,,,
103,,,,,14.021,21.066,7.03,FN,13,,,,,,
103,,,,,2.745,22.045,38.218,FN,14,,,,,,
103,,,,,53.322,23.968,96.421,FN,15,,,,,,
103,,,,,29.479,28.813,85.628,FN,17,,,,,,
103,,,,,13.829,32.915,58.146,FN,18,,,,,,
103,,,,,10.547,34.188,98.479,FN,19,,,,,,
103,,,,,29.308,35.995,12.818,FN,20,,,,,,
103,,,,,16.675,36.562,27.524,FN,21,,,,,,
103,,,,,10.372,38.541,4.657,FN,22,,,,,,
103,,,,,31.444,39.37,33.73,FN,23,,,,,,
103,,,,,20.757,39.641,30.18,FN,24,,,,,,
103,,,,,43.527,40.817,21.335,FN,25,,,,,,
103,,,,,49.155,42.339,81.071,FN,26,,,,,,
103,,,,,52.327,43.781,16.5,FN,28,,,,,,
103,,,,,41.299,44.862,96.462,FN,29,,,,,,
103,,,,,10.08,45.82,29.286,FN,30,,,,,,
103,,,,,16.187,46.611,76.148,FN,31,,,,,,
103,,,,,0.336,48.579,87.159,FN,32,,,,,,
103,,,,,17.604,48.396,22.646,FN,33,,,,,,
103,,,,,17.218,53.83,79.196,FN,36,,,,,,
103,,,,,26.378,54.304,75.816,FN,37,,,,,,
103,,,,,40.628,55.825,4.254,FN,38,,,,,,
103,,,,,10.058,57.53,75.965,FN,39,,,,,,
103,,,,,44.262,57.747,64.5,FN,40,,,,,,
103,,,,,20.994,61.255,23.346,FN,41,,,,,,
103,,,,,51.863,63.061,73.317,FN,42,,,,,,
103,,,,,30.603,63.039,42.427,FN,43,,,,,,
103,,,,,51.386,62.893,96.586,FN,44,,,,,,
103,,,,,7.932,63.456,57.627,FN,45,,,,,,
103,,,,,4.188,65.03,11.746,FN,46,,,,,,
103,,,,,39.75,66.69,60.749,FN,47,,,,,,
103,,,,,48.263,67.005,10.29,FN,48,,,,,,
103,,,,,7.243,67.543,78.167,FN,49,,,,,,
104,0,72.08,46.13,95.52,9.911,6.343,47.759,FP,,,,,,,
104,1,72.53,48.14,31.59,9.973,6.62,15.794,FP,,,,,,,
104,2,207.8,53.4,95.0,28.573,7.343,47.5,FP,,,,,,,
104,3,365.99,74.7,95.6,50.324,10.271,47.799,FP,,,,,,,
104,4,365.13,76.81,31.73,50.206,10.562,15.866,FP,,,,,,,
104,5,134.4,118.6,31.4,18.48,16.308,15.7,FP,,,,,,,
104,6,164.11,165.59,31.6,22.565,22.768,15.801,FP,,,,,,,
104,7,167.08,164.85,95.54,22.973,22.667,47.771,FP,,,,,,,
104,8,441.11,185.2,95.47,60.653,25.465,47.733,FP,,,,,,,
104,9,215.0,185.5,159.0,29.562,25.506,79.5,FP,,,,,,,
104,10,219.5,194.85,95.61,30.181,26.792,47.807,FP,,,,,,,
104,11,313.03,205.38,95.65,43.042,28.24,47.823,FP,,,,,,,
104,12,111.76,204.72,31.67,15.368,28.15,15.835,FP,,,,,,,
104,13,105.9,204.96,95.54,14.561,28.182,47.771,FP,,,,,,,
104,14,60.17,220.39,95.6,8.273,30.303,47.802,FP,,,,,,,
104,15,217.68,242.34,31.44,29.931,33.322,15.72,FP,,,,,,,
104,16,178.75,297.58,31.66,24.578,40.918,15.832,FP,,,,,,,
104,17,51.29,296.79,95.67,7.052,40.808,47.837,FP,,,,,,,
104,18,178.83,296.5,95.58,24.589,40.768,47.79,FP,,,,,,,
104,19,178.58,297.61,3.61,24.555,40.921,1.807,FP,,,,,,,
104,20,182.47,297.13,23.8,25.089,40.856,11.9,TP,25,0.722,2.593,2.691,0.424,0.584,2.593
104,21,180.92,297.0,17.68,24.877,40.838,8.84,FP,,,,,,,
104,22,85.93,308.28,31.44,11.816,42.389,15.72,FP,,,,,,,
104,23,407.67,368.91,31.63,56.055,50.726,15.816,FP,,,,,,,
104,24,411.25,369.55,95.77,56.547,50.812,47.884,FP,,,,,,,
104,25,411.74,368.49,107.09,56.615,50.667,53.543,FP,,,,,,,
104,26,412.73,369.0,119.01,56.75,50.737,59.506,FP,,,,,,,
104,27,408.07,370.89,3.57,56.11,50.998,1.786,FP,,,,,,,
104,28,310.01,391.29,31.58,42.627,53.803,15.788,FP,,,,,,,
104,29,311.18,400.36,95.36,42.788,55.05,47.682,FP,,,,,,,
104,30,496.85,435.06,95.71,68.317,59.821,47.854,TP,38,0.27,2.34,2.356,0.113,0.245,2.34
104,31,495.1,433.08,31.72,68.076,59.549,15.859,FP,,,,,,,
104,32,319.1,432.02,31.42,43.876,59.403,15.712,FP,,,,,,,
104,33,495.24,434.0,67.51,68.095,59.675,33.756,FP,,,,,,,
104,34,495.09,433.94,84.47,68.075,59.667,42.236,FP,,,,,,,
104,35,36.4,432.6,31.0,5.005,59.483,15.5,FP,,,,,,,
104,36,197.87,447.46,31.61,27.207,61.526,15.806,FP,,,,,,,
104,37,33.77,436.7,95.39,4.643,60.046,47.696,FP,,,,,,,
104,38,214.66,446.72,95.59,29.516,61.424,47.794,FP,,,,,,,
104,39,495.16,438.68,159.44,68.085,60.319,79.72,FP,,,,,,,
104,40,116.38,457.96,31.73,16.002,62.97,15.866,FP,,,,,,,
104,41,119.84,471.54,95.46,16.477,64.836,47.731,FP,,,,,,,
104,42,239.5,484.55,31.6,32.932,66.626,15.8,FP,,,,,,,
104,43,364.2,499.21,31.5,50.077,68.642,15.75,FP,,,,,,,
104,44,264.0,497.5,31.0,36.3,68.406,15.5,FP,,,,,,,
104,,,,,0.29,5.089,31.808,FN,0,,,,,,
104,,,,,10.039,6.615,75.0,FN,1,,,,,,
104,,,,,50.561,10.129,5.42,FN,2,,,,,,
104,,,,,49.656,11.033,88.576,FN,3,,,,,,
104,,,,,18.37,14.288,45.978,FN,4,,,,,,
104,,,,,18.301,16.379,73.978,FN,5,,,,,,
104,,,,,36.967,16.92,40.16,FN,6,,,,,,
104,,,,,6.87,17.333,77.329,FN,7,,,,,,
104,,,,,23.919,18.443,92.151,FN,8,,,,,,
104,,,,,48.499,18.836,93.447,FN,9,,,,,,
104,,,,,30.784,18.772,93.254,FN,10,,,,,,
104,,,,,22.726,22.637,35.207,FN,11,,,,,,
104,,,,,60.133,25.607,91.765,FN,12,,,,,,
104,,,,,30.418,27.286,65.363,FN,13,,,,,,
104,,,,,14.787,27.658,32.869,FN,14,,,,,,
104,,,,,24.734,27.905,86.101,FN,15,,,,,,
104,,,,,35.026,30.36,93.33,FN,16,,,,,,
104,,,,,7.748,30.04,64.614,FN,17,,,,,,
104,,,,,15.47,30.31,70.096,FN,18,,,,,,
104,,,,,49.528,32.583,98.619,FN,19,,,,,,
104,,,,,62.44,32.771,91.106,FN,20,,,,,,
104,,,,,30.072,32.806,67.651,FN,21,,,,,,
104,,,,,25.081,36.681,95.669,FN,22,,,,,,
104,,,,,43.188,37.558,1.028,FN,23,,,,,,
104,,,,,5.921,39.93,71.273,FN,24,,,,,,
104,,,,,54.193,40.828,97.966,FN,26,,,,,,
104,,,,,7.819,42.681,70.214,FN,27,,,,,,
104,,,,,9.485,46.046,85.118,FN,28,,,,,,
104,,,,,23.223,50.35,65.441,FN,29,,,,,,
104,,,,,56.509,50.641,26.704,FN,30,,,,,,
104,,,,,43.099,53.791,42.5,FN,31,,,,,,
104,,,,,45.32,53.761,51.644,FN,32,,,,,,
104,,,,,4.37,54.1,83.806,FN,33,,,,,,
104,,,,,41.183,54.846,62.556,FN,34,,,,,,
104,,,,,3.483,57.102,89.329,FN,35,,,,,,
104,,,,,48.237,58.66,72.542,FN,36,,,,,,
104,,,,,4.953,59.405,53.486,FN,37,,,,,,
104,,,,,15.032,61.134,38.431,FN,39,,,,,,
104,,,,,40.234,61.712,61.379,FN,40,,,,,,
104,,,,,24.423,64.827,74.5,FN,41,,,,,,
104,,,,,29.943,64.721,10.5,FN,42,,,,,,
104,,,,,15.97,64.754,69.716,FN,43,,,,,,
104,,,,,51.597,65.122,87.0,FN,44,,,,,,
104,,,,,54.845,65.574,19.487,FN,45,,,,,,
104,,,,,15.998,67.097,32.122,FN,46,,,,,,
104,,,,,35.466,67.462,1.505,FN,47,,,,,,
104,,,,,50.069,68.387,85.729,FN,48,,,,,,
104,,,,,68.794,69.749,58.353,FN,49,,,,,,
105,0,494.74,7.99,31.6,68.027,1.099,15.799,FP,,,,,,,
105,1,159.54,10.15,31.54,21.937,1.396,15.769,FP,,,,,,,
105,2,274.57,23.97,31.77,37.754,3.296,15.885,FP,,,,,,,
105,3,272.08,20.35,95.31,37.411,2.798,47.654,FP,,,,,,,
105,4,273.7,24.42,3.5,37.634,3.358,1.748,FP,,,,,,,
105,5,271.19,23.75,55.25,37.288,3.266,27.625,FP,,,,,,,
105,6,272.0,24.0,40.0,37.4,3.3,20.0,FP,,,,,,,
105,7,354.83,54.42,31.65,48.79,7.483,15.823,FP,,,,,,,
105,8,49.53,62.67,31.76,6.811,8.618,15.879,FP,,,,,,,
105,9,365.05,65.2,95.65,50.195,8.966,47.823,FP,,,,,,,
105,10,48.88,60.92,95.12,6.722,8.377,47.558,FP,,,,,,,
105,11,283.75,101.06,31.6,39.016,13.895,15.801,FP,,,,,,,
105,12,285.54,100.87,95.45,39.262,13.87,47.724,FP,,,,,,,
105,13,56.46,184.53,30.33,7.764,25.373,15.167,FP,,,,,,,
105,14,57.47,185.55,95.69,7.902,25.513,47.844,FP,,,,,,,
105,15,452.58,185.67,31.61,62.23,25.529,15.804,FP,,,,,,,
105,16,55.37,184.19,55.34,7.614,25.326,27.672,FP,,,,,,,
105,17,56.2,185.56,3.84,7.728,25.514,1.921,FP,,,,,,,
105,18,57.64,184.41,82.96,7.926,25.357,41.479,FP,,,,,,,
105,19,56.15,184.4,119.6,7.721,25.355,59.8,FP,,,,,,,
105,20,57.02,185.53,67.47,7.84,25.51,33.735,FP,,,,,,,
105,21,57.8,184.0,106.8,7.948,25.3,53.4,FP,,,,,,,
105,22,55.5,184.5,62.0,7.631,25.369,31.0,FP,,,,,,,
105,23,360.49,234.76,31.73,49.568,32.28,15.864,FP,,,,,,,
105,24,360.95,232.19,95.69,49.631,31.927,47.844,FP,,,,,,,
105,25,413.7,264.75,31.5,56.884,36.403,15.75,FP,,,,,,,
105,26,65.94,278.56,31.65,9.066,38.302,15.826,FP,,,,,,,
105,27,65.41,281.85,95.72,8.994,38.755,47.859,TP,19,0.499,1.99,2.051,0.075,0.493,1.99
105,28,78.93,311.14,31.14,10.853,42.782,15.571,FP,,,,,,,
105,29,348.47,318.76,95.58,47.915,43.829,47.791,FP,,,,,,,
105,30,102.94,316.47,95.44,14.155,43.515,47.722,FP,,,,,,,
105,31,359.81,325.53,31.64,49.474,44.76,15.819,FP,,,,,,,
105,32,327.62,321.12,31.25,45.048,44.155,15.625,FP,,,,,,,
105,33,431.18,347.13,95.53,59.287,47.731,47.767,FP,,,,,,,
105,34,419.88,359.36,31.69,57.733,49.412,15.847,FP,,,,,,,
105,35,397.44,358.59,95.47,54.648,49.306,47.736,FP,,,,,,,
105,36,282.52,368.82,95.47,38.847,50.712,47.736,FP,,,,,,,
105,37,19.3,365.81,95.46,2.654,50.299,47.732,FP,,,,,,,
105,38,13.33,368.67,31.56,1.833,50.693,15.782,FP,,,,,,,
105,39,421.43,376.43,95.29,57.946,51.759,47.643,FP,,,,,,,
105,40,288.0,392.52,31.51,39.6,53.972,15.754,FP,,,,,,,
105,41,234.38,415.31,31.68,32.228,57.105,15.839,FP,,,,,,,
105,42,492.08,441.07,31.75,67.661,60.647,15.875,FP,,,,,,,
105,43,246.24,431.21,95.47,33.858,59.291,47.733,FP,,,,,,,
105,44,489.62,448.13,95.62,67.323,61.618,47.811,FP,,,,,,,
105,45,452.77,442.56,31.6,62.256,60.852,15.799,FP,,,,,,,
105,46,404.18,444.13,31.67,55.575,61.068,15.833,FP,,,,,,,
105,47,137.13,479.37,29.56,18.856,65.913,14.779,FP,,,,,,,
105,48,137.0,478.6,21.8,18.837,65.808,10.9,FP,,,,,,,
105,49,27.39,503.76,31.39,3.766,69.266,15.694,FP,,,,,,,
105,,,,,68.077,0.245,1.545,FN,0,,,,,,
105,,,,,22.08,2.156,67.236,FN,1,,,,,,
105,,,,,2.441,1.788,62.264,FN,2,,,,,,
105,,,,,38.124,3.116,8.966,FN,3,,,,,,
105,,,,,46.52,5.723,25.5,FN,4,,,,,,
105,,,,,6.526,8.067,7.464,FN,5,,,,,,
105,,,,,51.041,9.544,26.895,FN,6,,,,,,
105,,,,,45.691,13.226,80.533,FN,7,,,,,,
105,,,,,39.391,13.587,34.724,FN,8,,,,,,
105,,,,,68.163,18.316,83.759,FN,9,,,,,,
105,,,,,17.594,20.789,79.23,FN,10,,,,,,
105,,,,,36.077,22.107,41.367,FN,11,,,,,,
105,,,,,4.515,22.937,94.549,FN,12,,,,,,
105,,,,,7.847,25.209,22.11,FN,13,,,,,,
105,,,,,18.731,30.256,65.5,FN,14,,,,,,
105,,,,,50.071,32.181,5.049,FN,15,,,,,,
105,,,,,56.231,35.59,40.844,FN,16,,,,,,
105,,,,,30.63,34.941,69.391,FN,17,,,,,,
105,,,,,0.256,37.947,53.784,FN,18,,,,,,
105,,,,,49.945,42.89,8.5,FN,20,,,,,,
105,,,,,43.907,46.521,11.477,FN,21,,,,,,
105,,,,,59.276,47.668,31.605,FN,22,,,,,,
105,,,,,37.708,48.405,1.0,FN,23,,,,,,
105,,,,,53.936,48.635,13.003,FN,24,,,,,,
105,,,,,50.76,49.463,74.302,FN,25,,,,,,
105,,,,,2.083,49.457,36.965,FN,26,,,,,,
105,,,,,1.944,51.712,28.511,FN,27,,,,,,
105,,,,,16.734,51.201,42.033,FN,28,,,,,,
105,,,,,55.092,51.993,43.262,FN,29,,,,,,
105,,,,,57.753,51.823,16.523,FN,30,,,,,,
105,,,,,6.806,53.574,81.252,FN,31,,,,,,
105,,,,,38.283,53.423,29.5,FN,32,,,,,,
105,,,,,40.161,53.438,24.028,FN,33,,,,,,
105,,,,,31.922,55.389,25.041,FN,34,,,,,,
105,,,,,8.494,54.974,66.547,FN,35,,,,,,
105,,,,,59.539,56.605,98.09,FN,36,,,,,,
105,,,,,8.538,59.211,95.006,FN,37,,,,,,
105,,,,,9.777,58.86,0.5,FN,38,,,,,,
105,,,,,66.96,59.389,9.839,FN,39,,,,,,
105,,,,,33.063,59.505,54.146,FN,40,,,,,,
105,,,,,59.434,59.48,28.271,FN,41,,,,,,
105,,,,,55.482,61.303,26.78,FN,42,,,,,,
105,,,,,67.889,63.013,42.21,FN,43,,,,,,
105,,,,,22.214,63.808,74.972,FN,44,,,,,,
105,,,,,61.914,64.518,43.975,FN,45,,,,,,
105,,,,,9.208,66.256,77.005,FN,46,,,,,,
105,,,,,18.875,65.881,80.72,FN,47,,,,,,
105,,,,,53.195,68.785,24.006,FN,48,,,,,,
105,,,,,5.028,69.043,19.96,FN,49,,,,,,
118,0,146.78,22.45,31.49,20.182,3.087,15.747,FP,,,,,,,
118,1,304.31,28.1,31.64,41.842,3.863,15.821,FP,,,,,,,
118,2,309.15,25.12,95.66,42.508,3.453,47.829,FP,,,,,,,
118,3,265.34,72.45,31.65,36.484,9.961,15.827,FP,,,,,,,
118,4,155.08,115.97,31.6,21.323,15.946,15.799,TP,9,0.224,1.158,1.18,0.18,-0.134,1.158
118,5,153.91,118.31,95.6,21.162,16.268,47.801,FP,,,,,,,
118,6,185.7,175.34,95.46,25.534,24.109,47.728,FP,,,,,,,
118,7,290.25,179.75,31.25,39.909,24.716,15.625,FP,,,,,,,
118,8,346.31,188.22,95.68,47.618,25.881,47.839,FP,,,,,,,
118,9,437.26,205.01,95.72,60.123,28.189,47.859,FP,,,,,,,
118,10,438.18,234.52,31.68,60.25,32.247,15.838,FP,,,,,,,
118,11,436.36,231.95,95.55,59.999,31.893,47.775,FP,,,,,,,
118,12,43.45,242.61,31.74,5.974,33.358,15.872,FP,,,,,,,
118,13,171.33,236.67,95.0,23.558,32.542,47.5,FP,,,,,,,
118,14,170.12,246.43,31.48,23.391,33.885,15.738,FP,,,,,,,
118,15,52.98,301.58,31.66,7.284,41.467,15.828,FP,,,,,,,
118,16,368.34,296.37,31.7,50.647,40.751,15.852,FP,,,,,,,
118,17,367.57,300.55,95.46,50.541,41.325,47.732,TP,32,0.412,4.242,4.262,0.148,0.385,4.242
118,18,462.83,311.74,31.66,63.639,42.865,15.828,FP,,,,,,,
118,19,51.37,299.89,3.66,7.064,41.235,1.829,FP,,,,,,,
118,20,65.54,322.17,95.65,9.012,44.298,47.827,FP,,,,,,,
118,21,54.24,299.84,23.9,7.458,41.228,11.948,TP,34,0.364,2.717,2.741,0.364,0.02,2.717
118,22,52.48,300.57,18.44,7.216,41.328,9.221,FP,,,,,,,
118,23,54.46,301.0,39.54,7.488,41.388,19.771,FP,,,,,,,
118,24,461.23,315.1,95.66,63.419,43.326,47.831,FP,,,,,,,
118,25,54.6,303.81,55.45,7.507,41.774,27.723,FP,,,,,,,
118,26,463.39,312.71,3.56,63.716,42.998,1.78,FP,,,,,,,
118,27,463.38,313.35,55.55,63.714,43.085,27.777,FP,,,,,,,
118,28,463.9,312.42,18.46,63.786,42.957,9.228,TP,33,1.145,2.272,2.544,-0.295,1.106,-2.272
118,29,463.24,312.5,24.55,63.695,42.969,12.276,FP,,,,,,,
118,30,464.57,312.57,82.68,63.879,42.979,41.34,FP,,,,,,,
118,31,462.14,314.71,67.46,63.544,43.272,33.732,FP,,,,,,,
118,32,463.35,312.59,39.82,63.711,42.981,19.912,FP,,,,,,,
118,33,463.57,313.71,48.0,63.741,43.136,24.0,FP,,,,,,,
118,34,462.38,317.94,119.45,63.578,43.716,59.724,FP,,,,,,,
118,35,174.33,339.07,31.6,23.971,46.622,15.802,FP,,,,,,,
118,36,173.18,338.72,95.61,23.812,46.574,47.803,TP,37,0.349,3.172,3.191,0.339,-0.084,3.172
118,37,320.3,369.33,31.74,44.041,50.782,15.87,FP,,,,,,,
118,38,314.78,370.79,95.5,43.283,50.984,47.752,FP,,,,,,,
118,39,467.9,408.24,95.69,64.336,56.133,47.843,FP,,,,,,,
118,40,464.85,417.37,159.68,63.916,57.388,79.842,FP,,,,,,,
118,41,463.48,417.18,167.58,63.728,57.363,83.791,FP,,,,,,,
118,42,24.38,416.27,31.66,3.353,57.237,15.832,FP,,,,,,,
118,43,30.22,414.67,95.33,4.156,57.017,47.667,FP,,,,,,,
118,44,358.7,427.27,95.64,49.321,58.75,47.818,FP,,,,,,,
118,45,357.88,424.7,31.65,49.208,58.397,15.826,FP,,,,,,,
118,46,155.28,467.01,31.6,21.351,64.215,15.799,FP,,,,,,,
118,47,69.75,498.37,31.72,9.591,68.527,15.862,FP,,,,,,,
118,48,67.92,496.94,95.63,9.339,68.329,47.815,FP,,,,,,,
118,,,,,48.242,0.255,22.177,FN,0,,,,,,
118,,,,,58.068,0.791,61.763,FN,1,,,,,,
118,,,,,60.342,0.717,36.279,FN,2,,,,,,
118,,,,,66.659,0.439,3.897,FN,3,,,,,,
118,,,,,20.109,1.958,12.752,FN,4,,,,,,
118,,,,,41.854,4.175,8.374,FN,5,,,,,,
118,,,,,21.518,5.175,87.25,FN,6,,,,,,
118,,,,,36.954,9.783,66.789,FN,7,,,,,,
118,,,,,26.133,16.429,38.985,FN,8,,,,,,
118,,,,,54.625,16.837,69.222,FN,10,,,,,,
118,,,,,32.1,20.3,74.618,FN,11,,,,,,
118,,,,,63.67,23.259,82.09,FN,12,,,,,,
118,,,,,43.467,23.064,98.462,FN,13,,,,,,
118,,,,,24.31,23.824,54.473,FN,14,,,,,,
118,,,,,40.001,24.709,76.77,FN,15,,,,,,
118,,,,,52.674,26.294,76.735,FN,16,,,,,,
118,,,,,4.867,26.449,96.917,FN,17,,,,,,
118,,,,,49.979,27.067,67.478,FN,18,,,,,,
118,,,,,54.033,27.85,70.543,FN,19,,,,,,
118,,,,,40.02,29.268,93.624,FN,20,,,,,,
118,,,,,45.601,29.109,1.989,FN,21,,,,,,
118,,,,,42.367,29.767,91.716,FN,22,,,,,,
118,,,,,65.434,31.796,59.78,FN,23,,,,,,
118,,,,,60.022,31.831,4.76,FN,24,,,,,,
118,,,,,23.355,32.312,40.443,FN,25,,,,,,
118,,,,,6.332,33.5,9.615,FN,26,,,,,,
118,,,,,10.992,33.468,89.175,FN,27,,,,,,
118,,,,,28.478,33.971,88.0,FN,28,,,,,,
118,,,,,43.747,34.713,93.522,FN,29,,,,,,
118,,,,,23.712,35.413,68.504,FN,30,,,,,,
118,,,,,21.596,37.931,47.26,FN,31,,,,,,
118,,,,,36.016,45.38,73.997,FN,35,,,,,,
118,,,,,62.745,46.336,25.408,FN,36,,,,,,
118,,,,,10.759,46.72,35.265,FN,38,,,,,,
118,,,,,16.378,47.954,36.351,FN,39,,,,,,
118,,,,,43.859,50.47,1.268,FN,40,,,,,,
118,,,,,6.061,50.427,46.248,FN,41,,,,,,
118,,,,,64.346,56.103,67.992,FN,42,,,,,,
118,,,,,4.025,57.006,42.364,FN,43,,,,,,
118,,,,,0.631,56.714,95.021,FN,44,,,,,,
118,,,,,48.91,58.208,53.903,FN,45,,,,,,
118,,,,,21.682,64.032,25.412,FN,46,,,,,,
118,,,,,1.758,65.159,78.966,FN,47,,,,,,
118,,,,,60.052,67.232,90.117,FN,48,,,,,,
118,,,,,9.554,67.825,54.0,FN,49,,,,,,
119,0,75.04,41.15,31.68,10.318,5.657,15.838,FP,,,,,,,
119,1,63.22,55.36,95.65,8.693,7.613,47.826,FP,,,,,,,
119,2,75.0,40.0,3.5,10.312,5.5,1.75,FP,,,,,,,
119,3,72.14,43.58,55.44,9.92,5.992,27.719,TP,1,0.245,1.963,1.979,-0.206,0.133,1.963
119,4,78.5,40.5,24.0,10.794,5.569,12.0,FP,,,,,,,
119,5,72.74,43.55,159.16,10.001,5.988,79.579,FP,,,,,,,
119,6,339.27,60.36,31.67,46.65,8.299,15.835,FP,,,,,,,
119,7,339.58,61.0,95.7,46.692,8.388,47.849,FP,,,,,,,
119,8,398.08,62.26,31.69,54.736,8.561,15.845,FP,,,,,,,
119,9,401.63,63.7,95.75,55.225,8.759,47.876,FP,,,,,,,
119,10,343.0,60.38,119.43,47.163,8.302,59.714,FP,,,,,,,
119,11,340.0,62.15,19.0,46.75,8.545,9.5,FP,,,,,,,
119,12,338.0,60.5,43.0,46.475,8.319,21.5,FP,,,,,,,
119,13,343.33,60.67,107.0,47.208,8.342,53.5,FP,,,,,,,
119,14,396.69,63.49,3.5,54.545,8.73,1.75,FP,,,,,,,
119,15,404.67,61.89,107.0,55.642,8.51,53.5,FP,,,,,,,
119,16,401.48,64.16,83.06,55.203,8.822,41.532,FP,,,,,,,
119,17,487.0,72.0,31.0,66.963,9.9,15.5,FP,,,,,,,
119,18,502.5,73.0,95.0,69.094,10.038,47.5,FP,,,,,,,
119,19,36.81,95.28,31.44,5.062,13.101,15.72,TP,7,0.897,1.285,1.567,-0.471,0.763,-1.285
119,20,461.68,153.7,31.61,63.481,21.133,15.806,FP,,,,,,,
119,21,462.37,157.65,95.71,63.576,21.677,47.856,TP,9,0.228,0.856,0.886,-0.028,0.227,0.856
119,22,463.31,157.99,159.66,63.706,21.723,79.832,FP,,,,,,,
119,23,463.2,158.22,167.63,63.69,21.755,83.817,FP,,,,,,,
119,24,463.32,156.88,83.32,63.707,21.571,41.66,FP,,,,,,,
119,25,462.97,157.03,131.44,63.658,21.592,65.719,FP,,,,,,,
119,26,231.37,189.73,31.73,31.814,26.087,15.867,FP,,,,,,,
119,27,349.73,199.48,33.25,48.089,27.429,16.625,FP,,,,,,,
119,28,348.12,198.17,95.63,47.867,27.248,47.817,FP,,,,,,,
119,29,54.91,202.9,95.7,7.55,27.899,47.852,TP,14,0.296,0.882,0.93,-0.144,-0.258,0.882
119,30,348.52,201.38,3.84,47.922,27.69,1.921,TP,13,0.784,1.421,1.623,0.13,0.773,1.421
119,31,347.21,200.01,67.49,47.741,27.501,33.746,FP,,,,,,,
119,32,349.16,200.34,82.3,48.01,27.546,41.151,FP,,,,,,,
119,33,55.18,204.22,31.71,7.587,28.081,15.854,FP,,,,,,,
119,34,350.62,200.91,88.05,48.21,27.626,44.026,FP,,,,,,,
119,35,351.15,200.54,62.0,48.284,27.574,31.0,FP,,,,,,,
119,36,460.34,204.9,95.58,63.296,28.173,47.788,FP,,,,,,,
119,37,55.12,203.17,55.46,7.58,27.935,27.729,FP,,,,,,,
119,38,156.75,203.88,31.46,21.553,28.033,15.729,FP,,,,,,,
119,39,57.0,204.5,43.0,7.838,28.119,21.5,FP,,,,,,,
119,40,92.63,273.63,31.69,12.736,37.624,15.847,FP,,,,,,,
119,41,87.73,281.49,95.63,12.063,38.705,47.813,FP,,,,,,,
119,42,416.02,287.11,31.62,57.203,39.478,15.809,FP,,,,,,,
119,43,423.0,288.5,95.0,58.163,39.669,47.5,TP,20,0.203,3.161,3.167,0.177,0.099,-3.161
119,44,191.67,298.5,95.0,26.354,41.044,47.5,FP,,,,,,,
119,45,178.24,318.39,31.56,24.508,43.779,15.78,FP,,,,,,,
119,46,286.21,321.81,31.6,39.354,44.248,15.799,FP,,,,,,,
119,47,197.24,339.75,95.64,27.121,46.715,47.822,FP,,,,,,,
119,48,364.73,341.71,31.76,50.15,46.986,15.882,TP,26,0.481,3.339,3.374,-0.478,-0.051,3.339
119,49,31.0,359.48,31.73,4.262,49.429,15.867,FP,,,,,,,
119,50,33.06,360.23,43.29,4.546,49.531,21.644,FP,,,,,,,
119,51,32.0,360.5,55.5,4.4,49.569,27.75,FP,,,,,,,
119,52,112.68,375.46,31.65,15.494,51.626,15.826,FP,,,,,,,
119,53,320.27,400.44,31.7,44.037,55.061,15.851,TP,34,0.486,2.221,2.273,-0.413,-0.256,2.221
119,54,318.33,410.95,95.61,43.77,56.505,47.807,FP,,,,,,,
119,55,319.31,398.18,55.44,43.905,54.75,27.718,FP,,,,,,,
119,56,319.37,399.49,39.79,43.914,54.929,19.896,FP,,,,,,,
119,57,319.41,398.97,47.62,43.919,54.858,23.81,FP,,,,,,,
119,58,320.3,400.87,3.51,44.041,55.12,1.755,FP,,,,,,,
119,59,319.56,400.35,24.26,43.939,55.048,12.128,FP,,,,,,,
119,60,416.71,409.37,31.47,57.297,56.289,15.735,FP,,,,,,,
119,61,416.86,414.38,95.65,57.318,56.977,47.823,FP,,,,,,,
119,62,338.55,432.25,95.46,46.55,59.434,47.731,FP,,,,,,,
119,63,214.45,442.44,95.52,29.487,60.836,47.758,FP,,,,,,,
119,64,211.77,453.15,31.66,29.118,62.308,15.832,FP,,,,,,,
119,65,339.51,457.99,31.6,46.682,62.974,15.799,FP,,,,,,,
119,66,214.5,455.39,159.36,29.494,62.616,79.681,FP,,,,,,,
119,67,211.98,455.72,3.47,29.147,62.662,1.734,FP,,,,,,,
119,68,311.57,457.78,95.35,42.84,62.945,47.674,FP,,,,,,,
119,69,479.52,500.39,31.66,65.935,68.804,15.832,FP,,,,,,,
119,70,475.24,500.65,95.47,65.345,68.84,47.737,FP,,,,,,,
119,,,,,66.259,0.531,77.539,FN,0,,,,,,
119,,,,,55.721,6.303,71.217,FN,2,,,,,,
119,,,,,8.144,8.143,73.389,FN,3,,,,,,
119,,,,,47.051,8.173,29.37,FN,4,,,,,,
119,,,,,55.44,8.419,36.526,FN,5,,,,,,
119,,,,,54.451,9.243,33.405,FN,6,,,,,,
119,,,,,18.407,14.91,80.371,FN,8,,,,,,
119,,,,,19.974,23.008,77.963,FN,10,,,,,,
119,,,,,68.688,25.019,70.0,FN,11,,,,,,
119,,,,,31.717,25.972,35.986,FN,12,,,,,,
119,,,,,21.366,28.031,70.906,FN,15,,,,,,
119,,,,,17.442,29.583,89.79,FN,16,,,,,,
119,,,,,48.791,28.262,37.223,FN,17,,,,,,
119,,,,,38.094,33.996,66.179,FN,18,,,,,,
119,,,,,13.143,37.709,21.0,FN,19,,,,,,
119,,,,,55.175,40.719,49.276,FN,21,,,,,,
119,,,,,27.054,41.835,83.304,FN,22,,,,,,
119,,,,,39.5,44.17,77.655,FN,23,,,,,,
119,,,,,26.601,46.375,67.252,FN,24,,,,,,
119,,,,,4.807,47.851,6.014,FN,25,,,,,,
119,,,,,0.332,48.425,16.238,FN,27,,,,,,
119,,,,,61.61,49.443,92.425,FN,28,,,,,,
119,,,,,4.44,49.464,65.69,FN,29,,,,,,
119,,,,,7.301,52.268,11.5,FN,30,,,,,,
119,,,,,14.882,52.38,25.239,FN,31,,,,,,
119,,,,,2.614,53.565,60.24,FN,32,,,,,,
119,,,,,61.825,54.226,81.5,FN,33,,,,,,
119,,,,,51.111,55.05,80.5,FN,35,,,,,,
119,,,,,57.471,56.489,53.929,FN,36,,,,,,
119,,,,,20.392,56.089,1.2,FN,37,,,,,,
119,,,,,68.96,58.511,89.248,FN,38,,,,,,
119,,,,,15.585,59.956,19.945,FN,39,,,,,,
119,,,,,4.241,61.155,69.273,FN,40,,,,,,
119,,,,,35.532,62.049,74.464,FN,41,,,,,,
119,,,,,29.588,62.573,9.996,FN,42,,,,,,
119,,,,,46.968,63.1,32.68,FN,43,,,,,,
119,,,,,35.139,64.296,81.312,FN,44,,,,,,
119,,,,,42.573,64.699,87.304,FN,45,,,,,,
119,,,,,41.044,66.816,98.742,FN,46,,,,,,
119,,,,,65.803,68.367,41.89,FN,47,,,,,,
119,,,,,17.21,69.119,16.453,FN,48,,,,,,
119,,,,,50.582,69.352,84.862,FN,49,,,,,,
121,0,374.25,22.21,31.51,51.459,3.053,15.753,FP,,,,,,,
121,1,374.96,27.08,95.48,51.557,3.724,47.74,FP,,,,,,,
121,2,45.98,48.57,31.63,6.322,6.678,15.814,FP,,,,,,,
121,3,47.9,49.4,95.1,6.586,6.793,47.55,FP,,,,,,,
121,4,473.18,64.9,31.73,65.062,8.923,15.865,FP,,,,,,,
121,5,468.37,68.84,95.66,64.401,9.466,47.83,FP,,,,,,,
121,6,238.0,57.0,95.5,32.725,7.838,47.75,FP,,,,,,,
121,7,191.38,71.75,95.4,26.315,9.866,47.702,FP,,,,,,,
121,8,139.42,75.97,31.47,19.17,10.446,15.736,FP,,,,,,,
121,9,202.86,119.34,31.74,27.894,16.409,15.872,FP,,,,,,,
121,10,205.24,120.14,95.55,28.221,16.519,47.775,FP,,,,,,,
121,11,464.5,119.59,95.41,63.869,16.443,47.706,FP,,,,,,,
121,12,56.38,168.21,29.52,7.753,23.128,14.759,FP,,,,,,,
121,13,54.52,166.7,95.7,7.496,22.921,47.852,FP,,,,,,,
121,14,55.23,167.25,55.45,7.594,22.997,27.724,FP,,,,,,,
121,15,56.22,168.92,3.79,7.731,23.226,1.896,FP,,,,,,,
121,16,55.61,167.8,47.89,7.647,23.073,23.944,FP,,,,,,,
121,17,54.87,169.03,159.52,7.544,23.241,79.762,FP,,,,,,,
121,18,333.21,180.06,95.64,45.816,24.759,47.819,FP,,,,,,,
121,19,347.34,181.98,31.75,47.76,25.022,15.875,FP,,,,,,,
121,20,367.08,184.48,95.67,50.474,25.365,47.837,FP,,,,,,,
121,21,367.35,184.71,82.71,50.511,25.397,41.353,TP,16,0.062,1.019,1.021,0.062,0.007,-1.019
121,22,495.03,196.36,31.71,68.066,27.0,15.853,FP,,,,,,,
121,23,413.56,229.84,31.59,56.865,31.603,15.796,FP,,,,,,,
121,24,271.0,297.0,95.0,37.263,40.838,47.5,TP,28,0.489,2.127,2.182,0.256,-0.417,-2.127
121,25,195.02,335.32,95.71,26.816,46.107,47.856,FP,,,,,,,
121,26,195.87,335.13,31.66,26.932,46.08,15.83,FP,,,,,,,
121,27,196.79,335.15,55.48,27.059,46.084,27.74,FP,,,,,,,
121,28,197.29,335.8,43.2,27.128,46.172,21.598,FP,,,,,,,
121,29,196.1,336.31,19.01,26.964,46.243,9.504,FP,,,,,,,
121,30,194.36,336.97,3.47,26.725,46.334,1.736,FP,,,,,,,
121,31,324.59,364.24,95.49,44.632,50.083,47.746,FP,,,,,,,
121,32,322.53,371.37,31.74,44.348,51.063,15.869,TP,34,1.021,1.506,1.819,0.549,0.861,-1.506
121,33,470.85,362.4,95.4,64.742,49.83,47.7,FP,,,,,,,
121,34,152.68,432.05,31.73,20.994,59.407,15.866,TP,40,0.394,0.577,0.699,-0.186,0.348,0.577
121,35,152.12,430.1,95.46,20.917,59.139,47.729,FP,,,,,,,
121,36,17.53,440.42,31.62,2.41,60.558,15.811,TP,41,0.429,1.955,2.001,-0.266,-0.338,-1.955
121,37,317.0,439.21,31.49,43.588,60.391,15.745,FP,,,,,,,
121,38,335.0,433.5,95.0,46.062,59.606,47.5,FP,,,,,,,
121,39,459.99,446.46,95.72,63.249,61.388,47.861,FP,,,,,,,
121,40,455.14,447.19,31.74,62.582,61.489,15.869,FP,,,,,,,
121,41,458.54,446.02,43.14,63.05,61.327,21.568,FP,,,,,,,
121,42,455.51,454.08,159.58,62.633,62.436,79.788,FP,,,,,,,
121,43,453.44,453.78,167.38,62.348,62.395,83.691,FP,,,,,,,
121,44,183.1,450.53,95.43,25.176,61.948,47.717,FP,,,,,,,
121,45,301.47,464.63,95.62,41.452,63.887,47.812,FP,,,,,,,
121,46,231.6,484.79,31.67,31.845,66.659,15.837,FP,,,,,,,
121,47,225.05,488.49,95.46,30.944,67.168,47.731,FP,,,,,,,
121,48,63.0,496.91,95.43,8.663,68.326,47.717,FP,,,,,,,
121,,,,,12.955,1.95,60.482,FN,0,,,,,,
121,,,,,51.45,3.073,42.677,FN,1,,,,,,
121,,,,,17.677,3.934,15.224,FN,2,,,,,,
121,,,,,6.682,6.366,27.534,FN,3,,,,,,
121,,,,,32.002,7.721,86.671,FN,4,,,,,,
121,,,,,65.177,9.159,10.018,FN,5,,,,,,
121,,,,,19.422,10.467,62.504,FN,6,,,,,,
121,,,,,10.597,11.309,70.587,FN,7,,,,,,
121,,,,,16.49,15.41,91.5,FN,8,,,,,,
121,,,,,63.773,16.377,38.495,FN,9,,,,,,
121,,,,,28.078,16.617,35.946,FN,10,,,,,,
121,,,,,3.258,17.658,39.392,FN,11,,,,,,
121,,,,,64.732,19.296,71.771,FN,12,,,,,,
121,,,,,38.2,20.355,68.743,FN,13,,,,,,
121,,,,,7.589,22.815,8.277,FN,14,,,,,,
121,,,,,45.799,24.635,34.739,FN,15,,,,,,
121,,,,,36.847,26.558,98.254,FN,17,,,,,,
121,,,,,67.83,26.974,4.913,FN,18,,,,,,
121,,,,,46.256,28.195,87.659,FN,19,,,,,,
121,,,,,55.962,31.174,3.331,FN,20,,,,,,
121,,,,,58.038,32.01,72.306,FN,21,,,,,,
121,,,,,32.288,34.838,46.735,FN,22,,,,,,
121,,,,,64.208,35.206,65.465,FN,23,,,,,,
121,,,,,42.824,35.727,90.884,FN,24,,,,,,
121,,,,,40.876,36.196,75.719,FN,25,,,,,,
121,,,,,59.058,37.301,42.431,FN,26,,,,,,
121,,,,,38.9,38.925,64.829,FN,27,,,,,,
121,,,,,51.141,41.693,60.486,FN,29,,,,,,
121,,,,,54.325,42.927,64.203,FN,30,,,,,,
121,,,,,45.622,44.89,52.128,FN,31,,,,,,
121,,,,,26.776,46.018,40.414,FN,32,,,,,,
121,,,,,68.571,45.949,62.0,FN,33,,,,,,
121,,,,,65.426,49.474,63.14,FN,35,,,,,,
121,,,,,56.355,49.41,67.5,FN,36,,,,,,
121,,,,,45.08,51.061,67.863,FN,37,,,,,,
121,,,,,35.288,52.006,24.976,FN,38,,,,,,
121,,,,,36.862,53.104,96.313,FN,39,,,,,,
121,,,,,63.03,61.321,70.421,FN,42,,,,,,
121,,,,,41.139,63.683,64.954,FN,43,,,,,,
121,,,,,62.387,63.167,93.744,FN,44,,,,,,
121,,,,,31.539,66.201,9.5,FN,45,,,,,,
121,,,,,4.623,67.024,97.869,FN,46,,,,,,
121,,,,,8.609,67.273,80.283,FN,47,,,,,,
121,,,,,13.03,67.896,83.962,FN,48,,,,,,
121,,,,,17.85,68.578,94.235,FN,49,,,,,,
123,0,300.44,34.37,31.65,41.311,4.726,15.824,TP,2,0.329,2.43,2.452,0.313,-0.102,-2.43
123,1,300.34,36.47,3.7,41.297,5.014,1.848,FP,,,,,,,
123,2,302.42,35.21,23.85,41.583,4.841,11.924,FP,,,,,,,
123,3,301.9,34.98,17.16,41.512,4.81,8.578,FP,,,,,,,
123,4,302.17,33.67,95.25,41.548,4.629,47.625,FP,,,,,,,
123,5,232.15,44.77,31.68,31.921,6.156,15.84,TP,3,0.331,3.824,3.839,-0.314,0.105,3.824
123,6,235.72,47.81,95.45,32.411,6.574,47.727,FP,,,,,,,
123,7,233.42,47.42,3.47,32.095,6.52,1.737,FP,,,,,,,
123,8,169.49,101.18,31.76,23.305,13.912,15.879,FP,,,,,,,
123,9,454.46,98.62,95.74,62.489,13.561,47.869,FP,,,,,,,
123,10,454.39,98.39,31.67,62.478,13.528,15.833,FP,,,,,,,
123,11,455.18,97.87,55.38,62.587,13.457,27.689,FP,,,,,,,
123,12,315.77,101.07,95.57,43.419,13.896,47.787,FP,,,,,,,
123,13,456.67,98.0,43.0,62.792,13.475,21.5,FP,,,,,,,
123,14,237.67,171.44,31.68,32.68,23.572,15.841,FP,,,,,,,
123,15,234.67,172.73,95.61,32.267,23.751,47.807,FP,,,,,,,
123,16,238.18,169.89,55.47,32.75,23.359,27.734,FP,,,,,,,
123,17,237.29,169.74,83.45,32.627,23.339,41.726,TP,9,0.202,1.465,1.479,0.006,0.202,1.465
123,18,238.85,170.36,48.07,32.842,23.425,24.035,FP,,,,,,,
123,19,330.58,176.37,31.49,45.454,24.25,15.744,FP,,,,,,,
123,20,238.31,174.82,3.5,32.767,24.038,1.752,TP,10,1.289,0.507,1.386,0.733,1.061,0.507
123,21,239.12,172.44,40.46,32.878,23.711,20.232,FP,,,,,,,
123,22,235.48,172.69,67.53,32.379,23.745,33.766,FP,,,,,,,
123,23,239.41,175.19,24.19,32.919,24.088,12.093,FP,,,,,,,
123,24,247.14,191.93,95.51,33.982,26.39,47.754,TP,12,0.605,0.465,0.763,-0.061,-0.602,-0.465
123,25,316.77,200.59,31.75,43.557,27.581,15.874,FP,,,,,,,
123,26,110.51,202.35,95.7,15.194,27.824,47.852,FP,,,,,,,
123,27,321.77,199.79,95.57,44.243,27.471,47.787,FP,,,,,,,
123,28,108.32,204.6,31.77,14.894,28.133,15.884,FP,,,,,,,
123,29,147.91,199.53,31.47,20.337,27.436,15.733,FP,,,,,,,
123,30,499.34,208.77,31.73,68.659,28.705,15.866,FP,,,,,,,
123,31,111.5,204.25,119.75,15.331,28.084,59.875,FP,,,,,,,
123,32,412.42,238.08,31.72,56.708,32.736,15.858,FP,,,,,,,
123,33,9.88,237.83,31.22,1.358,32.702,15.608,FP,,,,,,,
123,34,412.47,243.27,95.62,56.714,33.45,47.81,FP,,,,,,,
123,35,326.5,248.5,15.5,44.894,34.169,7.75,FP,,,,,,,
123,36,237.22,266.0,95.43,32.617,36.575,47.716,FP,,,,,,,
123,37,312.17,300.96,31.4,42.923,41.382,15.7,FP,,,,,,,
123,38,197.9,304.45,95.58,27.212,41.862,47.792,TP,26,0.494,4.265,4.293,-0.421,0.259,-4.265
123,39,196.45,306.61,31.49,27.012,42.159,15.745,FP,,,,,,,
123,40,9.91,317.0,31.7,1.363,43.588,15.851,FP,,,,,,,
123,41,264.73,311.73,4.18,36.4,42.862,2.091,FP,,,,,,,
123,42,15.59,403.95,31.62,2.143,55.543,15.81,FP,,,,,,,
123,43,99.3,417.46,31.68,13.654,57.4,15.838,FP,,,,,,,
123,44,63.11,419.26,31.48,8.678,57.648,15.742,FP,,,,,,,
123,45,237.07,425.01,95.66,32.598,58.439,47.832,FP,,,,,,,
123,46,238.8,423.5,31.68,32.834,58.231,15.838,TP,42,0.212,2.456,2.466,0.134,-0.164,2.456
123,47,98.05,422.07,95.45,13.481,58.034,47.727,TP,37,0.675,4.22,4.274,-0.444,0.509,4.22
123,48,238.61,424.14,67.68,32.809,58.319,33.839,FP,,,,,,,
123,49,239.73,422.0,55.27,32.963,58.025,27.636,FP,,,,,,,
123,50,239.67,423.86,82.47,32.955,58.281,41.233,TP,39,0.447,1.812,1.866,-0.38,0.236,-1.812
123,51,239.34,425.11,3.58,32.909,58.453,1.792,FP,,,,,,,
123,52,239.27,423.82,88.0,32.9,58.275,44.0,FP,,,,,,,
123,53,327.58,453.63,31.69,45.042,62.375,15.844,FP,,,,,,,
123,54,350.0,444.0,95.0,48.125,61.05,47.5,FP,,,,,,,
123,55,327.58,463.01,95.64,45.043,63.664,47.82,FP,,,,,,,
123,56,495.99,476.47,95.61,68.199,65.515,47.803,FP,,,,,,,
123,57,497.45,473.53,31.7,68.399,65.111,15.851,FP,,,,,,,
123,,,,,50.537,0.663,47.0,FN,0,,,,,,
123,,,,,45.745,2.898,89.5,FN,1,,,,,,
123,,,,,52.926,6.03,50.755,FN,4,,,,,,
123,,,,,62.648,13.458,36.444,FN,5,,,,,,
123,,,,,42.565,13.708,59.588,FN,6,,,,,,
123,,,,,23.282,13.674,1.264,FN,7,,,,,,
123,,,,,39.311,15.896,82.778,FN,8,,,,,,
123,,,,,54.575,25.945,71.234,FN,11,,,,,,
123,,,,,15.218,28.022,26.823,FN,13,,,,,,
123,,,,,20.424,27.346,73.275,FN,14,,,,,,
123,,,,,43.67,27.68,57.625,FN,15,,,,,,
123,,,,,68.867,28.424,34.677,FN,16,,,,,,
123,,,,,56.83,32.644,4.167,FN,17,,,,,,
123,,,,,0.481,32.51,8.795,FN,18,,,,,,
123,,,,,31.387,34.536,17.747,FN,19,,,,,,
123,,,,,44.863,34.206,89.029,FN,20,,,,,,
123,,,,,36.407,35.049,77.75,FN,21,,,,,,
123,,,,,32.43,36.678,34.929,FN,22,,,,,,
123,,,,,55.147,37.258,80.143,FN,23,,,,,,
123,,,,,21.818,37.896,56.701,FN,24,,,,,,
123,,,,,18.685,39.725,85.104,FN,25,,,,,,
123,,,,,69.799,42.896,68.966,FN,27,,,,,,
123,,,,,36.404,42.9,96.236,FN,28,,,,,,
123,,,,,1.402,44.458,1.169,FN,29,,,,,,
123,,,,,22.369,44.078,21.127,FN,30,,,,,,
123,,,,,7.921,45.64,74.275,FN,31,,,,,,
123,,,,,5.294,48.479,55.018,FN,32,,,,,,
123,,,,,69.662,49.978,50.761,FN,33,,,,,,
123,,,,,2.75,53.426,16.996,FN,34,,,,,,
123,,,,,42.583,53.197,12.545,FN,35,,,,,,
123,,,,,19.509,56.911,82.023,FN,36,,,,,,
123,,,,,3.758,58.242,36.407,FN,38,,,,,,
123,,,,,48.802,58.051,94.026,FN,40,,,,,,
123,,,,,60.374,58.629,93.733,FN,41,,,,,,
123,,,,,43.82,59.184,23.736,FN,43,,,,,,
123,,,,,50.692,60.061,38.048,FN,44,,,,,,
123,,,,,44.862,61.389,98.509,FN,45,,,,,,
123,,,,,9.409,61.369,12.5,FN,46,,,,,,
123,,,,,45.068,64.007,1.396,FN,47,,,,,,
123,,,,,67.587,65.266,58.947,FN,48,,,,,,
123,,,,,35.531,69.391,28.035,FN,49,,,,,,
13,0,287.67,14.73,31.48,39.555,2.026,15.739,FP,,,,,,,
13,1,487.6,27.53,31.58,67.046,3.785,15.789,FP,,,,,,,
13,2,467.42,34.31,95.43,64.27,4.718,47.715,FP,,,,,,,
13,3,495.1,48.07,95.48,68.076,6.609,47.74,FP,,,,,,,
13,4,367.26,56.18,31.68,50.498,7.725,15.842,FP,,,,,,,
13,5,362.02,62.93,95.71,49.778,8.653,47.853,FP,,,,,,,
13,6,160.91,69.78,31.7,22.125,9.595,15.85,FP,,,,,,,
13,7,76.78,83.34,31.69,10.557,11.46,15.846,TP,14,0.379,1.707,1.749,0.139,-0.352,-1.707
13,8,351.17,73.43,95.4,48.285,10.097,47.7,FP,,,,,,,
13,9,72.79,81.87,95.62,10.009,11.256,47.809,FP,,,,,,,
13,10,75.89,83.19,55.44,10.434,11.438,27.721,FP,,,,,,,
13,11,71.56,82.79,159.33,9.84,11.383,79.667,FP,,,,,,,
13,12,77.98,83.69,39.83,10.722,11.507,19.913,FP,,,,,,,
13,13,77.34,85.8,3.53,10.634,11.797,1.767,FP,,,,,,,
13,14,78.78,84.37,23.95,10.832,11.6,11.977,FP,,,,,,,
13,15,78.5,83.65,47.84,10.794,11.501,23.919,FP,,,,,,,
13,16,71.5,81.5,167.0,9.831,11.206,83.5,FP,,,,,,,
13,17,78.28,85.13,17.7,10.763,11.705,8.851,FP,,,,,,,
13,18,343.73,116.52,31.68,47.263,16.022,15.839,TP,19,0.969,2.864,3.024,-0.917,-0.313,2.864
13,19,79.59,137.06,31.57,10.944,18.845,15.783,FP,,,,,,,
13,20,336.95,174.35,31.6,46.331,23.973,15.801,FP,,,,,,,
13,21,352.68,174.63,95.63,48.493,24.012,47.816,FP,,,,,,,
13,22,342.19,172.62,18.27,47.051,23.736,9.134,FP,,,,,,,
13,23,339.61,174.79,3.5,46.696,24.033,1.75,FP,,,,,,,
13,24,334.83,181.83,159.17,46.04,25.002,79.583,FP,,,,,,,
13,25,83.44,192.97,95.47,11.473,26.533,47.733,FP,,,,,,,
13,26,248.47,206.64,31.71,34.164,28.413,15.855,FP,,,,,,,
13,27,371.39,241.24,31.48,51.065,33.171,15.738,FP,,,,,,,
13,28,136.5,284.5,31.5,18.769,39.119,15.75,FP,,,,,,,
13,29,275.92,306.14,31.65,37.938,42.095,15.824,FP,,,,,,,
13,30,276.1,304.69,95.69,37.964,41.896,47.847,FP,,,,,,,
13,31,276.13,307.85,3.54,37.968,42.33,1.771,TP,34,0.445,2.348,2.39,-0.245,0.372,-2.348
13,32,271.34,305.21,55.41,37.31,41.966,27.707,FP,,,,,,,
13,33,278.6,306.48,24.03,38.308,42.141,12.013,FP,,,,,,,
13,34,350.32,315.29,31.63,48.17,43.353,15.817,FP,,,,,,,
13,35,278.38,306.32,39.62,38.278,42.119,19.809,FP,,,,,,,
13,36,177.52,311.6,95.64,24.409,42.845,47.822,TP,33,1.209,0.803,1.452,1.183,0.25,-0.803
13,37,272.33,305.78,39.78,37.446,42.044,19.889,FP,,,,,,,
13,38,341.55,316.84,95.69,46.963,43.566,47.845,FP,,,,,,,
13,39,167.88,312.6,31.63,23.084,42.982,15.814,FP,,,,,,,
13,40,278.5,306.5,17.0,38.294,42.144,8.5,FP,,,,,,,
13,41,351.29,315.62,55.44,48.303,43.398,27.718,FP,,,,,,,
13,42,350.36,317.0,3.75,48.174,43.588,1.875,FP,,,,,,,
13,43,351.3,316.34,20.7,48.303,43.497,10.348,FP,,,,,,,
13,44,351.66,315.93,40.57,48.353,43.441,20.284,FP,,,,,,,
13,45,351.56,316.0,48.44,48.339,43.45,24.222,FP,,,,,,,
13,46,365.92,320.31,95.45,50.313,44.042,47.726,FP,,,,,,,
13,47,54.68,324.05,95.44,7.519,44.557,47.722,FP,,,,,,,
13,48,87.82,324.9,31.64,12.075,44.674,15.819,FP,,,,,,,
13,49,95.83,327.57,95.64,13.177,45.041,47.821,FP,,,,,,,
13,50,323.83,376.93,31.46,44.527,51.828,15.732,FP,,,,,,,
13,51,445.72,405.87,95.48,61.286,55.807,47.74,FP,,,,,,,
13,52,195.7,437.44,31.68,26.909,60.149,15.841,FP,,,,,,,
13,53,198.45,435.51,95.7,27.288,59.882,47.851,FP,,,,,,,
13,54,54.82,436.35,95.46,7.537,59.998,47.728,FP,,,,,,,
13,55,198.45,434.87,55.48,27.287,59.795,27.742,FP,,,,,,,
13,56,198.33,436.5,43.0,27.271,60.019,21.5,FP,,,,,,,
13,57,408.2,492.12,95.45,56.127,67.666,47.723,FP,,,,,,,
13,58,138.28,492.48,31.67,19.014,67.716,15.836,FP,,,,,,,
13,59,414.99,498.81,31.62,57.061,68.587,15.811,FP,,,,,,,
13,,,,,29.247,0.366,35.699,FN,0,,,,,,
13,,,,,56.519,0.961,35.256,FN,1,,,,,,
13,,,,,68.863,1.392,52.0,FN,2,,,,,,
13,,,,,39.375,1.617,25.77,FN,3,,,,,,
13,,,,,10.785,2.858,74.277,FN,4,,,,,,
13,,,,,23.227,3.119,80.568,FN,5,,,,,,
13,,,,,67.236,3.87,83.82,FN,6,,,,,,
13,,,,,1.988,4.877,98.261,FN,7,,,,,,
13,,,,,64.198,5.308,22.878,FN,8,,,,,,
13,,,,,11.359,6.8,77.0,FN,9,,,,,,
13,,,,,50.261,8.328,9.538,FN,10,,,,,,
13,,,,,21.696,8.531,32.39,FN,11,,,,,,
13,,,,,63.348,10.841,94.422,FN,12,,,,,,
13,,,,,35.045,11.407,25.855,FN,13,,,,,,
13,,,,,24.005,11.71,0.725,FN,15,,,,,,
13,,,,,65.733,12.77,58.991,FN,16,,,,,,
13,,,,,47.301,15.099,7.67,FN,17,,,,,,
13,,,,,35.772,16.244,33.149,FN,18,,,,,,
13,,,,,58.36,17.949,43.405,FN,20,,,,,,
13,,,,,16.228,17.89,94.089,FN,21,,,,,,
13,,,,,10.829,18.895,61.364,FN,22,,,,,,
13,,,,,11.474,21.72,0.741,FN,23,,,,,,
13,,,,,45.11,23.493,6.919,FN,24,,,,,,
13,,,,,47.07,23.646,86.299,FN,25,,,,,,
13,,,,,34.94,28.658,21.516,FN,26,,,,,,
13,,,,,52.108,31.927,20.761,FN,27,,,,,,
13,,,,,2.465,36.335,19.608,FN,28,,,,,,
13,,,,,2.764,37.114,88.5,FN,29,,,,,,
13,,,,,18.681,38.316,95.403,FN,30,,,,,,
13,,,,,18.72,39.096,78.257,FN,31,,,,,,
13,,,,,64.76,42.167,88.825,FN,32,,,,,,
13,,,,,46.764,43.515,18.385,FN,35,,,,,,
13,,,,,50.047,44.322,17.0,FN,36,,,,,,
13,,,,,12.315,44.482,76.492,FN,37,,,,,,
13,,,,,20.46,45.487,69.409,FN,38,,,,,,
13,,,,,45.691,51.648,9.292,FN,39,,,,,,
13,,,,,66.559,52.826,63.612,FN,40,,,,,,
13,,,,,61.826,58.811,0.75,FN,41,,,,,,
13,,,,,26.967,59.969,39.994,FN,42,,,,,,
13,,,,,56.368,65.265,19.338,FN,43,,,,,,
13,,,,,19.378,66.964,52.869,FN,44,,,,,,
13,,,,,44.611,66.072,79.815,FN,45,,,,,,
13,,,,,66.521,66.894,71.483,FN,46,,,,,,
13,,,,,13.048,68.605,71.855,FN,47,,,,,,
13,,,,,58.022,68.962,56.709,FN,48,,,,,,
13,,,,,17.738,70.007,45.669,FN,49,,,,,,
143,0,410.07,53.1,31.61,56.385,7.302,15.807,FP,,,,,,,
143,1,114.98,42.09,31.7,15.81,5.787,15.849,FP,,,,,,,
143,2,117.27,47.79,95.47,16.124,6.571,47.736,FP,,,,,,,
143,3,410.31,53.7,95.71,56.417,7.384,47.853,FP,,,,,,,
143,4,411.48,53.97,39.69,56.579,7.421,19.847,FP,,,,,,,
143,5,407.45,51.46,55.39,56.024,7.076,27.697,FP,,,,,,,
143,6,411.18,55.29,3.74,56.537,7.603,1.868,TP,6,0.588,0.85,1.034,0.315,0.496,-0.85
143,7,412.66,54.52,23.96,56.74,7.496,11.981,FP,,,,,,,
143,8,413.03,53.88,159.51,56.792,7.409,79.753,FP,,,,,,,
143,9,413.97,53.23,167.67,56.92,7.32,83.833,FP,,,,,,,
143,10,413.93,54.56,131.49,56.915,7.502,65.744,FP,,,,,,,
143,11,412.75,55.09,119.4,56.754,7.575,59.702,FP,,,,,,,
143,12,414.13,55.42,16.8,56.943,7.62,8.4,TP,7,0.241,1.887,1.903,-0.235,0.052,1.887
143,13,414.2,56.7,55.1,56.953,7.796,27.55,FP,,,,,,,
143,14,10.96,66.46,31.46,1.507,9.138,15.732,TP,8,0.496,1.212,1.309,0.462,0.18,1.212
143,15,306.66,90.23,31.68,42.165,12.407,15.841,FP,,,,,,,
143,16,221.22,102.05,31.59,30.418,14.032,15.795,FP,,,,,,,
143,17,220.18,95.78,95.42,30.275,13.169,47.708,FP,,,,,,,
143,18,322.8,101.92,95.47,44.386,14.014,47.734,FP,,,,,,,
143,19,289.63,159.01,95.68,39.825,21.864,47.841,FP,,,,,,,
143,20,293.54,156.2,31.64,40.362,21.478,15.822,FP,,,,,,,
143,21,199.0,153.24,95.44,27.363,21.071,47.72,FP,,,,,,,
143,22,27.78,171.01,31.72,3.82,23.513,15.859,FP,,,,,,,
143,23,245.76,167.65,94.6,33.792,23.052,47.3,FP,,,,,,,
143,24,246.41,167.35,103.68,33.882,23.011,51.838,FP,,,,,,,
143,25,18.9,168.47,95.27,2.599,23.165,47.637,FP,,,,,,,
143,26,246.48,167.43,111.35,33.891,23.022,55.674,FP,,,,,,,
143,27,185.64,175.22,31.46,25.526,24.093,15.731,TP,21,0.354,1.412,1.455,0.111,-0.336,1.412
143,28,500.55,176.18,31.62,68.825,24.224,15.809,FP,,,,,,,
143,29,106.32,203.34,31.76,14.619,27.959,15.879,FP,,,,,,,
143,30,204.96,200.98,95.64,28.181,27.635,47.818,FP,,,,,,,
143,31,466.25,281.95,95.75,64.11,38.768,47.874,FP,,,,,,,
143,32,466.4,282.63,67.5,64.13,38.861,33.75,FP,,,,,,,
143,33,462.75,291.24,159.44,63.628,40.045,79.722,FP,,,,,,,
143,34,376.38,296.62,31.31,51.752,40.786,15.656,FP,,,,,,,
143,35,113.58,325.92,95.65,15.618,44.815,47.823,TP,33,0.406,4.339,4.358,0.375,0.154,-4.339
143,36,323.2,376.58,95.66,44.44,51.78,47.831,FP,,,,,,,
143,37,415.98,374.8,31.4,57.197,51.535,15.7,FP,,,,,,,
143,38,324.35,376.97,31.47,44.598,51.833,15.735,FP,,,,,,,
143,39,28.35,393.37,31.65,3.898,54.088,15.827,FP,,,,,,,
143,40,213.19,415.68,31.74,29.314,57.156,15.869,FP,,,,,,,
143,41,212.73,417.17,95.75,29.25,57.361,47.874,FP,,,,,,,
143,42,214.86,415.24,119.41,29.544,57.096,59.707,FP,,,,,,,
143,43,190.31,431.06,95.44,26.168,59.271,47.722,FP,,,,,,,
143,44,446.43,448.54,95.66,61.385,61.675,47.832,FP,,,,,,,
143,45,497.27,460.85,95.66,68.375,63.366,47.828,TP,45,0.526,1.355,1.454,0.518,0.094,1.355
143,46,436.15,453.48,31.71,59.971,62.353,15.855,FP,,,,,,,
143,47,497.45,458.95,31.73,68.399,63.105,15.866,FP,,,,,,,
143,48,59.98,466.76,31.75,8.247,64.179,15.876,FP,,,,,,,
143,49,303.18,501.58,31.4,41.687,68.967,15.7,FP,,,,,,,
143,,,,,5.543,0.758,58.208,FN,0,,,,,,
143,,,,,54.925,0.57,36.304,FN,1,,,,,,
143,,,,,53.368,3.281,2.027,FN,2,,,,,,
143,,,,,21.626,4.801,47.0,FN,3,,,,,,
143,,,,,16.225,5.965,29.0,FN,4,,,,,,
143,,,,,25.787,6.77,68.723,FN,5,,,,,,
143,,,,,38.439,9.293,87.939,FN,9,,,,,,
143,,,,,41.435,12.512,4.136,FN,10,,,,,,
143,,,,,30.272,13.184,20.771,FN,11,,,,,,
143,,,,,17.87,13.687,36.862,FN,12,,,,,,
143,,,,,45.665,15.505,23.906,FN,13,,,,,,
143,,,,,1.528,16.525,60.5,FN,14,,,,,,
143,,,,,40.274,17.656,65.0,FN,15,,,,,,
143,,,,,51.233,19.362,47.807,FN,16,,,,,,
143,,,,,40.891,21.104,34.12,FN,17,,,,,,
143,,,,,38.067,22.861,59.389,FN,18,,,,,,
143,,,,,4.074,23.042,7.461,FN,19,,,,,,
143,,,,,33.697,22.865,36.16,FN,20,,,,,,
143,,,,,69.147,24.255,28.283,FN,22,,,,,,
143,,,,,13.733,27.769,6.5,FN,23,,,,,,
143,,,,,49.377,32.701,93.983,FN,24,,,,,,
143,,,,,64.219,33.824,96.429,FN,25,,,,,,
143,,,,,69.369,33.481,62.5,FN,26,,,,,,
143,,,,,69.116,36.37,84.871,FN,27,,,,,,
143,,,,,57.13,37.147,69.045,FN,28,,,,,,
143,,,,,18.455,38.016,90.765,FN,29,,,,,,
143,,,,,63.908,38.967,63.456,FN,30,,,,,,
143,,,,,17.336,38.622,38.392,FN,31,,,,,,
143,,,,,52.732,40.968,36.08,FN,32,,,,,,
143,,,,,53.75,48.708,26.22,FN,34,,,,,,
143,,,,,44.816,51.593,52.881,FN,35,,,,,,
143,,,,,58.889,51.953,11.969,FN,36,,,,,,
143,,,,,44.224,52.258,42.862,FN,37,,,,,,
143,,,,,5.343,53.902,37.236,FN,38,,,,,,
143,,,,,13.418,54.248,32.551,FN,39,,,,,,
143,,,,,1.464,55.892,26.301,FN,40,,,,,,
143,,,,,29.383,56.897,28.067,FN,41,,,,,,
143,,,,,24.914,59.166,84.071,FN,42,,,,,,
143,,,,,18.883,60.56,86.136,FN,43,,,,,,
143,,,,,1.272,61.668,59.87,FN,44,,,,,,
143,,,,,60.328,62.32,35.0,FN,46,,,,,,
143,,,,,7.352,63.697,1.233,FN,47,,,,,,
143,,,,,40.995,68.538,22.619,FN,48,,,,,,
143,,,,,34.712,69.173,81.885,FN,49,,,,,,
148,0,312.79,36.11,31.69,43.008,4.965,15.843,FP,,,,,,,
148,1,313.87,34.2,95.65,43.157,4.703,47.827,FP,,,,,,,
148,2,466.21,38.92,95.51,64.104,5.352,47.755,FP,,,,,,,
148,3,446.89,31.79,31.43,61.448,4.371,15.714,FP,,,,,,,
148,4,313.01,36.06,3.51,43.039,4.958,1.754,FP,,,,,,,
148,5,312.0,34.0,24.0,42.9,4.675,12.0,FP,,,,,,,
148,6,457.78,55.03,31.54,62.944,7.567,15.771,FP,,,,,,,
148,7,458.45,97.66,95.44,63.037,13.428,47.718,FP,,,,,,,
148,8,38.84,104.4,31.58,5.34,14.355,15.791,TP,8,0.045,1.527,1.528,-0.03,0.033,1.527
148,9,460.71,116.96,31.6,63.347,16.082,15.798,TP,10,0.621,1.929,2.027,0.611,0.111,1.929
148,10,460.68,117.54,95.6,63.344,16.161,47.801,FP,,,,,,,
148,11,492.79,121.23,31.51,67.759,16.669,15.756,FP,,,,,,,
148,12,25.43,161.77,31.64,3.497,22.244,15.821,FP,,,,,,,
148,13,29.8,160.95,95.49,4.098,22.131,47.744,FP,,,,,,,
148,14,470.94,179.12,31.4,64.754,24.629,15.7,FP,,,,,,,
148,15,227.9,193.67,95.67,31.337,26.63,47.836,FP,,,,,,,
148,16,362.0,185.13,95.48,49.775,25.455,47.742,FP,,,,,,,
148,17,450.11,193.41,95.76,61.891,26.593,47.881,FP,,,,,,,
148,18,351.71,184.21,31.43,48.361,25.329,15.714,FP,,,,,,,
148,19,453.56,190.11,31.6,62.365,26.141,15.8,FP,,,,,,,
148,20,224.93,193.24,31.68,30.928,26.571,15.842,FP,,,,,,,
148,21,352.0,184.0,20.0,48.4,25.3,10.0,FP,,,,,,,
148,22,227.11,193.02,84.37,31.228,26.54,42.187,TP,18,0.125,3.703,3.705,0.074,0.1,3.703
148,23,225.42,192.47,55.36,30.995,26.465,27.679,FP,,,,,,,
148,24,227.99,195.21,159.57,31.349,26.841,79.785,FP,,,,,,,
148,25,228.29,193.62,106.21,31.39,26.623,53.104,FP,,,,,,,
148,26,229.5,193.25,119.25,31.556,26.572,59.625,FP,,,,,,,
148,27,224.89,194.8,3.6,30.922,26.785,1.8,FP,,,,,,,
148,28,226.0,193.5,67.0,31.075,26.606,33.5,FP,,,,,,,
148,29,226.0,193.0,119.0,31.075,26.538,59.5,FP,,,,,,,
148,30,318.73,199.44,31.65,43.826,27.423,15.827,FP,,,,,,,
148,31,319.81,203.34,95.47,43.974,27.959,47.736,FP,,,,,,,
148,32,94.07,247.14,31.65,12.934,33.981,15.824,FP,,,,,,,
148,33,185.63,282.06,31.68,25.525,38.783,15.841,FP,,,,,,,
148,34,185.03,281.59,3.68,25.441,38.718,1.84,TP,25,0.09,2.176,2.178,-0.058,-0.069,-2.176
148,35,184.47,282.18,95.68,25.364,38.799,47.839,FP,,,,,,,
148,36,185.33,282.24,55.49,25.484,38.808,27.744,FP,,,,,,,
148,37,185.02,281.16,39.94,25.44,38.66,19.972,FP,,,,,,,
148,38,184.4,281.74,47.86,25.355,38.74,23.93,FP,,,,,,,
148,39,186.96,281.26,24.05,25.707,38.673,12.026,FP,,,,,,,
148,40,184.79,280.93,17.64,25.408,38.628,8.821,FP,,,,,,,
148,41,82.67,305.57,31.68,11.367,42.016,15.838,FP,,,,,,,
148,42,84.25,308.7,95.6,11.584,42.446,47.801,FP,,,,,,,
148,43,268.81,299.71,31.4,36.962,41.211,15.698,FP,,,,,,,
148,44,79.8,305.62,3.57,10.973,42.023,1.783,FP,,,,,,,
148,45,81.49,304.95,55.46,11.205,41.931,27.73,FP,,,,,,,
148,46,79.13,303.99,17.74,10.881,41.799,8.871,FP,,,,,,,
148,47,79.63,304.34,24.0,10.949,41.847,12.0,FP,,,,,,,
148,48,80.14,304.24,41.19,11.02,41.833,20.595,FP,,,,,,,
148,49,264.0,304.0,95.0,36.3,41.8,47.5,FP,,,,,,,
148,50,326.47,340.48,95.8,44.89,46.816,47.899,FP,,,,,,,
148,51,326.1,342.49,31.74,44.838,47.093,15.871,FP,,,,,,,
148,52,193.69,352.63,31.74,26.633,48.487,15.872,FP,,,,,,,
148,53,193.13,354.01,95.65,26.555,48.676,47.824,FP,,,,,,,
148,54,474.95,361.66,31.71,65.305,49.729,15.856,FP,,,,,,,
148,55,475.0,364.0,4.0,65.312,50.05,2.0,FP,,,,,,,
148,56,356.02,401.87,31.57,48.952,55.257,15.787,FP,,,,,,,
148,57,354.33,402.33,4.0,48.721,55.321,2.0,TP,43,0.249,2.976,2.987,0.229,0.099,-2.976
148,58,84.01,437.89,31.79,11.551,60.21,15.895,FP,,,,,,,
148,59,85.01,444.68,95.71,11.689,61.144,47.853,FP,,,,,,,
148,60,85.34,439.05,55.5,11.734,60.369,27.752,FP,,,,,,,
148,61,220.59,480.39,31.54,30.331,66.054,15.772,FP,,,,,,,
148,,,,,50.02,0.648,39.692,FN,0,,,,,,
148,,,,,14.588,1.209,90.114,FN,1,,,,,,
148,,,,,61.091,4.168,90.207,FN,2,,,,,,
148,,,,,43.319,4.746,24.252,FN,3,,,,,,
148,,,,,3.796,5.26,74.228,FN,4,,,,,,
148,,,,,51.352,5.6,70.111,FN,5,,,,,,
148,,,,,1.726,6.594,69.439,FN,6,,,,,,
148,,,,,51.416,9.425,65.439,FN,7,,,,,,
148,,,,,49.56,14.573,77.408,FN,9,,,,,,
148,,,,,67.949,16.631,72.873,FN,11,,,,,,
148,,,,,53.78,17.099,6.747,FN,12,,,,,,
148,,,,,10.09,19.411,96.838,FN,13,,,,,,
148,,,,,3.808,21.813,39.192,FN,14,,,,,,
148,,,,,55.724,22.749,67.809,FN,15,,,,,,
148,,,,,48.432,25.306,85.314,FN,16,,,,,,
148,,,,,63.303,25.88,29.102,FN,17,,,,,,
148,,,,,62.04,26.749,74.337,FN,19,,,,,,
148,,,,,69.658,27.817,9.261,FN,20,,,,,,
148,,,,,44.251,27.238,75.542,FN,21,,,,,,
148,,,,,48.191,32.24,73.937,FN,22,,,,,,
148,,,,,23.665,31.524,88.629,FN,23,,,,,,
148,,,,,12.727,33.833,43.746,FN,24,,,,,,
148,,,,,9.562,40.827,6.859,FN,26,,,,,,
148,,,,,38.022,40.678,8.488,FN,27,,,,,,
148,,,,,36.465,42.415,9.242,FN,28,,,,,,
148,,,,,13.549,42.632,9.95,FN,29,,,,,,
148,,,,,37.854,46.064,62.121,FN,30,,,,,,
148,,,,,42.26,45.996,77.765,FN,31,,,,,,
148,,,,,16.139,46.393,3.444,FN,32,,,,,,
148,,,,,45.996,46.381,18.48,FN,33,,,,,,
148,,,,,44.177,47.393,39.777,FN,34,,,,,,
148,,,,,26.658,48.263,39.396,FN,35,,,,,,
148,,,,,54.801,48.747,48.0,FN,36,,,,,,
148,,,,,65.523,49.477,36.606,FN,37,,,,,,
148,,,,,45.794,49.943,76.76,FN,38,,,,,,
148,,,,,14.317,50.789,80.269,FN,39,,,,,,
148,,,,,13.459,51.261,89.274,FN,40,,,,,,
148,,,,,57.024,52.433,85.006,FN,41,,,,,,
148,,,,,1.912,53.458,86.214,FN,42,,,,,,
148,,,,,11.856,59.887,33.222,FN,44,,,,,,
148,,,,,53.799,61.039,67.5,FN,45,,,,,,
148,,,,,11.712,62.023,68.649,FN,46,,,,,,
148,,,,,30.421,65.866,53.758,FN,47,,,,,,
148,,,,,48.442,66.081,82.318,FN,48,,,,,,
148,,,,,64.824,67.226,95.031,FN,49,,,,,,
149,0,301.62,30.02,95.48,41.472,4.128,47.74,FP,,,,,,,
149,1,327.58,56.67,31.33,45.043,7.792,15.667,FP,,,,,,,
149,2,242.76,71.49,31.69,33.38,9.829,15.846,FP,,,,,,,
149,3,48.34,79.6,31.72,6.647,10.945,15.861,FP,,,,,,,
149,4,50.15,79.91,95.6,6.896,10.988,47.798,FP,,,,,,,
149,5,48.62,80.62,19.0,6.685,11.085,9.5,FP,,,,,,,
149,6,46.67,155.37,95.66,6.417,21.364,47.832,FP,,,,,,,
149,7,431.72,160.07,31.67,59.361,22.01,15.837,FP,,,,,,,
149,8,195.52,165.42,31.61,26.885,22.745,15.807,FP,,,,,,,
149,9,433.95,162.17,95.62,59.668,22.298,47.809,FP,,,,,,,
149,10,196.34,172.55,95.67,26.997,23.725,47.834,FP,,,,,,,
149,11,278.0,163.5,31.0,38.225,22.481,15.5,FP,,,,,,,
149,12,116.02,174.55,31.73,15.952,24.001,15.864,FP,,,,,,,
149,13,317.6,167.8,31.0,43.67,23.073,15.5,FP,,,,,,,
149,14,196.27,170.5,67.59,26.987,23.444,33.795,FP,,,,,,,
149,15,114.36,174.89,95.63,15.725,24.047,47.816,FP,,,,,,,
149,16,190.97,175.24,159.39,26.259,24.095,79.697,FP,,,,,,,
149,17,367.42,181.22,95.7,50.52,24.917,47.851,FP,,,,,,,
149,18,365.47,185.83,31.37,50.252,25.552,15.683,FP,,,,,,,
149,19,304.58,243.21,31.61,41.879,33.442,15.806,FP,,,,,,,
149,20,305.35,242.37,95.61,41.986,33.326,47.807,TP,23,0.679,2.504,2.595,0.247,0.632,2.504
149,21,102.1,243.86,95.48,14.039,33.531,47.739,FP,,,,,,,
149,22,101.88,247.42,31.35,14.009,34.021,15.673,FP,,,,,,,
149,23,270.85,283.12,31.7,37.242,38.929,15.851,TP,26,0.61,0.092,0.616,0.538,-0.287,0.092
149,24,415.58,320.02,31.75,57.142,44.003,15.876,FP,,,,,,,
149,25,417.05,319.91,52.72,57.345,43.987,26.358,FP,,,,,,,
149,26,417.0,320.0,43.5,57.338,44.0,21.75,FP,,,,,,,
149,27,415.07,324.19,95.44,57.073,44.577,47.722,FP,,,,,,,
149,28,77.13,331.38,95.48,10.605,45.565,47.739,FP,,,,,,,
149,29,178.71,340.6,31.77,24.573,46.832,15.887,TP,34,0.265,3.665,3.675,-0.255,0.071,-3.665
149,30,311.67,358.67,95.0,42.854,49.317,47.5,FP,,,,,,,
149,31,294.42,367.41,31.46,40.483,50.519,15.731,FP,,,,,,,
149,32,238.63,369.65,31.47,32.812,50.827,15.735,FP,,,,,,,
149,33,225.9,396.76,31.69,31.062,54.555,15.845,TP,43,0.066,4.655,4.655,0.047,-0.047,-4.655
149,34,337.03,410.72,31.66,46.341,56.473,15.829,TP,45,0.208,2.933,2.94,-0.206,-0.03,2.933
149,35,333.54,415.17,95.74,45.862,57.086,47.868,FP,,,,,,,
149,36,12.73,409.95,31.59,1.751,56.368,15.797,FP,,,,,,,
149,37,144.57,406.85,31.49,19.878,55.942,15.744,FP,,,,,,,
149,38,337.12,409.47,39.91,46.354,56.302,19.955,FP,,,,,,,
149,39,336.35,409.45,55.34,46.249,56.299,27.668,FP,,,,,,,
149,40,335.45,409.65,48.01,46.124,56.327,24.007,FP,,,,,,,
149,41,337.43,410.32,3.62,46.396,56.419,1.811,FP,,,,,,,
149,42,337.94,410.01,21.5,46.466,56.377,10.751,FP,,,,,,,
149,43,333.47,413.26,67.49,45.852,56.823,33.744,FP,,,,,,,
149,44,335.14,410.94,159.33,46.082,56.505,79.667,FP,,,,,,,
149,45,335.33,409.33,62.0,46.108,56.283,31.0,FP,,,,,,,
149,46,327.53,412.6,167.13,45.036,56.733,83.567,FP,,,,,,,
149,47,335.23,414.31,87.91,46.094,56.968,43.957,FP,,,,,,,
149,48,330.11,417.22,119.5,45.39,57.368,59.751,FP,,,,,,,
149,49,327.12,417.18,111.9,44.979,57.362,55.95,FP,,,,,,,
149,50,327.34,418.12,159.38,45.009,57.492,79.69,FP,,,,,,,
149,51,336.0,415.0,81.0,46.2,57.062,40.5,FP,,,,,,,
149,52,464.91,422.46,31.68,63.926,58.089,15.84,FP,,,,,,,
149,53,466.84,426.11,95.64,64.19,58.59,47.822,TP,48,0.288,2.684,2.699,0.153,0.244,-2.684
149,54,466.19,424.48,67.8,64.101,58.366,33.898,FP,,,,,,,
149,55,466.96,424.6,84.92,64.208,58.382,42.462,FP,,,,,,,
149,,,,,63.441,2.17,99.0,FN,0,,,,,,
149,,,,,41.114,2.925,52.404,FN,1,,,,,,
149,,,,,22.747,3.456,98.54,FN,2,,,,,,
149,,,,,41.386,4.62,61.273,FN,3,,,,,,
149,,,,,17.416,5.759,89.424,FN,4,,,,,,
149,,,,,18.354,6.188,10.242,FN,5,,,,,,
149,,,,,39.35,8.162,11.963,FN,6,,,,,,
149,,,,,33.405,9.733,72.457,FN,7,,,,,,
149,,,,,6.548,11.168,41.909,FN,8,,,,,,
149,,,,,35.357,13.326,69.5,FN,9,,,,,,
149,,,,,18.105,16.376,43.356,FN,10,,,,,,
149,,,,,26.82,19.216,47.522,FN,11,,,,,,
149,,,,,6.377,20.977,73.884,FN,12,,,,,,
149,,,,,4.673,21.82,74.213,FN,13,,,,,,
149,,,,,38.072,22.441,59.981,FN,14,,,,,,
149,,,,,43.484,22.896,63.673,FN,15,,,,,,
149,,,,,59.344,22.31,58.09,FN,16,,,,,,
149,,,,,10.185,24.202,94.736,FN,17,,,,,,
149,,,,,26.832,23.443,57.26,FN,18,,,,,,
149,,,,,15.779,23.838,1.764,FN,19,,,,,,
149,,,,,49.904,25.367,76.411,FN,20,,,,,,
149,,,,,19.03,25.501,84.913,FN,21,,,,,,
149,,,,,13.672,33.095,67.55,FN,22,,,,,,
149,,,,,39.409,36.492,12.577,FN,24,,,,,,
149,,,,,24.761,39.616,45.541,FN,25,,,,,,
149,,,,,47.359,41.603,73.688,FN,27,,,,,,
149,,,,,31.305,41.365,55.446,FN,28,,,,,,
149,,,,,54.082,41.467,89.111,FN,29,,,,,,
149,,,,,43.47,41.956,62.494,FN,30,,,,,,
149,,,,,16.143,42.757,50.511,FN,31,,,,,,
149,,,,,30.472,44.13,98.5,FN,32,,,,,,
149,,,,,57.341,44.013,61.52,FN,33,,,,,,
149,,,,,18.599,45.83,67.99,FN,35,,,,,,
149,,,,,49.621,48.032,86.775,FN,36,,,,,,
149,,,,,32.476,49.83,26.369,FN,37,,,,,,
149,,,,,42.837,49.32,41.743,FN,38,,,,,,
149,,,,,39.345,51.085,41.241,FN,39,,,,,,
149,,,,,10.406,53.108,67.545,FN,40,,,,,,
149,,,,,14.966,53.306,95.179,FN,41,,,,,,
149,,,,,61.855,53.828,57.0,FN,42,,,,,,
149,,,,,20.27,55.921,48.354,FN,44,,,,,,
149,,,,,45.444,56.232,63.323,FN,46,,,,,,
149,,,,,1.53,56.404,32.205,FN,47,,,,,,
149,,,,,17.853,65.063,98.277,FN,49,,,,,,
15,0,502.33,13.98,31.44,69.071,1.922,15.719,FP,,,,,,,
15,1,70.23,47.65,95.65,9.656,6.552,47.823,FP,,,,,,,
15,2,178.79,41.36,31.67,24.583,5.688,15.833,FP,,,,,,,
15,3,67.12,44.37,31.79,9.228,6.101,15.893,FP,,,,,,,
15,4,183.48,44.51,95.72,25.228,6.12,47.859,FP,,,,,,,
15,5,290.8,46.47,31.63,39.985,6.39,15.814,TP,5,1.115,0.686,1.309,-0.962,-0.564,-0.686
15,6,291.28,48.53,95.71,40.05,6.673,47.853,FP,,,,,,,
15,7,290.15,46.96,3.75,39.896,6.457,1.875,FP,,,,,,,
15,8,455.26,46.0,95.4,62.599,6.325,47.7,FP,,,,,,,
15,9,290.01,47.3,55.37,39.877,6.504,27.683,FP,,,,,,,
15,10,292.83,46.65,24.02,40.265,6.414,12.01,FP,,,,,,,
15,11,292.47,47.16,17.81,40.215,6.485,8.904,FP,,,,,,,
15,12,294.21,46.89,39.89,40.454,6.448,19.946,FP,,,,,,,
15,13,73.0,53.0,83.0,10.038,7.288,41.5,FP,,,,,,,
15,14,70.79,56.68,159.43,9.733,7.793,79.714,FP,,,,,,,
15,15,70.67,57.33,167.0,9.717,7.883,83.5,FP,,,,,,,
15,16,350.47,86.41,31.69,48.19,11.882,15.847,TP,10,0.311,0.276,0.416,0.272,0.15,-0.276
15,17,346.64,84.89,95.69,47.663,11.673,47.847,FP,,,,,,,
15,18,349.55,87.8,3.49,48.063,12.073,1.746,FP,,,,,,,
15,19,19.88,105.68,31.6,2.734,14.531,15.798,FP,,,,,,,
15,20,15.47,108.6,95.43,2.127,14.932,47.716,FP,,,,,,,
15,21,457.61,170.35,31.71,62.922,23.423,15.857,FP,,,,,,,
15,22,461.13,175.21,95.67,63.405,24.091,47.833,FP,,,,,,,
15,23,24.92,181.99,31.67,3.427,25.024,15.834,FP,,,,,,,
15,24,264.05,175.94,31.45,36.306,24.192,15.727,FP,,,,,,,
15,25,26.0,182.5,4.0,3.575,25.094,2.0,TP,17,0.516,0.362,0.63,0.199,0.476,0.362
15,26,206.96,185.15,95.41,28.457,25.458,47.704,FP,,,,,,,
15,27,206.15,187.15,31.38,28.345,25.733,15.691,FP,,,,,,,
15,28,357.26,193.55,31.47,49.123,26.613,15.736,FP,,,,,,,
15,29,151.5,216.8,31.41,20.831,29.809,15.705,FP,,,,,,,
15,30,373.89,238.0,95.68,51.41,32.725,47.841,FP,,,,,,,
15,31,369.98,239.49,31.47,50.872,32.93,15.734,FP,,,,,,,
15,32,63.36,294.92,95.48,8.713,40.551,47.739,FP,,,,,,,
15,33,56.37,297.04,31.45,7.75,40.843,15.726,FP,,,,,,,
15,34,462.96,307.57,94.36,63.657,42.291,47.181,FP,,,,,,,
15,35,466.26,307.32,34.24,64.111,42.256,17.122,FP,,,,,,,
15,36,465.56,305.4,119.52,64.014,41.992,59.762,FP,,,,,,,
15,37,310.27,317.33,31.69,42.661,43.633,15.843,FP,,,,,,,
15,38,466.44,309.14,3.84,64.135,42.507,1.919,FP,,,,,,,
15,39,464.12,303.68,111.76,63.817,41.756,55.88,FP,,,,,,,
15,40,311.61,315.32,95.66,42.847,43.357,47.828,FP,,,,,,,
15,41,463.59,308.9,67.75,63.744,42.473,33.877,FP,,,,,,,
15,42,463.93,306.41,62.0,63.791,42.132,31.0,TP,28,0.65,3.719,3.775,-0.363,0.539,3.719
15,43,469.9,310.1,159.7,64.612,42.639,79.849,FP,,,,,,,
15,44,469.26,311.3,167.58,64.523,42.804,83.79,FP,,,,,,,
15,45,309.69,317.57,3.48,42.582,43.666,1.741,TP,30,0.291,3.754,3.765,0.216,-0.195,-3.754
15,46,311.7,319.48,18.52,42.859,43.929,9.259,FP,,,,,,,
15,47,207.14,344.69,95.7,28.482,47.395,47.849,FP,,,,,,,
15,48,207.1,349.17,31.64,28.476,48.011,15.821,TP,32,0.619,0.526,0.812,-0.619,-0.026,0.526
15,49,207.07,348.88,55.47,28.473,47.971,27.733,FP,,,,,,,
15,50,208.53,352.81,3.69,28.673,48.512,1.847,FP,,,,,,,
15,51,207.41,349.4,48.14,28.518,48.042,24.07,FP,,,,,,,
15,52,207.57,350.88,39.9,28.541,48.247,19.948,FP,,,,,,,
15,53,207.94,351.69,17.22,28.591,48.357,8.608,FP,,,,,,,
15,54,208.98,352.56,24.07,28.735,48.477,12.036,FP,,,,,,,
15,55,119.0,368.5,31.0,16.363,50.669,15.5,FP,,,,,,,
15,56,334.82,405.07,31.61,46.037,55.697,15.803,FP,,,,,,,
15,57,76.92,417.22,31.63,10.576,57.367,15.815,FP,,,,,,,
15,58,145.98,432.65,31.67,20.073,59.489,15.837,FP,,,,,,,
15,59,147.28,432.17,95.64,20.25,59.423,47.82,FP,,,,,,,
15,60,143.12,432.88,55.41,19.679,59.521,27.706,FP,,,,,,,
15,61,144.34,434.31,3.52,19.846,59.718,1.762,FP,,,,,,,
15,62,289.7,458.6,31.76,39.834,63.057,15.88,TP,43,0.253,2.12,2.135,-0.188,-0.169,-2.12
15,63,293.16,449.53,43.37,40.309,61.81,21.684,FP,,,,,,,
15,64,442.78,463.18,31.67,60.883,63.687,15.837,TP,44,0.247,4.155,4.162,-0.232,-0.083,4.155
15,65,444.52,462.12,95.64,61.122,63.541,47.819,FP,,,,,,,
15,66,443.33,465.59,3.45,60.958,64.019,1.727,FP,,,,,,,
15,67,240.0,504.33,31.33,33.0,69.346,15.667,FP,,,,,,,
15,,,,,2.829,0.41,10.367,FN,0,,,,,,
15,,,,,68.806,2.076,55.434,FN,1,,,,,,
15,,,,,8.32,5.16,23.478,FN,2,,,,,,
15,,,,,23.903,5.305,24.231,FN,3,,,,,,
15,,,,,39.115,5.401,14.547,FN,4,,,,,,
15,,,,,9.983,7.267,54.978,FN,6,,,,,,
15,,,,,20.237,8.848,83.841,FN,7,,,,,,
15,,,,,57.918,10.66,95.489,FN,8,,,,,,
15,,,,,19.913,12.127,98.086,FN,9,,,,,,
15,,,,,1.697,14.028,90.934,FN,11,,,,,,
15,,,,,3.702,14.275,9.576,FN,12,,,,,,
15,,,,,20.314,15.404,96.038,FN,13,,,,,,
15,,,,,63.478,19.221,66.025,FN,14,,,,,,
15,,,,,62.133,22.962,2.029,FN,15,,,,,,
15,,,,,65.578,24.737,43.556,FN,16,,,,,,
15,,,,,35.899,23.833,5.494,FN,18,,,,,,
15,,,,,28.242,25.662,90.681,FN,19,,,,,,
15,,,,,69.186,27.802,84.449,FN,20,,,,,,
15,,,,,21.09,29.588,38.689,FN,21,,,,,,
15,,,,,47.66,30.038,84.59,FN,22,,,,,,
15,,,,,51.47,32.625,39.778,FN,23,,,,,,
15,,,,,21.293,34.317,59.199,FN,24,,,,,,
15,,,,,37.807,34.841,57.0,FN,25,,,,,,
15,,,,,62.541,36.049,85.704,FN,26,,,,,,
15,,,,,7.93,40.282,92.284,FN,27,,,,,,
15,,,,,64.166,43.244,25.847,FN,29,,,,,,
15,,,,,17.398,47.204,75.095,FN,31,,,,,,
15,,,,,15.969,50.614,26.019,FN,33,,,,,,
15,,,,,62.01,52.458,53.5,FN,34,,,,,,
15,,,,,38.207,53.772,13.682,FN,35,,,,,,
15,,,,,58.542,54.2,94.033,FN,36,,,,,,
15,,,,,45.566,56.025,34.233,FN,37,,,,,,
15,,,,,31.173,56.448,66.537,FN,38,,,,,,
15,,,,,10.492,56.73,27.123,FN,39,,,,,,
15,,,,,20.106,59.231,10.254,FN,40,,,,,,
15,,,,,32.6,59.54,52.155,FN,41,,,,,,
15,,,,,40.297,61.578,68.763,FN,42,,,,,,
15,,,,,39.627,64.56,15.708,FN,45,,,,,,
15,,,,,33.388,69.027,72.208,FN,46,,,,,,
15,,,,,8.452,69.716,71.858,FN,47,,,,,,
15,,,,,45.948,69.683,92.099,FN,48,,,,,,
151,0,270.32,12.13,31.45,37.169,1.668,15.727,FP,,,,,,,
151,1,399.77,17.74,31.63,54.968,2.439,15.817,FP,,,,,,,
151,2,220.15,56.24,95.73,30.271,7.734,47.863,FP,,,,,,,
151,3,73.2,55.15,31.75,10.066,7.583,15.876,FP,,,,,,,
151,4,74.58,58.34,95.7,10.255,8.022,47.852,TP,6,0.255,0.875,0.911,0.123,0.224,-0.875
151,5,74.93,59.32,159.58,10.303,8.157,79.788,FP,,,,,,,
151,6,73.98,59.49,167.63,10.172,8.181,83.816,FP,,,,,,,
151,7,320.26,64.73,95.6,44.036,8.901,47.799,FP,,,,,,,
151,8,313.61,69.98,31.7,43.121,9.622,15.848,FP,,,,,,,
151,9,152.01,148.66,31.69,20.902,20.441,15.847,FP,,,,,,,
151,10,295.14,190.8,31.71,40.582,26.235,15.856,FP,,,,,,,
151,11,294.81,192.85,95.65,40.536,26.517,47.824,FP,,,,,,,
151,12,294.96,190.78,55.4,40.557,26.232,27.7,FP,,,,,,,
151,13,502.19,200.11,95.47,69.051,27.515,47.736,FP,,,,,,,
151,14,195.24,221.99,31.74,26.846,30.524,15.869,TP,24,0.436,0.224,0.49,-0.356,-0.252,-0.224
151,15,191.47,222.19,95.55,26.327,30.552,47.777,FP,,,,,,,
151,16,163.46,313.18,31.6,22.476,43.063,15.799,TP,30,1.038,2.613,2.812,0.78,0.686,-2.613
151,17,183.82,326.84,95.61,25.275,44.94,47.806,FP,,,,,,,
151,18,391.77,313.91,31.53,53.868,43.162,15.765,FP,,,,,,,
151,19,225.26,320.99,95.68,30.974,44.136,47.841,FP,,,,,,,
151,20,228.23,321.52,31.68,31.382,44.209,15.842,FP,,,,,,,
151,21,224.99,320.2,83.07,30.936,44.027,41.537,TP,32,0.111,1.285,1.29,0.054,0.097,1.285
151,22,224.0,319.0,119.0,30.8,43.862,59.5,FP,,,,,,,
151,23,88.43,375.74,31.61,12.159,51.664,15.807,FP,,,,,,,
151,24,87.5,376.21,95.43,12.031,51.729,47.714,FP,,,,,,,
151,25,135.88,426.05,31.53,18.683,58.582,15.767,FP,,,,,,,
151,26,332.47,426.91,95.46,45.715,58.701,47.729,FP,,,,,,,
151,27,353.62,426.26,31.32,48.623,58.611,15.658,FP,,,,,,,
151,28,190.82,443.69,95.56,26.238,61.007,47.781,FP,,,,,,,
151,29,356.29,449.79,95.65,48.99,61.846,47.826,FP,,,,,,,
151,30,79.93,450.5,95.48,10.991,61.944,47.739,FP,,,,,,,
151,31,176.1,493.04,31.44,24.214,67.793,15.72,FP,,,,,,,
151,,,,,66.45,2.288,96.093,FN,0,,,,,,
151,,,,,36.81,1.728,2.55,FN,1,,,,,,
151,,,,,55.197,2.277,29.477,FN,2,,,,,,
151,,,,,30.346,7.061,40.248,FN,3,,,,,,
151,,,,,29.287,8.447,87.792,FN,4,,,,,,
151,,,,,38.014,7.167,98.745,FN,5,,,,,,
151,,,,,18.499,8.544,63.745,FN,7,,,,,,
151,,,,,43.591,8.981,89.771,FN,8,,,,,,
151,,,,,41.856,9.969,7.723,FN,9,,,,,,
151,,,,,18.92,12.668,89.0,FN,10,,,,,,
151,,,,,23.404,12.458,41.795,FN,11,,,,,,
151,,,,,61.811,13.335,94.882,FN,12,,,,,,
151,,,,,61.527,14.939,62.055,FN,13,,,,,,
151,,,,,56.361,15.287,26.819,FN,14,,,,,,
151,,,,,10.456,16.959,97.877,FN,15,,,,,,
151,,,,,68.125,17.872,92.505,FN,16,,,,,,
151,,,,,1.42,20.134,18.125,FN,17,,,,,,
151,,,,,21.35,20.111,2.551,FN,18,,,,,,
151,,,,,41.099,24.859,9.383,FN,19,,,,,,
151,,,,,5.545,27.905,64.016,FN,20,,,,,,
151,,,,,39.858,28.292,36.439,FN,21,,,,,,
151,,,,,68.018,28.284,63.718,FN,22,,,,,,
151,,,,,24.04,29.075,74.682,FN,23,,,,,,
151,,,,,17.915,32.269,13.147,FN,25,,,,,,
151,,,,,66.847,32.83,55.558,FN,26,,,,,,
151,,,,,58.529,34.213,61.297,FN,27,,,,,,
151,,,,,50.439,35.282,56.169,FN,28,,,,,,
151,,,,,69.084,37.169,32.5,FN,29,,,,,,
151,,,,,53.657,42.997,54.049,FN,31,,,,,,
151,,,,,25.531,45.51,21.84,FN,33,,,,,,
151,,,,,34.403,47.319,8.995,FN,34,,,,,,
151,,,,,48.623,51.06,70.0,FN,35,,,,,,
151,,,,,51.841,50.771,90.168,FN,36,,,,,,
151,,,,,11.965,52.31,6.956,FN,37,,,,,,
151,,,,,25.006,52.204,0.985,FN,38,,,,,,
151,,,,,53.622,55.577,77.207,FN,39,,,,,,
151,,,,,48.599,58.164,7.594,FN,40,,,,,,
151,,,,,19.034,58.554,60.337,FN,41,,,,,,
151,,,,,59.466,60.078,92.167,FN,42,,,,,,
151,,,,,48.905,63.211,74.09,FN,43,,,,,,
151,,,,,4.994,65.266,70.12,FN,44,,,,,,
151,,,,,42.95,65.433,87.389,FN,45,,,,,,
151,,,,,38.665,66.343,92.849,FN,46,,,,,,
151,,,,,10.106,66.186,0.938,FN,47,,,,,,
151,,,,,6.943,67.93,91.668,FN,48,,,,,,
151,,,,,24.263,67.619,81.131,FN,49,,,,,,
154,0,308.65,19.07,31.73,42.439,2.622,15.863,FP,,,,,,,
154,1,309.89,18.79,55.39,42.61,2.583,27.696,FP,,,,,,,
154,2,307.94,19.53,3.41,42.342,2.685,1.706,FP,,,,,,,
154,3,310.33,18.33,40.0,42.671,2.521,20.0,FP,,,,,,,
154,4,309.84,23.11,95.42,42.603,3.177,47.711,TP,1,0.467,2.941,2.978,0.454,0.11,2.941
154,5,170.83,32.81,31.7,23.489,4.511,15.85,TP,4,0.628,2.465,2.544,0.279,-0.562,2.465
154,6,166.83,34.81,95.64,22.939,4.786,47.818,FP,,,,,,,
154,7,395.0,53.0,31.73,54.313,7.288,15.864,FP,,,,,,,
154,8,398.0,55.0,95.0,54.725,7.562,47.5,FP,,,,,,,
154,9,202.76,62.68,3.4,27.879,8.618,1.7,FP,,,,,,,
154,10,65.25,72.25,95.0,8.972,9.934,47.5,FP,,,,,,,
154,11,69.44,73.11,95.22,9.549,10.053,47.611,FP,,,,,,,
154,12,193.5,121.33,31.0,26.606,16.683,15.5,FP,,,,,,,
154,13,348.95,153.91,31.66,47.981,21.163,15.832,FP,,,,,,,
154,14,350.26,152.93,95.59,48.161,21.027,47.796,FP,,,,,,,
154,15,348.84,153.49,3.49,47.966,21.104,1.747,FP,,,,,,,
154,16,350.71,153.25,24.0,48.223,21.071,12.0,FP,,,,,,,
154,17,350.5,153.06,39.67,48.194,21.045,19.833,TP,13,0.113,4.794,4.795,0.075,0.084,-4.794
154,18,191.64,176.78,31.47,26.35,24.308,15.735,FP,,,,,,,
154,19,198.25,177.0,31.0,27.259,24.337,15.5,FP,,,,,,,
154,20,69.46,206.06,95.73,9.551,28.334,47.863,FP,,,,,,,
154,21,67.57,206.11,31.58,9.291,28.34,15.789,FP,,,,,,,
154,22,58.7,208.06,159.39,8.071,28.608,79.697,FP,,,,,,,
154,23,55.5,206.5,167.0,7.631,28.394,83.5,FP,,,,,,,
154,24,420.07,282.03,31.55,57.76,38.779,15.774,FP,,,,,,,
154,25,423.88,281.91,95.72,58.283,38.762,47.862,FP,,,,,,,
154,26,246.65,286.75,159.7,33.914,39.428,79.85,FP,,,,,,,
154,27,246.61,287.67,167.56,33.909,39.554,83.778,FP,,,,,,,
154,28,306.22,310.45,95.71,42.105,42.687,47.857,FP,,,,,,,
154,29,303.36,310.78,31.73,41.712,42.732,15.863,FP,,,,,,,
154,30,231.45,304.6,31.45,31.824,41.883,15.725,FP,,,,,,,
154,31,302.8,312.4,55.0,41.635,42.955,27.5,FP,,,,,,,
154,32,153.11,360.36,31.68,21.053,49.55,15.841,TP,32,0.463,2.007,2.059,-0.269,0.376,-2.007
154,33,154.39,356.99,95.65,21.228,49.087,47.824,FP,,,,,,,
154,34,423.18,360.55,31.6,58.188,49.575,15.798,FP,,,,,,,
154,35,153.69,363.58,3.54,21.132,49.992,1.768,FP,,,,,,,
154,36,70.71,425.84,95.6,9.722,58.553,47.799,FP,,,,,,,
154,37,62.45,421.04,31.46,8.586,57.893,15.729,FP,,,,,,,
154,38,281.11,438.87,31.69,38.652,60.345,15.844,FP,,,,,,,
154,39,283.38,441.12,95.58,38.964,60.653,47.791,FP,,,,,,,
154,40,281.94,438.81,3.52,38.766,60.336,1.758,FP,,,,,,,
154,41,279.05,440.05,55.42,38.37,60.507,27.711,FP,,,,,,,
154,42,193.43,447.52,95.46,26.597,61.534,47.729,FP,,,,,,,
154,43,334.7,449.27,31.43,46.021,61.774,15.717,FP,,,,,,,
154,44,442.62,477.9,31.79,60.86,65.711,15.893,FP,,,,,,,
154,45,440.92,487.86,95.63,60.627,67.081,47.814,FP,,,,,,,
154,46,72.31,493.51,95.6,9.942,67.858,47.8,FP,,,,,,,
154,47,75.03,491.58,31.61,10.317,67.592,15.806,FP,,,,,,,
154,,,,,8.334,2.165,95.726,FN,0,,,,,,
154,,,,,52.893,3.811,48.03,FN,2,,,,,,
154,,,,,14.254,4.641,61.833,FN,3,,,,,,
154,,,,,54.401,7.367,25.62,FN,5,,,,,,
154,,,,,27.827,8.645,94.335,FN,6,,,,,,
154,,,,,17.484,9.163,10.706,FN,7,,,,,,
154,,,,,16.92,11.119,77.531,FN,8,,,,,,
154,,,,,17.362,15.382,13.894,FN,9,,,,,,
154,,,,,27.076,16.679,65.043,FN,10,,,,,,
154,,,,,66.258,17.668,44.759,FN,11,,,,,,
154,,,,,24.059,19.046,24.376,FN,12,,,,,,
154,,,,,31.559,24.355,96.914,FN,14,,,,,,
154,,,,,22.252,25.406,79.996,FN,15,,,,,,
154,,,,,22.777,26.341,82.025,FN,16,,,,,,
154,,,,,9.296,28.337,77.477,FN,17,,,,,,
154,,,,,70.128,29.517,39.0,FN,18,,,,,,
154,,,,,52.773,31.248,70.487,FN,19,,,,,,
154,,,,,1.428,32.622,49.71,FN,20,,,,,,
154,,,,,55.509,33.137,93.158,FN,21,,,,,,
154,,,,,64.763,36.493,23.197,FN,22,,,,,,
154,,,,,33.959,38.493,60.803,FN,23,,,,,,
154,,,,,58.321,38.756,38.896,FN,24,,,,,,
154,,,,,50.888,40.839,89.43,FN,25,,,,,,
154,,,,,36.688,41.483,43.637,FN,26,,,,,,
154,,,,,42.591,41.374,28.711,FN,27,,,,,,
154,,,,,52.439,42.405,10.5,FN,28,,,,,,
154,,,,,43.459,43.28,58.211,FN,29,,,,,,
154,,,,,40.709,43.838,55.615,FN,30,,,,,,
154,,,,,58.237,49.369,40.721,FN,31,,,,,,
154,,,,,15.973,50.755,94.917,FN,33,,,,,,
154,,,,,63.33,55.271,87.336,FN,34,,,,,,
154,,,,,47.034,58.202,88.578,FN,35,,,,,,
154,,,,,8.506,57.757,83.424,FN,36,,,,,,
154,,,,,40.36,58.339,70.242,FN,37,,,,,,
154,,,,,38.875,60.757,10.763,FN,38,,,,,,
154,,,,,26.973,62.093,86.0,FN,39,,,,,,
154,,,,,51.396,62.028,16.613,FN,40,,,,,,
154,,,,,52.097,64.992,86.54,FN,41,,,,,,
154,,,,,44.597,65.791,80.754,FN,42,,,,,,
154,,,,,63.272,65.843,2.051,FN,43,,,,,,
154,,,,,59.062,65.588,1.484,FN,44,,,,,,
154,,,,,9.956,66.191,53.604,FN,45,,,,,,
154,,,,,10.98,68.855,12.917,FN,46,,,,,,
154,,,,,0.54,68.287,41.259,FN,47,,,,,,
154,,,,,53.209,69.407,87.124,FN,48,,,,,,
154,,,,,56.277,69.746,64.233,FN,49,,,,,,
161,0,175.29,9.79,159.61,24.102,1.346,79.804,FP,,,,,,,
161,1,175.88,10.88,167.56,24.183,1.495,83.781,FP,,,,,,,
161,2,357.06,48.18,95.69,49.096,6.625,47.846,FP,,,,,,,
161,3,358.52,50.57,31.7,49.297,6.954,15.851,FP,,,,,,,
161,4,365.0,48.96,55.38,50.188,6.732,27.692,FP,,,,,,,
161,5,357.47,51.89,3.45,49.153,7.135,1.723,FP,,,,,,,
161,6,99.75,54.8,95.44,13.716,7.534,47.72,FP,,,,,,,
161,7,63.93,78.88,31.55,8.791,10.845,15.776,FP,,,,,,,
161,8,210.98,109.94,31.77,29.01,15.117,15.886,TP,11,0.484,4.05,4.079,0.012,0.484,-4.05
161,9,213.5,107.0,95.0,29.356,14.713,47.5,FP,,,,,,,
161,10,461.88,120.81,31.44,63.508,16.612,15.719,FP,,,,,,,
161,11,166.55,168.57,31.67,22.9,23.178,15.835,FP,,,,,,,
161,12,167.16,169.68,95.57,22.984,23.332,47.785,FP,,,,,,,
161,13,167.24,169.29,67.59,22.995,23.278,33.794,FP,,,,,,,
161,14,168.0,169.5,83.0,23.1,23.306,41.5,FP,,,,,,,
161,15,471.77,185.89,95.7,64.869,25.56,47.852,FP,,,,,,,
161,16,477.01,184.46,31.66,65.588,25.363,15.83,FP,,,,,,,
161,17,475.71,185.3,3.5,65.409,25.479,1.75,FP,,,,,,,
161,18,476.64,184.67,18.66,65.538,25.392,9.328,FP,,,,,,,
161,19,478.42,185.4,55.45,65.783,25.493,27.725,TP,17,0.473,1.645,1.711,0.095,0.463,1.645
161,20,478.11,192.37,159.32,65.739,26.451,79.658,FP,,,,,,,
161,21,103.92,200.36,95.45,14.289,27.549,47.723,FP,,,,,,,
161,22,39.65,248.53,95.35,5.451,34.173,47.676,FP,,,,,,,
161,23,46.43,265.01,31.76,6.384,36.439,15.879,TP,28,0.804,2.834,2.946,0.435,-0.676,-2.834
161,24,50.42,264.4,95.67,6.933,36.355,47.837,FP,,,,,,,
161,25,46.78,264.39,39.94,6.432,36.353,19.969,FP,,,,,,,
161,26,47.08,264.32,47.8,6.474,36.344,23.9,FP,,,,,,,
161,27,46.85,264.5,55.46,6.441,36.369,27.731,FP,,,,,,,
161,28,44.33,264.67,3.0,6.096,36.392,1.5,FP,,,,,,,
161,29,247.44,272.56,31.44,34.023,37.477,15.719,FP,,,,,,,
161,30,480.37,283.17,31.66,66.05,38.936,15.832,FP,,,,,,,
161,31,413.14,287.54,31.73,56.807,39.536,15.867,FP,,,,,,,
161,32,414.2,290.04,95.73,56.952,39.88,47.865,TP,31,0.122,1.484,1.489,0.058,-0.107,-1.484
161,33,142.3,296.94,31.63,19.567,40.829,15.813,FP,,,,,,,
161,34,414.53,289.76,67.29,56.998,39.843,33.647,FP,,,,,,,
161,35,142.39,295.79,95.59,19.579,40.672,47.793,FP,,,,,,,
161,36,104.0,304.0,31.0,14.3,41.8,15.5,FP,,,,,,,
161,37,197.67,314.33,95.22,27.179,43.221,47.611,FP,,,,,,,
161,38,340.23,324.51,31.42,46.782,44.619,15.711,FP,,,,,,,
161,39,320.9,344.98,95.59,44.123,47.434,47.797,TP,34,0.56,0.643,0.853,0.311,-0.466,0.643
161,40,317.61,348.63,31.71,43.672,47.937,15.855,FP,,,,,,,
161,41,89.64,357.92,31.47,12.326,49.214,15.734,FP,,,,,,,
161,42,464.02,367.23,31.74,63.803,50.493,15.871,FP,,,,,,,
161,43,467.0,369.15,95.71,64.212,50.758,47.856,TP,36,0.632,1.387,1.525,0.178,0.607,1.387
161,44,289.78,419.26,31.72,39.844,57.648,15.858,FP,,,,,,,
161,45,182.08,424.33,95.56,25.036,58.345,47.781,FP,,,,,,,
161,46,181.18,425.95,31.67,24.913,58.568,15.833,TP,39,0.669,2.129,2.232,0.31,-0.593,2.129
161,47,181.16,427.24,3.69,24.909,58.745,1.845,FP,,,,,,,
161,48,182.55,426.73,23.68,25.101,58.675,11.838,FP,,,,,,,
161,49,182.45,426.76,16.96,25.087,58.68,8.48,FP,,,,,,,
161,50,182.43,425.57,39.57,25.084,58.516,19.786,FP,,,,,,,
161,51,118.56,457.4,31.67,16.302,62.892,15.834,FP,,,,,,,
161,52,119.96,458.98,93.93,16.494,63.11,46.967,FP,,,,,,,
161,53,119.67,458.33,55.22,16.454,63.021,27.611,FP,,,,,,,
161,54,121.5,460.1,103.74,16.707,63.263,51.869,FP,,,,,,,
161,55,120.93,460.67,111.46,16.629,63.343,55.728,FP,,,,,,,
161,56,120.44,461.31,119.42,16.561,63.43,59.708,FP,,,,,,,
161,57,122.0,460.0,67.5,16.775,63.25,33.75,TP,44,0.265,2.232,2.248,-0.229,-0.132,-2.232
161,58,483.55,468.58,95.56,66.488,64.43,47.782,FP,,,,,,,
161,59,172.42,498.94,31.61,23.708,68.604,15.805,FP,,,,,,,
161,,,,,0.786,0.922,56.619,FN,0,,,,,,
161,,,,,28.121,2.189,70.236,FN,1,,,,,,
161,,,,,54.016,2.487,41.67,FN,2,,,,,,
161,,,,,35.815,4.935,86.791,FN,3,,,,,,
161,,,,,13.37,6.099,57.26,FN,4,,,,,,
161,,,,,49.391,6.483,10.258,FN,5,,,,,,
161,,,,,67.428,8.583,56.803,FN,6,,,,,,
161,,,,,4.952,11.576,57.924,FN,7,,,,,,
161,,,,,10.998,11.343,4.244,FN,8,,,,,,
161,,,,,17.662,14.153,9.65,FN,9,,,,,,
161,,,,,65.599,14.294,88.969,FN,10,,,,,,
161,,,,,63.106,16.586,35.284,FN,12,,,,,,
161,,,,,21.215,18.373,59.754,FN,13,,,,,,
161,,,,,10.783,22.21,87.291,FN,14,,,,,,
161,,,,,1.532,22.393,93.789,FN,15,,,,,,
161,,,,,22.954,23.248,53.061,FN,16,,,,,,
161,,,,,13.251,26.769,81.081,FN,18,,,,,,
161,,,,,2.369,29.317,54.51,FN,19,,,,,,
161,,,,,9.923,30.667,44.248,FN,20,,,,,,
161,,,,,1.838,31.629,61.773,FN,21,,,,,,
161,,,,,42.1,32.714,89.202,FN,22,,,,,,
161,,,,,52.451,32.543,54.662,FN,23,,,,,,
161,,,,,32.955,33.598,97.111,FN,24,,,,,,
161,,,,,6.913,34.51,7.116,FN,25,,,,,,
161,,,,,56.717,33.658,25.704,FN,26,,,,,,
161,,,,,35.124,37.186,1.294,FN,27,,,,,,
161,,,,,57.301,39.065,29.021,FN,29,,,,,,
161,,,,,65.383,38.407,26.297,FN,30,,,,,,
161,,,,,19.637,40.625,33.704,FN,32,,,,,,
161,,,,,14.344,41.81,78.231,FN,33,,,,,,
161,,,,,12.677,48.923,25.027,FN,35,,,,,,
161,,,,,3.57,52.94,8.5,FN,37,,,,,,
161,,,,,39.899,57.5,40.959,FN,38,,,,,,
161,,,,,53.23,61.009,45.568,FN,40,,,,,,
161,,,,,15.923,61.488,2.267,FN,41,,,,,,
161,,,,,37.244,62.553,35.5,FN,42,,,,,,
161,,,,,65.48,63.889,59.479,FN,43,,,,,,
161,,,,,64.951,65.259,93.75,FN,45,,,,,,
161,,,,,35.388,66.143,42.812,FN,46,,,,,,
161,,,,,21.809,66.174,15.004,FN,47,,,,,,
161,,,,,16.74,67.438,37.057,FN,48,,,,,,
161,,,,,24.422,68.638,8.758,FN,49,,,,,,
195,0,162.06,12.18,31.69,22.283,1.674,15.843,FP,,,,,,,
195,1,466.09,21.03,31.61,64.087,2.892,15.806,FP,,,,,,,
195,2,150.0,15.5,95.0,20.625,2.131,47.5,FP,,,,,,,
195,3,466.58,22.08,3.5,64.155,3.036,1.75,TP,2,0.3,0.25,0.391,-0.275,0.12,0.25
195,4,334.82,49.26,31.6,46.037,6.773,15.8,FP,,,,,,,
195,5,225.21,54.31,95.67,30.966,7.468,47.833,FP,,,,,,,
195,6,220.25,54.17,31.65,30.284,7.448,15.826,FP,,,,,,,
195,7,268.71,55.81,95.38,36.948,7.674,47.69,TP,9,0.296,3.719,3.731,0.295,-0.024,-3.719
195,8,319.74,75.49,95.62,43.964,10.38,47.809,FP,,,,,,,
195,9,338.62,94.28,31.68,46.56,12.964,15.842,TP,12,0.571,1.743,1.834,0.371,0.435,1.743
195,10,74.34,105.09,31.69,10.222,14.449,15.846,FP,,,,,,,
195,11,73.06,106.45,95.63,10.045,14.637,47.817,FP,,,,,,,
195,12,148.18,112.29,31.57,20.375,15.44,15.784,FP,,,,,,,
195,13,75.39,106.98,3.5,10.366,14.71,1.75,FP,,,,,,,
195,14,151.97,112.84,95.6,20.896,15.516,47.8,FP,,,,,,,
195,15,184.5,154.5,31.0,25.369,21.244,15.5,FP,,,,,,,
195,16,8.88,161.06,31.35,1.221,22.146,15.676,FP,,,,,,,
195,17,234.46,182.18,95.71,32.239,25.05,47.853,TP,22,0.252,1.632,1.652,-0.174,0.182,1.632
195,18,236.33,181.78,31.59,32.495,24.994,15.793,FP,,,,,,,
195,19,200.2,182.49,31.46,27.527,25.092,15.729,FP,,,,,,,
195,20,238.22,186.33,159.67,32.756,25.621,79.833,FP,,,,,,,
195,21,238.0,186.64,167.27,32.725,25.663,83.636,FP,,,,,,,
195,22,453.9,264.76,95.68,62.411,36.404,47.841,FP,,,,,,,
195,23,451.37,268.67,31.63,62.064,36.942,15.813,FP,,,,,,,
195,24,451.15,268.23,3.38,62.034,36.882,1.692,FP,,,,,,,
195,25,22.2,282.61,31.55,3.052,38.859,15.777,TP,28,0.305,4.457,4.467,0.297,0.07,-4.457
195,26,495.08,306.52,95.43,68.073,42.147,47.713,FP,,,,,,,
195,27,349.46,321.6,95.6,48.051,44.22,47.801,FP,,,,,,,
195,28,399.04,317.24,31.68,54.868,43.62,15.838,TP,31,0.719,2.62,2.717,-0.431,0.576,-2.62
195,29,400.21,314.94,95.65,55.03,43.304,47.827,FP,,,,,,,
195,30,496.49,314.95,31.62,68.267,43.305,15.81,FP,,,,,,,
195,31,397.45,317.98,3.5,54.649,43.722,1.75,FP,,,,,,,
195,32,452.87,324.14,95.45,62.269,44.569,47.725,FP,,,,,,,
195,33,399.26,317.44,23.89,54.898,43.649,11.944,FP,,,,,,,
195,34,398.94,319.75,55.31,54.854,43.966,27.656,FP,,,,,,,
195,35,244.33,333.38,31.62,33.596,45.84,15.81,FP,,,,,,,
195,36,246.02,333.54,95.56,33.827,45.862,47.78,TP,32,0.117,1.609,1.613,0.09,-0.074,1.609
195,37,487.95,398.64,31.77,67.093,54.813,15.883,TP,37,0.309,4.16,4.172,-0.276,-0.139,4.16
195,38,491.17,397.63,95.49,67.535,54.674,47.743,FP,,,,,,,
195,39,487.15,396.58,39.54,66.984,54.529,19.769,FP,,,,,,,
195,40,490.05,400.52,3.49,67.381,55.072,1.746,FP,,,,,,,
195,41,397.73,407.97,31.67,54.688,56.096,15.837,FP,,,,,,,
195,42,395.51,407.94,95.76,54.382,56.091,47.882,FP,,,,,,,
195,43,396.19,408.56,3.41,54.475,56.176,1.704,FP,,,,,,,
195,44,465.38,472.45,95.65,63.989,64.962,47.827,FP,,,,,,,
195,45,466.03,470.18,31.65,64.079,64.65,15.827,FP,,,,,,,
195,46,465.39,470.03,55.43,63.991,64.629,27.715,FP,,,,,,,
195,47,464.38,469.48,48.28,63.852,64.554,24.138,FP,,,,,,,
195,48,465.82,471.73,82.63,64.05,64.862,41.315,FP,,,,,,,
195,49,470.09,473.22,159.47,64.638,65.068,79.733,FP,,,,,,,
195,50,466.4,472.04,18.87,64.13,64.905,9.435,FP,,,,,,,
195,51,467.06,471.79,42.39,64.22,64.871,21.194,FP,,,,,,,
195,52,468.0,469.0,107.0,64.35,64.488,53.5,FP,,,,,,,
195,53,465.65,474.35,67.53,64.027,65.223,33.763,TP,42,0.634,2.443,2.524,-0.326,0.544,-2.443
195,54,465.92,472.26,3.5,64.064,64.936,1.75,FP,,,,,,,
195,,,,,41.388,2.516,84.922,FN,0,,,,,,
195,,,,,24.437,2.262,54.397,FN,1,,,,,,
195,,,,,20.982,2.826,72.406,FN,3,,,,,,
195,,,,,40.696,5.507,53.495,FN,4,,,,,,
195,,,,,17.243,6.56,72.427,FN,5,,,,,,
195,,,,,51.325,7.496,25.117,FN,6,,,,,,
195,,,,,30.197,7.49,70.46,FN,7,,,,,,
195,,,,,30.971,7.18,70.794,FN,8,,,,,,
195,,,,,40.96,8.172,21.436,FN,10,,,,,,
195,,,,,46.43,11.23,87.175,FN,11,,,,,,
195,,,,,37.634,14.142,63.893,FN,13,,,,,,
195,,,,,39.902,15.283,89.968,FN,14,,,,,,
195,,,,,10.166,14.371,8.297,FN,15,,,,,,
195,,,,,35.908,14.548,0.942,FN,16,,,,,,
195,,,,,21.012,15.281,30.819,FN,17,,,,,,
195,,,,,43.766,17.698,84.26,FN,18,,,,,,
195,,,,,38.431,20.868,68.306,FN,19,,,,,,
195,,,,,1.81,22.134,52.0,FN,20,,,,,,
195,,,,,25.456,21.217,84.202,FN,21,,,,,,
195,,,,,65.261,26.6,70.403,FN,23,,,,,,
195,,,,,19.04,34.078,30.798,FN,24,,,,,,
195,,,,,27.114,35.936,90.775,FN,25,,,,,,
195,,,,,60.833,37.17,9.147,FN,26,,,,,,
195,,,,,62.807,36.776,20.991,FN,27,,,,,,
195,,,,,67.029,41.555,59.777,FN,29,,,,,,
195,,,,,68.284,43.272,87.992,FN,30,,,,,,
195,,,,,6.501,48.453,96.81,FN,33,,,,,,
195,,,,,50.926,51.22,67.738,FN,34,,,,,,
195,,,,,70.19,51.801,6.772,FN,35,,,,,,
195,,,,,5.114,52.65,51.788,FN,36,,,,,,
195,,,,,27.992,54.454,64.793,FN,38,,,,,,
195,,,,,54.365,56.034,24.489,FN,39,,,,,,
195,,,,,26.063,58.341,74.661,FN,40,,,,,,
195,,,,,69.621,60.74,86.786,FN,41,,,,,,
195,,,,,49.911,65.406,2.21,FN,43,,,,,,
195,,,,,47.01,65.919,94.267,FN,44,,,,,,
195,,,,,42.134,67.927,78.738,FN,45,,,,,,
195,,,,,37.049,67.781,21.25,FN,46,,,,,,
195,,,,,22.532,69.05,49.617,FN,47,,,,,,
195,,,,,50.899,69.774,65.344,FN,48,,,,,,
195,,,,,42.73,69.839,96.047,FN,49,,,,,,
196,0,433.83,21.54,95.71,59.652,2.961,47.853,FP,,,,,,,
196,1,434.85,22.4,31.6,59.792,3.081,15.801,FP,,,,,,,
196,2,433.16,20.92,55.43,59.559,2.876,27.713,FP,,,,,,,
196,3,435.02,21.62,39.95,59.815,2.973,19.974,FP,,,,,,,
196,4,434.37,21.36,48.05,59.725,2.937,24.027,FP,,,,,,,
196,5,433.96,23.41,3.74,59.67,3.218,1.87,TP,3,0.95,0.623,1.136,0.87,-0.381,0.623
196,6,435.59,22.83,24.08,59.894,3.14,12.039,FP,,,,,,,
196,7,430.04,23.01,67.51,59.13,3.164,33.755,FP,,,,,,,
196,8,430.3,20.8,87.7,59.166,2.86,43.85,FP,,,,,,,
196,9,435.16,22.99,17.56,59.834,3.161,8.781,FP,,,,,,,
196,10,78.8,31.46,31.72,10.835,4.326,15.861,FP,,,,,,,
196,11,81.08,34.23,95.67,11.149,4.707,47.837,FP,,,,,,,
196,12,311.45,77.33,31.72,42.825,10.633,15.862,FP,,,,,,,
196,13,156.87,78.37,31.71,21.57,10.776,15.855,TP,11,0.695,4.117,4.175,0.12,-0.685,-4.117
196,14,317.67,81.7,95.58,43.679,11.233,47.792,FP,,,,,,,
196,15,158.27,82.32,95.45,21.762,11.319,47.725,FP,,,,,,,
196,16,475.6,98.5,31.66,65.395,13.544,15.83,FP,,,,,,,
196,17,474.26,100.98,95.62,65.211,13.885,47.809,FP,,,,,,,
196,18,100.04,109.24,31.63,13.756,15.02,15.815,FP,,,,,,,
196,19,96.54,103.22,95.47,13.274,14.192,47.737,FP,,,,,,,
196,20,159.06,147.66,95.65,21.871,20.304,47.824,TP,18,0.73,0.222,0.763,-0.185,0.707,-0.222
196,21,157.12,147.06,31.48,21.603,20.22,15.738,FP,,,,,,,
196,22,351.09,176.39,95.43,48.274,24.254,47.717,FP,,,,,,,
196,23,320.0,184.5,31.0,44.0,25.369,15.5,FP,,,,,,,
196,24,448.0,192.5,95.0,61.6,26.469,47.5,FP,,,,,,,
196,25,454.0,193.0,95.0,62.425,26.538,47.5,FP,,,,,,,
196,26,323.79,215.29,95.44,44.522,29.603,47.721,TP,22,0.174,1.515,1.525,-0.142,0.101,1.515
196,27,220.94,233.99,95.62,30.38,32.173,47.808,TP,24,0.793,0.556,0.969,0.628,-0.485,0.556
196,28,222.54,234.74,31.61,30.599,32.277,15.805,FP,,,,,,,
196,29,314.38,279.03,28.87,43.228,38.367,14.434,FP,,,,,,,
196,30,314.17,279.05,3.82,43.199,38.37,1.91,TP,26,0.265,0.119,0.291,-0.095,0.247,-0.119
196,31,314.65,278.31,39.75,43.264,38.267,19.874,FP,,,,,,,
196,32,314.83,282.29,95.62,43.29,38.815,47.812,FP,,,,,,,
196,33,315.05,277.96,47.73,43.32,38.219,23.864,FP,,,,,,,
196,34,316.04,277.92,55.49,43.456,38.214,27.745,FP,,,,,,,
196,35,30.94,285.28,95.6,4.255,39.226,47.8,FP,,,,,,,
196,36,398.07,294.64,31.62,54.734,40.513,15.811,TP,30,0.665,3.486,3.548,-0.5,-0.439,-3.486
196,37,238.28,291.14,159.56,32.763,40.032,79.779,FP,,,,,,,
196,38,237.83,295.12,95.5,32.701,40.58,47.748,TP,29,0.449,2.932,2.966,0.275,0.355,-2.932
196,39,400.06,295.81,95.42,55.008,40.674,47.712,FP,,,,,,,
196,40,461.13,312.8,95.7,63.406,43.01,47.85,FP,,,,,,,
196,41,458.74,312.96,31.62,63.077,43.031,15.81,FP,,,,,,,
196,42,454.66,312.44,159.39,62.515,42.961,79.697,FP,,,,,,,
196,43,454.45,312.98,167.41,62.488,43.034,83.705,FP,,,,,,,
196,44,230.0,312.0,95.0,31.625,42.9,47.5,FP,,,,,,,
196,45,223.2,314.1,95.3,30.69,43.189,47.65,FP,,,,,,,
196,46,487.25,320.3,31.4,66.997,44.041,15.7,FP,,,,,,,
196,47,209.68,329.8,95.61,28.83,45.347,47.804,FP,,,,,,,
196,48,210.01,333.95,31.77,28.877,45.918,15.883,TP,32,0.123,1.854,1.858,0.123,-0.01,1.854
196,49,71.0,326.5,167.0,9.762,44.894,83.5,FP,,,,,,,
196,50,71.0,328.0,159.0,9.762,45.1,79.5,FP,,,,,,,
196,51,484.64,358.52,95.66,66.638,49.297,47.832,FP,,,,,,,
196,52,479.51,360.88,31.6,65.933,49.621,15.798,FP,,,,,,,
196,53,379.5,361.25,95.25,52.181,49.672,47.625,FP,,,,,,,
196,54,40.01,375.59,95.62,5.501,51.643,47.81,FP,,,,,,,
196,55,42.54,376.49,31.71,5.85,51.767,15.857,FP,,,,,,,
196,56,295.12,376.12,95.49,40.579,51.717,47.744,FP,,,,,,,
196,57,479.51,433.99,95.67,65.933,59.673,47.835,FP,,,,,,,
196,58,368.36,429.64,95.74,50.65,59.075,47.872,FP,,,,,,,
196,59,368.45,429.04,31.73,50.661,58.993,15.867,FP,,,,,,,
196,60,187.43,426.24,31.48,25.771,58.609,15.739,FP,,,,,,,
196,61,368.24,428.83,55.41,50.633,58.964,27.706,FP,,,,,,,
196,62,367.94,428.21,48.21,50.591,58.879,24.106,FP,,,,,,,
196,63,367.83,428.61,40.61,50.576,58.934,20.304,FP,,,,,,,
196,64,191.0,430.96,95.46,26.263,59.257,47.731,FP,,,,,,,
196,65,454.22,443.93,31.6,62.456,61.041,15.802,FP,,,,,,,
196,66,492.97,447.34,31.59,67.783,61.51,15.797,FP,,,,,,,
196,67,269.71,454.79,31.65,37.085,62.534,15.825,TP,48,0.643,0.053,0.645,-0.492,-0.414,0.053
196,68,269.87,455.77,95.6,37.107,62.669,47.799,FP,,,,,,,
196,69,267.5,455.86,3.53,36.781,62.681,1.767,FP,,,,,,,
196,70,270.59,456.18,24.12,37.206,62.724,12.059,FP,,,,,,,
196,71,271.0,455.5,39.5,37.263,62.631,19.75,FP,,,,,,,
196,72,34.63,491.95,31.57,4.762,67.644,15.785,FP,,,,,,,
196,,,,,4.389,1.017,29.261,FN,0,,,,,,
196,,,,,10.205,2.383,5.149,FN,1,,,,,,
196,,,,,58.335,3.145,39.036,FN,2,,,,,,
196,,,,,61.421,3.543,18.696,FN,4,,,,,,
196,,,,,40.617,4.504,92.572,FN,5,,,,,,
196,,,,,67.158,5.196,98.314,FN,6,,,,,,
196,,,,,10.989,4.811,69.483,FN,7,,,,,,
196,,,,,51.451,7.225,9.314,FN,8,,,,,,
196,,,,,41.533,8.824,17.822,FN,9,,,,,,
196,,,,,43.551,11.245,58.412,FN,10,,,,,,
196,,,,,13.594,13.878,4.361,FN,12,,,,,,
196,,,,,65.373,13.297,10.006,FN,13,,,,,,
196,,,,,38.48,15.264,12.212,FN,14,,,,,,
196,,,,,16.702,16.065,74.299,FN,15,,,,,,
196,,,,,52.472,16.714,94.963,FN,16,,,,,,
196,,,,,28.474,17.543,80.493,FN,17,,,,,,
196,,,,,21.348,20.585,53.349,FN,19,,,,,,
196,,,,,60.68,23.388,82.281,FN,20,,,,,,
196,,,,,47.807,24.718,78.09,FN,21,,,,,,
196,,,,,31.805,31.264,38.486,FN,23,,,,,,
196,,,,,4.547,37.188,85.379,FN,25,,,,,,
196,,,,,68.445,38.336,13.247,FN,27,,,,,,
196,,,,,4.352,39.768,69.98,FN,28,,,,,,
196,,,,,63.015,42.904,42.427,FN,31,,,,,,
196,,,,,59.903,46.384,92.506,FN,33,,,,,,
196,,,,,18.906,47.622,13.743,FN,34,,,,,,
196,,,,,65.93,49.03,54.012,FN,35,,,,,,
196,,,,,52.397,50.0,11.853,FN,36,,,,,,
196,,,,,5.659,51.666,55.642,FN,37,,,,,,
196,,,,,23.559,52.672,22.914,FN,38,,,,,,
196,,,,,40.808,53.663,27.472,FN,39,,,,,,
196,,,,,51.484,56.671,7.77,FN,40,,,,,,
196,,,,,50.767,58.193,38.519,FN,41,,,,,,
196,,,,,15.802,57.489,92.338,FN,42,,,,,,
196,,,,,63.832,57.78,50.479,FN,43,,,,,,
196,,,,,25.602,58.677,42.88,FN,44,,,,,,
196,,,,,36.287,60.022,23.616,FN,45,,,,,,
196,,,,,49.383,60.876,13.0,FN,46,,,,,,
196,,,,,67.886,61.541,27.453,FN,47,,,,,,
196,,,,,4.873,66.646,29.046,FN,49,,,,,,
21,0,314.05,60.34,95.56,43.182,8.297,47.778,FP,,,,,,,
21,1,88.74,71.72,31.45,12.202,9.862,15.726,FP,,,,,,,
21,2,373.58,72.38,31.42,51.367,9.953,15.712,FP,,,,,,,
21,3,190.0,73.0,95.0,26.125,10.038,47.5,FP,,,,,,,
21,4,148.92,112.7,31.6,20.477,15.496,15.802,FP,,,,,,,
21,5,398.48,137.0,31.57,54.791,18.837,15.783,FP,,,,,,,
21,6,69.13,164.25,31.67,9.505,22.585,15.837,TP,13,0.437,4.22,4.243,-0.254,0.355,4.22
21,7,67.2,167.4,95.66,9.239,23.017,47.828,FP,,,,,,,
21,8,68.47,163.05,3.5,9.415,22.419,1.751,FP,,,,,,,
21,9,71.0,163.03,17.67,9.762,22.417,8.833,FP,,,,,,,
21,10,70.89,162.33,24.0,9.747,22.321,12.0,FP,,,,,,,
21,11,207.79,174.27,31.69,28.572,23.962,15.843,FP,,,,,,,
21,12,205.54,171.59,95.57,28.261,23.593,47.787,FP,,,,,,,
21,13,209.0,176.0,19.0,28.738,24.2,9.5,FP,,,,,,,
21,14,481.72,206.53,95.65,66.237,28.398,47.824,FP,,,,,,,
21,15,483.9,211.42,31.64,66.537,29.071,15.82,FP,,,,,,,
21,16,494.0,240.5,31.0,67.925,33.069,15.5,FP,,,,,,,
21,17,15.29,247.16,31.64,2.103,33.984,15.821,FP,,,,,,,
21,18,208.37,249.19,31.67,28.651,34.263,15.833,FP,,,,,,,
21,19,312.06,280.6,95.4,42.908,38.583,47.7,FP,,,,,,,
21,20,318.0,281.88,95.25,43.725,38.758,47.625,FP,,,,,,,
21,21,169.73,303.31,95.59,23.338,41.705,47.794,TP,24,0.297,4.68,4.69,0.294,0.041,-4.68
21,22,169.84,307.25,31.75,23.353,42.246,15.874,FP,,,,,,,
21,23,336.99,314.13,31.6,46.336,43.193,15.799,FP,,,,,,,
21,24,461.98,311.25,95.4,63.523,42.796,47.702,FP,,,,,,,
21,25,393.37,313.69,31.44,54.088,43.132,15.722,FP,,,,,,,
21,26,461.2,351.28,95.65,63.415,48.3,47.823,FP,,,,,,,
21,27,461.52,353.33,31.71,63.459,48.584,15.857,FP,,,,,,,
21,28,267.41,371.25,31.55,36.769,51.047,15.775,FP,,,,,,,
21,29,250.0,365.5,95.0,34.375,50.256,47.5,FP,,,,,,,
21,30,267.34,372.08,95.46,36.76,51.16,47.729,FP,,,,,,,
21,31,362.03,375.55,95.61,49.779,51.638,47.803,FP,,,,,,,
21,32,74.1,396.78,95.74,10.188,54.557,47.871,FP,,,,,,,
21,33,75.08,401.05,31.66,10.324,55.145,15.832,FP,,,,,,,
21,34,75.15,399.91,55.47,10.334,54.988,27.734,FP,,,,,,,
21,35,75.43,400.18,47.83,10.372,55.025,23.916,FP,,,,,,,
21,36,75.51,401.0,39.88,10.382,55.138,19.94,FP,,,,,,,
21,37,74.31,402.82,3.49,10.217,55.388,1.745,FP,,,,,,,
21,38,76.02,402.21,24.44,10.453,55.303,12.222,FP,,,,,,,
21,39,74.45,401.73,18.55,10.238,55.237,9.273,FP,,,,,,,
21,40,227.9,410.55,95.76,31.336,56.451,47.878,FP,,,,,,,
21,41,218.97,446.6,31.54,30.108,61.408,15.771,FP,,,,,,,
21,42,267.03,452.14,31.68,36.717,62.169,15.84,FP,,,,,,,
21,43,326.73,451.26,31.64,44.926,62.048,15.821,FP,,,,,,,
21,44,326.78,453.19,95.61,44.932,62.314,47.804,TP,44,0.384,3.356,3.378,0.328,0.2,3.356
21,45,139.03,457.95,31.6,19.117,62.968,15.802,FP,,,,,,,
21,46,458.96,461.59,31.71,63.106,63.468,15.855,FP,,,,,,,
21,47,135.44,454.37,95.49,18.624,62.476,47.747,FP,,,,,,,
21,48,463.56,464.67,95.68,63.739,63.893,47.839,FP,,,,,,,
21,49,281.54,462.59,95.33,38.712,63.606,47.667,FP,,,,,,,
21,50,456.8,466.09,159.51,62.81,64.087,79.755,FP,,,,,,,
21,51,464.22,464.97,83.02,63.83,63.933,41.51,FP,,,,,,,
21,52,454.79,466.45,167.39,62.533,64.138,83.697,FP,,,,,,,
21,53,463.75,464.88,67.38,63.766,63.92,33.688,FP,,,,,,,
21,54,56.83,475.22,31.68,7.814,65.342,15.841,FP,,,,,,,
21,55,53.06,504.11,95.38,7.296,69.315,47.691,FP,,,,,,,
21,,,,,5.231,0.95,45.205,FN,0,,,,,,
21,,,,,15.52,1.503,63.228,FN,1,,,,,,
21,,,,,42.678,8.429,77.348,FN,2,,,,,,
21,,,,,51.296,9.904,79.647,FN,3,,,,,,
21,,,,,63.404,11.551,96.38,FN,4,,,,,,
21,,,,,10.627,12.557,33.0,FN,5,,,,,,
21,,,,,56.218,12.549,91.335,FN,6,,,,,,
21,,,,,34.008,13.816,90.997,FN,7,,,,,,
21,,,,,20.539,14.9,58.488,FN,8,,,,,,
21,,,,,67.315,15.911,0.736,FN,9,,,,,,
21,,,,,56.959,17.167,17.814,FN,10,,,,,,
21,,,,,54.117,19.807,46.832,FN,11,,,,,,
21,,,,,62.438,21.184,23.375,FN,12,,,,,,
21,,,,,28.154,23.742,26.377,FN,14,,,,,,
21,,,,,65.338,27.028,43.734,FN,15,,,,,,
21,,,,,69.48,27.427,81.505,FN,16,,,,,,
21,,,,,66.278,30.54,45.5,FN,17,,,,,,
21,,,,,0.759,30.828,46.442,FN,18,,,,,,
21,,,,,68.186,32.974,34.681,FN,19,,,,,,
21,,,,,29.072,35.376,24.258,FN,20,,,,,,
21,,,,,3.365,34.933,36.088,FN,21,,,,,,
21,,,,,34.266,37.336,10.0,FN,22,,,,,,
21,,,,,8.553,37.035,17.9,FN,23,,,,,,
21,,,,,68.884,41.926,53.726,FN,25,,,,,,
21,,,,,27.273,42.07,24.404,FN,26,,,,,,
21,,,,,53.469,43.773,6.506,FN,27,,,,,,
21,,,,,31.916,46.063,79.2,FN,28,,,,,,
21,,,,,63.003,48.286,60.924,FN,29,,,,,,
21,,,,,69.452,47.737,72.0,FN,30,,,,,,
21,,,,,66.46,49.194,18.905,FN,31,,,,,,
21,,,,,34.367,50.162,42.274,FN,32,,,,,,
21,,,,,37.382,50.125,52.243,FN,33,,,,,,
21,,,,,36.64,51.085,27.503,FN,34,,,,,,
21,,,,,50.686,51.327,9.528,FN,35,,,,,,
21,,,,,30.269,52.359,43.157,FN,36,,,,,,
21,,,,,9.98,53.332,19.031,FN,37,,,,,,
21,,,,,14.208,52.657,73.0,FN,38,,,,,,
21,,,,,46.964,53.603,46.641,FN,39,,,,,,
21,,,,,29.82,57.038,76.0,FN,40,,,,,,
21,,,,,10.251,57.38,12.608,FN,41,,,,,,
21,,,,,35.177,59.769,13.493,FN,42,,,,,,
21,,,,,69.573,62.095,53.258,FN,43,,,,,,
21,,,,,18.413,62.688,11.062,FN,45,,,,,,
21,,,,,6.09,63.791,29.876,FN,46,,,,,,
21,,,,,38.385,64.144,11.021,FN,47,,,,,,
21,,,,,63.571,63.87,54.244,FN,48,,,,,,
21,,,,,11.046,65.889,15.539,FN,49,,,,,,
35,0,64.38,19.27,29.06,8.852,2.649,14.532,FP,,,,,,,
35,1,66.79,23.45,95.75,9.184,3.225,47.876,FP,,,,,,,
35,2,63.66,15.62,47.71,8.753,2.147,23.854,FP,,,,,,,
35,3,64.49,17.54,39.55,8.867,2.412,19.776,FP,,,,,,,
35,4,63.82,14.69,55.4,8.775,2.02,27.7,FP,,,,,,,
35,5,474.62,23.1,31.59,65.261,3.176,15.796,FP,,,,,,,
35,6,64.65,21.58,3.79,8.889,2.967,1.896,FP,,,,,,,
35,7,471.23,22.14,95.44,64.794,3.044,47.718,FP,,,,,,,
35,8,78.32,32.27,159.44,10.769,4.437,79.718,FP,,,,,,,
35,9,156.28,33.14,95.65,21.489,4.557,47.823,FP,,,,,,,
35,10,139.37,37.2,31.69,19.163,5.114,15.845,FP,,,,,,,
35,11,139.67,38.76,95.76,19.205,5.329,47.882,TP,4,0.419,0.133,0.44,0.419,0.013,0.133
35,12,491.28,48.14,95.65,67.55,6.619,47.827,FP,,,,,,,
35,13,333.41,56.06,95.65,45.843,7.709,47.825,TP,8,0.165,3.961,3.965,0.042,0.16,-3.961
35,14,332.06,54.63,31.7,45.659,7.512,15.848,FP,,,,,,,
35,15,334.01,54.85,83.23,45.926,7.541,41.616,FP,,,,,,,
35,16,333.91,55.33,67.53,45.912,7.608,33.767,FP,,,,,,,
35,17,332.24,55.92,159.44,45.684,7.689,79.722,FP,,,,,,,
35,18,328.0,55.5,167.0,45.1,7.631,83.5,FP,,,,,,,
35,19,333.38,56.43,19.0,45.84,7.759,9.5,FP,,,,,,,
35,20,333.67,56.33,43.0,45.879,7.746,21.5,FP,,,,,,,
35,21,409.84,97.4,31.59,56.354,13.393,15.794,FP,,,,,,,
35,22,413.18,96.52,95.59,56.812,13.271,47.793,FP,,,,,,,
35,23,480.69,103.69,31.63,66.094,14.258,15.816,FP,,,,,,,
35,24,212.47,136.64,31.68,29.214,18.788,15.84,FP,,,,,,,
35,25,214.4,137.24,95.8,29.48,18.87,47.899,FP,,,,,,,
35,26,87.87,145.38,31.73,12.081,19.99,15.865,FP,,,,,,,
35,27,90.39,147.62,95.71,12.428,20.298,47.855,FP,,,,,,,
35,28,485.32,170.2,95.75,66.732,23.403,47.874,FP,,,,,,,
35,29,485.16,167.23,31.69,66.709,22.994,15.846,FP,,,,,,,
35,30,427.18,168.97,31.47,58.737,23.233,15.734,FP,,,,,,,
35,31,351.8,176.16,95.44,48.372,24.221,47.722,FP,,,,,,,
35,32,444.27,190.68,95.47,61.087,26.219,47.733,FP,,,,,,,
35,33,300.33,205.63,31.62,41.296,28.275,15.811,FP,,,,,,,
35,34,204.97,277.83,31.61,28.184,38.202,15.807,FP,,,,,,,
35,35,489.91,282.62,31.6,67.363,38.86,15.8,FP,,,,,,,
35,36,207.3,280.22,95.5,28.504,38.531,47.75,TP,25,0.374,2.826,2.851,0.27,0.258,2.826
35,37,487.29,284.68,95.66,67.002,39.143,47.829,FP,,,,,,,
35,38,491.46,284.17,3.51,67.575,39.073,1.754,FP,,,,,,,
35,39,67.93,312.94,31.65,9.341,43.029,15.826,FP,,,,,,,
35,40,76.5,310.32,95.7,10.518,42.669,47.852,FP,,,,,,,
35,41,301.06,312.4,31.76,41.396,42.956,15.878,TP,30,0.504,4.651,4.678,0.019,0.504,4.651
35,42,335.2,306.0,95.39,46.089,42.075,47.696,FP,,,,,,,
35,43,81.6,309.92,55.33,11.22,42.614,27.667,TP,29,0.379,1.106,1.169,-0.218,0.31,-1.106
35,44,83.14,308.14,3.71,11.432,42.37,1.857,FP,,,,,,,
35,45,302.92,313.1,95.67,41.652,43.051,47.834,FP,,,,,,,
35,46,300.62,313.17,3.54,41.336,43.06,1.771,FP,,,,,,,
35,47,190.59,324.28,95.46,26.206,44.588,47.731,FP,,,,,,,
35,48,409.91,340.3,31.44,56.363,46.791,15.718,FP,,,,,,,
35,49,276.55,375.75,31.57,38.026,51.666,15.784,FP,,,,,,,
35,50,277.0,373.91,43.55,38.088,51.413,21.773,FP,,,,,,,
35,51,72.49,407.43,31.72,9.967,56.022,15.858,TP,36,0.716,4.197,4.258,0.471,-0.54,-4.197
35,52,71.53,407.35,39.82,9.835,56.011,19.912,FP,,,,,,,
35,53,71.25,408.16,55.47,9.798,56.122,27.735,FP,,,,,,,
35,54,72.0,408.5,48.0,9.9,56.169,24.0,FP,,,,,,,
35,55,73.67,408.33,19.0,10.129,56.146,9.5,FP,,,,,,,
35,56,363.97,425.38,31.62,50.046,58.489,15.809,TP,42,0.956,1.327,1.635,0.621,-0.727,1.327
35,57,333.31,430.68,95.61,45.83,59.219,47.804,FP,,,,,,,
35,58,336.13,427.44,31.4,46.218,58.773,15.699,FP,,,,,,,
35,59,357.87,428.49,95.45,49.207,58.918,47.724,FP,,,,,,,
35,60,30.17,450.52,95.62,4.148,61.947,47.809,FP,,,,,,,
35,61,25.98,453.54,31.66,3.572,62.361,15.832,FP,,,,,,,
35,62,186.49,462.1,95.76,25.642,63.538,47.879,TP,45,0.863,0.883,1.235,-0.211,0.837,-0.883
35,63,190.19,463.04,31.68,26.151,63.669,15.841,FP,,,,,,,
35,64,27.12,454.88,3.5,3.73,62.545,1.75,FP,,,,,,,
35,65,190.9,457.76,159.44,26.248,62.943,79.721,FP,,,,,,,
35,66,191.0,457.47,167.24,26.263,62.902,83.618,FP,,,,,,,
35,67,190.36,462.54,19.81,26.174,63.599,9.903,FP,,,,,,,
35,68,189.36,463.23,3.52,26.037,63.694,1.758,TP,46,1.034,1.258,1.628,-0.859,0.575,1.258
35,69,190.68,463.93,55.44,26.218,63.79,27.721,FP,,,,,,,
35,70,190.91,463.4,39.89,26.25,63.717,19.943,FP,,,,,,,
35,71,191.08,464.25,47.75,26.274,63.834,23.875,FP,,,,,,,
35,72,328.24,489.74,31.41,45.132,67.339,15.706,FP,,,,,,,
35,,,,,51.663,0.717,85.207,FN,0,,,,,,
35,,,,,65.084,3.204,35.185,FN,1,,,,,,
35,,,,,9.505,3.083,8.259,FN,2,,,,,,
35,,,,,21.879,4.41,10.283,FN,3,,,,,,
35,,,,,16.629,6.38,21.0,FN,5,,,,,,
35,,,,,2.491,6.226,95.836,FN,6,,,,,,
35,,,,,66.832,7.025,68.944,FN,7,,,,,,
35,,,,,56.554,13.14,42.264,FN,9,,,,,,
35,,,,,17.032,13.277,16.651,FN,10,,,,,,
35,,,,,65.853,13.568,26.267,FN,11,,,,,,
35,,,,,29.467,18.722,37.0,FN,12,,,,,,
35,,,,,12.447,20.068,41.495,FN,13,,,,,,
35,,,,,66.581,22.962,54.272,FN,14,,,,,,
35,,,,,36.122,23.3,63.599,FN,15,,,,,,
35,,,,,58.197,23.777,24.756,FN,16,,,,,,
35,,,,,5.87,25.404,0.5,FN,17,,,,,,
35,,,,,50.519,26.948,4.724,FN,18,,,,,,
35,,,,,41.519,27.939,63.243,FN,19,,,,,,
35,,,,,41.652,28.945,25.48,FN,20,,,,,,
35,,,,,37.013,29.921,57.631,FN,21,,,,,,
35,,,,,53.297,31.055,14.784,FN,22,,,,,,
35,,,,,37.716,34.994,7.863,FN,23,,,,,,
35,,,,,44.836,35.899,72.116,FN,24,,,,,,
35,,,,,58.691,38.724,72.389,FN,26,,,,,,
35,,,,,67.364,39.056,8.244,FN,27,,,,,,
35,,,,,53.032,41.114,33.033,FN,28,,,,,,
35,,,,,5.56,44.315,25.954,FN,31,,,,,,
35,,,,,56.672,46.71,0.727,FN,32,,,,,,
35,,,,,38.09,51.411,69.072,FN,33,,,,,,
35,,,,,40.67,54.246,79.276,FN,34,,,,,,
35,,,,,50.603,55.359,45.625,FN,35,,,,,,
35,,,,,39.423,56.743,81.986,FN,37,,,,,,
35,,,,,54.885,56.332,36.215,FN,38,,,,,,
35,,,,,29.208,57.303,95.258,FN,39,,,,,,
35,,,,,45.017,58.901,55.604,FN,40,,,,,,
35,,,,,53.182,59.242,70.763,FN,41,,,,,,
35,,,,,35.784,61.213,57.5,FN,43,,,,,,
35,,,,,4.333,61.961,23.311,FN,44,,,,,,
35,,,,,26.395,66.693,1.891,FN,47,,,,,,
35,,,,,45.28,67.181,77.212,FN,48,,,,,,
35,,,,,56.391,69.186,75.361,FN,49,,,,,,
44,0,49.62,42.18,95.62,6.823,5.799,47.809,FP,,,,,,,
44,1,311.89,32.89,31.11,42.885,4.522,15.556,FP,,,,,,,
44,2,39.34,41.51,31.68,5.409,5.708,15.842,FP,,,,,,,
44,3,443.1,67.83,31.6,60.926,9.327,15.801,FP,,,,,,,
44,4,296.38,68.05,31.48,40.752,9.357,15.742,FP,,,,,,,
44,5,352.04,95.07,95.7,48.405,13.071,47.849,FP,,,,,,,
44,6,351.0,96.48,31.67,48.263,13.265,15.834,FP,,,,,,,
44,7,350.57,101.0,119.14,48.204,13.888,59.571,FP,,,,,,,
44,8,38.97,148.82,31.69,5.358,20.463,15.845,FP,,,,,,,
44,9,35.48,148.21,95.64,4.879,20.379,47.819,FP,,,,,,,
44,10,167.25,144.64,31.97,22.997,19.888,15.985,FP,,,,,,,
44,11,38.89,146.39,55.43,5.348,20.129,27.714,FP,,,,,,,
44,12,167.83,144.33,43.33,23.077,19.846,21.667,FP,,,,,,,
44,13,39.19,146.1,159.52,5.389,20.088,79.762,FP,,,,,,,
44,14,38.65,150.91,3.5,5.315,20.75,1.749,TP,16,0.761,0.233,0.796,-0.195,0.736,-0.233
44,15,39.5,146.5,40.0,5.431,20.144,20.0,FP,,,,,,,
44,16,39.25,150.08,24.0,5.397,20.636,12.0,FP,,,,,,,
44,17,207.35,201.76,95.61,28.51,27.742,47.803,FP,,,,,,,
44,18,211.44,202.46,31.66,29.073,27.838,15.83,TP,18,0.285,4.155,4.165,-0.282,-0.045,-4.155
44,19,470.0,193.0,95.0,64.625,26.538,47.5,FP,,,,,,,
44,20,118.79,200.75,31.41,16.333,27.603,15.705,FP,,,,,,,
44,21,212.64,202.54,3.5,29.237,27.85,1.748,FP,,,,,,,
44,22,447.25,200.5,31.31,61.497,27.569,15.656,FP,,,,,,,
44,23,211.5,202.0,19.0,29.081,27.775,9.5,FP,,,,,,,
44,24,214.4,202.2,17.6,29.48,27.802,8.8,FP,,,,,,,
44,25,214.5,202.0,24.0,29.494,27.775,12.0,FP,,,,,,,
44,26,424.51,224.47,31.42,58.37,30.865,15.708,FP,,,,,,,
44,27,430.62,226.7,95.46,59.21,31.172,47.73,FP,,,,,,,
44,28,56.52,242.48,31.48,7.772,33.34,15.738,FP,,,,,,,
44,29,58.73,243.95,95.48,8.076,33.543,47.741,FP,,,,,,,
44,30,57.0,240.0,51.0,7.838,33.0,25.5,FP,,,,,,,
44,31,341.0,242.0,31.0,46.888,33.275,15.5,FP,,,,,,,
44,32,58.46,263.94,95.33,8.038,36.292,47.664,TP,24,0.612,4.237,4.281,0.294,0.537,4.237
44,33,64.61,266.03,31.67,8.884,36.58,15.834,FP,,,,,,,
44,34,71.15,273.1,95.47,9.784,37.551,47.736,TP,26,0.192,4.68,4.684,-0.032,-0.19,-4.68
44,35,173.47,289.57,31.65,23.852,39.816,15.825,FP,,,,,,,
44,36,175.88,292.5,95.63,24.183,40.219,47.817,TP,28,0.324,1.107,1.153,0.277,0.169,-1.107
44,37,358.69,311.97,31.47,49.32,42.896,15.737,FP,,,,,,,
44,38,245.28,323.0,31.63,33.727,44.413,15.816,FP,,,,,,,
44,39,199.62,321.56,31.31,27.448,44.215,15.656,FP,,,,,,,
44,40,78.0,321.5,95.0,10.725,44.206,47.5,FP,,,,,,,
44,41,280.79,333.57,95.46,38.608,45.865,47.728,TP,31,0.241,1.228,1.251,0.072,-0.23,1.228
44,42,279.44,337.11,31.22,38.424,46.353,15.611,FP,,,,,,,
44,43,39.07,350.52,31.72,5.373,48.196,15.862,FP,,,,,,,
44,44,38.06,354.19,95.38,5.234,48.701,47.688,FP,,,,,,,
44,45,325.98,405.43,95.67,44.822,55.747,47.836,FP,,,,,,,
44,46,316.17,415.68,31.68,43.474,57.156,15.84,FP,,,,,,,
44,47,463.43,402.14,95.48,63.722,55.294,47.739,FP,,,,,,,
44,48,191.14,434.98,95.42,26.282,59.81,47.71,FP,,,,,,,
44,49,180.04,447.72,31.66,24.756,61.562,15.83,FP,,,,,,,
44,50,179.64,449.16,3.78,24.7,61.76,1.89,TP,43,0.828,3.849,3.937,0.782,-0.271,-3.849
44,51,181.19,448.49,21.05,24.914,61.667,10.526,FP,,,,,,,
44,52,181.79,449.64,39.75,24.996,61.826,19.876,FP,,,,,,,
44,53,181.08,450.52,55.49,24.899,61.946,27.744,FP,,,,,,,
44,54,179.78,454.66,95.6,24.72,62.516,47.798,FP,,,,,,,
44,55,182.74,450.3,47.87,25.126,61.917,23.934,FP,,,,,,,
44,56,413.68,470.17,31.7,56.881,64.649,15.848,FP,,,,,,,
44,57,415.0,470.07,95.39,57.062,64.635,47.695,FP,,,,,,,
44,58,87.32,483.78,31.44,12.006,66.519,15.722,FP,,,,,,,
44,59,118.84,498.84,95.45,16.34,68.59,47.726,FP,,,,,,,
44,60,338.81,501.18,31.48,46.586,68.913,15.74,FP,,,,,,,
44,,,,,63.644,0.234,46.827,FN,0,,,,,,
44,,,,,37.544,1.306,3.475,FN,1,,,,,,
44,,,,,32.326,5.35,42.332,FN,2,,,,,,
44,,,,,42.933,4.422,87.797,FN,3,,,,,,
44,,,,,5.532,5.577,44.318,FN,4,,,,,,
44,,,,,2.572,7.838,89.077,FN,5,,,,,,
44,,,,,40.765,9.191,81.166,FN,6,,,,,,
44,,,,,56.464,10.155,71.649,FN,7,,,,,,
44,,,,,49.096,12.172,10.07,FN,8,,,,,,
44,,,,,48.124,14.021,27.495,FN,9,,,,,,
44,,,,,29.967,15.516,78.143,FN,10,,,,,,
44,,,,,4.939,16.156,24.952,FN,11,,,,,,
44,,,,,18.361,16.244,46.522,FN,12,,,,,,
44,,,,,69.152,18.839,29.5,FN,13,,,,,,
44,,,,,0.18,20.257,91.512,FN,14,,,,,,
44,,,,,23.032,19.869,72.319,FN,15,,,,,,
44,,,,,5.229,20.681,42.765,FN,17,,,,,,
44,,,,,25.878,31.852,85.871,FN,19,,,,,,
44,,,,,58.417,30.509,77.313,FN,20,,,,,,
44,,,,,58.621,31.321,69.701,FN,21,,,,,,
44,,,,,7.846,32.907,70.237,FN,22,,,,,,
44,,,,,46.847,33.236,78.736,FN,23,,,,,,
44,,,,,34.319,35.412,96.755,FN,25,,,,,,
44,,,,,50.748,38.777,74.0,FN,27,,,,,,
44,,,,,34.438,42.37,75.083,FN,29,,,,,,
44,,,,,33.396,45.222,39.03,FN,30,,,,,,
44,,,,,5.325,48.194,66.282,FN,32,,,,,,
44,,,,,18.439,52.666,93.5,FN,33,,,,,,
44,,,,,31.098,53.598,56.953,FN,34,,,,,,
44,,,,,19.413,55.001,5.068,FN,35,,,,,,
44,,,,,63.565,55.05,65.374,FN,36,,,,,,
44,,,,,2.586,54.713,57.607,FN,37,,,,,,
44,,,,,45.022,54.831,25.424,FN,38,,,,,,
44,,,,,49.015,56.081,0.745,FN,39,,,,,,
44,,,,,54.939,58.303,9.57,FN,40,,,,,,
44,,,,,41.806,59.2,16.007,FN,41,,,,,,
44,,,,,24.943,59.977,71.462,FN,42,,,,,,
44,,,,,35.207,62.909,44.662,FN,44,,,,,,
44,,,,,57.457,64.755,10.94,FN,45,,,,,,
44,,,,,64.196,67.635,79.098,FN,46,,,,,,
44,,,,,16.837,67.749,27.624,FN,47,,,,,,
44,,,,,46.578,68.035,48.854,FN,48,,,,,,
44,,,,,10.144,69.763,43.786,FN,49,,,,,,
48,0,104.01,13.83,31.79,14.302,1.902,15.893,FP,,,,,,,
48,1,107.21,14.12,95.58,14.742,1.941,47.788,TP,2,0.713,2.479,2.58,0.665,-0.256,2.479
48,2,103.21,12.8,55.48,14.191,1.76,27.742,FP,,,,,,,
48,3,103.14,13.0,47.57,14.181,1.788,23.784,FP,,,,,,,
48,4,103.6,12.7,40.2,14.245,1.746,20.1,FP,,,,,,,
48,5,105.94,15.31,67.49,14.567,2.106,33.743,FP,,,,,,,
48,6,497.28,21.93,31.47,68.377,3.015,15.735,FP,,,,,,,
48,7,207.21,32.83,95.45,28.492,4.515,47.726,FP,,,,,,,
48,8,418.1,50.23,31.72,57.488,6.907,15.858,FP,,,,,,,
48,9,418.41,48.89,95.6,57.532,6.722,47.801,FP,,,,,,,
48,10,417.18,51.53,3.49,57.362,7.086,1.747,FP,,,,,,,
48,11,167.27,67.56,31.55,22.999,9.289,15.773,FP,,,,,,,
48,12,175.5,71.56,95.61,24.131,9.839,47.803,FP,,,,,,,
48,13,224.73,78.93,95.72,30.9,10.853,47.86,TP,6,0.064,2.868,2.869,0.06,0.022,2.868
48,14,221.55,79.02,31.7,30.463,10.865,15.851,FP,,,,,,,
48,15,499.01,82.29,31.49,68.613,11.316,15.743,FP,,,,,,,
48,16,226.98,81.41,159.36,31.21,11.194,79.68,FP,,,,,,,
48,17,82.98,88.11,31.66,11.41,12.115,15.828,FP,,,,,,,
48,18,86.38,89.6,95.43,11.877,12.32,47.713,FP,,,,,,,
48,19,434.16,145.13,31.75,59.696,19.955,15.874,FP,,,,,,,
48,20,434.61,149.0,95.74,59.759,20.487,47.872,FP,,,,,,,
48,21,431.43,144.05,55.29,59.321,19.807,27.643,TP,11,0.261,2.333,2.348,-0.24,-0.103,-2.333
48,22,434.12,145.06,119.39,59.691,19.946,59.695,FP,,,,,,,
48,23,433.53,145.21,3.58,59.61,19.966,1.789,FP,,,,,,,
48,24,219.51,183.14,95.78,30.182,25.182,47.891,FP,,,,,,,
48,25,109.17,190.82,31.68,15.011,26.238,15.841,FP,,,,,,,
48,26,102.52,191.81,95.7,14.096,26.373,47.849,FP,,,,,,,
48,27,214.9,184.7,31.1,29.549,25.396,15.55,FP,,,,,,,
48,28,109.11,193.15,3.51,15.003,26.558,1.755,TP,14,0.414,0.255,0.486,0.414,0.012,0.255
48,29,111.53,192.52,18.39,15.335,26.471,9.197,FP,,,,,,,
48,30,111.0,192.65,24.07,15.263,26.49,12.035,FP,,,,,,,
48,31,111.31,191.69,55.38,15.305,26.357,27.688,FP,,,,,,,
48,32,326.45,205.36,95.41,44.887,28.237,47.703,FP,,,,,,,
48,33,342.33,210.12,31.65,47.07,28.892,15.824,FP,,,,,,,
48,34,148.89,247.84,31.71,20.472,34.078,15.854,FP,,,,,,,
48,35,75.2,267.05,31.65,10.341,36.719,15.823,TP,20,0.364,4.116,4.132,0.284,0.228,-4.116
48,36,209.87,306.21,29.57,28.857,42.103,14.783,FP,,,,,,,
48,37,210.16,305.59,95.58,28.897,42.019,47.791,FP,,,,,,,
48,38,208.37,305.72,55.49,28.65,42.037,27.746,FP,,,,,,,
48,39,210.37,307.31,3.84,28.926,42.256,1.921,FP,,,,,,,
48,40,208.72,305.62,47.88,28.7,42.023,23.939,TP,25,0.473,4.067,4.094,-0.453,-0.139,4.067
48,41,473.58,319.18,95.74,65.117,43.887,47.87,FP,,,,,,,
48,42,473.6,320.16,31.7,65.12,44.022,15.849,FP,,,,,,,
48,43,8.0,313.0,31.0,1.1,43.038,15.5,FP,,,,,,,
48,44,477.41,320.76,67.46,65.645,44.104,33.732,FP,,,,,,,
48,45,471.67,320.5,55.33,64.854,44.069,27.667,FP,,,,,,,
48,46,473.75,322.0,43.0,65.141,44.275,21.5,FP,,,,,,,
48,47,45.29,375.03,31.63,6.228,51.566,15.814,FP,,,,,,,
48,48,445.2,397.84,95.69,61.215,54.703,47.845,FP,,,,,,,
48,49,446.41,399.62,31.72,61.381,54.948,15.859,FP,,,,,,,
48,50,446.33,398.67,55.53,61.371,54.818,27.765,FP,,,,,,,
48,51,446.97,398.97,39.94,61.458,54.859,19.97,TP,36,0.123,1.063,1.07,-0.007,0.123,-1.063
48,52,446.76,398.84,47.88,61.429,54.84,23.939,FP,,,,,,,
48,53,446.08,400.86,3.49,61.336,55.119,1.744,FP,,,,,,,
48,54,445.65,398.57,67.43,61.277,54.803,33.717,FP,,,,,,,
48,55,447.07,400.26,24.12,61.472,55.036,12.06,FP,,,,,,,
48,56,95.21,411.11,31.36,13.092,56.527,15.679,FP,,,,,,,
48,57,10.53,439.03,31.64,1.447,60.366,15.819,FP,,,,,,,
48,58,326.69,433.62,31.31,44.92,59.622,15.654,FP,,,,,,,
48,59,197.28,449.58,95.61,27.126,61.817,47.807,FP,,,,,,,
48,60,106.1,448.72,95.67,14.589,61.699,47.836,FP,,,,,,,
48,61,240.77,449.56,31.73,33.105,61.815,15.864,FP,,,,,,,
48,62,243.18,449.66,95.67,33.438,61.828,47.835,FP,,,,,,,
48,63,106.28,452.54,31.68,14.614,62.225,15.84,FP,,,,,,,
48,64,190.97,455.07,31.47,26.259,62.573,15.735,FP,,,,,,,
48,65,242.4,448.8,83.4,33.33,61.71,41.7,FP,,,,,,,
48,66,351.28,464.42,95.63,48.301,63.858,47.817,FP,,,,,,,
48,67,494.52,469.62,31.43,67.997,64.573,15.714,FP,,,,,,,
48,68,398.91,483.74,31.63,54.85,66.514,15.814,TP,47,0.306,2.692,2.709,-0.2,0.231,-2.692
48,69,401.02,486.76,95.59,55.141,66.929,47.797,FP,,,,,,,
48,70,30.13,489.22,31.47,4.143,67.268,15.736,FP,,,,,,,
48,71,110.8,501.21,95.49,15.236,68.917,47.743,FP,,,,,,,
48,72,191.99,503.67,31.58,26.399,69.255,15.792,FP,,,,,,,
48,,,,,40.195,1.162,29.246,FN,0,,,,,,
48,,,,,57.964,1.796,9.525,FN,1,,,,,,
48,,,,,68.928,2.364,11.495,FN,3,,,,,,
48,,,,,57.537,6.939,30.097,FN,4,,,,,,
48,,,,,22.959,9.323,78.673,FN,5,,,,,,
48,,,,,43.131,11.463,96.453,FN,7,,,,,,
48,,,,,11.495,12.29,55.902,FN,8,,,,,,
48,,,,,23.699,14.965,96.735,FN,9,,,,,,
48,,,,,1.981,18.36,80.574,FN,10,,,,,,
48,,,,,29.773,25.307,67.922,FN,12,,,,,,
48,,,,,44.742,26.505,73.725,FN,13,,,,,,
48,,,,,48.053,30.241,12.15,FN,15,,,,,,
48,,,,,20.511,33.572,59.463,FN,16,,,,,,
48,,,,,54.085,34.023,24.906,FN,17,,,,,,
48,,,,,41.64,34.772,79.917,FN,18,,,,,,
48,,,,,38.038,35.164,9.437,FN,19,,,,,,
48,,,,,41.994,36.296,0.973,FN,21,,,,,,
48,,,,,69.748,38.351,59.691,FN,22,,,,,,
48,,,,,49.869,38.348,82.719,FN,23,,,,,,
48,,,,,40.808,39.913,69.522,FN,24,,,,,,
48,,,,,63.372,44.551,75.874,FN,26,,,,,,
48,,,,,2.134,43.565,50.723,FN,27,,,,,,
48,,,,,65.89,43.808,10.374,FN,28,,,,,,
48,,,,,37.272,46.048,64.198,FN,29,,,,,,
48,,,,,35.62,45.691,99.108,FN,30,,,,,,
48,,,,,17.317,49.042,98.349,FN,31,,,,,,
48,,,,,6.299,50.747,30.06,FN,32,,,,,,
48,,,,,39.901,52.337,83.141,FN,33,,,,,,
48,,,,,43.259,51.824,87.98,FN,34,,,,,,
48,,,,,16.148,52.438,75.239,FN,35,,,,,,
48,,,,,9.081,54.759,41.946,FN,37,,,,,,
48,,,,,16.355,54.802,82.351,FN,38,,,,,,
48,,,,,1.093,58.585,17.418,FN,39,,,,,,
48,,,,,7.512,58.84,52.484,FN,40,,,,,,
48,,,,,1.718,60.097,28.056,FN,41,,,,,,
48,,,,,13.767,62.228,25.5,FN,42,,,,,,
48,,,,,33.313,61.884,36.476,FN,43,,,,,,
48,,,,,48.05,64.354,84.5,FN,44,,,,,,
48,,,,,4.336,65.41,1.955,FN,45,,,,,,
48,,,,,14.381,66.002,95.162,FN,46,,,,,,
48,,,,,26.44,68.938,52.421,FN,48,,,,,,
48,,,,,15.678,69.679,27.678,FN,49,,,,,,
55,0,317.54,53.07,95.75,43.662,7.297,47.877,FP,,,,,,,
55,1,320.09,54.53,30.0,44.013,7.497,15.002,FP,,,,,,,
55,2,184.51,49.02,31.6,25.37,6.74,15.801,FP,,,,,,,
55,3,319.35,55.53,3.82,43.911,7.635,1.911,FP,,,,,,,
55,4,184.11,51.16,95.57,25.316,7.034,47.787,FP,,,,,,,
55,5,321.83,57.64,55.44,44.252,7.925,27.718,FP,,,,,,,
55,6,322.28,58.37,47.79,44.313,8.025,23.896,FP,,,,,,,
55,7,318.43,60.38,67.5,43.784,8.302,33.748,FP,,,,,,,
55,8,54.02,61.81,95.66,7.428,8.499,47.829,FP,,,,,,,
55,9,326.81,63.5,159.4,44.937,8.732,79.702,FP,,,,,,,
55,10,326.49,63.2,167.28,44.893,8.69,83.642,FP,,,,,,,
55,11,454.08,72.49,96.22,62.435,9.968,48.111,FP,,,,,,,
55,12,454.81,71.65,31.65,62.537,9.852,15.827,FP,,,,,,,
55,13,326.5,64.2,119.4,44.894,8.827,59.7,FP,,,,,,,
55,14,456.61,70.99,119.34,62.784,9.761,59.671,FP,,,,,,,
55,15,454.9,71.9,55.43,62.549,9.886,27.716,TP,6,0.23,4.264,4.27,-0.215,0.083,-4.264
55,16,454.57,72.82,3.51,62.503,10.013,1.754,FP,,,,,,,
55,17,452.85,73.32,67.48,62.267,10.082,33.741,FP,,,,,,,
55,18,455.74,72.56,18.13,62.665,9.977,9.066,FP,,,,,,,
55,19,457.2,72.91,43.01,62.864,10.025,21.506,FP,,,,,,,
55,20,455.2,72.1,24.2,62.59,9.914,12.1,FP,,,,,,,
55,21,80.61,93.87,31.61,11.083,12.906,15.803,FP,,,,,,,
55,22,62.01,87.6,95.45,8.526,12.046,47.726,FP,,,,,,,
55,23,102.56,99.11,95.33,14.101,13.628,47.667,FP,,,,,,,
55,24,82.4,161.95,31.47,11.331,22.269,15.737,FP,,,,,,,
55,25,35.09,188.35,31.68,4.825,25.899,15.841,FP,,,,,,,
55,26,37.96,195.5,95.68,5.22,26.881,47.839,TP,13,0.226,3.552,3.559,0.135,-0.181,3.552
55,27,324.2,222.61,95.44,44.578,30.609,47.722,FP,,,,,,,
55,28,213.24,229.91,95.69,29.321,31.613,47.844,FP,,,,,,,
55,29,440.5,242.48,31.68,60.568,33.341,15.842,FP,,,,,,,
55,30,423.66,239.09,95.46,58.254,32.876,47.73,FP,,,,,,,
55,31,448.28,241.89,95.46,61.638,33.259,47.73,FP,,,,,,,
55,32,102.53,285.96,95.45,14.098,39.32,47.725,FP,,,,,,,
55,33,188.15,307.07,31.68,25.871,42.223,15.839,TP,23,0.179,4.846,4.849,-0.168,-0.062,4.846
55,34,187.68,306.83,95.7,25.806,42.189,47.848,FP,,,,,,,
55,35,189.72,307.42,3.75,26.087,42.27,1.875,FP,,,,,,,
55,36,190.73,306.85,20.72,26.225,42.192,10.362,FP,,,,,,,
55,37,190.74,307.45,39.65,26.227,42.274,19.824,FP,,,,,,,
55,38,190.62,308.35,55.51,26.21,42.398,27.753,FP,,,,,,,
55,39,190.29,307.11,119.84,26.165,42.228,59.921,FP,,,,,,,
55,40,189.76,308.79,83.0,26.092,42.459,41.5,FP,,,,,,,
55,41,267.65,313.42,31.66,36.802,43.096,15.829,FP,,,,,,,
55,42,190.67,307.33,48.0,26.217,42.258,24.0,FP,,,,,,,
55,43,463.24,317.28,31.68,63.696,43.626,15.841,FP,,,,,,,
55,44,464.21,320.67,95.68,63.829,44.092,47.84,FP,,,,,,,
55,45,465.44,317.6,43.38,63.998,43.67,21.69,FP,,,,,,,
55,46,463.67,316.83,55.17,63.754,43.565,27.583,FP,,,,,,,
55,47,464.0,318.88,19.0,63.8,43.845,9.5,FP,,,,,,,
55,48,464.69,319.54,82.92,63.895,43.937,41.462,TP,25,0.281,2.435,2.451,-0.178,0.217,2.435
55,49,99.03,333.18,95.66,13.617,45.812,47.832,FP,,,,,,,
55,50,97.62,334.33,31.44,13.423,45.971,15.72,FP,,,,,,,
55,51,495.64,348.25,95.46,68.151,47.884,47.732,TP,27,0.501,0.53,0.729,-0.5,0.033,-0.53
55,52,180.2,355.76,95.56,24.777,48.917,47.778,TP,28,0.339,2.196,2.222,0.218,0.259,-2.196
55,53,176.67,356.09,31.43,24.292,48.963,15.713,FP,,,,,,,
55,54,179.38,354.42,67.5,24.664,48.732,33.75,FP,,,,,,,
55,55,179.82,354.71,82.59,24.726,48.772,41.294,FP,,,,,,,
55,56,335.68,373.41,31.59,46.156,51.343,15.797,FP,,,,,,,
55,57,339.91,373.07,95.72,46.738,51.296,47.861,FP,,,,,,,
55,58,428.69,410.69,31.38,58.945,56.47,15.688,FP,,,,,,,
55,59,321.68,434.13,159.64,44.231,59.693,79.821,FP,,,,,,,
55,60,321.23,434.22,167.74,44.17,59.705,83.87,FP,,,,,,,
55,61,319.81,435.86,93.55,43.974,59.93,46.774,FP,,,,,,,
55,62,318.33,434.02,31.71,43.77,59.677,15.854,FP,,,,,,,
55,63,319.38,434.32,183.66,43.915,59.719,91.831,FP,,,,,,,
55,64,322.47,434.83,131.78,44.34,59.79,65.89,FP,,,,,,,
55,65,319.13,432.46,119.51,43.88,59.464,59.755,TP,37,0.83,3.217,3.323,-0.657,-0.508,3.217
55,66,319.38,434.6,175.8,43.915,59.757,87.902,FP,,,,,,,
55,67,322.29,433.9,152.49,44.314,59.661,76.243,FP,,,,,,,
55,68,319.17,436.53,67.78,43.885,60.023,33.892,FP,,,,,,,
55,69,319.16,433.82,111.59,43.884,59.65,55.793,FP,,,,,,,
55,70,319.39,434.52,192.0,43.916,59.746,96.0,FP,,,,,,,
55,71,322.06,434.96,139.46,44.284,59.807,69.731,FP,,,,,,,
55,72,320.8,433.7,43.49,44.109,59.634,21.747,FP,,,,,,,
55,73,321.25,433.92,51.47,44.173,59.664,25.735,FP,,,,,,,
55,74,231.19,438.43,95.49,31.788,60.284,47.743,FP,,,,,,,
55,75,326.33,434.44,183.44,44.871,59.736,91.722,FP,,,,,,,
55,76,320.0,434.5,19.0,44.0,59.744,9.5,FP,,,,,,,
55,77,20.2,445.38,95.5,2.777,61.239,47.748,TP,38,0.196,4.743,4.747,-0.194,0.03,-4.743
55,78,211.18,452.79,31.66,29.037,62.258,15.831,FP,,,,,,,
55,79,116.9,463.34,95.61,16.074,63.709,47.804,FP,,,,,,,
55,80,208.84,457.73,159.11,28.715,62.938,79.557,FP,,,,,,,
55,81,214.63,461.76,95.47,29.511,63.492,47.733,FP,,,,,,,
55,82,143.07,472.59,31.67,19.672,64.98,15.837,FP,,,,,,,
55,83,233.33,490.25,95.7,32.083,67.409,47.85,FP,,,,,,,
55,84,232.81,493.67,31.72,32.012,67.88,15.859,FP,,,,,,,
55,85,26.7,494.67,95.59,3.671,68.017,47.797,FP,,,,,,,
55,86,231.82,493.58,55.24,31.875,67.867,27.621,FP,,,,,,,
55,87,22.15,497.71,31.47,3.045,68.435,15.734,FP,,,,,,,
55,88,234.58,498.25,3.51,32.255,68.51,1.755,FP,,,,,,,
55,,,,,17.185,3.361,68.112,FN,0,,,,,,
55,,,,,1.509,4.065,55.481,FN,1,,,,,,
55,,,,,43.112,4.81,20.24,FN,2,,,,,,
55,,,,,58.883,4.958,68.418,FN,3,,,,,,
55,,,,,25.302,7.025,56.915,FN,4,,,,,,
55,,,,,44.747,8.92,2.831,FN,5,,,,,,
55,,,,,8.357,12.662,8.401,FN,7,,,,,,
55,,,,,14.228,13.736,19.17,FN,8,,,,,,
55,,,,,58.222,14.974,77.451,FN,9,,,,,,
55,,,,,11.42,21.942,24.322,FN,10,,,,,,
55,,,,,5.422,23.005,10.0,FN,11,,,,,,
55,,,,,69.606,24.88,72.5,FN,12,,,,,,
55,,,,,44.063,30.514,85.5,FN,14,,,,,,
55,,,,,69.325,29.649,98.679,FN,15,,,,,,
55,,,,,28.997,30.925,75.624,FN,16,,,,,,
55,,,,,58.943,32.249,75.984,FN,17,,,,,,
55,,,,,5.867,33.103,67.489,FN,18,,,,,,
55,,,,,61.792,32.753,13.232,FN,19,,,,,,
55,,,,,57.036,32.597,79.24,FN,20,,,,,,
55,,,,,69.014,36.734,62.5,FN,21,,,,,,
55,,,,,13.091,39.207,82.955,FN,22,,,,,,
55,,,,,37.679,42.968,33.493,FN,24,,,,,,
55,,,,,13.646,45.862,65.976,FN,26,,,,,,
55,,,,,46.356,50.447,60.134,FN,29,,,,,,
55,,,,,11.491,54.502,88.5,FN,30,,,,,,
55,,,,,30.925,53.695,36.454,FN,31,,,,,,
55,,,,,37.078,54.778,40.254,FN,32,,,,,,
55,,,,,59.027,56.408,75.026,FN,33,,,,,,
55,,,,,54.705,58.033,1.916,FN,34,,,,,,
55,,,,,43.402,59.108,51.406,FN,35,,,,,,
55,,,,,19.008,58.863,52.667,FN,36,,,,,,
55,,,,,28.665,62.602,1.223,FN,39,,,,,,
55,,,,,21.756,64.633,38.914,FN,40,,,,,,
55,,,,,17.211,65.045,2.339,FN,41,,,,,,
55,,,,,63.889,66.683,76.723,FN,42,,,,,,
55,,,,,31.718,66.273,41.239,FN,43,,,,,,
55,,,,,3.801,67.134,60.445,FN,44,,,,,,
55,,,,,0.387,67.652,87.769,FN,45,,,,,,
55,,,,,3.511,68.268,64.246,FN,46,,,,,,
55,,,,,25.8,68.1,98.114,FN,47,,,,,,
55,,,,,32.223,69.13,25.916,FN,48,,,,,,
55,,,,,58.463,69.258,15.639,FN,49,,,,,,
58,0,442.55,60.02,95.41,60.851,8.253,47.703,FP,,,,,,,
58,1,305.49,71.82,95.4,42.005,9.875,47.699,FP,,,,,,,
58,2,438.22,82.83,95.71,60.255,11.388,47.855,FP,,,,,,,
58,3,437.75,83.86,31.64,60.19,11.53,15.82,TP,6,0.094,1.531,1.534,-0.033,0.089,-1.531
58,4,438.68,84.87,20.2,60.319,11.669,10.099,FP,,,,,,,
58,5,438.63,84.16,55.44,60.311,11.572,27.72,FP,,,,,,,
58,6,437.27,86.07,3.77,60.125,11.835,1.884,FP,,,,,,,
58,7,439.58,84.33,40.53,60.442,11.595,20.266,FP,,,,,,,
58,8,439.05,84.31,48.15,60.37,11.592,24.077,FP,,,,,,,
58,9,44.21,102.23,31.74,6.079,14.057,15.87,FP,,,,,,,
58,10,374.73,149.62,95.49,51.525,20.573,47.747,FP,,,,,,,
58,11,376.92,146.58,55.25,51.826,20.155,27.625,FP,,,,,,,
58,12,191.26,161.7,31.64,26.298,22.234,15.82,FP,,,,,,,
58,13,189.88,168.55,95.62,26.109,23.176,47.812,TP,12,0.772,3.099,3.194,-0.098,0.766,3.099
58,14,139.11,187.57,95.6,19.128,25.791,47.8,TP,14,0.299,1.439,1.47,-0.148,0.26,-1.439
58,15,137.0,187.48,31.65,18.838,25.779,15.827,FP,,,,,,,
58,16,139.44,186.85,67.81,19.172,25.693,33.903,FP,,,,,,,
58,17,140.0,186.5,83.0,19.25,25.644,41.5,TP,13,0.664,4.017,4.072,0.5,-0.436,-4.017
58,18,94.18,195.27,95.18,12.95,26.85,47.591,FP,,,,,,,
58,19,483.34,199.8,95.51,66.459,27.472,47.754,FP,,,,,,,
58,20,475.54,206.48,31.69,65.387,28.391,15.845,FP,,,,,,,
58,21,468.26,210.77,95.71,64.385,28.981,47.856,FP,,,,,,,
58,22,286.4,223.5,31.5,39.38,30.731,15.75,FP,,,,,,,
58,23,339.07,246.76,31.6,46.621,33.929,15.801,FP,,,,,,,
58,24,342.0,263.0,31.0,47.025,36.163,15.5,FP,,,,,,,
58,25,418.42,348.49,31.58,57.532,47.917,15.791,TP,25,0.271,0.715,0.765,-0.258,0.082,0.715
58,26,157.2,346.12,31.69,21.615,47.592,15.847,FP,,,,,,,
58,27,239.54,349.88,31.74,32.936,48.109,15.869,FP,,,,,,,
58,28,420.45,346.13,95.45,57.811,47.593,47.723,FP,,,,,,,
58,29,158.0,345.0,43.0,21.725,47.438,21.5,FP,,,,,,,
58,30,241.47,351.4,95.41,33.201,48.317,47.703,FP,,,,,,,
58,31,362.54,394.99,95.49,49.849,54.311,47.743,TP,29,0.112,0.824,0.831,0.092,0.064,-0.824
58,32,290.16,402.99,31.6,39.896,55.411,15.802,FP,,,,,,,
58,33,487.33,403.17,31.67,67.008,55.435,15.833,FP,,,,,,,
58,34,408.0,417.0,31.0,56.1,57.338,15.5,FP,,,,,,,
58,35,466.29,423.84,95.45,64.114,58.279,47.727,FP,,,,,,,
58,36,409.04,423.2,95.43,56.243,58.191,47.714,TP,32,0.23,4.464,4.47,0.102,0.206,4.464
58,37,199.0,429.66,95.48,27.363,59.078,47.739,FP,,,,,,,
58,38,466.03,436.74,159.46,64.079,60.051,79.73,FP,,,,,,,
58,39,182.62,437.21,31.38,25.11,60.116,15.69,FP,,,,,,,
58,40,465.2,438.23,167.3,63.965,60.257,83.652,FP,,,,,,,
58,41,362.47,441.35,95.51,49.839,60.686,47.753,FP,,,,,,,
58,42,361.12,444.13,31.48,49.654,61.068,15.739,FP,,,,,,,
58,43,73.97,455.63,95.63,10.17,62.649,47.817,FP,,,,,,,
58,44,94.85,457.33,31.65,13.042,62.883,15.827,FP,,,,,,,
58,45,57.88,451.49,31.47,7.959,62.079,15.733,FP,,,,,,,
58,46,192.86,474.76,31.61,26.519,65.279,15.807,FP,,,,,,,
58,47,504.63,476.52,95.39,69.386,65.521,47.693,TP,44,0.421,0.855,0.953,-0.406,0.112,0.855
58,48,198.71,482.77,95.63,27.323,66.38,47.813,FP,,,,,,,
58,49,417.9,484.88,31.63,57.461,66.672,15.814,FP,,,,,,,
58,50,312.33,479.67,95.0,42.946,65.954,47.5,FP,,,,,,,
58,51,502.15,485.65,31.42,69.046,66.777,15.712,FP,,,,,,,
58,52,310.8,486.56,31.44,42.735,66.902,15.72,FP,,,,,,,
58,53,427.58,504.04,95.47,58.793,69.306,47.734,FP,,,,,,,
58,,,,,42.246,1.187,60.648,FN,0,,,,,,
58,,,,,61.486,1.569,79.056,FN,1,,,,,,
58,,,,,34.759,2.809,94.379,FN,2,,,,,,
58,,,,,57.954,3.109,38.876,FN,3,,,,,,
58,,,,,1.505,5.103,60.982,FN,4,,,,,,
58,,,,,41.148,10.538,83.19,FN,5,,,,,,
58,,,,,7.485,14.11,35.818,FN,7,,,,,,
58,,,,,4.09,13.403,44.694,FN,8,,,,,,
58,,,,,52.009,18.676,29.162,FN,9,,,,,,
58,,,,,53.863,19.915,83.5,FN,10,,,,,,
58,,,,,51.728,20.474,58.236,FN,11,,,,,,
58,,,,,66.672,27.428,60.472,FN,15,,,,,,
58,,,,,64.387,29.32,27.5,FN,16,,,,,,
58,,,,,39.383,30.585,80.887,FN,17,,,,,,
58,,,,,20.586,32.244,27.5,FN,18,,,,,,
58,,,,,14.653,32.811,49.562,FN,19,,,,,,
58,,,,,46.673,34.865,3.504,FN,20,,,,,,
58,,,,,53.627,35.487,86.073,FN,21,,,,,,
58,,,,,17.928,38.066,4.016,FN,22,,,,,,
58,,,,,21.716,47.417,67.693,FN,23,,,,,,
58,,,,,33.049,48.14,28.277,FN,24,,,,,,
58,,,,,37.524,48.946,46.91,FN,26,,,,,,
58,,,,,21.298,53.564,9.704,FN,27,,,,,,
58,,,,,39.849,55.376,52.713,FN,28,,,,,,
58,,,,,64.276,58.11,77.909,FN,30,,,,,,
58,,,,,12.574,58.195,75.118,FN,31,,,,,,
58,,,,,64.185,58.603,73.48,FN,33,,,,,,
58,,,,,52.707,58.892,95.02,FN,34,,,,,,
58,,,,,49.503,60.499,33.851,FN,35,,,,,,
58,,,,,1.281,60.577,1.648,FN,36,,,,,,
58,,,,,13.382,62.221,51.373,FN,37,,,,,,
58,,,,,66.652,61.705,69.739,FN,38,,,,,,
58,,,,,8.485,62.109,43.003,FN,39,,,,,,
58,,,,,13.908,64.29,41.677,FN,40,,,,,,
58,,,,,26.6,65.511,52.494,FN,41,,,,,,
58,,,,,56.984,66.243,71.0,FN,42,,,,,,
58,,,,,63.951,64.736,89.982,FN,43,,,,,,
58,,,,,59.126,66.262,5.582,FN,45,,,,,,
58,,,,,68.828,66.511,23.49,FN,46,,,,,,
58,,,,,42.739,66.603,80.038,FN,47,,,,,,
58,,,,,46.714,67.257,93.122,FN,48,,,,,,
58,,,,,68.797,69.557,20.243,FN,49,,,,,,
66,0,207.97,9.34,95.69,28.596,1.285,47.847,FP,,,,,,,
66,1,206.12,8.77,31.69,28.341,1.206,15.847,FP,,,,,,,
66,2,30.41,9.22,31.45,4.181,1.268,15.724,FP,,,,,,,
66,3,206.62,8.57,55.43,28.41,1.179,27.714,TP,0,0.687,3.011,3.088,-0.209,0.654,-3.011
66,4,206.06,17.61,159.74,28.333,2.421,79.869,FP,,,,,,,
66,5,205.82,16.91,167.71,28.301,2.326,83.855,FP,,,,,,,
66,6,274.54,15.44,31.56,37.749,2.124,15.778,FP,,,,,,,
66,7,205.63,16.27,131.37,28.275,2.237,65.683,FP,,,,,,,
66,8,207.0,16.67,183.33,28.463,2.292,91.667,FP,,,,,,,
66,9,481.25,44.12,95.72,66.171,6.067,47.862,FP,,,,,,,
66,10,478.3,38.97,31.72,65.766,5.358,15.858,FP,,,,,,,
66,11,479.08,38.0,159.38,65.873,5.225,79.692,FP,,,,,,,
66,12,479.27,39.42,55.51,65.899,5.421,27.753,FP,,,,,,,
66,13,361.14,42.84,95.49,49.656,5.891,47.745,FP,,,,,,,
66,14,352.9,49.87,31.63,48.524,6.858,15.817,FP,,,,,,,
66,15,66.1,72.34,95.67,9.089,9.947,47.833,FP,,,,,,,
66,16,62.07,74.95,31.72,8.534,10.305,15.858,FP,,,,,,,
66,17,314.35,86.62,95.61,43.223,11.91,47.804,FP,,,,,,,
66,18,311.94,94.49,31.7,42.892,12.992,15.85,TP,9,0.545,1.471,1.569,-0.471,0.273,1.471
66,19,311.67,96.75,3.46,42.855,13.303,1.731,FP,,,,,,,
66,20,240.03,169.41,31.45,33.005,23.294,15.726,FP,,,,,,,
66,21,142.88,181.67,31.69,19.645,24.979,15.847,TP,19,0.954,1.347,1.65,-0.698,-0.65,1.347
66,22,333.34,185.72,95.5,45.834,25.537,47.749,FP,,,,,,,
66,23,374.57,184.74,95.62,51.504,25.402,47.811,TP,20,0.327,0.676,0.751,0.011,-0.327,-0.676
66,24,139.34,183.7,95.43,19.159,25.259,47.714,FP,,,,,,,
66,25,376.48,188.65,31.4,51.766,25.939,15.698,FP,,,,,,,
66,26,374.76,187.24,67.65,51.53,25.745,33.824,FP,,,,,,,
66,27,342.25,191.29,31.4,47.059,26.303,15.698,FP,,,,,,,
66,28,336.0,192.5,31.0,46.2,26.469,15.5,FP,,,,,,,
66,29,20.22,206.83,31.66,2.78,28.439,15.83,FP,,,,,,,
66,30,449.55,208.82,31.6,61.812,28.712,15.8,FP,,,,,,,
66,31,23.37,207.11,95.54,3.214,28.477,47.771,FP,,,,,,,
66,32,82.55,207.67,95.48,11.35,28.554,47.738,FP,,,,,,,
66,33,19.0,208.93,3.53,2.612,28.728,1.767,FP,,,,,,,
66,34,196.37,241.53,95.66,27.001,33.211,47.83,TP,24,0.198,4.074,4.079,0.161,0.115,4.074
66,35,193.89,243.86,31.74,26.66,33.531,15.872,FP,,,,,,,
66,36,196.43,241.43,82.57,27.009,33.196,41.286,FP,,,,,,,
66,37,335.03,271.56,95.68,46.066,37.34,47.84,TP,25,0.29,3.16,3.174,0.093,0.274,-3.16
66,38,334.0,264.2,31.4,45.925,36.328,15.7,FP,,,,,,,
66,39,335.09,270.87,84.86,46.075,37.245,42.43,FP,,,,,,,
66,40,334.55,270.18,67.56,46.0,37.15,33.782,FP,,,,,,,
66,41,334.88,271.4,111.52,46.046,37.318,55.76,FP,,,,,,,
66,42,335.14,270.29,75.43,46.082,37.164,37.714,FP,,,,,,,
66,43,393.89,274.62,31.65,54.159,37.76,15.826,FP,,,,,,,
66,44,396.64,274.57,95.54,54.538,37.753,47.772,FP,,,,,,,
66,45,41.87,291.32,31.69,5.757,40.056,15.843,TP,29,0.363,3.681,3.699,-0.266,0.247,-3.681
66,46,46.59,289.83,95.43,6.406,39.852,47.713,FP,,,,,,,
66,47,95.85,291.12,95.43,13.179,40.029,47.717,TP,30,0.035,1.893,1.893,-0.035,-0.004,-1.893
66,48,95.17,288.92,159.42,13.085,39.726,79.708,FP,,,,,,,
66,49,41.58,291.21,3.5,5.717,40.041,1.75,FP,,,,,,,
66,50,498.95,293.71,31.53,68.606,40.385,15.764,FP,,,,,,,
66,51,498.26,300.95,95.57,68.51,41.38,47.787,FP,,,,,,,
66,52,103.0,296.0,95.0,14.163,40.7,47.5,FP,,,,,,,
66,53,116.64,304.01,95.53,16.038,41.801,47.764,FP,,,,,,,
66,54,183.91,317.84,31.73,25.288,43.703,15.866,FP,,,,,,,
66,55,193.88,314.03,95.47,26.659,43.179,47.735,FP,,,,,,,
66,56,218.94,375.94,31.59,30.105,51.692,15.796,FP,,,,,,,
66,57,222.08,377.2,95.59,30.537,51.865,47.797,FP,,,,,,,
66,58,100.44,395.79,31.48,13.811,54.421,15.742,FP,,,,,,,
66,59,417.75,401.62,31.58,57.44,55.223,15.788,FP,,,,,,,
66,60,481.06,447.87,31.67,66.146,61.582,15.836,FP,,,,,,,
66,61,311.43,439.22,95.35,42.822,60.392,47.674,FP,,,,,,,
66,62,45.62,445.31,95.58,6.273,61.23,47.792,FP,,,,,,,
66,63,477.96,450.66,95.7,65.72,61.966,47.848,FP,,,,,,,
66,64,483.86,448.27,55.48,66.531,61.637,27.74,FP,,,,,,,
66,65,435.98,449.9,31.38,59.948,61.861,15.692,FP,,,,,,,
66,66,475.8,449.9,159.38,65.422,61.861,79.689,FP,,,,,,,
66,67,479.02,452.27,3.5,65.866,62.187,1.749,FP,,,,,,,
66,68,152.41,463.63,31.64,20.957,63.749,15.818,FP,,,,,,,
66,69,154.64,462.1,95.6,21.263,63.539,47.8,FP,,,,,,,
66,70,153.75,466.24,3.58,21.14,64.107,1.791,FP,,,,,,,
66,71,158.4,465.2,24.0,21.78,63.965,12.0,TP,47,0.61,3.206,3.264,0.548,0.269,3.206
66,72,290.91,494.84,31.58,40.0,68.04,15.791,FP,,,,,,,
66,73,287.52,502.19,95.44,39.533,69.052,47.718,FP,,,,,,,
66,,,,,56.146,1.052,12.423,FN,1,,,,,,
66,,,,,37.814,1.387,8.731,FN,2,,,,,,
66,,,,,4.547,1.773,48.479,FN,3,,,,,,
66,,,,,12.957,4.101,73.858,FN,4,,,,,,
66,,,,,65.764,5.224,37.753,FN,5,,,,,,
66,,,,,49.945,5.912,4.522,FN,6,,,,,,
66,,,,,47.442,8.307,62.588,FN,7,,,,,,
66,,,,,8.908,9.919,33.459,FN,8,,,,,,
66,,,,,61.403,13.103,93.0,FN,10,,,,,,
66,,,,,17.633,15.106,2.252,FN,11,,,,,,
66,,,,,31.998,17.213,48.395,FN,12,,,,,,
66,,,,,47.392,17.396,64.328,FN,13,,,,,,
66,,,,,69.798,18.01,36.523,FN,14,,,,,,
66,,,,,52.8,20.494,9.362,FN,15,,,,,,
66,,,,,60.253,20.386,20.753,FN,16,,,,,,
66,,,,,33.552,22.821,91.233,FN,17,,,,,,
66,,,,,18.808,24.234,21.0,FN,18,,,,,,
66,,,,,3.426,28.53,25.937,FN,21,,,,,,
66,,,,,10.805,29.27,77.111,FN,22,,,,,,
66,,,,,9.296,31.749,95.5,FN,23,,,,,,
66,,,,,52.956,38.082,22.315,FN,26,,,,,,
66,,,,,54.635,37.589,33.772,FN,27,,,,,,
66,,,,,69.174,39.066,2.5,FN,28,,,,,,
66,,,,,68.634,40.47,76.421,FN,31,,,,,,
66,,,,,25.653,42.247,28.35,FN,32,,,,,,
66,,,,,55.849,43.673,38.899,FN,33,,,,,,
66,,,,,16.203,43.638,71.058,FN,34,,,,,,
66,,,,,31.457,45.597,95.989,FN,35,,,,,,
66,,,,,24.896,45.653,27.25,FN,36,,,,,,
66,,,,,14.612,48.096,76.201,FN,37,,,,,,
66,,,,,30.522,51.945,33.764,FN,38,,,,,,
66,,,,,18.033,53.814,65.323,FN,39,,,,,,
66,,,,,12.535,55.718,6.343,FN,40,,,,,,
66,,,,,57.48,55.846,39.987,FN,41,,,,,,
66,,,,,69.828,57.932,11.005,FN,42,,,,,,
66,,,,,58.539,60.091,94.37,FN,43,,,,,,
66,,,,,66.11,61.279,6.0,FN,44,,,,,,
66,,,,,6.431,61.113,55.309,FN,45,,,,,,
66,,,,,65.283,62.151,7.136,FN,46,,,,,,
66,,,,,59.811,66.251,28.06,FN,48,,,,,,
66,,,,,40.693,67.146,25.961,FN,49,,,,,,
69,0,312.36,58.29,95.69,42.95,8.015,47.847,FP,,,,,,,
69,1,310.2,59.18,31.71,42.653,8.138,15.854,FP,,,,,,,
69,2,213.55,56.75,95.73,29.363,7.804,47.865,FP,,,,,,,
69,3,206.31,56.23,159.62,28.368,7.731,79.812,FP,,,,,,,
69,4,208.78,56.5,31.64,28.707,7.768,15.821,FP,,,,,,,
69,5,206.18,56.5,167.3,28.35,7.769,83.648,FP,,,,,,,
69,6,449.55,60.68,31.47,61.813,8.344,15.734,FP,,,,,,,
69,7,312.56,65.62,159.0,42.977,9.023,79.5,FP,,,,,,,
69,8,320.15,118.65,31.67,44.021,16.314,15.835,FP,,,,,,,
69,9,319.01,171.93,31.43,43.864,23.641,15.716,FP,,,,,,,
69,10,273.63,180.71,31.71,37.624,24.848,15.855,FP,,,,,,,
69,11,117.82,185.62,31.63,16.2,25.523,15.815,FP,,,,,,,
69,12,446.51,193.09,95.7,61.395,26.549,47.852,FP,,,,,,,
69,13,121.22,185.95,95.7,16.668,25.569,47.85,FP,,,,,,,
69,14,343.32,183.54,31.43,47.207,25.236,15.714,FP,,,,,,,
69,15,446.13,196.06,31.66,61.342,26.958,15.83,FP,,,,,,,
69,16,447.03,195.48,55.48,61.467,26.878,27.738,FP,,,,,,,
69,17,447.68,197.35,18.83,61.556,27.136,9.414,FP,,,,,,,
69,18,444.77,197.77,3.5,61.156,27.193,1.75,FP,,,,,,,
69,19,205.38,305.07,31.65,28.24,41.947,15.827,FP,,,,,,,
69,20,206.64,308.01,95.66,28.413,42.352,47.83,FP,,,,,,,
69,21,83.93,314.63,95.63,11.541,43.262,47.815,TP,25,0.498,0.573,0.759,-0.248,0.431,-0.573
69,22,465.19,320.83,29.19,63.964,44.114,14.597,FP,,,,,,,
69,23,84.73,314.38,31.6,11.65,43.227,15.8,FP,,,,,,,
69,24,85.97,312.62,84.51,11.821,42.985,42.254,FP,,,,,,,
69,25,86.47,312.41,68.0,11.89,42.957,34.0,FP,,,,,,,
69,26,86.44,312.09,74.71,11.886,42.912,37.356,FP,,,,,,,
69,27,461.75,322.0,95.62,63.491,44.275,47.812,FP,,,,,,,
69,28,465.55,322.38,3.83,64.014,44.328,1.913,TP,26,0.551,0.195,0.585,0.475,0.281,0.195
69,29,463.55,320.09,39.45,63.737,44.013,19.727,FP,,,,,,,
69,30,328.0,328.5,31.0,45.1,45.169,15.5,FP,,,,,,,
69,31,335.4,330.9,31.47,46.118,45.499,15.736,FP,,,,,,,
69,32,296.27,338.53,31.68,40.737,46.548,15.839,FP,,,,,,,
69,33,94.75,335.88,31.38,13.028,46.183,15.688,FP,,,,,,,
69,34,300.96,341.65,95.63,41.383,46.977,47.816,FP,,,,,,,
69,35,295.0,337.0,55.5,40.562,46.338,27.75,FP,,,,,,,
69,36,296.17,337.83,43.0,40.723,46.452,21.5,FP,,,,,,,
69,37,87.71,345.97,95.45,12.06,47.57,47.724,FP,,,,,,,
69,38,294.14,397.37,95.52,40.444,54.639,47.762,FP,,,,,,,
69,39,303.67,409.88,31.7,41.754,56.359,15.848,FP,,,,,,,
69,40,308.19,415.7,95.69,42.376,57.159,47.844,FP,,,,,,,
69,41,235.24,423.1,31.69,32.346,58.176,15.847,FP,,,,,,,
69,42,302.0,409.0,3.79,41.525,56.238,1.893,FP,,,,,,,
69,43,303.33,408.5,39.67,41.708,56.169,19.833,FP,,,,,,,
69,44,226.58,426.41,95.74,31.154,58.631,47.868,FP,,,,,,,
69,45,234.04,423.59,55.47,32.18,58.244,27.737,TP,41,0.51,4.258,4.289,0.466,-0.206,-4.258
69,46,236.29,422.07,39.95,32.491,58.035,19.974,FP,,,,,,,
69,47,498.02,428.89,31.63,68.478,58.973,15.817,TP,42,0.248,1.547,1.566,0.122,-0.216,-1.547
69,48,498.08,429.06,3.48,68.486,58.996,1.742,FP,,,,,,,
69,49,335.39,432.54,95.46,46.116,59.474,47.732,FP,,,,,,,
69,50,111.33,438.67,31.0,15.308,60.317,15.5,FP,,,,,,,
69,51,33.09,466.44,31.72,4.55,64.136,15.862,FP,,,,,,,
69,,,,,35.785,4.364,71.186,FN,0,,,,,,
69,,,,,44.08,3.925,32.757,FN,1,,,,,,
69,,,,,49.559,7.943,11.116,FN,2,,,,,,
69,,,,,29.05,7.551,68.973,FN,3,,,,,,
69,,,,,41.985,8.586,5.044,FN,4,,,,,,
69,,,,,61.433,8.047,85.33,FN,5,,,,,,
69,,,,,43.762,10.549,9.965,FN,6,,,,,,
69,,,,,44.036,15.988,30.054,FN,7,,,,,,
69,,,,,36.143,22.584,7.066,FN,8,,,,,,
69,,,,,39.4,25.2,62.421,FN,9,,,,,,
69,,,,,61.404,26.799,38.773,FN,10,,,,,,
69,,,,,16.906,25.733,27.27,FN,11,,,,,,
69,,,,,42.296,26.802,70.695,FN,12,,,,,,
69,,,,,53.605,27.003,84.205,FN,13,,,,,,
69,,,,,36.153,27.506,25.255,FN,14,,,,,,
69,,,,,24.588,30.575,40.87,FN,15,,,,,,
69,,,,,37.911,33.996,12.573,FN,16,,,,,,
69,,,,,69.247,34.898,89.238,FN,17,,,,,,
69,,,,,42.468,35.65,27.062,FN,18,,,,,,
69,,,,,14.619,35.409,3.21,FN,19,,,,,,
69,,,,,27.752,36.434,89.508,FN,20,,,,,,
69,,,,,57.868,37.071,88.505,FN,21,,,,,,
69,,,,,35.321,39.303,2.488,FN,22,,,,,,
69,,,,,28.87,41.525,35.873,FN,23,,,,,,
69,,,,,2.579,43.145,59.096,FN,24,,,,,,
69,,,,,55.936,45.629,28.0,FN,27,,,,,,
69,,,,,16.052,46.455,68.231,FN,28,,,,,,
69,,,,,40.53,46.467,59.723,FN,29,,,,,,
69,,,,,42.801,47.864,78.948,FN,30,,,,,,
69,,,,,12.051,47.959,30.101,FN,31,,,,,,
69,,,,,18.713,51.853,72.395,FN,32,,,,,,
69,,,,,68.341,54.834,88.148,FN,33,,,,,,
69,,,,,32.887,54.661,58.766,FN,34,,,,,,
69,,,,,40.157,54.419,39.022,FN,35,,,,,,
69,,,,,41.634,55.917,40.429,FN,36,,,,,,
69,,,,,68.754,56.587,48.699,FN,37,,,,,,
69,,,,,17.395,56.784,32.017,FN,38,,,,,,
69,,,,,42.223,57.831,15.84,FN,39,,,,,,
69,,,,,31.727,58.763,2.071,FN,40,,,,,,
69,,,,,45.762,59.773,78.256,FN,43,,,,,,
69,,,,,4.692,64.208,34.532,FN,44,,,,,,
69,,,,,31.728,63.85,94.389,FN,45,,,,,,
69,,,,,0.791,69.108,2.362,FN,46,,,,,,
69,,,,,10.361,69.405,62.592,FN,47,,,,,,
69,,,,,22.199,69.391,82.615,FN,48,,,,,,
75,0,60.85,28.32,95.76,8.366,3.895,47.879,FP,,,,,,,
75,1,63.78,28.54,32.36,8.77,3.924,16.179,TP,2,0.54,0.471,0.717,0.454,0.292,0.471
75,2,59.58,27.37,67.64,8.192,3.764,33.82,FP,,,,,,,
75,3,63.46,27.37,55.25,8.726,3.764,27.624,FP,,,,,,,
75,4,63.22,30.2,3.79,8.692,4.152,1.896,FP,,,,,,,
75,5,62.84,26.88,62.0,8.641,3.696,31.0,FP,,,,,,,
75,6,62.45,26.3,87.6,8.587,3.616,43.8,FP,,,,,,,
75,7,68.62,35.44,159.68,9.435,4.873,79.842,FP,,,,,,,
75,8,67.6,35.57,167.59,9.296,4.89,83.797,FP,,,,,,,
75,9,70.06,34.85,131.42,9.634,4.792,65.708,FP,,,,,,,
75,10,219.4,50.95,31.75,30.167,7.005,15.875,FP,,,,,,,
75,11,263.51,44.74,31.44,36.233,6.152,15.721,FP,,,,,,,
75,12,366.7,59.17,31.7,50.421,8.136,15.852,FP,,,,,,,
75,13,463.73,70.81,31.74,63.763,9.736,15.87,FP,,,,,,,
75,14,370.84,63.9,95.45,50.99,8.786,47.724,FP,,,,,,,
75,15,481.01,69.24,95.68,66.139,9.52,47.838,FP,,,,,,,
75,16,451.57,73.81,95.4,62.091,10.149,47.699,FP,,,,,,,
75,17,317.1,75.8,95.0,43.601,10.423,47.5,FP,,,,,,,
75,18,312.07,78.16,31.71,42.91,10.747,15.855,FP,,,,,,,
75,19,66.27,114.27,31.7,9.113,15.712,15.851,TP,16,1.276,0.577,1.4,0.669,1.086,0.577
75,20,66.54,115.36,3.54,9.149,15.862,1.769,FP,,,,,,,
75,21,60.09,118.6,95.53,8.262,16.308,47.766,FP,,,,,,,
75,22,70.5,115.5,24.0,9.694,15.881,12.0,FP,,,,,,,
75,23,357.5,154.0,31.0,49.156,21.175,15.5,FP,,,,,,,
75,24,43.86,215.26,31.34,6.031,29.598,15.67,FP,,,,,,,
75,25,46.38,217.38,95.38,6.377,29.889,47.688,FP,,,,,,,
75,26,343.5,236.0,31.0,47.231,32.45,15.5,FP,,,,,,,
75,27,469.84,267.85,31.71,64.603,36.83,15.856,FP,,,,,,,
75,28,483.58,279.46,95.71,66.492,38.426,47.856,FP,,,,,,,
75,29,200.0,281.0,31.0,27.5,38.638,15.5,FP,,,,,,,
75,30,207.0,285.24,31.45,28.463,39.221,15.727,FP,,,,,,,
75,31,291.77,298.73,31.44,40.118,41.076,15.719,FP,,,,,,,
75,32,294.01,303.95,95.6,40.427,41.793,47.8,FP,,,,,,,
75,33,123.0,305.12,95.45,16.913,41.955,47.725,TP,30,0.134,2.994,2.997,-0.087,-0.101,-2.994
75,34,78.5,313.5,95.0,10.794,43.106,47.5,FP,,,,,,,
75,35,147.92,353.48,31.61,20.339,48.603,15.803,FP,,,,,,,
75,36,94.37,365.7,95.46,12.976,50.284,47.731,FP,,,,,,,
75,37,226.79,367.88,31.46,31.184,50.584,15.732,FP,,,,,,,
75,38,222.5,366.0,95.0,30.594,50.325,47.5,FP,,,,,,,
75,39,325.69,440.49,95.76,44.782,60.567,47.882,FP,,,,,,,
75,40,417.54,436.05,95.59,57.412,59.956,47.797,TP,41,0.431,1.752,1.804,-0.28,0.328,1.752
75,41,403.15,441.52,31.61,55.433,60.709,15.804,FP,,,,,,,
75,42,162.85,442.45,31.42,22.391,60.837,15.709,FP,,,,,,,
75,43,326.93,441.76,119.49,44.952,60.741,59.744,FP,,,,,,,
75,44,326.36,447.19,159.43,44.874,61.488,79.717,FP,,,,,,,
75,45,392.54,444.71,95.51,53.974,61.148,47.753,FP,,,,,,,
75,46,319.8,443.7,159.0,43.972,61.009,79.5,FP,,,,,,,
75,47,326.33,447.67,167.0,44.871,61.554,83.5,TP,40,1.25,0.018,1.25,-0.103,1.246,-0.018
75,48,226.88,464.53,95.71,31.196,63.872,47.854,FP,,,,,,,
75,49,227.22,465.41,31.47,31.243,63.993,15.736,FP,,,,,,,
75,50,225.25,468.85,159.64,30.972,64.467,79.818,FP,,,,,,,
75,51,223.42,468.55,167.4,30.72,64.426,83.701,FP,,,,,,,
75,52,118.66,471.93,95.43,16.316,64.89,47.715,FP,,,,,,,
75,53,115.09,480.67,31.66,15.824,66.092,15.831,FP,,,,,,,
75,,,,,69.089,0.831,4.085,FN,0,,,,,,
75,,,,,19.505,2.47,80.536,FN,1,,,,,,
75,,,,,9.647,4.74,50.997,FN,3,,,,,,
75,,,,,65.292,4.103,51.573,FN,4,,,,,,
75,,,,,41.419,5.02,64.095,FN,5,,,,,,
75,,,,,36.148,6.203,40.576,FN,6,,,,,,
75,,,,,48.05,6.867,1.265,FN,7,,,,,,
75,,,,,17.368,9.107,18.978,FN,8,,,,,,
75,,,,,51.144,8.552,36.195,FN,9,,,,,,
75,,,,,14.479,9.18,72.686,FN,10,,,,,,
75,,,,,65.904,9.255,66.488,FN,11,,,,,,
75,,,,,62.542,10.536,55.739,FN,12,,,,,,
75,,,,,42.903,10.613,76.748,FN,13,,,,,,
75,,,,,14.033,10.951,97.451,FN,14,,,,,,
75,,,,,40.643,13.657,27.177,FN,15,,,,,,
75,,,,,34.564,17.347,41.746,FN,17,,,,,,
75,,,,,11.206,16.301,1.447,FN,18,,,,,,
75,,,,,26.812,18.494,31.333,FN,19,,,,,,
75,,,,,16.727,19.023,45.699,FN,20,,,,,,
75,,,,,48.991,21.258,87.575,FN,21,,,,,,
75,,,,,24.827,23.075,79.051,FN,22,,,,,,
75,,,,,69.505,28.976,84.273,FN,23,,,,,,
75,,,,,5.964,29.541,84.447,FN,24,,,,,,
75,,,,,69.692,31.699,38.852,FN,25,,,,,,
75,,,,,47.248,32.47,89.414,FN,26,,,,,,
75,,,,,64.015,35.377,16.642,FN,27,,,,,,
75,,,,,30.934,35.777,70.159,FN,28,,,,,,
75,,,,,66.4,38.575,69.619,FN,29,,,,,,
75,,,,,40.201,41.256,65.514,FN,31,,,,,,
75,,,,,20.639,46.69,49.875,FN,32,,,,,,
75,,,,,20.618,50.281,7.404,FN,33,,,,,,
75,,,,,12.234,50.024,57.309,FN,34,,,,,,
75,,,,,30.422,49.952,54.951,FN,35,,,,,,
75,,,,,33.054,49.976,13.02,FN,36,,,,,,
75,,,,,55.536,53.986,36.516,FN,37,,,,,,
75,,,,,37.472,59.21,80.776,FN,38,,,,,,
75,,,,,19.496,58.853,13.625,FN,39,,,,,,
75,,,,,44.081,60.629,72.744,FN,42,,,,,,
75,,,,,23.673,61.319,80.409,FN,43,,,,,,
75,,,,,53.973,61.51,26.825,FN,44,,,,,,
75,,,,,22.886,62.744,62.377,FN,45,,,,,,
75,,,,,31.157,64.177,57.582,FN,46,,,,,,
75,,,,,45.524,63.137,96.495,FN,47,,,,,,
75,,,,,16.126,65.118,23.224,FN,48,,,,,,
75,,,,,69.263,68.995,5.25,FN,49,,,,,,
89,0,323.76,11.52,31.73,44.516,1.584,15.865,FP,,,,,,,
89,1,119.13,17.44,31.74,16.38,2.398,15.87,FP,,,,,,,
89,2,118.36,22.65,95.66,16.274,3.115,47.832,FP,,,,,,,
89,3,119.5,17.5,55.5,16.431,2.406,27.75,FP,,,,,,,
89,4,111.1,28.2,167.8,15.276,3.878,83.9,FP,,,,,,,
89,5,111.59,28.44,159.81,15.343,3.911,79.903,FP,,,,,,,
89,6,118.0,30.0,160.0,16.225,4.125,80.0,FP,,,,,,,
89,7,322.36,64.69,95.44,44.324,8.895,47.72,FP,,,,,,,
89,8,376.32,78.48,31.65,51.745,10.792,15.824,TP,5,0.998,2.877,3.045,-0.949,0.311,2.877
89,9,67.94,95.86,95.74,9.342,13.181,47.869,FP,,,,,,,
89,10,69.79,90.94,31.43,9.596,12.505,15.715,FP,,,,,,,
89,11,199.0,96.0,95.0,27.363,13.2,47.5,FP,,,,,,,
89,12,55.71,106.82,159.48,7.66,14.688,79.738,FP,,,,,,,
89,13,302.4,111.2,18.6,41.58,15.29,9.3,FP,,,,,,,
89,14,302.0,112.0,31.0,41.525,15.4,15.5,FP,,,,,,,
89,15,104.0,136.5,31.0,14.3,18.769,15.5,FP,,,,,,,
89,16,325.61,166.89,31.72,44.771,22.947,15.86,FP,,,,,,,
89,17,446.17,169.19,95.47,61.348,23.264,47.735,FP,,,,,,,
89,18,327.03,169.21,159.33,44.967,23.267,79.667,FP,,,,,,,
89,19,167.15,183.73,31.48,22.983,25.263,15.742,FP,,,,,,,
89,20,15.14,195.0,31.64,2.081,26.812,15.821,FP,,,,,,,
89,21,22.33,196.5,95.64,3.071,27.018,47.822,FP,,,,,,,
89,22,431.18,215.66,95.61,59.288,29.653,47.806,FP,,,,,,,
89,23,366.04,216.4,95.5,50.331,29.755,47.75,FP,,,,,,,
89,24,428.03,215.41,31.49,58.854,29.619,15.744,FP,,,,,,,
89,25,341.13,282.98,31.72,46.905,38.91,15.86,FP,,,,,,,
89,26,341.42,282.71,95.6,46.945,38.873,47.802,FP,,,,,,,
89,27,343.85,279.3,3.5,47.279,38.404,1.75,FP,,,,,,,
89,28,347.29,279.52,159.1,47.752,38.433,79.548,FP,,,,,,,
89,29,46.63,294.77,31.67,6.411,40.531,15.836,FP,,,,,,,
89,30,49.61,297.09,95.64,6.821,40.849,47.821,FP,,,,,,,
89,31,45.09,295.69,3.54,6.199,40.657,1.771,FP,,,,,,,
89,32,48.79,296.08,18.79,6.709,40.711,9.396,FP,,,,,,,
89,33,238.77,318.77,31.41,32.831,43.831,15.705,FP,,,,,,,
89,34,245.0,320.1,95.46,33.688,44.014,47.729,FP,,,,,,,
89,35,266.08,357.61,31.56,36.586,49.171,15.78,FP,,,,,,,
89,36,270.17,356.56,95.47,37.149,49.027,47.733,TP,31,0.693,4.101,4.16,0.521,0.457,4.101
89,37,57.65,418.77,31.64,7.927,57.581,15.821,TP,37,0.14,3.689,3.691,-0.101,0.097,-3.689
89,38,206.29,410.68,31.26,28.365,56.469,15.632,FP,,,,,,,
89,39,56.77,418.3,3.61,7.806,57.516,1.804,FP,,,,,,,
89,40,56.27,417.64,39.88,7.738,57.426,19.942,FP,,,,,,,
89,41,56.2,418.12,55.44,7.728,57.492,27.721,FP,,,,,,,
89,42,55.85,417.44,47.84,7.68,57.398,23.921,FP,,,,,,,
89,43,57.87,418.0,24.14,7.957,57.476,12.068,FP,,,,,,,
89,44,57.13,418.14,18.1,7.855,57.494,9.049,FP,,,,,,,
89,45,440.45,456.49,95.71,60.562,62.767,47.856,FP,,,,,,,
89,46,440.14,455.37,31.63,60.52,62.614,15.817,FP,,,,,,,
89,47,441.14,459.31,3.67,60.657,63.155,1.836,FP,,,,,,,
89,48,441.57,459.36,55.45,60.716,63.162,27.723,TP,43,0.87,1.383,1.634,0.045,-0.869,1.383
89,49,441.29,457.91,21.21,60.677,62.962,10.605,FP,,,,,,,
89,50,441.69,458.97,40.16,60.732,63.109,20.082,FP,,,,,,,
89,51,440.3,458.04,48.01,60.542,62.98,24.006,FP,,,,,,,
89,52,441.53,461.26,67.45,60.71,63.423,33.727,FP,,,,,,,
89,53,209.89,473.78,95.61,28.86,65.144,47.803,FP,,,,,,,
89,54,439.75,464.0,119.0,60.466,63.8,59.5,FP,,,,,,,
89,55,446.0,463.5,48.0,61.325,63.731,24.0,FP,,,,,,,
89,56,443.09,465.73,83.0,60.925,64.037,41.5,FP,,,,,,,
89,57,140.86,473.14,31.63,19.369,65.057,15.815,FP,,,,,,,
89,58,210.39,477.05,31.57,28.929,65.594,15.787,FP,,,,,,,
89,59,82.89,496.4,95.67,11.397,68.255,47.836,FP,,,,,,,
89,60,103.58,499.06,31.54,14.242,68.62,15.771,FP,,,,,,,
89,,,,,11.708,0.782,34.5,FN,0,,,,,,
89,,,,,44.417,0.565,4.602,FN,1,,,,,,
89,,,,,18.011,1.751,8.496,FN,2,,,,,,
89,,,,,8.599,2.569,95.208,FN,3,,,,,,
89,,,,,16.183,2.97,58.952,FN,4,,,,,,
89,,,,,15.447,11.327,96.552,FN,6,,,,,,
89,,,,,9.681,11.684,71.927,FN,7,,,,,,
89,,,,,14.282,12.072,54.171,FN,8,,,,,,
89,,,,,9.071,13.808,65.254,FN,9,,,,,,
89,,,,,41.535,15.285,86.812,FN,10,,,,,,
89,,,,,21.447,17.844,73.425,FN,11,,,,,,
89,,,,,14.337,18.978,55.09,FN,12,,,,,,
89,,,,,44.057,19.007,78.26,FN,13,,,,,,
89,,,,,1.317,21.793,98.109,FN,14,,,,,,
89,,,,,45.059,23.308,5.9,FN,15,,,,,,
89,,,,,4.482,23.869,12.5,FN,16,,,,,,
89,,,,,23.079,25.173,72.256,FN,17,,,,,,
89,,,,,2.622,27.435,53.102,FN,18,,,,,,
89,,,,,11.685,28.321,98.985,FN,19,,,,,,
89,,,,,50.057,29.769,34.988,FN,20,,,,,,
89,,,,,58.94,29.586,81.833,FN,21,,,,,,
89,,,,,62.843,36.015,35.223,FN,22,,,,,,
89,,,,,47.439,38.108,9.075,FN,23,,,,,,
89,,,,,56.365,39.549,71.033,FN,24,,,,,,
89,,,,,6.325,40.427,38.504,FN,25,,,,,,
89,,,,,46.905,41.127,78.0,FN,26,,,,,,
89,,,,,32.851,43.809,80.242,FN,27,,,,,,
89,,,,,41.522,44.741,98.511,FN,28,,,,,,
89,,,,,69.477,46.653,59.97,FN,29,,,,,,
89,,,,,29.888,47.1,0.5,FN,30,,,,,,
89,,,,,69.49,51.256,90.91,FN,32,,,,,,
89,,,,,68.184,51.721,78.53,FN,33,,,,,,
89,,,,,14.37,55.817,24.5,FN,34,,,,,,
89,,,,,59.269,56.024,97.166,FN,35,,,,,,
89,,,,,28.253,56.498,84.154,FN,36,,,,,,
89,,,,,36.414,56.931,93.8,FN,38,,,,,,
89,,,,,60.202,60.273,9.531,FN,39,,,,,,
89,,,,,21.389,62.28,36.021,FN,40,,,,,,
89,,,,,54.527,63.132,89.869,FN,41,,,,,,
89,,,,,15.47,64.199,41.723,FN,42,,,,,,
89,,,,,28.661,64.831,36.036,FN,44,,,,,,
89,,,,,19.5,66.017,9.114,FN,45,,,,,,
89,,,,,61.788,64.925,16.565,FN,46,,,,,,
89,,,,,28.301,66.606,30.391,FN,47,,,,,,
89,,,,,11.487,67.062,70.917,FN,48,,,,,,
89,,,,,41.963,68.678,93.492,FN,49,,,,,,
9,0,311.49,9.16,31.49,42.83,1.259,15.746,FP,,,,,,,
9,1,41.53,35.96,31.73,5.711,4.945,15.867,FP,,,,,,,
9,2,39.37,37.87,95.45,5.413,5.207,47.725,FP,,,,,,,
9,3,41.47,37.63,3.47,5.702,5.174,1.736,TP,3,0.587,0.808,0.999,-0.419,0.411,0.808
9,4,155.05,49.24,31.65,21.32,6.771,15.823,TP,5,0.17,2.654,2.659,-0.06,0.159,2.654
9,5,155.6,48.54,95.64,21.396,6.674,47.82,FP,,,,,,,
9,6,155.15,50.54,3.64,21.334,6.949,1.82,FP,,,,,,,
9,7,158.25,49.67,17.17,21.759,6.829,8.583,FP,,,,,,,
9,8,158.4,49.4,23.8,21.78,6.793,11.9,FP,,,,,,,
9,9,346.5,58.29,95.64,47.644,8.015,47.822,FP,,,,,,,
9,10,264.21,56.3,31.53,36.329,7.742,15.767,FP,,,,,,,
9,11,343.4,60.94,31.72,47.218,8.379,15.858,FP,,,,,,,
9,12,311.12,58.4,95.32,42.779,8.03,47.66,FP,,,,,,,
9,13,82.59,109.92,95.67,11.356,15.113,47.833,FP,,,,,,,
9,14,83.49,109.43,31.61,11.479,15.047,15.807,FP,,,,,,,
9,15,335.87,155.64,95.67,46.182,21.4,47.833,FP,,,,,,,
9,16,332.2,156.24,31.55,45.678,21.483,15.774,FP,,,,,,,
9,17,161.08,159.24,31.57,22.149,21.895,15.785,FP,,,,,,,
9,18,160.98,160.64,95.58,22.135,22.088,47.79,FP,,,,,,,
9,19,391.5,177.5,31.0,53.831,24.406,15.5,FP,,,,,,,
9,20,439.09,178.0,31.18,60.375,24.475,15.591,FP,,,,,,,
9,21,327.13,205.86,95.47,44.98,28.305,47.733,FP,,,,,,,
9,22,367.64,238.94,95.76,50.55,32.854,47.882,FP,,,,,,,
9,23,367.17,240.78,31.45,50.486,33.107,15.725,FP,,,,,,,
9,24,464.45,271.74,95.63,63.863,37.364,47.813,TP,24,0.453,0.687,0.823,0.334,-0.306,-0.687
9,25,467.32,271.27,31.6,64.257,37.3,15.8,FP,,,,,,,
9,26,295.57,299.49,31.63,40.641,41.18,15.814,FP,,,,,,,
9,27,298.2,302.79,95.49,41.002,41.634,47.745,TP,26,0.407,0.277,0.493,-0.021,0.407,-0.277
9,28,94.3,306.04,31.61,12.967,42.08,15.807,FP,,,,,,,
9,29,324.16,314.57,31.45,44.573,43.253,15.724,FP,,,,,,,
9,30,344.18,320.09,31.61,47.325,44.013,15.806,FP,,,,,,,
9,31,342.07,325.47,95.71,47.035,44.752,47.853,FP,,,,,,,
9,32,350.04,323.02,167.61,48.131,44.416,83.807,FP,,,,,,,
9,33,350.66,322.28,159.63,48.216,44.313,79.817,FP,,,,,,,
9,34,344.31,326.0,107.38,47.343,44.825,53.688,FP,,,,,,,
9,35,191.46,362.95,31.69,26.326,49.906,15.844,FP,,,,,,,
9,36,23.93,361.62,31.63,3.291,49.723,15.815,FP,,,,,,,
9,37,189.83,362.41,95.64,26.101,49.831,47.822,FP,,,,,,,
9,38,191.58,365.42,3.55,26.342,50.245,1.774,FP,,,,,,,
9,39,448.15,366.84,95.6,61.621,50.44,47.801,FP,,,,,,,
9,40,191.85,362.34,159.41,26.379,49.822,79.703,FP,,,,,,,
9,41,191.43,363.47,24.03,26.321,49.977,12.016,TP,35,0.348,4.498,4.512,-0.313,0.152,4.498
9,42,191.16,364.1,39.64,26.284,50.064,19.819,FP,,,,,,,
9,43,191.69,362.31,17.19,26.357,49.818,8.594,FP,,,,,,,
9,44,446.85,371.1,31.73,61.441,51.026,15.864,TP,38,0.454,1.602,1.665,-0.282,0.355,1.602
9,45,191.56,365.92,55.36,26.34,50.314,27.68,FP,,,,,,,
9,46,193.8,363.0,131.2,26.648,49.913,65.6,FP,,,,,,,
9,47,194.0,363.0,147.0,26.675,49.913,73.5,FP,,,,,,,
9,48,23.93,366.93,95.14,3.29,50.453,47.571,FP,,,,,,,
9,49,192.0,367.5,48.0,26.4,50.531,24.0,FP,,,,,,,
9,50,235.58,418.25,31.75,32.392,57.509,15.873,FP,,,,,,,
9,51,236.31,422.98,95.68,32.493,58.16,47.839,FP,,,,,,,
9,52,40.48,428.98,31.64,5.566,58.984,15.818,FP,,,,,,,
9,53,419.95,429.52,31.64,57.743,59.059,15.82,FP,,,,,,,
9,54,338.91,437.45,95.46,46.601,60.15,47.73,FP,,,,,,,
9,55,62.5,433.0,95.0,8.594,59.538,47.5,FP,,,,,,,
9,56,190.23,449.44,95.42,26.157,61.798,47.712,FP,,,,,,,
9,57,221.83,465.17,95.63,30.501,63.961,47.815,FP,,,,,,,
9,58,294.8,471.53,31.33,40.535,64.836,15.667,FP,,,,,,,
9,59,47.97,482.01,31.36,6.596,66.276,15.681,FP,,,,,,,
9,60,53.53,487.6,95.53,7.36,67.046,47.767,FP,,,,,,,
9,61,103.33,501.07,95.43,14.208,68.897,47.717,FP,,,,,,,
9,,,,,14.831,0.986,2.0,FN,0,,,,,,
9,,,,,37.994,0.869,81.04,FN,1,,,,,,
9,,,,,42.883,1.692,33.361,FN,2,,,,,,
9,,,,,36.598,7.075,46.537,FN,4,,,,,,
9,,,,,47.206,8.029,74.319,FN,6,,,,,,
9,,,,,50.121,10.056,51.108,FN,7,,,,,,
9,,,,,62.651,12.315,97.5,FN,8,,,,,,
9,,,,,27.038,12.385,95.941,FN,9,,,,,,
9,,,,,34.004,12.89,97.786,FN,10,,,,,,
9,,,,,11.424,13.71,63.014,FN,11,,,,,,
9,,,,,10.973,15.935,28.493,FN,12,,,,,,
9,,,,,33.763,16.565,89.096,FN,13,,,,,,
9,,,,,21.936,22.003,42.604,FN,14,,,,,,
9,,,,,46.119,21.322,39.412,FN,15,,,,,,
9,,,,,17.192,23.742,65.354,FN,16,,,,,,
9,,,,,52.614,24.96,20.138,FN,17,,,,,,
9,,,,,17.689,28.782,31.235,FN,18,,,,,,
9,,,,,50.169,28.86,85.976,FN,19,,,,,,
9,,,,,50.735,32.518,24.868,FN,20,,,,,,
9,,,,,56.449,34.196,86.871,FN,21,,,,,,
9,,,,,56.114,35.863,33.711,FN,22,,,,,,
9,,,,,51.598,36.909,69.568,FN,23,,,,,,
9,,,,,68.018,37.617,19.992,FN,25,,,,,,
9,,,,,13.074,42.417,95.011,FN,27,,,,,,
9,,,,,49.291,43.051,79.209,FN,28,,,,,,
9,,,,,9.879,45.224,63.186,FN,29,,,,,,
9,,,,,47.171,44.828,29.657,FN,30,,,,,,
9,,,,,3.111,46.792,43.02,FN,31,,,,,,
9,,,,,66.121,47.362,80.622,FN,32,,,,,,
9,,,,,16.42,48.33,88.171,FN,33,,,,,,
9,,,,,33.856,48.471,52.438,FN,34,,,,,,
9,,,,,28.024,51.107,96.057,FN,36,,,,,,
9,,,,,2.911,49.904,4.66,FN,37,,,,,,
9,,,,,6.248,51.393,13.635,FN,39,,,,,,
9,,,,,28.823,54.411,71.526,FN,40,,,,,,
9,,,,,52.124,56.706,89.604,FN,41,,,,,,
9,,,,,32.323,57.497,40.555,FN,42,,,,,,
9,,,,,5.223,57.777,35.011,FN,43,,,,,,
9,,,,,57.881,58.302,33.677,FN,44,,,,,,
9,,,,,30.063,63.538,66.077,FN,45,,,,,,
9,,,,,40.453,64.704,79.731,FN,46,,,,,,
9,,,,,6.594,66.25,85.263,FN,47,,,,,,
9,,,,,36.493,68.473,84.011,FN,48,,,,,,
9,,,,,14.082,68.409,79.603,FN,49,,,,,,
91,0,355.6,37.82,95.65,48.894,5.2,47.823,FP,,,,,,,
91,1,315.31,45.73,95.47,43.355,6.287,47.734,FP,,,,,,,
91,2,306.75,74.61,31.6,42.179,10.259,15.8,FP,,,,,,,
91,3,304.23,73.84,95.48,41.832,10.153,47.74,FP,,,,,,,
91,4,233.15,98.76,31.71,32.059,13.58,15.857,FP,,,,,,,
91,5,232.04,97.3,95.6,31.906,13.378,47.801,FP,,,,,,,
91,6,78.49,144.31,31.66,10.793,19.843,15.828,FP,,,,,,,
91,7,80.41,145.69,95.64,11.056,20.032,47.821,FP,,,,,,,
91,8,79.03,140.77,39.51,10.866,19.356,19.756,FP,,,,,,,
91,9,79.48,142.46,3.51,10.929,19.588,1.753,TP,13,0.766,3.514,3.597,-0.093,-0.761,-3.514
91,10,79.4,143.05,24.12,10.918,19.669,12.058,FP,,,,,,,
91,11,79.67,142.27,17.53,10.954,19.562,8.767,FP,,,,,,,
91,12,481.79,157.46,95.72,66.246,21.65,47.859,FP,,,,,,,
91,13,272.76,247.37,31.67,37.505,34.013,15.835,FP,,,,,,,
91,14,246.34,247.83,95.38,33.872,34.076,47.69,FP,,,,,,,
91,15,392.05,295.21,31.58,53.908,40.591,15.788,FP,,,,,,,
91,16,484.35,319.91,95.68,66.598,43.987,47.838,FP,,,,,,,
91,17,478.6,317.17,31.66,65.807,43.61,15.832,FP,,,,,,,
91,18,480.52,317.21,55.37,66.072,43.616,27.685,FP,,,,,,,
91,19,198.64,317.04,31.45,27.313,43.593,15.725,FP,,,,,,,
91,20,479.72,317.43,44.51,65.962,43.647,22.256,FP,,,,,,,
91,21,285.52,326.76,31.65,39.26,44.929,15.825,FP,,,,,,,
91,22,446.42,322.82,95.56,61.383,44.388,47.778,FP,,,,,,,
91,23,476.36,318.9,3.52,65.5,43.849,1.761,FP,,,,,,,
91,24,478.76,318.9,17.79,65.829,43.849,8.895,FP,,,,,,,
91,25,360.11,326.57,95.71,49.515,44.904,47.853,FP,,,,,,,
91,26,479.43,318.29,62.0,65.921,43.764,31.0,FP,,,,,,,
91,27,479.57,319.57,24.57,65.941,43.941,12.286,FP,,,,,,,
91,28,42.94,332.98,31.62,5.904,45.785,15.809,FP,,,,,,,
91,29,70.0,321.0,95.0,9.625,44.138,47.5,FP,,,,,,,
91,30,286.16,327.42,95.63,39.348,45.02,47.816,FP,,,,,,,
91,31,288.65,328.26,3.59,39.689,45.136,1.797,FP,,,,,,,
91,32,287.68,327.77,23.91,39.556,45.069,11.955,TP,27,0.218,2.855,2.863,0.15,0.158,2.855
91,33,287.86,327.57,17.0,39.58,45.041,8.5,FP,,,,,,,
91,34,20.72,333.54,95.65,2.849,45.861,47.826,FP,,,,,,,
91,35,287.0,328.0,55.0,39.463,45.1,27.5,FP,,,,,,,
91,36,45.19,334.59,95.61,6.213,46.006,47.806,FP,,,,,,,
91,37,72.4,329.2,95.0,9.955,45.265,47.5,FP,,,,,,,
91,38,116.68,338.3,31.65,16.044,46.516,15.823,FP,,,,,,,
91,39,112.1,337.07,95.7,15.414,46.347,47.848,FP,,,,,,,
91,40,183.6,417.04,31.65,25.245,57.343,15.826,FP,,,,,,,
91,41,184.21,417.94,3.8,25.329,57.466,1.901,TP,36,0.411,0.864,0.957,0.386,0.144,-0.864
91,42,183.31,416.08,39.61,25.205,57.211,19.805,FP,,,,,,,
91,43,184.42,417.3,20.91,25.358,57.379,10.454,FP,,,,,,,
91,44,405.62,421.12,31.71,55.772,57.904,15.854,FP,,,,,,,
91,45,409.61,419.08,95.65,56.321,57.624,47.824,FP,,,,,,,
91,46,182.87,420.97,95.64,25.145,57.883,47.818,FP,,,,,,,
91,47,182.95,416.39,47.68,25.156,57.253,23.841,FP,,,,,,,
91,48,182.7,416.43,55.43,25.121,57.26,27.717,FP,,,,,,,
91,49,399.76,418.79,55.36,54.967,57.583,27.682,FP,,,,,,,
91,50,404.94,422.33,3.51,55.68,58.071,1.754,FP,,,,,,,
91,51,27.58,423.63,31.46,3.793,58.249,15.732,FP,,,,,,,
91,52,407.0,422.0,23.62,55.963,58.025,11.812,TP,38,0.771,2.398,2.518,0.746,-0.194,2.398
91,53,65.67,433.54,31.69,9.03,59.612,15.846,FP,,,,,,,
91,54,72.18,434.84,95.64,9.925,59.791,47.821,FP,,,,,,,
91,55,63.08,435.58,159.65,8.673,59.892,79.825,FP,,,,,,,
91,56,62.46,435.52,167.57,8.588,59.884,83.786,FP,,,,,,,
91,57,461.44,436.22,95.42,63.448,59.98,47.712,FP,,,,,,,
91,58,64.33,436.23,131.44,8.846,59.982,65.719,FP,,,,,,,
91,59,341.08,453.31,31.67,46.899,62.33,15.837,FP,,,,,,,
91,60,336.66,455.04,95.69,46.291,62.568,47.844,FP,,,,,,,
91,61,342.63,456.39,3.49,47.112,62.754,1.746,FP,,,,,,,
91,62,76.8,462.01,95.56,10.56,63.526,47.781,FP,,,,,,,
91,63,79.7,468.73,31.63,10.958,64.45,15.817,FP,,,,,,,
91,64,343.5,456.0,17.5,47.231,62.7,8.75,FP,,,,,,,
91,65,184.59,495.17,31.45,25.381,68.086,15.724,FP,,,,,,,
91,66,187.57,497.8,95.72,25.791,68.448,47.859,FP,,,,,,,
91,,,,,12.018,3.895,75.376,FN,0,,,,,,
91,,,,,48.689,4.369,53.492,FN,1,,,,,,
91,,,,,41.46,9.876,37.178,FN,2,,,,,,
91,,,,,45.66,11.573,73.046,FN,3,,,,,,
91,,,,,41.649,12.896,86.703,FN,4,,,,,,
91,,,,,17.558,12.517,65.898,FN,5,,,,,,
91,,,,,53.465,12.511,33.384,FN,6,,,,,,
91,,,,,32.0,13.547,33.218,FN,7,,,,,,
91,,,,,38.803,18.481,76.726,FN,8,,,,,,
91,,,,,10.934,19.119,81.536,FN,9,,,,,,
91,,,,,60.78,18.828,83.919,FN,10,,,,,,
91,,,,,51.573,19.358,0.5,FN,11,,,,,,
91,,,,,52.34,19.628,85.329,FN,12,,,,,,
91,,,,,65.208,21.175,62.701,FN,14,,,,,,
91,,,,,57.11,28.15,87.608,FN,15,,,,,,
91,,,,,6.042,28.338,95.089,FN,16,,,,,,
91,,,,,7.12,31.707,95.057,FN,17,,,,,,
91,,,,,38.886,33.665,16.973,FN,18,,,,,,
91,,,,,33.887,33.916,13.233,FN,19,,,,,,
91,,,,,18.783,35.538,27.988,FN,20,,,,,,
91,,,,,15.723,39.483,98.67,FN,21,,,,,,
91,,,,,54.449,40.603,65.664,FN,22,,,,,,
91,,,,,16.559,43.306,84.332,FN,23,,,,,,
91,,,,,67.973,43.613,4.277,FN,24,,,,,,
91,,,,,63.371,43.83,9.175,FN,25,,,,,,
91,,,,,49.337,44.659,78.307,FN,26,,,,,,
91,,,,,7.224,45.747,17.214,FN,28,,,,,,
91,,,,,15.33,46.148,31.984,FN,29,,,,,,
91,,,,,2.303,46.227,38.56,FN,30,,,,,,
91,,,,,3.177,46.777,87.538,FN,31,,,,,,
91,,,,,54.767,47.46,98.361,FN,32,,,,,,
91,,,,,18.208,48.811,8.042,FN,33,,,,,,
91,,,,,22.779,51.226,65.241,FN,34,,,,,,
91,,,,,36.651,51.411,98.517,FN,35,,,,,,
91,,,,,56.308,57.703,35.392,FN,37,,,,,,
91,,,,,3.329,58.322,38.877,FN,39,,,,,,
91,,,,,16.044,57.493,67.993,FN,40,,,,,,
91,,,,,8.041,58.859,31.769,FN,41,,,,,,
91,,,,,63.711,59.015,18.0,FN,42,,,,,,
91,,,,,10.23,59.266,64.159,FN,43,,,,,,
91,,,,,47.581,60.918,10.324,FN,44,,,,,,
91,,,,,49.21,63.336,41.426,FN,45,,,,,,
91,,,,,10.878,63.971,24.739,FN,46,,,,,,
91,,,,,43.536,63.583,41.055,FN,47,,,,,,
91,,,,,23.837,64.217,94.903,FN,48,,,,,,
91,,,,,25.385,67.787,80.769,FN,49,,,,,,
97,0,355.33,27.98,31.62,48.858,3.848,15.812,FP,,,,,,,
97,1,347.46,23.22,95.69,47.776,3.192,47.843,FP,,,,,,,
97,2,370.31,36.67,95.48,50.918,5.042,47.741,FP,,,,,,,
97,3,438.76,58.84,95.63,60.33,8.091,47.813,FP,,,,,,,
97,4,438.17,64.76,31.65,60.248,8.904,15.826,FP,,,,,,,
97,5,177.5,70.97,31.74,24.406,9.758,15.871,FP,,,,,,,
97,6,181.01,71.98,95.61,24.889,9.897,47.805,FP,,,,,,,
97,7,307.54,91.25,31.72,42.287,12.547,15.862,TP,6,0.303,1.837,1.862,0.229,0.199,1.837
97,8,307.95,88.6,95.44,42.344,12.183,47.722,FP,,,,,,,
97,9,70.98,142.26,95.5,9.76,19.561,47.748,FP,,,,,,,
97,10,70.4,144.63,31.64,9.679,19.886,15.819,FP,,,,,,,
97,11,476.85,157.82,31.64,65.567,21.7,15.821,FP,,,,,,,
97,12,476.39,157.11,95.7,65.504,21.602,47.85,FP,,,,,,,
97,13,367.06,150.45,31.71,50.47,20.686,15.856,FP,,,,,,,
97,14,366.11,151.44,95.22,50.34,20.824,47.611,TP,12,0.144,3.977,3.98,0.112,-0.09,3.977
97,15,327.0,176.5,95.0,44.963,24.269,47.5,FP,,,,,,,
97,16,190.64,195.43,31.41,26.213,26.872,15.705,FP,,,,,,,
97,17,185.36,234.78,95.66,25.486,32.283,47.832,FP,,,,,,,
97,18,250.0,228.0,96.0,34.375,31.35,48.0,FP,,,,,,,
97,19,187.33,240.34,31.73,25.758,33.046,15.866,FP,,,,,,,
97,20,190.8,237.33,159.13,26.235,32.633,79.567,FP,,,,,,,
97,21,452.06,248.97,31.7,62.158,34.234,15.848,FP,,,,,,,
97,22,451.5,305.26,95.69,62.082,41.973,47.844,FP,,,,,,,
97,23,446.2,270.79,31.72,61.353,37.233,15.86,FP,,,,,,,
97,24,53.69,286.54,95.68,7.382,39.399,47.838,FP,,,,,,,
97,25,48.89,289.25,31.73,6.723,39.772,15.865,FP,,,,,,,
97,26,101.95,282.27,95.49,14.018,38.812,47.747,FP,,,,,,,
97,27,452.79,315.31,159.43,62.259,43.356,79.715,FP,,,,,,,
97,28,198.67,306.33,95.0,27.317,42.121,47.5,FP,,,,,,,
97,29,454.7,318.8,167.3,62.521,43.835,83.65,FP,,,,,,,
97,30,314.07,334.15,95.66,43.184,45.946,47.829,FP,,,,,,,
97,31,27.02,374.79,31.58,3.715,51.534,15.788,FP,,,,,,,
97,32,111.15,376.11,31.48,15.284,51.715,15.738,TP,34,0.611,3.261,3.318,0.608,0.056,3.261
97,33,361.0,377.0,31.0,49.638,51.838,15.5,FP,,,,,,,
97,34,360.45,391.49,31.53,49.562,53.83,15.764,TP,37,0.607,4.093,4.137,0.113,0.596,-4.093
97,35,269.45,429.93,31.61,37.049,59.115,15.803,FP,,,,,,,
97,36,271.71,431.56,95.57,37.361,59.339,47.787,TP,41,0.393,0.963,1.04,-0.177,0.352,-0.963
97,37,356.14,451.86,31.61,48.969,62.131,15.806,FP,,,,,,,
97,38,73.19,470.99,95.66,10.064,64.762,47.832,TP,45,1.135,1.399,1.801,-0.614,-0.955,-1.399
97,39,74.01,464.56,159.69,10.176,63.878,79.843,FP,,,,,,,
97,40,73.05,467.01,31.69,10.044,64.214,15.845,FP,,,,,,,
97,41,73.15,464.62,167.65,10.058,63.886,83.826,FP,,,,,,,
97,42,71.08,464.5,183.46,9.774,63.869,91.729,FP,,,,,,,
97,43,74.37,465.48,55.47,10.225,64.004,27.734,FP,,,,,,,
97,44,75.41,465.71,43.0,10.369,64.035,21.5,FP,,,,,,,
97,45,74.46,467.93,19.15,10.239,64.34,9.573,FP,,,,,,,
97,46,456.32,480.47,31.65,62.744,66.065,15.823,FP,,,,,,,
97,47,446.67,501.06,95.33,61.417,68.895,47.667,FP,,,,,,,
97,,,,,8.571,1.019,42.827,FN,0,,,,,,
97,,,,,47.435,3.91,23.582,FN,1,,,,,,
97,,,,,51.11,5.274,57.301,FN,2,,,,,,
97,,,,,19.798,8.443,8.0,FN,3,,,,,,
97,,,,,60.112,8.575,76.845,FN,4,,,,,,
97,,,,,25.72,10.391,17.504,FN,5,,,,,,
97,,,,,30.159,16.006,84.024,FN,7,,,,,,
97,,,,,11.236,16.052,98.097,FN,8,,,,,,
97,,,,,64.634,19.52,36.689,FN,9,,,,,,
97,,,,,55.426,19.828,51.769,FN,10,,,,,,
97,,,,,10.106,19.975,35.581,FN,11,,,,,,
97,,,,,66.104,20.729,0.719,FN,13,,,,,,
97,,,,,16.686,21.957,68.85,FN,14,,,,,,
97,,,,,65.063,23.758,26.269,FN,15,,,,,,
97,,,,,41.282,24.108,82.585,FN,16,,,,,,
97,,,,,68.854,23.138,92.557,FN,17,,,,,,
97,,,,,68.294,26.169,67.238,FN,18,,,,,,
97,,,,,21.064,26.516,33.886,FN,19,,,,,,
97,,,,,33.443,30.339,73.836,FN,20,,,,,,
97,,,,,51.514,30.095,87.764,FN,21,,,,,,
97,,,,,34.383,31.256,37.439,FN,22,,,,,,
97,,,,,25.208,32.136,39.899,FN,23,,,,,,
97,,,,,45.326,32.693,91.195,FN,24,,,,,,
97,,,,,27.358,32.533,5.938,FN,25,,,,,,
97,,,,,30.429,33.742,98.214,FN,26,,,,,,
97,,,,,62.077,35.332,20.769,FN,27,,,,,,
97,,,,,13.792,38.665,57.17,FN,28,,,,,,
97,,,,,60.372,39.462,76.051,FN,29,,,,,,
97,,,,,6.963,39.555,26.776,FN,30,,,,,,
97,,,,,61.325,39.851,8.274,FN,31,,,,,,
97,,,,,62.425,43.256,57.587,FN,32,,,,,,
97,,,,,42.679,45.39,68.019,FN,33,,,,,,
97,,,,,31.149,53.174,92.489,FN,35,,,,,,
97,,,,,4.281,52.484,11.081,FN,36,,,,,,
97,,,,,19.113,55.138,0.75,FN,38,,,,,,
97,,,,,58.566,55.62,97.162,FN,39,,,,,,
97,,,,,5.3,58.874,97.441,FN,40,,,,,,
97,,,,,49.461,61.838,7.129,FN,42,,,,,,
97,,,,,68.105,62.867,94.994,FN,43,,,,,,
97,,,,,10.248,63.16,46.688,FN,44,,,,,,
97,,,,,62.956,65.713,25.0,FN,46,,,,,,
97,,,,,7.252,65.888,79.938,FN,47,,,,,,
97,,,,,47.173,69.151,80.359,FN,48,,,,,,
97,,,,,27.567,69.413,88.0,FN,49,,,,,,
