vol_idx,pred_id,x_px,y_px,z_plane,x_um,y_um,z_um,status,gt_id,err_xy_um,err_z_um,err_um,dx_um,dy_um,dz_um
103,0,369.02,13.55,32.58,50.741,1.863,16.288,FP,,,,,,,
103,1,322.0,13.38,96.38,44.275,1.839,48.188,FP,,,,,,,
103,2,317.0,23.5,18.0,43.588,3.231,9.0,FP,,,,,,,
103,3,370.83,28.83,96.5,50.99,3.965,48.25,FP,,,,,,,
103,4,402.68,62.85,32.24,55.368,8.642,16.119,FP,,,,,,,
103,5,408.87,63.32,95.78,56.22,8.707,47.89,TP,7,1.048,2.12,2.365,-0.953,0.435,2.12
103,6,194.07,63.05,95.77,26.685,8.669,47.887,FP,,,,,,,
103,7,304.39,63.04,95.85,41.853,8.667,47.923,FP,,,,,,,
103,8,303.72,63.09,31.96,41.762,8.675,15.982,FP,,,,,,,
103,9,406.02,62.28,40.62,55.828,8.564,20.311,FP,,,,,,,
103,10,461.78,61.96,95.96,63.495,8.519,47.982,FP,,,,,,,
103,11,408.93,63.15,105.64,56.228,8.683,52.818,FP,,,,,,,
103,12,408.87,62.89,112.68,56.219,8.647,56.34,FP,,,,,,,
103,13,412.72,63.61,158.72,56.749,8.747,79.361,FP,,,,,,,
103,14,318.0,63.0,32.0,43.725,8.663,16.0,FP,,,,,,,
103,15,321.1,77.71,32.48,44.151,10.685,16.242,FP,,,,,,,
103,16,324.65,93.44,31.98,44.64,12.848,15.992,FP,,,,,,,
103,17,65.45,109.91,32.55,9.0,15.113,16.273,FP,,,,,,,
103,18,71.0,110.33,32.33,9.762,15.171,16.167,FP,,,,,,,
103,19,205.02,117.27,95.65,28.19,16.125,47.826,FP,,,,,,,
103,20,195.32,119.13,32.44,26.856,16.38,16.222,FP,,,,,,,
103,21,102.05,121.28,96.63,14.032,16.676,48.317,FP,,,,,,,
103,22,103.2,120.49,104.95,14.19,16.567,52.474,FP,,,,,,,
103,23,102.77,121.23,112.59,14.131,16.669,56.295,FP,,,,,,,
103,24,104.0,120.5,130.0,14.3,16.569,65.0,FP,,,,,,,
103,25,107.36,141.04,32.5,14.763,19.394,16.252,FP,,,,,,,
103,26,100.56,141.58,96.11,13.827,19.468,48.056,FP,,,,,,,
103,27,110.25,140.75,96.25,15.159,19.353,48.125,FP,,,,,,,
103,28,16.28,160.25,31.97,2.239,22.035,15.986,FP,,,,,,,
103,29,18.58,159.54,96.17,2.555,21.937,48.085,FP,,,,,,,
103,30,347.94,184.82,32.12,47.841,25.413,16.06,TP,16,0.63,1.71,1.822,-0.458,0.433,-1.71
103,31,350.07,183.01,107.34,48.134,25.164,53.669,FP,,,,,,,
103,32,349.26,183.57,40.67,48.023,25.241,20.337,FP,,,,,,,
103,33,345.43,188.59,96.06,47.497,25.932,48.028,FP,,,,,,,
103,34,352.12,182.61,133.66,48.417,25.108,66.832,FP,,,,,,,
103,35,352.43,181.06,144.55,48.46,24.895,72.274,FP,,,,,,,
103,36,353.08,184.67,159.86,48.549,25.392,79.93,FP,,,,,,,
103,37,353.38,184.64,167.98,48.589,25.389,83.989,FP,,,,,,,
103,38,344.0,182.5,113.0,47.3,25.094,56.5,FP,,,,,,,
103,39,191.75,189.17,31.88,26.365,26.011,15.939,FP,,,,,,,
103,40,351.0,185.0,9.0,48.263,25.438,4.5,FP,,,,,,,
103,41,353.2,186.0,9.0,48.565,25.575,4.5,FP,,,,,,,
103,42,27.51,189.3,96.04,3.782,26.029,48.018,FP,,,,,,,
103,43,33.53,190.41,31.86,4.61,26.182,15.932,FP,,,,,,,
103,44,346.0,187.0,113.0,47.575,25.712,56.5,FP,,,,,,,
103,45,446.98,189.95,32.18,61.46,26.118,16.09,FP,,,,,,,
103,46,205.73,189.74,96.15,28.288,26.089,48.075,FP,,,,,,,
103,47,350.0,189.0,113.0,48.125,25.988,56.5,FP,,,,,,,
103,48,192.5,190.5,96.5,26.469,26.194,48.25,FP,,,,,,,
103,49,189.17,206.7,32.04,26.01,28.422,16.019,FP,,,,,,,
103,50,66.14,221.86,96.86,9.095,30.505,48.429,FP,,,,,,,
103,51,63.0,222.0,97.0,8.663,30.525,48.5,FP,,,,,,,
103,52,104.26,238.07,95.75,14.336,32.734,47.873,FP,,,,,,,
103,53,67.73,237.6,31.9,9.313,32.67,15.951,FP,,,,,,,
103,54,110.6,237.4,160.2,15.208,32.642,80.1,FP,,,,,,,
103,55,66.28,270.83,32.23,9.113,37.24,16.117,FP,,,,,,,
103,56,225.15,284.9,31.98,30.958,39.174,15.991,FP,,,,,,,
103,57,66.84,285.37,32.05,9.19,39.238,16.023,FP,,,,,,,
103,58,144.37,288.19,31.95,19.851,39.626,15.977,FP,,,,,,,
103,59,225.8,284.8,40.75,31.048,39.16,20.375,FP,,,,,,,
103,60,150.53,288.51,94.19,20.698,39.67,47.093,FP,,,,,,,
103,61,323.11,285.33,96.27,44.428,39.233,48.133,FP,,,,,,,
103,62,151.16,287.77,109.43,20.784,39.569,54.715,FP,,,,,,,
103,63,220.08,286.31,96.3,30.262,39.367,48.149,FP,,,,,,,
103,64,150.17,287.89,80.67,20.649,39.585,40.337,FP,,,,,,,
103,65,225.4,286.2,104.8,30.993,39.353,52.4,FP,,,,,,,
103,66,151.4,291.39,130.0,20.817,40.066,65.0,FP,,,,,,,
103,67,319.48,300.76,32.47,43.929,41.354,16.233,FP,,,,,,,
103,68,321.5,301.0,96.5,44.206,41.388,48.25,FP,,,,,,,
103,69,114.5,313.42,1.73,15.743,43.096,0.867,FP,,,,,,,
103,70,114.36,310.86,8.36,15.724,42.743,4.179,FP,,,,,,,
103,71,441.38,317.67,31.9,60.69,43.679,15.949,FP,,,,,,,
103,72,113.52,315.56,16.51,15.61,43.389,8.254,FP,,,,,,,
103,73,363.11,317.78,95.84,49.928,43.695,47.922,FP,,,,,,,
103,74,447.02,318.37,95.93,61.465,43.776,47.967,FP,,,,,,,
103,75,112.11,316.75,32.12,15.414,43.553,16.06,FP,,,,,,,
103,76,369.99,317.5,168.12,50.873,43.656,84.062,FP,,,,,,,
103,77,114.5,314.5,8.0,15.744,43.244,4.0,FP,,,,,,,
103,78,369.38,318.14,160.12,50.789,43.744,80.058,FP,,,,,,,
103,79,193.28,318.43,168.2,26.576,43.784,84.1,FP,,,,,,,
103,80,64.37,318.76,32.45,8.851,43.829,16.226,FP,,,,,,,
103,81,67.32,318.29,96.15,9.256,43.764,48.074,FP,,,,,,,
103,82,152.03,318.74,32.19,20.904,43.827,16.094,FP,,,,,,,
103,83,369.59,317.56,152.56,50.819,43.664,76.278,FP,,,,,,,
103,84,26.0,317.0,96.0,3.575,43.588,48.0,FP,,,,,,,
103,85,369.5,318.0,144.5,50.806,43.725,72.25,FP,,,,,,,
103,86,72.5,321.0,95.0,9.969,44.138,47.5,FP,,,,,,,
103,87,74.5,323.0,96.0,10.244,44.413,48.0,FP,,,,,,,
103,88,71.71,333.01,95.99,9.86,45.789,47.997,FP,,,,,,,
103,89,71.87,332.54,111.83,9.882,45.724,55.913,FP,,,,,,,
103,90,65.5,333.5,32.5,9.006,45.856,16.25,FP,,,,,,,
103,91,73.0,333.0,105.0,10.038,45.788,52.5,FP,,,,,,,
103,92,70.33,334.44,32.44,9.671,45.986,16.222,FP,,,,,,,
103,93,97.6,366.68,31.74,13.42,50.418,15.872,FP,,,,,,,
103,94,81.06,369.04,96.0,11.146,50.742,48.002,FP,,,,,,,
103,95,195.15,365.71,32.41,26.833,50.285,16.203,FP,,,,,,,
103,96,473.58,369.76,32.34,65.118,50.842,16.168,TP,34,0.174,1.992,2.0,-0.167,-0.049,1.992
103,97,211.15,378.36,96.02,29.033,52.024,48.01,TP,35,0.322,1.809,1.837,-0.261,0.188,-1.809
103,98,212.58,376.47,80.38,29.23,51.764,40.19,FP,,,,,,,
103,99,213.29,375.0,73.0,29.327,51.562,36.5,FP,,,,,,,
103,100,213.5,377.0,74.0,29.356,51.838,37.0,FP,,,,,,,
103,101,305.56,414.77,31.84,42.015,57.032,15.919,FP,,,,,,,
103,102,321.11,429.6,168.12,44.152,59.069,84.061,FP,,,,,,,
103,103,320.79,429.76,159.39,44.109,59.092,79.694,FP,,,,,,,
103,104,146.31,447.43,31.75,20.118,61.521,15.873,FP,,,,,,,
103,105,154.28,445.6,96.24,21.214,61.27,48.122,FP,,,,,,,
103,106,66.85,445.52,32.27,9.192,61.259,16.133,FP,,,,,,,
103,107,153.67,444.08,112.92,21.129,61.061,56.458,FP,,,,,,,
103,108,149.77,446.65,40.58,20.593,61.415,20.288,TP,41,0.432,3.057,3.087,-0.401,0.16,-3.057
103,109,153.5,445.81,104.81,21.106,61.299,52.406,FP,,,,,,,
103,110,155.77,445.82,129.97,21.418,61.3,64.984,FP,,,,,,,
103,111,198.68,445.69,96.48,27.319,61.283,48.24,FP,,,,,,,
103,112,370.11,445.89,96.29,50.891,61.309,48.143,FP,,,,,,,
103,113,108.5,446.5,96.5,14.919,61.394,48.25,FP,,,,,,,
103,114,449.33,461.41,32.41,61.783,63.444,16.205,FP,,,,,,,
103,115,33.0,476.5,32.0,4.537,65.519,16.0,TP,46,0.601,4.254,4.297,0.35,0.488,4.254
103,116,350.57,478.3,160.06,48.203,65.766,80.031,FP,,,,,,,
103,117,353.0,477.25,168.0,48.538,65.622,84.0,FP,,,,,,,
103,118,287.5,485.92,40.85,39.531,66.814,20.423,FP,,,,,,,
103,119,287.0,484.5,49.0,39.463,66.619,24.5,FP,,,,,,,
103,120,289.22,492.89,95.78,39.768,67.772,47.889,FP,,,,,,,
103,121,286.8,486.6,33.0,39.435,66.908,16.5,FP,,,,,,,
103,122,352.35,496.62,32.38,48.448,68.285,16.19,FP,,,,,,,
103,123,32.89,494.26,32.32,4.523,67.961,16.158,FP,,,,,,,
103,,,,,49.549,1.351,12.172,FN,0,,,,,,
103,,,,,58.71,2.495,55.196,FN,1,,,,,,
103,,,,,4.781,1.499,54.992,FN,2,,,,,,
103,,,,,14.582,2.138,15.889,FN,3,,,,,,
103,,,,,43.556,3.357,90.729,FN,4,,,,,,
103,,,,,6.854,3.603,92.044,FN,5,,,,,,
103,,,,,54.474,4.344,19.621,FN,6,,,,,,
103,,,,,55.445,8.981,39.994,FN,8,,,,,,
103,,,,,42.084,8.949,31.872,FN,9,,,,,,
103,,,,,27.877,16.238,41.231,FN,10,,,,,,
103,,,,,14.34,16.905,18.417,FN,11,,,,,,
103,,,,,15.903,18.464,14.318,FN,12,,,,,,
103,,,,,14.021,21.066,7.03,FN,13,,,,,,
103,,,,,2.745,22.045,38.218,FN,14,,,,,,
103,,,,,53.322,23.968,96.421,FN,15,,,,,,
103,,,,,29.479,28.813,85.628,FN,17,,,,,,
103,,,,,13.829,32.915,58.146,FN,18,,,,,,
103,,,,,10.547,34.188,98.479,FN,19,,,,,,
103,,,,,29.308,35.995,12.818,FN,20,,,,,,
103,,,,,16.675,36.562,27.524,FN,21,,,,,,
103,,,,,10.372,38.541,4.657,FN,22,,,,,,
103,,,,,31.444,39.37,33.73,FN,23,,,,,,
103,,,,,20.757,39.641,30.18,FN,24,,,,,,
103,,,,,43.527,40.817,21.335,FN,25,,,,,,
103,,,,,49.155,42.339,81.071,FN,26,,,,,,
103,,,,,60.895,43.218,6.455,FN,27,,,,,,
103,,,,,52.327,43.781,16.5,FN,28,,,,,,
103,,,,,41.299,44.862,96.462,FN,29,,,,,,
103,,,,,10.08,45.82,29.286,FN,30,,,,,,
103,,,,,16.187,46.611,76.148,FN,31,,,,,,
103,,,,,0.336,48.579,87.159,FN,32,,,,,,
103,,,,,17.604,48.396,22.646,FN,33,,,,,,
103,,,,,17.218,53.83,79.196,FN,36,,,,,,
103,,,,,26.378,54.304,75.816,FN,37,,,,,,
103,,,,,40.628,55.825,4.254,FN,38,,,,,,
103,,,,,10.058,57.53,75.965,FN,39,,,,,,
103,,,,,44.262,57.747,64.5,FN,40,,,,,,
103,,,,,51.863,63.061,73.317,FN,42,,,,,,
103,,,,,30.603,63.039,42.427,FN,43,,,,,,
103,,,,,51.386,62.893,96.586,FN,44,,,,,,
103,,,,,7.932,63.456,57.627,FN,45,,,,,,
103,,,,,39.75,66.69,60.749,FN,47,,,,,,
103,,,,,48.263,67.005,10.29,FN,48,,,,,,
103,,,,,7.243,67.543,78.167,FN,49,,,,,,
104,0,66.78,45.08,95.88,9.182,6.198,47.939,FP,,,,,,,
104,1,70.3,48.37,32.51,9.666,6.651,16.253,FP,,,,,,,
104,2,73.14,46.98,40.81,10.057,6.46,20.403,FP,,,,,,,
104,3,198.1,62.48,31.86,27.239,8.592,15.928,FP,,,,,,,
104,4,194.47,62.18,95.84,26.739,8.549,47.922,FP,,,,,,,
104,5,349.97,62.36,95.9,48.121,8.574,47.949,FP,,,,,,,
104,6,73.45,61.42,96.16,10.1,8.446,48.079,FP,,,,,,,
104,7,329.14,62.34,31.79,45.257,8.572,15.896,FP,,,,,,,
104,8,447.43,61.79,96.47,61.522,8.496,48.236,FP,,,,,,,
104,9,364.54,78.77,31.9,50.125,10.831,15.949,FP,,,,,,,
104,10,370.43,74.29,168.43,50.934,10.214,84.214,FP,,,,,,,
104,11,366.5,79.12,40.78,50.394,10.88,20.391,FP,,,,,,,
104,12,361.4,79.27,8.73,49.693,10.899,4.367,TP,2,1.161,1.053,1.568,-0.869,0.77,-1.053
104,13,89.95,94.95,95.95,12.368,13.055,47.976,FP,,,,,,,
104,14,90.25,94.08,104.67,12.409,12.936,52.333,FP,,,,,,,
104,15,134.76,107.09,96.04,18.53,14.725,48.02,TP,4,0.465,2.042,2.095,0.16,0.437,2.042
104,16,148.62,110.66,167.93,20.435,15.216,83.963,FP,,,,,,,
104,17,145.86,110.64,160.0,20.056,15.212,80.0,FP,,,,,,,
104,18,134.0,114.0,33.0,18.425,15.675,16.5,FP,,,,,,,
104,19,271.25,120.78,95.95,37.297,16.608,47.974,FP,,,,,,,
104,20,133.0,117.0,40.5,18.288,16.087,20.25,FP,,,,,,,
104,21,134.61,119.28,32.56,18.509,16.401,16.278,FP,,,,,,,
104,22,46.78,122.58,96.09,6.432,16.854,48.046,FP,,,,,,,
104,23,134.0,119.0,41.0,18.425,16.363,20.5,FP,,,,,,,
104,24,49.81,124.45,37.56,6.849,17.112,18.779,FP,,,,,,,
104,25,49.33,126.0,27.67,6.783,17.325,13.833,FP,,,,,,,
104,26,50.5,126.0,25.0,6.944,17.325,12.5,FP,,,,,,,
104,27,160.34,159.75,32.22,22.047,21.966,16.11,FP,,,,,,,
104,28,167.3,162.65,96.94,23.003,22.364,48.471,FP,,,,,,,
104,29,166.29,161.82,104.85,22.865,22.25,52.427,FP,,,,,,,
104,30,166.5,161.78,112.56,22.894,22.244,56.278,FP,,,,,,,
104,31,193.52,173.03,31.89,26.609,23.792,15.946,FP,,,,,,,
104,32,193.48,190.24,31.76,26.603,26.158,15.882,FP,,,,,,,
104,33,64.13,190.09,95.94,8.818,26.137,47.971,FP,,,,,,,
104,34,323.39,190.15,31.88,44.466,26.146,15.939,FP,,,,,,,
104,35,443.4,190.36,95.83,60.967,26.175,47.914,FP,,,,,,,
104,36,60.27,189.08,168.42,8.287,25.998,84.212,FP,,,,,,,
104,37,79.82,189.63,32.0,10.975,26.074,16.0,FP,,,,,,,
104,38,190.02,189.62,96.31,26.128,26.073,48.153,FP,,,,,,,
104,39,220.05,193.51,95.67,30.257,26.608,47.835,FP,,,,,,,
104,40,210.67,189.0,168.33,28.967,25.988,84.167,FP,,,,,,,
104,41,224.94,189.72,168.5,30.93,26.087,84.25,FP,,,,,,,
104,42,319.35,189.67,96.46,43.911,26.079,48.231,FP,,,,,,,
104,43,367.85,189.69,96.51,50.58,26.083,48.255,FP,,,,,,,
104,44,322.0,190.0,168.0,44.275,26.125,84.0,FP,,,,,,,
104,45,348.6,190.2,96.4,47.933,26.153,48.2,FP,,,,,,,
104,46,221.22,197.06,66.39,30.418,27.095,33.194,FP,,,,,,,
104,47,113.81,204.27,129.83,15.649,28.087,64.913,FP,,,,,,,
104,48,111.5,208.58,32.3,15.332,28.679,16.148,FP,,,,,,,
104,49,113.37,206.32,160.27,15.589,28.369,80.137,FP,,,,,,,
104,50,113.71,205.52,136.77,15.635,28.258,68.387,FP,,,,,,,
104,51,113.66,206.09,152.61,15.628,28.338,76.307,FP,,,,,,,
104,52,113.5,205.5,168.5,15.606,28.256,84.25,FP,,,,,,,
104,53,113.74,206.1,144.52,15.64,28.338,72.258,FP,,,,,,,
104,54,61.81,219.95,96.02,8.499,30.243,48.012,FP,,,,,,,
104,55,216.4,239.96,32.76,29.755,32.994,16.38,FP,,,,,,,
104,56,217.53,239.56,40.65,29.911,32.939,20.324,FP,,,,,,,
104,57,218.78,241.77,66.25,30.082,33.243,33.126,FP,,,,,,,
104,58,217.97,238.98,54.61,29.971,32.86,27.303,FP,,,,,,,
104,59,218.5,237.0,49.0,30.044,32.588,24.5,FP,,,,,,,
104,60,218.0,238.5,36.0,29.975,32.794,18.0,FP,,,,,,,
104,61,218.67,239.67,37.0,30.067,32.954,18.5,FP,,,,,,,
104,62,212.0,240.0,41.0,29.15,33.0,20.5,FP,,,,,,,
104,63,213.0,241.0,41.0,29.288,33.138,20.5,FP,,,,,,,
104,64,214.0,243.0,41.0,29.425,33.413,20.5,FP,,,,,,,
104,65,211.56,251.88,96.49,29.089,34.634,48.244,FP,,,,,,,
104,66,181.89,266.71,1.74,25.011,36.673,0.868,FP,,,,,,,
104,67,320.74,284.48,32.29,44.102,39.116,16.144,FP,,,,,,,
104,68,178.36,298.61,31.98,24.524,41.059,15.991,FP,,,,,,,
104,69,181.1,292.14,141.91,24.902,40.169,70.956,FP,,,,,,,
104,70,178.5,298.5,41.0,24.544,41.044,20.5,FP,,,,,,,
104,71,322.2,301.49,96.49,44.302,41.455,48.244,FP,,,,,,,
104,72,68.34,319.0,95.84,9.397,43.863,47.919,FP,,,,,,,
104,73,191.68,316.5,95.92,26.356,43.518,47.96,FP,,,,,,,
104,74,335.98,317.27,31.87,46.197,43.624,15.937,FP,,,,,,,
104,75,34.92,318.03,31.79,4.801,43.729,15.896,FP,,,,,,,
104,76,193.76,317.8,32.44,26.642,43.697,16.22,FP,,,,,,,
104,77,61.0,317.0,32.0,8.387,43.588,16.0,FP,,,,,,,
104,78,64.5,317.0,32.0,8.869,43.588,16.0,FP,,,,,,,
104,79,63.0,318.0,32.0,8.663,43.725,16.0,FP,,,,,,,
104,80,456.67,318.0,96.33,62.792,43.725,48.167,FP,,,,,,,
104,81,462.55,318.25,96.35,63.601,43.759,48.175,FP,,,,,,,
104,82,66.5,334.5,32.5,9.144,45.994,16.25,FP,,,,,,,
104,83,412.79,367.48,95.26,56.758,50.528,47.632,FP,,,,,,,
104,84,412.67,367.07,112.45,56.742,50.472,56.225,FP,,,,,,,
104,85,413.94,366.46,129.91,56.916,50.389,64.957,FP,,,,,,,
104,86,404.9,369.22,32.26,55.674,50.768,16.132,FP,,,,,,,
104,87,168.31,365.48,96.48,23.142,50.254,48.24,FP,,,,,,,
104,88,409.79,366.88,80.62,56.346,50.446,40.31,FP,,,,,,,
104,89,168.0,368.3,40.78,23.1,50.642,20.391,FP,,,,,,,
104,90,402.0,366.5,97.0,55.275,50.394,48.5,FP,,,,,,,
104,91,407.77,368.93,40.6,56.068,50.728,20.3,FP,,,,,,,
104,92,406.0,369.0,17.0,55.825,50.737,8.5,FP,,,,,,,
104,93,410.0,369.0,25.0,56.375,50.737,12.5,FP,,,,,,,
104,94,414.0,371.0,41.0,56.925,51.013,20.5,FP,,,,,,,
104,95,414.0,377.0,33.0,56.925,51.838,16.5,FP,,,,,,,
104,96,315.14,396.51,95.88,43.331,54.521,47.941,FP,,,,,,,
104,97,320.12,394.92,32.51,44.017,54.301,16.253,FP,,,,,,,
104,98,312.5,397.0,130.0,42.969,54.588,65.0,FP,,,,,,,
104,99,449.89,414.0,96.22,61.86,56.925,48.111,FP,,,,,,,
104,100,320.5,427.83,2.08,44.069,58.827,1.042,FP,,,,,,,
104,101,321.28,429.96,31.84,44.176,59.119,15.921,FP,,,,,,,
104,102,497.67,433.41,95.21,68.429,59.594,47.606,TP,38,0.225,2.092,2.104,0.225,0.018,2.092
104,103,496.88,432.22,72.52,68.322,59.43,36.261,FP,,,,,,,
104,104,38.5,438.5,95.0,5.294,60.294,47.5,FP,,,,,,,
104,105,35.85,442.88,96.47,4.929,60.895,48.236,FP,,,,,,,
104,106,33.74,445.24,32.1,4.639,61.221,16.048,FP,,,,,,,
104,107,192.16,445.87,31.81,26.422,61.307,15.907,FP,,,,,,,
104,108,295.66,445.37,95.79,40.653,61.239,47.896,FP,,,,,,,
104,109,497.65,444.32,160.0,68.427,61.095,80.0,FP,,,,,,,
104,110,498.17,445.1,168.34,68.498,61.201,84.169,FP,,,,,,,
104,111,111.72,445.55,96.48,15.361,61.263,48.242,FP,,,,,,,
104,112,290.75,445.38,129.5,39.978,61.239,64.75,TP,40,0.538,3.371,3.413,-0.256,-0.473,3.371
104,113,298.25,444.75,104.67,41.009,61.153,52.333,FP,,,,,,,
104,114,342.82,445.37,96.46,47.138,61.238,48.228,FP,,,,,,,
104,115,498.0,444.71,145.0,68.475,61.148,72.5,FP,,,,,,,
104,116,498.0,445.0,153.0,68.475,61.188,76.5,FP,,,,,,,
104,117,289.0,446.0,130.0,39.737,61.325,65.0,FP,,,,,,,
104,118,293.0,446.0,130.0,40.288,61.325,65.0,FP,,,,,,,
104,119,114.01,464.05,32.52,15.677,63.807,16.259,FP,,,,,,,
104,120,374.08,476.96,96.44,51.436,65.582,48.218,FP,,,,,,,
104,121,400.72,477.59,96.54,55.099,65.668,48.272,FP,,,,,,,
104,122,207.44,478.25,32.38,28.523,65.759,16.188,FP,,,,,,,
104,123,302.86,477.43,2.0,41.643,65.646,1.0,FP,,,,,,,
104,124,400.05,479.75,32.42,55.007,65.966,16.212,TP,45,0.423,3.274,3.301,0.161,0.392,-3.274
104,125,411.0,478.0,96.0,56.513,65.725,48.0,FP,,,,,,,
104,126,223.82,494.45,96.49,30.775,67.987,48.246,FP,,,,,,,
104,127,363.93,497.47,31.91,50.041,68.402,15.953,FP,,,,,,,
104,128,243.0,495.0,32.0,33.413,68.062,16.0,FP,,,,,,,
104,129,362.4,497.5,40.4,49.83,68.406,20.2,FP,,,,,,,
104,130,365.11,497.26,24.63,50.202,68.374,12.316,FP,,,,,,,
104,131,366.0,498.5,17.0,50.325,68.544,8.5,FP,,,,,,,
104,132,33.83,509.05,32.49,4.652,69.994,16.244,FP,,,,,,,
104,,,,,0.29,5.089,31.808,FN,0,,,,,,
104,,,,,10.039,6.615,75.0,FN,1,,,,,,
104,,,,,49.656,11.033,88.576,FN,3,,,,,,
104,,,,,18.301,16.379,73.978,FN,5,,,,,,
104,,,,,36.967,16.92,40.16,FN,6,,,,,,
104,,,,,6.87,17.333,77.329,FN,7,,,,,,
104,,,,,23.919,18.443,92.151,FN,8,,,,,,
104,,,,,48.499,18.836,93.447,FN,9,,,,,,
104,,,,,30.784,18.772,93.254,FN,10,,,,,,
104,,,,,22.726,22.637,35.207,FN,11,,,,,,
104,,,,,60.133,25.607,91.765,FN,12,,,,,,
104,,,,,30.418,27.286,65.363,FN,13,,,,,,
104,,,,,14.787,27.658,32.869,FN,14,,,,,,
104,,,,,24.734,27.905,86.101,FN,15,,,,,,
104,,,,,35.026,30.36,93.33,FN,16,,,,,,
104,,,,,7.748,30.04,64.614,FN,17,,,,,,
104,,,,,15.47,30.31,70.096,FN,18,,,,,,
104,,,,,49.528,32.583,98.619,FN,19,,,,,,
104,,,,,62.44,32.771,91.106,FN,20,,,,,,
104,,,,,30.072,32.806,67.651,FN,21,,,,,,
104,,,,,25.081,36.681,95.669,FN,22,,,,,,
104,,,,,43.188,37.558,1.028,FN,23,,,,,,
104,,,,,5.921,39.93,71.273,FN,24,,,,,,
104,,,,,24.665,40.272,9.307,FN,25,,,,,,
104,,,,,54.193,40.828,97.966,FN,26,,,,,,
104,,,,,7.819,42.681,70.214,FN,27,,,,,,
104,,,,,9.485,46.046,85.118,FN,28,,,,,,
104,,,,,23.223,50.35,65.441,FN,29,,,,,,
104,,,,,56.509,50.641,26.704,FN,30,,,,,,
104,,,,,43.099,53.791,42.5,FN,31,,,,,,
104,,,,,45.32,53.761,51.644,FN,32,,,,,,
104,,,,,4.37,54.1,83.806,FN,33,,,,,,
104,,,,,41.183,54.846,62.556,FN,34,,,,,,
104,,,,,3.483,57.102,89.329,FN,35,,,,,,
104,,,,,48.237,58.66,72.542,FN,36,,,,,,
104,,,,,4.953,59.405,53.486,FN,37,,,,,,
104,,,,,15.032,61.134,38.431,FN,39,,,,,,
104,,,,,24.423,64.827,74.5,FN,41,,,,,,
104,,,,,29.943,64.721,10.5,FN,42,,,,,,
104,,,,,15.97,64.754,69.716,FN,43,,,,,,
104,,,,,51.597,65.122,87.0,FN,44,,,,,,
104,,,,,15.998,67.097,32.122,FN,46,,,,,,
104,,,,,35.466,67.462,1.505,FN,47,,,,,,
104,,,,,50.069,68.387,85.729,FN,48,,,,,,
104,,,,,68.794,69.749,58.353,FN,49,,,,,,
105,0,161.84,11.28,95.86,22.253,1.551,47.932,FP,,,,,,,
105,1,272.49,25.6,32.3,37.467,3.52,16.149,FP,,,,,,,
105,2,272.88,24.12,40.56,37.52,3.317,20.281,FP,,,,,,,
105,3,289.35,30.24,96.59,39.786,4.157,48.294,FP,,,,,,,
105,4,337.43,44.74,32.43,46.397,6.152,16.217,FP,,,,,,,
105,5,357.22,64.03,31.92,49.118,8.804,15.959,FP,,,,,,,
105,6,352.76,62.23,95.83,48.504,8.557,47.917,FP,,,,,,,
105,7,48.27,63.8,31.82,6.638,8.772,15.911,FP,,,,,,,
105,8,449.57,62.62,31.85,61.816,8.611,15.927,FP,,,,,,,
105,9,190.51,61.2,96.03,26.195,8.415,48.015,FP,,,,,,,
105,10,449.37,61.48,96.05,61.789,8.453,48.025,FP,,,,,,,
105,11,194.87,61.55,32.44,26.795,8.463,16.218,FP,,,,,,,
105,12,321.65,61.83,168.52,44.227,8.501,84.261,FP,,,,,,,
105,13,63.59,62.89,167.89,8.744,8.647,83.944,FP,,,,,,,
105,14,368.97,62.52,96.45,50.733,8.596,48.226,FP,,,,,,,
105,15,65.75,62.0,96.25,9.041,8.525,48.125,FP,,,,,,,
105,16,497.74,64.74,168.5,68.439,8.901,84.25,FP,,,,,,,
105,17,193.4,93.73,96.5,26.593,12.888,48.25,FP,,,,,,,
105,18,286.58,97.49,101.2,39.404,13.405,50.599,FP,,,,,,,
105,19,285.0,97.5,92.0,39.188,13.406,46.0,FP,,,,,,,
105,20,305.18,123.42,32.52,41.963,16.97,16.258,FP,,,,,,,
105,21,494.78,132.56,17.0,68.032,18.226,8.5,FP,,,,,,,
105,22,495.5,132.67,9.0,68.131,18.242,4.5,FP,,,,,,,
105,23,498.5,133.0,32.5,68.544,18.288,16.25,FP,,,,,,,
105,24,49.7,174.85,32.36,6.833,24.042,16.182,FP,,,,,,,
105,25,58.76,189.3,31.84,8.08,26.029,15.92,FP,,,,,,,
105,26,58.64,190.51,95.82,8.063,26.194,47.911,FP,,,,,,,
105,27,55.0,184.0,121.0,7.562,25.3,60.5,FP,,,,,,,
105,28,449.24,190.0,31.8,61.77,26.124,15.901,FP,,,,,,,
105,29,58.4,185.8,105.0,8.03,25.548,52.5,FP,,,,,,,
105,30,163.56,188.37,96.24,22.49,25.9,48.119,FP,,,,,,,
105,31,195.58,190.08,31.86,26.893,26.136,15.928,FP,,,,,,,
105,32,64.42,189.52,168.07,8.858,26.059,84.036,FP,,,,,,,
105,33,64.21,189.82,159.21,8.829,26.1,79.607,FP,,,,,,,
105,34,281.74,189.57,32.09,38.739,26.065,16.043,FP,,,,,,,
105,35,449.73,189.77,96.39,61.838,26.094,48.193,FP,,,,,,,
105,36,414.0,190.0,96.0,56.925,26.125,48.0,FP,,,,,,,
105,37,320.45,205.57,96.43,44.061,28.266,48.213,FP,,,,,,,
105,38,364.65,232.48,156.44,50.14,31.965,78.219,FP,,,,,,,
105,39,356.04,239.44,32.16,48.956,32.923,16.081,FP,,,,,,,
105,40,410.27,250.66,95.68,56.412,34.466,47.841,FP,,,,,,,
105,41,413.48,267.23,96.48,56.853,36.744,48.24,FP,,,,,,,
105,42,64.81,281.25,95.72,8.911,38.672,47.861,TP,19,0.41,1.991,2.033,-0.007,0.41,1.991
105,43,65.69,282.44,104.84,9.033,38.836,52.419,FP,,,,,,,
105,44,64.55,283.92,32.25,8.875,39.039,16.124,FP,,,,,,,
105,45,65.29,285.83,168.5,8.978,39.302,84.25,FP,,,,,,,
105,46,114.71,301.79,168.54,15.773,41.496,84.268,FP,,,,,,,
105,47,115.44,316.43,168.5,15.874,43.51,84.25,FP,,,,,,,
105,48,370.86,316.08,168.51,50.994,43.46,84.253,FP,,,,,,,
105,49,370.82,316.33,160.39,50.988,43.496,80.193,FP,,,,,,,
105,50,75.27,317.58,31.91,10.35,43.667,15.953,FP,,,,,,,
105,51,332.42,318.63,95.91,45.708,43.812,47.957,FP,,,,,,,
105,52,453.16,317.71,32.0,62.309,43.685,16.0,FP,,,,,,,
105,53,190.86,318.68,31.89,26.243,43.819,15.946,FP,,,,,,,
105,54,106.91,318.55,96.05,14.7,43.8,48.025,FP,,,,,,,
105,55,114.62,317.25,160.5,15.761,43.622,80.25,FP,,,,,,,
105,56,194.94,317.81,96.5,26.805,43.699,48.25,FP,,,,,,,
105,57,317.92,317.38,32.46,43.714,43.639,16.229,FP,,,,,,,
105,58,496.4,319.48,95.83,68.256,43.928,47.916,FP,,,,,,,
105,59,162.5,317.75,96.75,22.344,43.691,48.375,FP,,,,,,,
105,60,292.41,318.66,96.52,40.207,43.815,48.259,FP,,,,,,,
105,61,158.25,318.0,96.25,21.759,43.725,48.125,FP,,,,,,,
105,62,174.0,318.0,32.25,23.925,43.725,16.125,FP,,,,,,,
105,63,189.0,318.0,96.0,25.988,43.725,48.0,FP,,,,,,,
105,64,369.58,333.37,32.28,50.818,45.838,16.138,FP,,,,,,,
105,65,430.0,341.86,130.14,59.125,47.005,65.071,FP,,,,,,,
105,66,430.07,344.87,80.67,59.134,47.419,40.336,FP,,,,,,,
105,67,430.66,347.58,96.59,59.216,47.792,48.295,FP,,,,,,,
105,68,432.27,345.62,109.58,59.438,47.523,54.79,FP,,,,,,,
105,69,429.58,345.04,89.79,59.068,47.443,44.896,FP,,,,,,,
105,70,429.33,344.67,73.0,59.033,47.392,36.5,FP,,,,,,,
105,71,435.0,344.33,96.33,59.812,47.346,48.167,FP,,,,,,,
105,72,430.0,345.0,85.0,59.125,47.438,42.5,FP,,,,,,,
105,73,372.42,350.43,96.01,51.208,48.184,48.003,FP,,,,,,,
105,74,432.33,348.0,92.44,59.446,47.85,46.222,FP,,,,,,,
105,75,371.43,349.55,80.5,51.072,48.062,40.25,FP,,,,,,,
105,76,373.4,350.07,104.73,51.342,48.134,52.367,FP,,,,,,,
105,77,424.7,350.98,32.51,58.396,48.259,16.256,FP,,,,,,,
105,78,394.0,353.0,105.0,54.175,48.538,52.5,FP,,,,,,,
105,79,395.0,354.0,97.0,54.312,48.675,48.5,FP,,,,,,,
105,80,394.0,355.0,105.0,54.175,48.812,52.5,FP,,,,,,,
105,81,19.47,365.18,95.9,2.678,50.212,47.952,FP,,,,,,,
105,82,370.0,359.5,32.0,50.875,49.431,16.0,FP,,,,,,,
105,83,17.81,364.82,112.46,2.449,50.163,56.231,FP,,,,,,,
105,84,18.5,364.25,104.75,2.544,50.084,52.375,FP,,,,,,,
105,85,13.88,370.55,32.64,1.909,50.951,16.318,FP,,,,,,,
105,86,14.38,369.0,40.88,1.977,50.737,20.438,FP,,,,,,,
105,87,415.0,371.0,32.0,57.062,51.013,16.0,TP,30,1.065,0.523,1.186,-0.69,-0.81,-0.523
105,88,420.12,375.58,104.94,57.766,51.642,52.472,FP,,,,,,,
105,89,284.46,376.82,95.84,39.113,51.812,47.922,FP,,,,,,,
105,90,420.13,375.96,96.55,57.768,51.694,48.277,FP,,,,,,,
105,91,419.51,375.64,112.53,57.683,51.65,56.264,FP,,,,,,,
105,92,421.71,377.21,130.86,57.986,51.867,65.429,FP,,,,,,,
105,93,421.0,378.0,134.0,57.888,51.975,67.0,FP,,,,,,,
105,94,290.73,391.0,96.65,39.975,53.763,48.327,FP,,,,,,,
105,95,63.12,397.94,95.76,8.679,54.717,47.881,FP,,,,,,,
105,96,61.28,396.87,80.41,8.426,54.569,40.206,FP,,,,,,,
105,97,320.72,397.86,31.99,44.1,54.706,15.996,FP,,,,,,,
105,98,58.92,397.25,66.28,8.102,54.622,33.138,FP,,,,,,,
105,99,63.58,397.08,104.58,8.743,54.599,52.292,FP,,,,,,,
105,100,66.67,397.33,160.17,9.167,54.633,80.083,FP,,,,,,,
105,101,67.76,397.95,168.58,9.317,54.718,84.289,FP,,,,,,,
105,102,374.29,397.57,1.86,51.464,54.666,0.929,FP,,,,,,,
105,103,320.84,412.93,32.28,44.115,56.777,16.142,FP,,,,,,,
105,104,225.83,413.08,32.42,31.052,56.799,16.208,FP,,,,,,,
105,105,64.54,413.58,32.46,8.874,56.867,16.231,FP,,,,,,,
105,106,65.55,428.48,32.52,9.013,58.917,16.258,FP,,,,,,,
105,107,243.98,431.02,96.07,33.547,59.265,48.034,FP,,,,,,,
105,108,244.38,430.07,80.56,33.603,59.134,40.281,FP,,,,,,,
105,109,243.07,430.89,72.59,33.421,59.248,36.293,FP,,,,,,,
105,110,244.62,429.64,88.49,33.636,59.076,44.244,FP,,,,,,,
105,111,486.12,446.36,31.84,66.841,61.375,15.922,FP,,,,,,,
105,112,66.6,445.11,32.28,9.157,61.203,16.141,FP,,,,,,,
105,113,241.89,444.56,96.48,33.26,61.126,48.241,FP,,,,,,,
105,114,321.55,445.46,32.3,44.213,61.251,16.148,FP,,,,,,,
105,115,404.25,445.52,96.24,55.584,61.259,48.118,FP,,,,,,,
105,116,481.27,445.45,96.39,66.174,61.25,48.196,FP,,,,,,,
105,117,194.14,445.75,96.57,26.695,61.291,48.286,FP,,,,,,,
105,118,241.65,446.76,168.51,33.226,61.43,84.255,FP,,,,,,,
105,119,334.13,445.84,96.05,45.943,61.303,48.024,FP,,,,,,,
105,120,241.5,446.0,161.0,33.206,61.325,80.5,FP,,,,,,,
105,121,321.44,445.67,96.22,44.199,61.279,48.111,FP,,,,,,,
105,122,409.5,445.5,32.5,56.306,61.256,16.25,FP,,,,,,,
105,123,414.0,445.71,32.43,56.925,61.286,16.214,FP,,,,,,,
105,124,463.97,446.63,168.58,63.796,61.412,84.289,FP,,,,,,,
105,125,497.67,446.67,41.0,68.429,61.417,20.5,FP,,,,,,,
105,126,495.0,447.0,96.0,68.062,61.463,48.0,FP,,,,,,,
105,127,495.66,458.57,95.87,68.154,63.053,47.936,FP,,,,,,,
105,128,497.78,458.11,105.0,68.444,62.99,52.5,FP,,,,,,,
105,129,449.07,477.72,95.9,61.747,65.686,47.948,FP,,,,,,,
105,130,418.87,477.38,2.07,57.595,65.64,1.034,FP,,,,,,,
105,131,135.76,479.24,19.01,18.667,65.896,9.507,FP,,,,,,,
105,132,135.81,479.3,8.73,18.674,65.904,4.366,FP,,,,,,,
105,133,136.82,478.74,37.38,18.813,65.826,18.688,FP,,,,,,,
105,134,417.33,477.67,32.0,57.383,65.679,16.0,FP,,,,,,,
105,135,138.0,478.5,29.0,18.975,65.794,14.5,FP,,,,,,,
105,136,37.7,495.38,96.28,5.184,68.115,48.139,FP,,,,,,,
105,137,65.7,493.51,96.49,9.034,67.858,48.243,FP,,,,,,,
105,138,320.49,493.86,96.27,44.067,67.905,48.133,FP,,,,,,,
105,139,396.7,497.56,168.22,54.547,68.414,84.111,FP,,,,,,,
105,,,,,68.077,0.245,1.545,FN,0,,,,,,
105,,,,,22.08,2.156,67.236,FN,1,,,,,,
105,,,,,2.441,1.788,62.264,FN,2,,,,,,
105,,,,,38.124,3.116,8.966,FN,3,,,,,,
105,,,,,46.52,5.723,25.5,FN,4,,,,,,
105,,,,,6.526,8.067,7.464,FN,5,,,,,,
105,,,,,51.041,9.544,26.895,FN,6,,,,,,
105,,,,,45.691,13.226,80.533,FN,7,,,,,,
105,,,,,39.391,13.587,34.724,FN,8,,,,,,
105,,,,,68.163,18.316,83.759,FN,9,,,,,,
105,,,,,17.594,20.789,79.23,FN,10,,,,,,
105,,,,,36.077,22.107,41.367,FN,11,,,,,,
105,,,,,4.515,22.937,94.549,FN,12,,,,,,
105,,,,,7.847,25.209,22.11,FN,13,,,,,,
105,,,,,18.731,30.256,65.5,FN,14,,,,,,
105,,,,,50.071,32.181,5.049,FN,15,,,,,,
105,,,,,56.231,35.59,40.844,FN,16,,,,,,
105,,,,,30.63,34.941,69.391,FN,17,,,,,,
105,,,,,0.256,37.947,53.784,FN,18,,,,,,
105,,,,,49.945,42.89,8.5,FN,20,,,,,,
105,,,,,43.907,46.521,11.477,FN,21,,,,,,
105,,,,,59.276,47.668,31.605,FN,22,,,,,,
105,,,,,37.708,48.405,1.0,FN,23,,,,,,
105,,,,,53.936,48.635,13.003,FN,24,,,,,,
105,,,,,50.76,49.463,74.302,FN,25,,,,,,
105,,,,,2.083,49.457,36.965,FN,26,,,,,,
105,,,,,1.944,51.712,28.511,FN,27,,,,,,
105,,,,,16.734,51.201,42.033,FN,28,,,,,,
105,,,,,55.092,51.993,43.262,FN,29,,,,,,
105,,,,,6.806,53.574,81.252,FN,31,,,,,,
105,,,,,38.283,53.423,29.5,FN,32,,,,,,
105,,,,,40.161,53.438,24.028,FN,33,,,,,,
105,,,,,31.922,55.389,25.041,FN,34,,,,,,
105,,,,,8.494,54.974,66.547,FN,35,,,,,,
105,,,,,59.539,56.605,98.09,FN,36,,,,,,
105,,,,,8.538,59.211,95.006,FN,37,,,,,,
105,,,,,9.777,58.86,0.5,FN,38,,,,,,
105,,,,,66.96,59.389,9.839,FN,39,,,,,,
105,,,,,33.063,59.505,54.146,FN,40,,,,,,
105,,,,,59.434,59.48,28.271,FN,41,,,,,,
105,,,,,55.482,61.303,26.78,FN,42,,,,,,
105,,,,,67.889,63.013,42.21,FN,43,,,,,,
105,,,,,22.214,63.808,74.972,FN,44,,,,,,
105,,,,,61.914,64.518,43.975,FN,45,,,,,,
105,,,,,9.208,66.256,77.005,FN,46,,,,,,
105,,,,,18.875,65.881,80.72,FN,47,,,,,,
105,,,,,53.195,68.785,24.006,FN,48,,,,,,
105,,,,,5.028,69.043,19.96,FN,49,,,,,,
118,0,197.35,13.26,95.95,27.136,1.823,47.976,FP,,,,,,,
118,1,305.2,31.26,31.78,41.964,4.299,15.889,FP,,,,,,,
118,2,146.57,28.88,32.43,20.153,3.971,16.216,FP,,,,,,,
118,3,153.56,29.33,96.44,21.114,4.033,48.222,FP,,,,,,,
118,4,193.61,29.91,32.48,26.621,4.113,16.239,FP,,,,,,,
118,5,305.12,31.03,40.59,41.954,4.267,20.295,FP,,,,,,,
118,6,318.5,30.16,96.03,43.794,4.147,48.013,FP,,,,,,,
118,7,321.0,45.0,97.0,44.138,6.188,48.5,FP,,,,,,,
118,8,319.0,46.0,96.0,43.862,6.325,48.0,FP,,,,,,,
118,9,71.39,62.77,32.23,9.816,8.631,16.113,FP,,,,,,,
118,10,193.6,61.6,32.5,26.62,8.47,16.25,FP,,,,,,,
118,11,322.1,61.1,96.1,44.289,8.401,48.05,FP,,,,,,,
118,12,61.0,62.5,96.0,8.387,8.594,48.0,FP,,,,,,,
118,13,267.44,70.82,40.56,36.773,9.738,20.281,FP,,,,,,,
118,14,265.97,70.48,32.68,36.571,9.692,16.339,FP,,,,,,,
118,15,269.24,70.21,54.87,37.02,9.654,27.434,FP,,,,,,,
118,16,268.5,70.0,49.0,36.919,9.625,24.5,FP,,,,,,,
118,17,271.68,73.91,96.27,37.356,10.162,48.133,FP,,,,,,,
118,18,451.72,93.46,32.02,62.111,12.85,16.009,FP,,,,,,,
118,19,148.48,114.05,32.25,20.416,15.682,16.126,TP,9,0.829,1.485,1.701,-0.728,-0.397,1.485
118,20,448.56,109.96,96.53,61.678,15.12,48.264,FP,,,,,,,
118,21,152.89,114.06,96.5,21.022,15.683,48.252,FP,,,,,,,
118,22,148.65,113.5,40.6,20.439,15.606,20.3,FP,,,,,,,
118,23,153.1,115.15,104.56,21.051,15.834,52.278,FP,,,,,,,
118,24,191.6,119.84,96.08,26.345,16.478,48.042,FP,,,,,,,
118,25,154.67,114.0,40.67,21.267,15.675,20.333,FP,,,,,,,
118,26,154.0,117.0,113.0,21.175,16.087,56.5,FP,,,,,,,
118,27,154.0,116.5,131.0,21.175,16.019,65.5,FP,,,,,,,
118,28,191.67,118.59,104.57,26.354,16.307,52.286,FP,,,,,,,
118,29,418.52,161.1,96.1,57.547,22.151,48.05,FP,,,,,,,
118,30,188.22,173.39,95.9,25.88,23.841,47.951,FP,,,,,,,
118,31,292.0,179.4,41.0,40.15,24.667,20.5,FP,,,,,,,
118,32,290.59,189.11,95.98,39.956,26.003,47.991,FP,,,,,,,
118,33,320.73,190.71,95.84,44.1,26.223,47.918,FP,,,,,,,
118,34,337.37,189.6,96.0,46.389,26.07,48.0,FP,,,,,,,
118,35,371.55,189.88,168.45,51.088,26.108,84.227,FP,,,,,,,
118,36,73.63,190.12,95.84,10.125,26.142,47.921,FP,,,,,,,
118,37,193.5,189.5,96.4,26.606,26.056,48.2,FP,,,,,,,
118,38,320.94,189.88,32.55,44.129,26.108,16.273,FP,,,,,,,
118,39,97.5,190.09,32.55,13.406,26.138,16.273,FP,,,,,,,
118,40,114.0,190.0,32.5,15.675,26.125,16.25,FP,,,,,,,
118,41,372.0,189.0,160.0,51.15,25.988,80.0,FP,,,,,,,
118,42,443.95,228.01,168.12,61.042,31.351,84.062,FP,,,,,,,
118,43,442.69,230.05,159.5,60.87,31.632,79.75,FP,,,,,,,
118,44,437.9,230.73,144.83,60.211,31.725,72.417,FP,,,,,,,
118,45,475.43,234.74,95.76,65.372,32.277,47.882,FP,,,,,,,
118,46,169.64,237.63,95.94,23.325,32.674,47.97,FP,,,,,,,
118,47,433.41,238.84,32.17,59.594,32.84,16.087,FP,,,,,,,
118,48,38.75,241.61,32.09,5.328,33.221,16.045,FP,,,,,,,
118,49,66.35,237.65,96.49,9.123,32.677,48.243,FP,,,,,,,
118,50,115.0,236.5,160.0,15.812,32.519,80.0,FP,,,,,,,
118,51,38.67,238.33,48.5,5.317,32.771,24.25,FP,,,,,,,
118,52,42.93,241.28,40.79,5.903,33.176,20.395,FP,,,,,,,
118,53,174.83,250.27,32.49,24.039,34.412,16.244,FP,,,,,,,
118,54,161.42,272.2,95.69,22.195,37.428,47.847,TP,31,0.782,0.587,0.978,0.599,-0.503,0.587
118,55,192.5,286.5,32.0,26.469,39.394,16.0,FP,,,,,,,
118,56,48.17,301.65,31.89,6.624,41.477,15.947,FP,,,,,,,
118,57,369.58,299.7,32.51,50.817,41.208,16.256,FP,,,,,,,
118,58,461.53,317.09,31.87,63.461,43.6,15.936,FP,,,,,,,
118,59,64.45,317.81,95.84,8.861,43.698,47.918,FP,,,,,,,
118,60,60.21,318.44,31.92,8.278,43.786,15.962,FP,,,,,,,
118,61,456.57,319.17,95.8,62.779,43.886,47.902,FP,,,,,,,
118,62,310.68,317.68,96.36,42.719,43.681,48.182,FP,,,,,,,
118,63,154.12,317.75,32.12,21.192,43.691,16.062,FP,,,,,,,
118,64,355.75,318.0,96.75,48.916,43.725,48.375,FP,,,,,,,
118,65,78.84,339.76,96.18,10.84,46.717,48.088,FP,,,,,,,
118,66,171.54,338.2,95.62,23.587,46.503,47.812,TP,37,0.192,3.18,3.186,0.113,-0.155,3.18
118,67,244.9,333.38,168.49,33.673,45.84,84.244,FP,,,,,,,
118,68,245.84,333.36,160.48,33.803,45.837,80.24,FP,,,,,,,
118,69,459.0,334.0,96.0,63.113,45.925,48.0,FP,,,,,,,
118,70,320.61,368.08,31.87,44.085,50.611,15.936,FP,,,,,,,
118,71,41.5,367.72,95.76,5.706,50.561,47.878,TP,41,0.38,1.631,1.674,-0.355,0.135,1.631
118,72,320.33,365.62,168.24,44.045,50.273,84.121,FP,,,,,,,
118,73,322.17,366.22,40.72,44.298,50.356,20.361,FP,,,,,,,
118,74,318.88,367.09,159.41,43.846,50.475,79.706,FP,,,,,,,
118,75,194.0,366.0,32.0,26.675,50.325,16.0,FP,,,,,,,
118,76,42.0,367.0,104.0,5.775,50.463,52.0,FP,,,,,,,
118,77,466.25,408.63,32.79,64.11,56.187,16.394,FP,,,,,,,
118,78,468.31,407.49,49.09,64.393,56.029,24.543,FP,,,,,,,
118,79,470.0,405.0,53.0,64.625,55.688,26.5,FP,,,,,,,
118,80,467.7,408.59,40.53,64.309,56.181,20.264,FP,,,,,,,
118,81,469.61,407.95,65.93,64.571,56.093,32.963,FP,,,,,,,
118,82,465.47,411.95,96.38,64.002,56.644,48.19,FP,,,,,,,
118,83,31.38,413.93,95.84,4.314,56.915,47.918,FP,,,,,,,
118,84,17.46,415.2,32.44,2.401,57.09,16.218,FP,,,,,,,
118,85,72.31,446.14,32.47,9.942,61.344,16.236,FP,,,,,,,
118,86,497.5,445.3,32.3,68.406,61.229,16.15,FP,,,,,,,
118,87,158.34,463.4,96.46,21.772,63.717,48.23,FP,,,,,,,
118,88,67.46,495.59,95.82,9.275,68.144,47.91,FP,,,,,,,
118,89,67.42,501.45,32.5,9.271,68.949,16.251,FP,,,,,,,
118,90,162.0,502.0,96.5,22.275,69.025,48.25,FP,,,,,,,
118,,,,,48.242,0.255,22.177,FN,0,,,,,,
118,,,,,58.068,0.791,61.763,FN,1,,,,,,
118,,,,,60.342,0.717,36.279,FN,2,,,,,,
118,,,,,66.659,0.439,3.897,FN,3,,,,,,
118,,,,,20.109,1.958,12.752,FN,4,,,,,,
118,,,,,41.854,4.175,8.374,FN,5,,,,,,
118,,,,,21.518,5.175,87.25,FN,6,,,,,,
118,,,,,36.954,9.783,66.789,FN,7,,,,,,
118,,,,,26.133,16.429,38.985,FN,8,,,,,,
118,,,,,54.625,16.837,69.222,FN,10,,,,,,
118,,,,,32.1,20.3,74.618,FN,11,,,,,,
118,,,,,63.67,23.259,82.09,FN,12,,,,,,
118,,,,,43.467,23.064,98.462,FN,13,,,,,,
118,,,,,24.31,23.824,54.473,FN,14,,,,,,
118,,,,,40.001,24.709,76.77,FN,15,,,,,,
118,,,,,52.674,26.294,76.735,FN,16,,,,,,
118,,,,,4.867,26.449,96.917,FN,17,,,,,,
118,,,,,49.979,27.067,67.478,FN,18,,,,,,
118,,,,,54.033,27.85,70.543,FN,19,,,,,,
118,,,,,40.02,29.268,93.624,FN,20,,,,,,
118,,,,,45.601,29.109,1.989,FN,21,,,,,,
118,,,,,42.367,29.767,91.716,FN,22,,,,,,
118,,,,,65.434,31.796,59.78,FN,23,,,,,,
118,,,,,60.022,31.831,4.76,FN,24,,,,,,
118,,,,,23.355,32.312,40.443,FN,25,,,,,,
118,,,,,6.332,33.5,9.615,FN,26,,,,,,
118,,,,,10.992,33.468,89.175,FN,27,,,,,,
118,,,,,28.478,33.971,88.0,FN,28,,,,,,
118,,,,,43.747,34.713,93.522,FN,29,,,,,,
118,,,,,23.712,35.413,68.504,FN,30,,,,,,
118,,,,,50.393,40.94,43.49,FN,32,,,,,,
118,,,,,64.082,41.851,11.5,FN,33,,,,,,
118,,,,,7.095,41.208,9.232,FN,34,,,,,,
118,,,,,36.016,45.38,73.997,FN,35,,,,,,
118,,,,,62.745,46.336,25.408,FN,36,,,,,,
118,,,,,10.759,46.72,35.265,FN,38,,,,,,
118,,,,,16.378,47.954,36.351,FN,39,,,,,,
118,,,,,43.859,50.47,1.268,FN,40,,,,,,
118,,,,,64.346,56.103,67.992,FN,42,,,,,,
118,,,,,4.025,57.006,42.364,FN,43,,,,,,
118,,,,,0.631,56.714,95.021,FN,44,,,,,,
118,,,,,48.91,58.208,53.903,FN,45,,,,,,
118,,,,,21.682,64.032,25.412,FN,46,,,,,,
118,,,,,1.758,65.159,78.966,FN,47,,,,,,
118,,,,,60.052,67.232,90.117,FN,48,,,,,,
118,,,,,9.554,67.825,54.0,FN,49,,,,,,
119,0,487.91,13.53,96.43,67.088,1.86,48.216,FP,,,,,,,
119,1,70.05,35.96,32.43,9.632,4.945,16.216,FP,,,,,,,
119,2,66.38,53.31,96.31,9.127,7.329,48.154,FP,,,,,,,
119,3,340.39,62.12,95.81,46.803,8.541,47.904,FP,,,,,,,
119,4,403.01,62.58,102.06,55.414,8.605,51.028,FP,,,,,,,
119,5,63.63,60.09,32.04,8.75,8.262,16.022,FP,,,,,,,
119,6,329.56,62.51,31.88,45.315,8.594,15.941,FP,,,,,,,
119,7,340.08,60.06,112.68,46.761,8.258,56.34,FP,,,,,,,
119,8,343.98,59.99,129.73,47.297,8.248,64.866,FP,,,,,,,
119,9,344.2,60.15,168.3,47.328,8.271,84.148,FP,,,,,,,
119,10,344.81,59.58,159.77,47.412,8.192,79.885,FP,,,,,,,
119,11,397.08,63.48,32.6,54.598,8.729,16.301,FP,,,,,,,
119,12,341.61,60.6,105.54,46.972,8.332,52.768,FP,,,,,,,
119,13,401.34,62.73,79.29,55.184,8.626,39.647,TP,5,0.329,3.12,3.138,-0.256,0.207,3.12
119,14,198.84,61.53,32.18,27.341,8.461,16.092,FP,,,,,,,
119,15,342.5,58.5,137.0,47.094,8.044,68.5,FP,,,,,,,
119,16,398.66,62.35,40.56,54.815,8.573,20.279,FP,,,,,,,
119,17,403.04,61.6,129.96,55.418,8.469,64.979,FP,,,,,,,
119,18,204.48,61.83,96.12,28.116,8.501,48.06,FP,,,,,,,
119,19,345.83,60.67,137.0,47.552,8.342,68.5,FP,,,,,,,
119,20,404.43,62.34,159.09,55.609,8.572,79.546,FP,,,,,,,
119,21,403.42,61.45,168.06,55.47,8.45,84.032,FP,,,,,,,
119,22,339.0,61.0,108.0,46.612,8.387,54.0,FP,,,,,,,
119,23,317.0,62.0,96.0,43.588,8.525,48.0,FP,,,,,,,
119,24,48.97,77.65,96.54,6.734,10.677,48.27,FP,,,,,,,
119,25,33.67,95.44,32.26,4.63,13.123,16.129,TP,7,1.196,0.876,1.483,-0.903,0.785,-0.876
119,26,461.65,157.12,95.77,63.477,21.604,47.883,TP,9,0.199,0.883,0.905,-0.126,0.154,0.883
119,27,461.74,155.93,104.61,63.489,21.44,52.307,FP,,,,,,,
119,28,462.29,155.79,80.71,63.564,21.421,40.357,FP,,,,,,,
119,29,462.0,157.29,129.71,63.525,21.628,64.853,FP,,,,,,,
119,30,318.36,173.18,32.41,43.775,23.813,16.205,FP,,,,,,,
119,31,345.56,196.94,31.95,47.514,27.079,15.973,FP,,,,,,,
119,32,223.85,191.08,31.88,30.78,26.274,15.94,FP,,,,,,,
119,33,66.94,189.93,32.26,9.204,26.116,16.131,FP,,,,,,,
119,34,229.6,189.22,95.9,31.57,26.018,47.952,FP,,,,,,,
119,35,340.61,191.46,95.89,46.834,26.325,47.944,FP,,,,,,,
119,36,501.04,188.87,96.22,68.894,25.97,48.112,FP,,,,,,,
119,37,34.1,189.57,31.89,4.689,26.066,15.944,FP,,,,,,,
119,38,350.9,191.71,168.1,48.249,26.36,84.052,FP,,,,,,,
119,39,415.52,190.04,96.15,57.134,26.13,48.073,FP,,,,,,,
119,40,65.43,190.05,96.48,8.996,26.132,48.238,FP,,,,,,,
119,41,242.67,189.33,96.0,33.367,26.033,48.0,FP,,,,,,,
119,42,347.36,191.96,40.68,47.762,26.395,20.34,FP,,,,,,,
119,43,351.19,192.48,159.92,48.288,26.466,79.96,FP,,,,,,,
119,44,26.0,190.0,96.0,3.575,26.125,48.0,FP,,,,,,,
119,45,201.0,190.0,96.0,27.638,26.125,48.0,FP,,,,,,,
119,46,241.0,190.0,96.0,33.138,26.125,48.0,FP,,,,,,,
119,47,343.0,190.0,40.0,47.163,26.125,20.0,FP,,,,,,,
119,48,154.2,198.6,33.0,21.202,27.308,16.5,FP,,,,,,,
119,49,351.63,206.93,96.08,48.35,28.453,48.04,FP,,,,,,,
119,50,58.33,205.17,95.8,8.02,28.211,47.9,TP,14,0.33,0.93,0.987,0.326,0.054,0.93
119,51,156.17,203.42,48.41,21.473,27.971,24.205,FP,,,,,,,
119,52,155.0,204.45,32.55,21.312,28.113,16.273,FP,,,,,,,
119,53,160.71,205.56,96.07,22.097,28.265,48.037,FP,,,,,,,
119,54,61.23,206.0,159.15,8.419,28.325,79.577,FP,,,,,,,
119,55,275.53,247.95,32.79,37.885,34.093,16.395,FP,,,,,,,
119,56,83.0,270.5,32.0,11.413,37.194,16.0,FP,,,,,,,
119,57,88.79,287.04,95.75,12.209,39.468,47.873,FP,,,,,,,
119,58,94.45,285.26,32.47,12.987,39.224,16.236,FP,,,,,,,
119,59,416.56,289.38,95.94,57.277,39.79,47.971,TP,20,0.742,2.689,2.79,-0.708,0.22,-2.689
119,60,413.9,288.12,32.51,56.911,39.617,16.253,FP,,,,,,,
119,61,193.5,298.0,96.0,26.606,40.975,48.0,FP,,,,,,,
119,62,193.55,301.45,96.48,26.613,41.45,48.242,FP,,,,,,,
119,63,195.0,301.5,33.0,26.812,41.456,16.5,FP,,,,,,,
119,64,194.39,318.32,95.97,26.729,43.769,47.983,FP,,,,,,,
119,65,450.04,317.24,31.96,61.88,43.621,15.982,FP,,,,,,,
119,66,455.93,317.67,95.99,62.691,43.68,47.994,FP,,,,,,,
119,67,190.66,318.45,32.34,26.216,43.786,16.17,FP,,,,,,,
119,68,286.86,319.85,32.59,39.443,43.979,16.297,FP,,,,,,,
119,69,287.28,319.76,40.83,39.501,43.966,20.417,FP,,,,,,,
119,70,329.05,318.05,96.38,45.245,43.732,48.188,FP,,,,,,,
119,71,333.93,317.91,32.28,45.915,43.712,16.142,FP,,,,,,,
119,72,192.22,335.4,32.05,26.43,46.117,16.023,FP,,,,,,,
119,73,365.47,344.09,32.25,50.252,47.313,16.127,TP,26,0.467,3.584,3.615,-0.376,0.276,3.584
119,74,195.56,348.81,95.87,26.89,47.962,47.937,FP,,,,,,,
119,75,31.45,358.56,32.04,4.324,49.302,16.019,FP,,,,,,,
119,76,32.05,358.32,40.77,4.407,49.27,20.385,FP,,,,,,,
119,77,30.33,354.33,49.0,4.171,48.721,24.5,FP,,,,,,,
119,78,32.08,357.5,56.42,4.411,49.156,28.208,FP,,,,,,,
119,79,29.75,360.25,48.25,4.091,49.534,24.125,FP,,,,,,,
119,80,33.0,360.0,51.0,4.537,49.5,25.5,FP,,,,,,,
119,81,31.0,360.5,44.5,4.263,49.569,22.25,FP,,,,,,,
119,82,37.77,366.52,95.73,5.194,50.397,47.866,FP,,,,,,,
119,83,498.5,369.5,96.5,68.544,50.806,48.25,FP,,,,,,,
119,84,110.58,377.53,96.61,15.205,51.91,48.306,FP,,,,,,,
119,85,320.28,404.29,31.95,44.038,55.589,15.973,TP,34,0.494,2.342,2.394,-0.412,0.273,2.342
119,86,318.42,398.74,96.41,43.783,54.827,48.203,FP,,,,,,,
119,87,321.22,400.02,40.67,44.167,55.003,20.336,FP,,,,,,,
119,88,320.86,414.53,95.91,44.119,56.998,47.955,FP,,,,,,,
119,89,419.19,413.46,95.93,57.639,56.851,47.967,FP,,,,,,,
119,90,450.5,414.5,2.0,61.944,56.994,1.0,FP,,,,,,,
119,91,498.0,425.0,9.0,68.475,58.438,4.5,FP,,,,,,,
119,92,500.0,425.0,10.0,68.75,58.438,5.0,FP,,,,,,,
119,93,335.0,430.5,96.0,46.062,59.194,48.0,FP,,,,,,,
119,94,202.89,446.7,95.89,27.897,61.421,47.947,FP,,,,,,,
119,95,451.17,445.56,96.0,62.036,61.264,47.999,FP,,,,,,,
119,96,203.79,452.77,31.85,28.021,62.257,15.924,FP,,,,,,,
119,97,32.45,450.98,95.91,4.462,62.01,47.953,FP,,,,,,,
119,98,63.04,446.36,31.95,8.669,61.374,15.976,FP,,,,,,,
119,99,322.63,445.47,32.47,44.361,61.252,16.235,FP,,,,,,,
119,100,338.15,445.69,96.31,46.496,61.283,48.154,FP,,,,,,,
119,101,110.4,445.4,168.2,15.18,61.243,84.1,FP,,,,,,,
119,102,30.33,446.0,32.33,4.171,61.325,16.167,FP,,,,,,,
119,103,210.0,447.0,159.0,28.875,61.463,79.5,FP,,,,,,,
119,104,450.56,477.8,32.38,61.952,65.698,16.189,FP,,,,,,,
119,105,460.5,477.0,32.0,63.319,65.588,16.0,FP,,,,,,,
119,106,461.0,478.0,33.0,63.388,65.725,16.5,FP,,,,,,,
119,107,69.91,491.73,95.72,9.613,67.613,47.859,FP,,,,,,,
119,108,477.48,496.9,95.89,65.654,68.323,47.945,FP,,,,,,,
119,109,368.7,499.06,32.03,50.697,68.621,16.017,FP,,,,,,,
119,110,480.98,503.8,32.53,66.135,69.272,16.263,FP,,,,,,,
119,111,481.05,501.73,40.77,66.144,68.988,20.386,FP,,,,,,,
119,112,367.33,504.5,16.75,50.508,69.369,8.375,FP,,,,,,,
119,113,371.43,505.78,168.57,51.072,69.545,84.283,TP,49,0.527,0.58,0.784,0.491,0.193,-0.58
119,,,,,66.259,0.531,77.539,FN,0,,,,,,
119,,,,,10.126,5.86,25.756,FN,1,,,,,,
119,,,,,55.721,6.303,71.217,FN,2,,,,,,
119,,,,,8.144,8.143,73.389,FN,3,,,,,,
119,,,,,47.051,8.173,29.37,FN,4,,,,,,
119,,,,,54.451,9.243,33.405,FN,6,,,,,,
119,,,,,18.407,14.91,80.371,FN,8,,,,,,
119,,,,,19.974,23.008,77.963,FN,10,,,,,,
119,,,,,68.688,25.019,70.0,FN,11,,,,,,
119,,,,,31.717,25.972,35.986,FN,12,,,,,,
119,,,,,47.792,26.917,0.5,FN,13,,,,,,
119,,,,,21.366,28.031,70.906,FN,15,,,,,,
119,,,,,17.442,29.583,89.79,FN,16,,,,,,
119,,,,,48.791,28.262,37.223,FN,17,,,,,,
119,,,,,38.094,33.996,66.179,FN,18,,,,,,
119,,,,,13.143,37.709,21.0,FN,19,,,,,,
119,,,,,55.175,40.719,49.276,FN,21,,,,,,
119,,,,,27.054,41.835,83.304,FN,22,,,,,,
119,,,,,39.5,44.17,77.655,FN,23,,,,,,
119,,,,,26.601,46.375,67.252,FN,24,,,,,,
119,,,,,4.807,47.851,6.014,FN,25,,,,,,
119,,,,,0.332,48.425,16.238,FN,27,,,,,,
119,,,,,61.61,49.443,92.425,FN,28,,,,,,
119,,,,,4.44,49.464,65.69,FN,29,,,,,,
119,,,,,7.301,52.268,11.5,FN,30,,,,,,
119,,,,,14.882,52.38,25.239,FN,31,,,,,,
119,,,,,2.614,53.565,60.24,FN,32,,,,,,
119,,,,,61.825,54.226,81.5,FN,33,,,,,,
119,,,,,51.111,55.05,80.5,FN,35,,,,,,
119,,,,,57.471,56.489,53.929,FN,36,,,,,,
119,,,,,20.392,56.089,1.2,FN,37,,,,,,
119,,,,,68.96,58.511,89.248,FN,38,,,,,,
119,,,,,15.585,59.956,19.945,FN,39,,,,,,
119,,,,,4.241,61.155,69.273,FN,40,,,,,,
119,,,,,35.532,62.049,74.464,FN,41,,,,,,
119,,,,,29.588,62.573,9.996,FN,42,,,,,,
119,,,,,46.968,63.1,32.68,FN,43,,,,,,
119,,,,,35.139,64.296,81.312,FN,44,,,,,,
119,,,,,42.573,64.699,87.304,FN,45,,,,,,
119,,,,,41.044,66.816,98.742,FN,46,,,,,,
119,,,,,65.803,68.367,41.89,FN,47,,,,,,
119,,,,,17.21,69.119,16.453,FN,48,,,,,,
121,0,202.0,14.0,96.0,27.775,1.925,48.0,FP,,,,,,,
121,1,374.5,28.92,96.33,51.494,3.976,48.167,FP,,,,,,,
121,2,52.12,62.28,31.85,7.167,8.564,15.923,FP,,,,,,,
121,3,285.63,60.53,95.82,39.275,8.322,47.908,FP,,,,,,,
121,4,466.92,64.19,31.83,64.202,8.827,15.915,FP,,,,,,,
121,5,463.7,62.25,95.89,63.758,8.56,47.943,FP,,,,,,,
121,6,164.67,58.67,2.0,22.642,8.067,1.0,FP,,,,,,,
121,7,237.47,61.58,95.86,32.652,8.467,47.931,FP,,,,,,,
121,8,28.47,61.77,95.97,3.914,8.493,47.986,FP,,,,,,,
121,9,193.0,61.62,168.18,26.538,8.472,84.088,FP,,,,,,,
121,10,318.8,61.71,32.49,43.836,8.485,16.244,FP,,,,,,,
121,11,324.09,61.87,96.24,44.562,8.506,48.12,FP,,,,,,,
121,12,166.0,61.0,1.0,22.825,8.387,0.5,FP,,,,,,,
121,13,478.68,65.84,168.24,65.818,9.053,84.12,FP,,,,,,,
121,14,65.57,77.39,32.5,9.016,10.642,16.25,FP,,,,,,,
121,15,65.22,77.6,96.47,8.968,10.67,48.237,FP,,,,,,,
121,16,204.84,117.81,99.13,28.165,16.199,49.563,FP,,,,,,,
121,17,202.88,115.56,112.81,27.895,15.89,56.406,FP,,,,,,,
121,18,201.2,119.41,32.49,27.666,16.419,16.246,FP,,,,,,,
121,19,463.57,117.19,96.43,63.741,16.114,48.213,FP,,,,,,,
121,20,202.87,119.63,80.91,27.895,16.449,40.457,TP,10,0.249,4.511,4.518,-0.183,-0.169,4.511
121,21,201.91,119.3,72.66,27.762,16.404,36.33,FP,,,,,,,
121,22,206.6,117.2,88.4,28.408,16.115,44.2,FP,,,,,,,
121,23,202.75,120.6,88.8,27.878,16.583,44.4,FP,,,,,,,
121,24,204.0,120.0,84.0,28.05,16.5,42.0,FP,,,,,,,
121,25,204.0,121.0,91.0,28.05,16.638,45.5,FP,,,,,,,
121,26,275.08,148.28,32.96,37.823,20.389,16.48,FP,,,,,,,
121,27,275.0,145.0,32.0,37.812,19.938,16.0,FP,,,,,,,
121,28,278.0,147.0,49.0,38.225,20.212,24.5,FP,,,,,,,
121,29,54.77,166.38,31.9,7.531,22.877,15.951,FP,,,,,,,
121,30,58.4,158.4,96.2,8.03,21.78,48.1,FP,,,,,,,
121,31,322.44,173.6,32.21,44.336,23.871,16.105,FP,,,,,,,
121,32,65.54,184.83,96.05,9.012,25.414,48.025,FP,,,,,,,
121,33,498.33,174.0,96.5,68.521,23.925,48.25,FP,,,,,,,
121,34,332.5,174.42,32.17,45.719,23.982,16.083,FP,,,,,,,
121,35,333.63,177.47,96.65,45.874,24.402,48.324,FP,,,,,,,
121,36,334.0,178.0,99.0,45.925,24.475,49.5,FP,,,,,,,
121,37,365.96,183.57,72.62,50.319,25.24,36.311,FP,,,,,,,
121,38,369.41,187.52,95.71,50.794,25.784,47.856,FP,,,,,,,
121,39,370.24,185.41,104.52,50.908,25.494,52.259,FP,,,,,,,
121,40,335.98,189.76,95.82,46.197,26.092,47.911,FP,,,,,,,
121,41,347.18,188.42,32.14,47.738,25.908,16.071,FP,,,,,,,
121,42,374.0,186.5,105.0,51.425,25.644,52.5,FP,,,,,,,
121,43,480.7,192.67,31.83,66.096,26.492,15.913,FP,,,,,,,
121,44,371.46,191.06,168.14,51.075,26.271,84.071,FP,,,,,,,
121,45,371.9,189.81,137.02,51.137,26.099,68.512,FP,,,,,,,
121,46,372.19,191.56,160.31,51.176,26.34,80.156,FP,,,,,,,
121,47,370.43,189.71,130.5,50.934,26.086,65.25,FP,,,,,,,
121,48,372.89,189.45,144.58,51.273,26.049,72.289,FP,,,,,,,
121,49,483.13,191.25,168.0,66.43,26.297,84.0,FP,,,,,,,
121,50,368.69,189.62,32.46,50.695,26.072,16.231,FP,,,,,,,
121,51,145.8,190.3,96.3,20.048,26.166,48.15,FP,,,,,,,
121,52,325.27,191.5,168.18,44.725,26.331,84.091,FP,,,,,,,
121,53,481.65,193.32,160.11,66.227,26.582,80.054,FP,,,,,,,
121,54,497.22,204.13,31.95,68.368,28.068,15.977,FP,,,,,,,
121,55,408.62,223.04,168.37,56.185,30.668,84.187,FP,,,,,,,
121,56,404.71,222.18,32.45,55.648,30.549,16.227,FP,,,,,,,
121,57,425.6,221.6,96.5,58.52,30.47,48.25,FP,,,,,,,
121,58,407.51,223.32,159.85,56.032,30.707,79.924,FP,,,,,,,
121,59,410.0,221.0,177.0,56.375,30.388,88.5,FP,,,,,,,
121,60,241.47,238.81,168.51,33.202,32.837,84.255,FP,,,,,,,
121,61,241.71,240.0,160.86,33.236,33.0,80.429,FP,,,,,,,
121,62,414.0,243.0,32.0,56.925,33.413,16.0,FP,,,,,,,
121,63,414.0,246.5,32.0,56.925,33.894,16.0,FP,,,,,,,
121,64,18.0,252.5,33.0,2.475,34.719,16.5,FP,,,,,,,
121,65,450.89,268.69,32.19,61.997,36.945,16.097,FP,,,,,,,
121,66,428.53,273.17,95.47,58.923,37.561,47.733,FP,,,,,,,
121,67,426.82,273.73,104.73,58.688,37.638,52.365,FP,,,,,,,
121,68,426.67,273.67,112.0,58.667,37.629,56.0,FP,,,,,,,
121,69,426.5,275.0,113.0,58.644,37.812,56.5,FP,,,,,,,
121,70,273.63,299.88,95.76,37.624,41.234,47.882,TP,28,0.618,1.745,1.851,0.617,-0.02,-1.745
121,71,272.59,297.02,81.55,37.481,40.841,40.773,FP,,,,,,,
121,72,274.05,301.45,104.59,37.681,41.45,52.295,FP,,,,,,,
121,73,371.38,302.02,40.66,51.065,41.528,20.33,FP,,,,,,,
121,74,370.0,301.82,48.91,50.875,41.5,24.455,FP,,,,,,,
121,75,323.72,316.59,129.97,44.511,43.532,64.984,FP,,,,,,,
121,76,192.73,327.68,32.13,26.5,45.056,16.063,FP,,,,,,,
121,77,461.29,317.33,96.26,63.427,43.632,48.131,FP,,,,,,,
121,78,67.52,317.5,32.48,9.284,43.656,16.241,FP,,,,,,,
121,79,325.34,317.45,96.49,44.735,43.65,48.247,FP,,,,,,,
121,80,323.99,319.15,159.17,44.549,43.883,79.587,FP,,,,,,,
121,81,323.59,318.11,167.84,44.493,43.74,83.919,FP,,,,,,,
121,82,449.88,317.0,158.88,61.858,43.588,79.438,FP,,,,,,,
121,83,321.0,317.0,138.0,44.138,43.588,69.0,FP,,,,,,,
121,84,333.0,317.0,168.0,45.788,43.588,84.0,FP,,,,,,,
121,85,322.0,318.0,138.0,44.275,43.725,69.0,FP,,,,,,,
121,86,194.94,334.95,95.87,26.804,46.055,47.934,FP,,,,,,,
121,87,409.02,356.78,32.56,56.241,49.057,16.278,FP,,,,,,,
121,88,410.17,358.33,40.5,56.398,49.271,20.25,FP,,,,,,,
121,89,322.06,367.62,32.01,44.283,50.548,16.005,TP,34,0.594,1.37,1.494,0.483,0.346,-1.37
121,90,472.72,363.73,95.99,64.999,50.014,47.997,FP,,,,,,,
121,91,417.77,365.91,95.74,57.443,50.312,47.868,FP,,,,,,,
121,92,323.86,372.06,95.9,44.531,51.158,47.952,FP,,,,,,,
121,93,321.56,366.72,48.58,44.214,50.424,24.292,FP,,,,,,,
121,94,326.0,370.0,41.0,44.825,50.875,20.5,FP,,,,,,,
121,95,369.48,397.78,96.52,50.804,54.694,48.259,FP,,,,,,,
121,96,151.13,432.15,32.04,20.78,59.421,16.018,TP,40,0.538,0.729,0.906,-0.399,0.361,0.729
121,97,151.0,430.5,41.0,20.763,59.194,20.5,FP,,,,,,,
121,98,154.25,432.75,40.88,21.209,59.503,20.438,FP,,,,,,,
121,99,17.59,445.24,32.0,2.418,61.22,16.0,TP,41,0.414,1.765,1.813,-0.257,0.325,-1.765
121,100,455.33,446.69,32.02,62.609,61.42,16.009,FP,,,,,,,
121,101,458.98,446.01,95.77,63.109,61.327,47.885,FP,,,,,,,
121,102,458.02,445.86,46.94,62.978,61.306,23.47,FP,,,,,,,
121,103,32.45,446.22,96.06,4.462,61.355,48.03,FP,,,,,,,
121,104,66.73,445.58,32.45,9.175,61.268,16.227,FP,,,,,,,
121,105,80.84,445.39,96.33,11.116,61.241,48.167,FP,,,,,,,
121,106,191.97,445.87,96.09,26.396,61.307,48.047,FP,,,,,,,
121,107,191.33,447.45,168.24,26.308,61.524,84.121,FP,,,,,,,
121,108,195.26,445.66,32.5,26.848,61.278,16.25,FP,,,,,,,
121,109,457.76,445.76,24.64,62.942,61.292,12.32,FP,,,,,,,
121,110,458.1,445.62,56.43,62.988,61.273,28.214,FP,,,,,,,
121,111,457.86,445.86,17.0,62.955,61.305,8.5,FP,,,,,,,
121,112,462.35,446.67,168.12,63.574,61.417,84.059,FP,,,,,,,
121,113,465.25,447.81,159.0,63.972,61.574,79.5,FP,,,,,,,
121,114,463.0,447.0,40.0,63.663,61.463,20.0,FP,,,,,,,
121,115,297.67,461.8,95.81,40.929,63.497,47.907,FP,,,,,,,
121,116,297.88,463.49,32.53,40.959,63.73,16.265,FP,,,,,,,
121,117,223.56,492.12,32.08,30.74,67.667,16.039,FP,,,,,,,
121,118,64.33,489.26,32.71,8.845,67.273,16.357,FP,,,,,,,
121,119,64.78,494.16,95.91,8.907,67.947,47.953,FP,,,,,,,
121,120,210.43,497.5,96.49,28.934,68.406,48.243,FP,,,,,,,
121,,,,,12.955,1.95,60.482,FN,0,,,,,,
121,,,,,51.45,3.073,42.677,FN,1,,,,,,
121,,,,,17.677,3.934,15.224,FN,2,,,,,,
121,,,,,6.682,6.366,27.534,FN,3,,,,,,
121,,,,,32.002,7.721,86.671,FN,4,,,,,,
121,,,,,65.177,9.159,10.018,FN,5,,,,,,
121,,,,,19.422,10.467,62.504,FN,6,,,,,,
121,,,,,10.597,11.309,70.587,FN,7,,,,,,
121,,,,,16.49,15.41,91.5,FN,8,,,,,,
121,,,,,63.773,16.377,38.495,FN,9,,,,,,
121,,,,,3.258,17.658,39.392,FN,11,,,,,,
121,,,,,64.732,19.296,71.771,FN,12,,,,,,
121,,,,,38.2,20.355,68.743,FN,13,,,,,,
121,,,,,7.589,22.815,8.277,FN,14,,,,,,
121,,,,,45.799,24.635,34.739,FN,15,,,,,,
121,,,,,50.449,25.39,42.372,FN,16,,,,,,
121,,,,,36.847,26.558,98.254,FN,17,,,,,,
121,,,,,67.83,26.974,4.913,FN,18,,,,,,
121,,,,,46.256,28.195,87.659,FN,19,,,,,,
121,,,,,55.962,31.174,3.331,FN,20,,,,,,
121,,,,,58.038,32.01,72.306,FN,21,,,,,,
121,,,,,32.288,34.838,46.735,FN,22,,,,,,
121,,,,,64.208,35.206,65.465,FN,23,,,,,,
121,,,,,42.824,35.727,90.884,FN,24,,,,,,
121,,,,,40.876,36.196,75.719,FN,25,,,,,,
121,,,,,59.058,37.301,42.431,FN,26,,,,,,
121,,,,,38.9,38.925,64.829,FN,27,,,,,,
121,,,,,51.141,41.693,60.486,FN,29,,,,,,
121,,,,,54.325,42.927,64.203,FN,30,,,,,,
121,,,,,45.622,44.89,52.128,FN,31,,,,,,
121,,,,,26.776,46.018,40.414,FN,32,,,,,,
121,,,,,68.571,45.949,62.0,FN,33,,,,,,
121,,,,,65.426,49.474,63.14,FN,35,,,,,,
121,,,,,56.355,49.41,67.5,FN,36,,,,,,
121,,,,,45.08,51.061,67.863,FN,37,,,,,,
121,,,,,35.288,52.006,24.976,FN,38,,,,,,
121,,,,,36.862,53.104,96.313,FN,39,,,,,,
121,,,,,63.03,61.321,70.421,FN,42,,,,,,
121,,,,,41.139,63.683,64.954,FN,43,,,,,,
121,,,,,62.387,63.167,93.744,FN,44,,,,,,
121,,,,,31.539,66.201,9.5,FN,45,,,,,,
121,,,,,4.623,67.024,97.869,FN,46,,,,,,
121,,,,,8.609,67.273,80.283,FN,47,,,,,,
121,,,,,13.03,67.896,83.962,FN,48,,,,,,
121,,,,,17.85,68.578,94.235,FN,49,,,,,,
123,0,300.68,35.32,31.9,41.344,4.856,15.949,TP,2,0.347,2.304,2.33,0.346,0.028,-2.304
123,1,302.5,33.0,41.0,41.594,4.537,20.5,FP,,,,,,,
123,2,226.34,45.18,31.93,31.122,6.213,15.964,FP,,,,,,,
123,3,65.74,61.51,96.49,9.04,8.458,48.243,FP,,,,,,,
123,4,241.52,62.82,32.22,33.209,8.637,16.11,FP,,,,,,,
123,5,446.52,61.62,96.23,61.397,8.473,48.117,FP,,,,,,,
123,6,204.5,61.58,96.58,28.119,8.468,48.292,FP,,,,,,,
123,7,226.0,62.0,97.0,31.075,8.525,48.5,FP,,,,,,,
123,8,318.67,62.44,32.33,43.817,8.586,16.167,FP,,,,,,,
123,9,455.05,95.93,95.92,62.569,13.191,47.961,FP,,,,,,,
123,10,451.63,99.67,32.2,62.099,13.704,16.101,FP,,,,,,,
123,11,170.02,107.38,31.93,23.377,14.764,15.964,FP,,,,,,,
123,12,457.51,95.95,104.97,62.907,13.193,52.487,FP,,,,,,,
123,13,457.65,95.69,112.45,62.926,13.157,56.225,FP,,,,,,,
123,14,317.4,108.7,96.42,43.643,14.946,48.21,FP,,,,,,,
123,15,287.65,118.14,32.51,39.552,16.244,16.257,FP,,,,,,,
123,16,320.13,141.4,32.47,44.018,19.442,16.236,FP,,,,,,,
123,17,350.93,145.07,168.6,48.253,19.947,84.3,FP,,,,,,,
123,18,321.44,157.56,32.35,44.198,21.664,16.176,FP,,,,,,,
123,19,226.24,160.62,32.52,31.108,22.085,16.259,FP,,,,,,,
123,20,236.11,168.82,72.58,32.465,23.213,36.291,TP,9,0.174,3.971,3.975,-0.157,0.076,-3.971
123,21,237.04,169.29,80.61,32.592,23.277,40.304,FP,,,,,,,
123,22,239.48,178.03,32.22,32.928,24.479,16.112,FP,,,,,,,
123,23,237.63,169.98,96.29,32.674,23.372,48.143,FP,,,,,,,
123,24,226.27,173.72,96.5,31.111,23.886,48.25,FP,,,,,,,
123,25,239.68,175.84,40.66,32.955,24.178,20.331,FP,,,,,,,
123,26,241.6,177.4,9.0,33.22,24.392,4.5,FP,,,,,,,
123,27,321.57,191.06,31.95,44.215,26.271,15.977,FP,,,,,,,
123,28,76.01,189.91,31.84,10.451,26.112,15.921,FP,,,,,,,
123,29,150.22,193.62,31.92,20.655,26.623,15.958,FP,,,,,,,
123,30,208.27,189.64,168.49,28.637,26.076,84.244,FP,,,,,,,
123,31,244.36,192.72,95.85,33.599,26.5,47.925,TP,12,0.663,0.293,0.725,-0.444,-0.492,-0.293
123,32,321.94,188.94,48.44,44.267,25.98,24.222,FP,,,,,,,
123,33,401.11,189.0,96.43,55.152,25.988,48.214,FP,,,,,,,
123,34,448.2,189.63,96.39,61.628,26.074,48.193,FP,,,,,,,
123,35,480.85,189.85,31.92,66.117,26.105,15.96,FP,,,,,,,
123,36,318.86,201.85,95.83,43.844,27.755,47.913,FP,,,,,,,
123,37,148.49,195.14,47.8,20.418,26.832,23.899,FP,,,,,,,
123,38,110.17,204.98,96.15,15.148,28.185,48.075,FP,,,,,,,
123,39,148.33,199.0,43.67,20.396,27.363,21.833,FP,,,,,,,
123,40,113.04,203.78,129.79,15.542,28.02,64.895,FP,,,,,,,
123,41,321.0,201.0,73.0,44.138,27.638,36.5,FP,,,,,,,
123,42,109.65,205.73,32.49,15.077,28.288,16.243,FP,,,,,,,
123,43,112.16,204.53,112.58,15.422,28.122,56.289,FP,,,,,,,
123,44,146.71,206.53,96.23,20.172,28.398,48.114,FP,,,,,,,
123,45,322.0,203.0,73.0,44.275,27.913,36.5,FP,,,,,,,
123,46,246.29,205.0,130.0,33.864,28.188,65.0,FP,,,,,,,
123,47,320.46,205.04,66.62,44.063,28.193,33.312,FP,,,,,,,
123,48,412.51,240.79,32.11,56.721,33.109,16.053,FP,,,,,,,
123,49,326.67,233.33,2.0,44.917,32.083,1.0,FP,,,,,,,
123,50,416.61,238.91,158.22,57.283,32.85,79.109,FP,,,,,,,
123,51,414.1,240.59,96.32,56.939,33.081,48.158,FP,,,,,,,
123,52,323.86,244.79,31.55,44.531,33.659,15.776,FP,,,,,,,
123,53,190.5,238.0,32.5,26.194,32.725,16.25,FP,,,,,,,
123,54,325.5,242.0,9.0,44.756,33.275,4.5,FP,,,,,,,
123,55,325.97,246.25,2.54,44.821,33.859,1.27,FP,,,,,,,
123,56,325.37,247.87,8.9,44.739,34.082,4.452,FP,,,,,,,
123,57,326.1,247.56,20.56,44.839,34.039,10.278,FP,,,,,,,
123,58,325.0,245.0,26.0,44.688,33.688,13.0,FP,,,,,,,
123,59,229.85,249.5,104.75,31.604,34.306,52.375,FP,,,,,,,
123,60,322.0,252.67,96.67,44.275,34.742,48.333,FP,,,,,,,
123,61,236.62,266.15,96.67,32.536,36.595,48.333,FP,,,,,,,
123,62,238.06,265.59,104.59,32.733,36.518,52.294,FP,,,,,,,
123,63,401.76,269.6,32.52,55.242,37.07,16.26,FP,,,,,,,
123,64,194.25,270.25,1.67,26.709,37.159,0.833,FP,,,,,,,
123,65,199.16,303.81,87.91,27.385,41.773,43.956,FP,,,,,,,
123,66,320.93,301.33,32.16,44.128,41.432,16.082,FP,,,,,,,
123,67,264.67,312.29,1.46,36.392,42.94,0.729,FP,,,,,,,
123,68,265.0,312.0,6.0,36.438,42.9,3.0,FP,,,,,,,
123,69,191.37,317.34,32.25,26.314,43.634,16.126,FP,,,,,,,
123,70,17.11,329.29,32.1,2.353,45.277,16.052,FP,,,,,,,
123,71,64.5,327.6,95.8,8.869,45.045,47.9,FP,,,,,,,
123,72,332.12,318.2,96.03,45.667,43.753,48.016,FP,,,,,,,
123,73,370.35,317.73,32.22,50.923,43.688,16.109,FP,,,,,,,
123,74,499.15,317.57,96.47,68.633,43.665,48.233,FP,,,,,,,
123,75,18.29,317.71,96.43,2.514,43.686,48.214,FP,,,,,,,
123,76,113.83,317.67,32.17,15.652,43.679,16.083,FP,,,,,,,
123,77,157.8,317.8,32.2,21.698,43.697,16.1,FP,,,,,,,
123,78,471.96,317.46,32.46,64.895,43.651,16.232,FP,,,,,,,
123,79,66.6,318.2,32.4,9.158,43.753,16.2,FP,,,,,,,
123,80,155.0,318.0,32.0,21.312,43.725,16.0,FP,,,,,,,
123,81,157.06,331.94,96.35,21.596,45.642,48.176,FP,,,,,,,
123,82,64.67,350.33,96.0,8.892,48.171,48.0,FP,,,,,,,
123,83,74.33,373.67,96.5,10.221,51.379,48.25,FP,,,,,,,
123,84,320.88,380.82,96.53,44.121,52.363,48.265,FP,,,,,,,
123,85,306.49,395.79,32.02,42.143,54.421,16.008,FP,,,,,,,
123,86,17.2,415.69,32.06,2.365,57.158,16.029,FP,,,,,,,
123,87,240.08,425.61,32.56,33.011,58.522,16.281,TP,42,0.335,2.9,2.919,0.31,0.126,2.9
123,88,240.3,422.66,72.71,33.041,58.116,36.356,FP,,,,,,,
123,89,241.32,425.73,40.59,33.182,58.537,20.295,FP,,,,,,,
123,90,244.02,428.89,160.28,33.552,58.973,80.141,FP,,,,,,,
123,91,244.08,428.52,168.53,33.561,58.922,84.264,FP,,,,,,,
123,92,242.22,427.61,137.35,33.305,58.796,68.674,FP,,,,,,,
123,93,243.47,428.76,152.44,33.476,58.954,76.221,FP,,,,,,,
123,94,319.69,429.95,96.04,43.957,59.119,48.021,FP,,,,,,,
123,95,230.36,428.0,96.61,31.675,58.85,48.303,FP,,,,,,,
123,96,243.49,429.08,144.51,33.48,58.999,72.254,FP,,,,,,,
123,97,369.85,437.52,96.56,50.855,60.159,48.278,FP,,,,,,,
123,98,369.95,445.22,168.5,50.868,61.217,84.252,FP,,,,,,,
123,99,370.65,445.0,160.48,50.965,61.188,80.24,FP,,,,,,,
123,100,112.21,445.82,31.99,15.428,61.301,15.995,FP,,,,,,,
123,101,64.35,445.6,96.49,8.848,61.27,48.243,FP,,,,,,,
123,102,319.99,457.09,31.84,43.999,62.85,15.922,FP,,,,,,,
123,103,448.72,445.72,96.33,61.699,61.287,48.163,FP,,,,,,,
123,104,495.92,477.52,95.92,68.188,65.658,47.958,FP,,,,,,,
123,105,320.37,491.2,95.79,44.05,67.54,47.896,FP,,,,,,,
123,,,,,50.537,0.663,47.0,FN,0,,,,,,
123,,,,,45.745,2.898,89.5,FN,1,,,,,,
123,,,,,32.235,6.051,12.015,FN,3,,,,,,
123,,,,,52.926,6.03,50.755,FN,4,,,,,,
123,,,,,62.648,13.458,36.444,FN,5,,,,,,
123,,,,,42.565,13.708,59.588,FN,6,,,,,,
123,,,,,23.282,13.674,1.264,FN,7,,,,,,
123,,,,,39.311,15.896,82.778,FN,8,,,,,,
123,,,,,32.034,22.977,1.244,FN,10,,,,,,
123,,,,,54.575,25.945,71.234,FN,11,,,,,,
123,,,,,15.218,28.022,26.823,FN,13,,,,,,
123,,,,,20.424,27.346,73.275,FN,14,,,,,,
123,,,,,43.67,27.68,57.625,FN,15,,,,,,
123,,,,,68.867,28.424,34.677,FN,16,,,,,,
123,,,,,56.83,32.644,4.167,FN,17,,,,,,
123,,,,,0.481,32.51,8.795,FN,18,,,,,,
123,,,,,31.387,34.536,17.747,FN,19,,,,,,
123,,,,,44.863,34.206,89.029,FN,20,,,,,,
123,,,,,36.407,35.049,77.75,FN,21,,,,,,
123,,,,,32.43,36.678,34.929,FN,22,,,,,,
123,,,,,55.147,37.258,80.143,FN,23,,,,,,
123,,,,,21.818,37.896,56.701,FN,24,,,,,,
123,,,,,18.685,39.725,85.104,FN,25,,,,,,
123,,,,,27.633,41.603,52.057,FN,26,,,,,,
123,,,,,69.799,42.896,68.966,FN,27,,,,,,
123,,,,,36.404,42.9,96.236,FN,28,,,,,,
123,,,,,1.402,44.458,1.169,FN,29,,,,,,
123,,,,,22.369,44.078,21.127,FN,30,,,,,,
123,,,,,7.921,45.64,74.275,FN,31,,,,,,
123,,,,,5.294,48.479,55.018,FN,32,,,,,,
123,,,,,69.662,49.978,50.761,FN,33,,,,,,
123,,,,,2.75,53.426,16.996,FN,34,,,,,,
123,,,,,42.583,53.197,12.545,FN,35,,,,,,
123,,,,,19.509,56.911,82.023,FN,36,,,,,,
123,,,,,13.925,57.526,43.507,FN,37,,,,,,
123,,,,,3.758,58.242,36.407,FN,38,,,,,,
123,,,,,33.335,58.045,43.045,FN,39,,,,,,
123,,,,,48.802,58.051,94.026,FN,40,,,,,,
123,,,,,60.374,58.629,93.733,FN,41,,,,,,
123,,,,,43.82,59.184,23.736,FN,43,,,,,,
123,,,,,50.692,60.061,38.048,FN,44,,,,,,
123,,,,,44.862,61.389,98.509,FN,45,,,,,,
123,,,,,9.409,61.369,12.5,FN,46,,,,,,
123,,,,,45.068,64.007,1.396,FN,47,,,,,,
123,,,,,67.587,65.266,58.947,FN,48,,,,,,
123,,,,,35.531,69.391,28.035,FN,49,,,,,,
13,0,451.67,12.19,96.29,62.105,1.677,48.145,FP,,,,,,,
13,1,287.41,14.82,31.92,39.518,2.037,15.958,FP,,,,,,,
13,2,448.93,13.88,31.78,61.729,1.909,15.891,FP,,,,,,,
13,3,71.51,13.52,96.13,9.833,1.859,48.065,FP,,,,,,,
13,4,164.58,19.08,96.54,22.629,2.623,48.269,FP,,,,,,,
13,5,449.62,29.64,31.85,61.823,4.076,15.925,FP,,,,,,,
13,6,449.5,29.5,96.5,61.806,4.056,48.25,FP,,,,,,,
13,7,450.67,45.67,96.0,61.967,6.279,48.0,FP,,,,,,,
13,8,364.03,61.17,32.03,50.055,8.41,16.013,FP,,,,,,,
13,9,366.36,57.44,144.56,50.375,7.898,72.28,FP,,,,,,,
13,10,367.25,59.78,160.28,50.497,8.22,80.142,FP,,,,,,,
13,11,367.11,56.83,152.44,50.478,7.815,76.222,FP,,,,,,,
13,12,497.17,61.78,31.93,68.361,8.495,15.966,FP,,,,,,,
13,13,63.71,61.54,31.88,8.76,8.461,15.941,FP,,,,,,,
13,14,358.36,62.44,95.9,49.274,8.585,47.948,FP,,,,,,,
13,15,447.9,60.87,96.38,61.586,8.369,48.189,FP,,,,,,,
13,16,65.75,61.76,96.29,9.04,8.493,48.143,FP,,,,,,,
13,17,159.21,62.75,31.98,21.892,8.628,15.989,FP,,,,,,,
13,18,369.03,61.51,168.51,50.741,8.458,84.256,FP,,,,,,,
13,19,333.0,62.0,32.0,45.788,8.525,16.0,FP,,,,,,,
13,20,161.29,66.05,96.49,22.178,9.082,48.244,FP,,,,,,,
13,21,162.81,77.36,95.94,22.386,10.638,47.972,FP,,,,,,,
13,22,71.33,81.67,32.03,9.807,11.23,16.017,TP,14,0.843,1.537,1.753,-0.61,-0.582,-1.537
13,23,174.96,79.91,31.96,24.057,10.987,15.978,FP,,,,,,,
13,24,78.0,78.0,169.0,10.725,10.725,84.5,FP,,,,,,,
13,25,62.0,79.0,96.0,8.525,10.863,48.0,FP,,,,,,,
13,26,64.0,79.0,96.0,8.8,10.863,48.0,FP,,,,,,,
13,27,77.7,80.5,168.0,10.684,11.069,84.0,FP,,,,,,,
13,28,76.93,81.6,160.09,10.578,11.22,80.043,FP,,,,,,,
13,29,76.0,81.0,139.0,10.45,11.137,69.5,FP,,,,,,,
13,30,74.7,84.3,137.14,10.271,11.592,68.57,FP,,,,,,,
13,31,74.44,84.33,144.56,10.236,11.596,72.278,FP,,,,,,,
13,32,75.64,85.5,130.5,10.401,11.756,65.25,FP,,,,,,,
13,33,397.35,93.76,31.96,54.635,12.892,15.982,FP,,,,,,,
13,34,472.93,93.82,159.93,65.027,12.901,79.967,FP,,,,,,,
13,35,471.6,93.56,168.46,64.845,12.865,84.23,FP,,,,,,,
13,36,174.0,94.0,32.5,23.925,12.925,16.25,FP,,,,,,,
13,37,474.0,94.0,96.0,65.175,12.925,48.0,FP,,,,,,,
13,38,475.0,95.0,96.0,65.312,13.062,48.0,FP,,,,,,,
13,39,339.81,116.09,32.45,46.724,15.962,16.225,FP,,,,,,,
13,40,320.5,142.0,32.0,44.069,19.525,16.0,FP,,,,,,,
13,41,80.46,156.88,168.38,11.063,21.572,84.192,FP,,,,,,,
13,42,80.67,156.67,161.0,11.092,21.542,80.5,FP,,,,,,,
13,43,435.0,157.5,96.0,59.812,21.656,48.0,FP,,,,,,,
13,44,340.86,172.89,10.16,46.868,23.772,5.08,FP,,,,,,,
13,45,322.04,174.17,32.36,44.28,23.948,16.181,FP,,,,,,,
13,46,341.81,171.93,25.48,47.0,23.64,12.741,FP,,,,,,,
13,47,338.29,173.65,32.47,46.515,23.876,16.235,FP,,,,,,,
13,48,342.2,172.4,21.0,47.053,23.705,10.5,FP,,,,,,,
13,49,340.85,174.15,1.85,46.866,23.946,0.923,FP,,,,,,,
13,50,337.29,190.07,95.94,46.378,26.135,47.971,FP,,,,,,,
13,51,447.03,189.84,96.13,61.466,26.103,48.067,FP,,,,,,,
13,52,74.37,189.66,95.99,10.226,26.078,47.994,FP,,,,,,,
13,53,112.73,189.87,96.4,15.501,26.107,48.2,FP,,,,,,,
13,54,200.62,189.91,96.41,27.585,26.113,48.205,FP,,,,,,,
13,55,222.0,190.0,32.5,30.525,26.125,16.25,FP,,,,,,,
13,56,450.33,190.17,32.5,61.921,26.148,16.25,FP,,,,,,,
13,57,454.0,190.25,32.0,62.425,26.159,16.0,FP,,,,,,,
13,58,461.31,190.46,32.23,63.43,26.188,16.115,FP,,,,,,,
13,59,373.83,229.0,97.0,51.402,31.488,48.5,FP,,,,,,,
13,60,377.11,229.58,104.63,51.852,31.567,52.316,FP,,,,,,,
13,61,370.0,230.0,161.0,50.875,31.625,80.5,FP,,,,,,,
13,62,372.37,233.39,160.47,51.201,32.091,80.235,FP,,,,,,,
13,63,372.11,234.86,168.51,51.165,32.293,84.255,FP,,,,,,,
13,64,17.0,272.82,32.47,2.338,37.513,16.235,FP,,,,,,,
13,65,135.2,284.57,24.59,18.591,39.129,12.296,FP,,,,,,,
13,66,136.4,284.72,37.16,18.755,39.148,18.581,FP,,,,,,,
13,67,272.75,309.83,31.99,37.504,42.602,15.995,FP,,,,,,,
13,68,273.74,304.83,40.77,37.639,41.914,20.384,FP,,,,,,,
13,69,272.32,304.51,48.51,37.445,41.87,24.253,FP,,,,,,,
13,70,282.17,302.58,168.58,38.798,41.605,84.292,FP,,,,,,,
13,71,175.0,315.51,95.83,24.063,43.383,47.915,TP,33,1.149,0.71,1.351,0.837,0.788,-0.71
13,72,273.72,314.11,16.57,37.636,43.19,8.283,FP,,,,,,,
13,73,339.3,318.47,96.05,46.654,43.79,48.025,FP,,,,,,,
13,74,348.5,318.78,31.76,47.919,43.833,15.881,FP,,,,,,,
13,75,274.0,313.0,49.0,37.675,43.038,24.5,FP,,,,,,,
13,76,339.55,316.94,104.62,46.688,43.579,52.31,FP,,,,,,,
13,77,278.5,314.25,16.75,38.294,43.209,8.375,FP,,,,,,,
13,78,339.53,317.2,129.74,46.686,43.614,64.869,FP,,,,,,,
13,79,351.65,319.09,40.76,48.352,43.875,20.38,FP,,,,,,,
13,80,447.84,317.6,96.48,61.578,43.67,48.238,FP,,,,,,,
13,81,450.87,317.91,32.49,61.994,43.713,16.244,FP,,,,,,,
13,82,351.83,318.58,48.58,48.377,43.805,24.292,FP,,,,,,,
13,83,353.0,317.0,48.0,48.538,43.588,24.0,FP,,,,,,,
13,84,66.0,318.0,32.5,9.075,43.725,16.25,FP,,,,,,,
13,85,86.85,321.36,32.85,11.943,44.188,16.427,FP,,,,,,,
13,86,151.0,318.0,33.0,20.763,43.725,16.5,FP,,,,,,,
13,87,153.0,318.0,32.0,21.038,43.725,16.0,FP,,,,,,,
13,88,155.0,318.5,32.0,21.312,43.794,16.0,FP,,,,,,,
13,89,89.95,322.05,40.45,12.369,44.281,20.227,FP,,,,,,,
13,90,90.33,322.5,35.0,12.421,44.344,17.5,FP,,,,,,,
13,91,64.95,365.95,96.35,8.931,50.318,48.176,FP,,,,,,,
13,92,188.77,365.62,96.33,25.956,50.273,48.167,FP,,,,,,,
13,93,333.52,371.27,168.31,45.86,51.05,84.155,FP,,,,,,,
13,94,322.72,379.01,32.5,44.375,52.114,16.25,FP,,,,,,,
13,95,445.73,412.91,96.73,61.287,56.775,48.364,FP,,,,,,,
13,96,448.39,429.5,31.94,61.654,59.057,15.972,FP,,,,,,,
13,97,194.12,441.92,31.88,26.691,60.764,15.94,FP,,,,,,,
13,98,195.72,439.74,95.9,26.912,60.464,47.951,FP,,,,,,,
13,99,195.0,440.0,112.0,26.812,60.5,56.0,FP,,,,,,,
13,100,67.83,446.08,32.0,9.326,61.337,16.002,FP,,,,,,,
13,101,449.59,444.88,32.44,61.819,61.17,16.219,FP,,,,,,,
13,102,498.09,444.45,96.45,68.488,61.113,48.227,FP,,,,,,,
13,103,50.79,446.08,96.38,6.984,61.336,48.188,FP,,,,,,,
13,104,194.17,445.83,168.0,26.698,61.302,84.0,FP,,,,,,,
13,105,113.49,477.98,1.85,15.605,65.722,0.927,FP,,,,,,,
13,106,323.18,479.3,32.42,44.438,65.903,16.209,FP,,,,,,,
13,107,407.81,495.44,32.05,56.074,68.123,16.023,FP,,,,,,,
13,108,482.95,492.46,95.76,66.406,67.713,47.881,FP,,,,,,,
13,109,481.48,493.08,80.48,66.204,67.799,40.24,FP,,,,,,,
13,110,410.0,494.0,49.0,56.375,67.925,24.5,FP,,,,,,,
13,111,417.57,497.14,41.0,57.416,68.357,20.5,FP,,,,,,,
13,112,418.58,507.11,96.53,57.554,69.728,48.267,FP,,,,,,,
13,,,,,29.247,0.366,35.699,FN,0,,,,,,
13,,,,,56.519,0.961,35.256,FN,1,,,,,,
13,,,,,68.863,1.392,52.0,FN,2,,,,,,
13,,,,,39.375,1.617,25.77,FN,3,,,,,,
13,,,,,10.785,2.858,74.277,FN,4,,,,,,
13,,,,,23.227,3.119,80.568,FN,5,,,,,,
13,,,,,67.236,3.87,83.82,FN,6,,,,,,
13,,,,,1.988,4.877,98.261,FN,7,,,,,,
13,,,,,64.198,5.308,22.878,FN,8,,,,,,
13,,,,,11.359,6.8,77.0,FN,9,,,,,,
13,,,,,50.261,8.328,9.538,FN,10,,,,,,
13,,,,,21.696,8.531,32.39,FN,11,,,,,,
13,,,,,63.348,10.841,94.422,FN,12,,,,,,
13,,,,,35.045,11.407,25.855,FN,13,,,,,,
13,,,,,24.005,11.71,0.725,FN,15,,,,,,
13,,,,,65.733,12.77,58.991,FN,16,,,,,,
13,,,,,47.301,15.099,7.67,FN,17,,,,,,
13,,,,,35.772,16.244,33.149,FN,18,,,,,,
13,,,,,48.181,16.335,12.975,FN,19,,,,,,
13,,,,,58.36,17.949,43.405,FN,20,,,,,,
13,,,,,16.228,17.89,94.089,FN,21,,,,,,
13,,,,,10.829,18.895,61.364,FN,22,,,,,,
13,,,,,11.474,21.72,0.741,FN,23,,,,,,
13,,,,,45.11,23.493,6.919,FN,24,,,,,,
13,,,,,47.07,23.646,86.299,FN,25,,,,,,
13,,,,,34.94,28.658,21.516,FN,26,,,,,,
13,,,,,52.108,31.927,20.761,FN,27,,,,,,
13,,,,,2.465,36.335,19.608,FN,28,,,,,,
13,,,,,2.764,37.114,88.5,FN,29,,,,,,
13,,,,,18.681,38.316,95.403,FN,30,,,,,,
13,,,,,18.72,39.096,78.257,FN,31,,,,,,
13,,,,,64.76,42.167,88.825,FN,32,,,,,,
13,,,,,38.213,41.958,4.119,FN,34,,,,,,
13,,,,,46.764,43.515,18.385,FN,35,,,,,,
13,,,,,50.047,44.322,17.0,FN,36,,,,,,
13,,,,,12.315,44.482,76.492,FN,37,,,,,,
13,,,,,20.46,45.487,69.409,FN,38,,,,,,
13,,,,,45.691,51.648,9.292,FN,39,,,,,,
13,,,,,66.559,52.826,63.612,FN,40,,,,,,
13,,,,,61.826,58.811,0.75,FN,41,,,,,,
13,,,,,26.967,59.969,39.994,FN,42,,,,,,
13,,,,,56.368,65.265,19.338,FN,43,,,,,,
13,,,,,19.378,66.964,52.869,FN,44,,,,,,
13,,,,,44.611,66.072,79.815,FN,45,,,,,,
13,,,,,66.521,66.894,71.483,FN,46,,,,,,
13,,,,,13.048,68.605,71.855,FN,47,,,,,,
13,,,,,58.022,68.962,56.709,FN,48,,,,,,
13,,,,,17.738,70.007,45.669,FN,49,,,,,,
143,0,498.56,13.64,32.34,68.551,1.875,16.17,FP,,,,,,,
143,1,321.78,13.52,32.48,44.244,1.859,16.241,FP,,,,,,,
143,2,497.71,13.57,16.51,68.436,1.866,8.257,FP,,,,,,,
143,3,497.67,13.63,24.53,68.429,1.875,12.267,FP,,,,,,,
143,4,497.75,13.71,40.58,68.441,1.885,20.292,FP,,,,,,,
143,5,302.64,18.15,96.39,41.613,2.496,48.196,FP,,,,,,,
143,6,399.4,30.44,96.46,54.918,4.185,48.228,FP,,,,,,,
143,7,498.6,30.4,32.8,68.558,4.18,16.4,FP,,,,,,,
143,8,408.03,56.58,31.96,56.104,7.78,15.98,FP,,,,,,,
143,9,403.61,47.12,48.52,55.496,6.48,24.261,FP,,,,,,,
143,10,116.43,45.72,96.53,16.009,6.287,48.266,FP,,,,,,,
143,11,117.0,44.55,130.36,16.087,6.125,65.182,FP,,,,,,,
143,12,117.96,46.25,104.75,16.22,6.359,52.375,FP,,,,,,,
143,13,414.61,51.53,163.23,57.008,7.085,81.615,FP,,,,,,,
143,14,190.15,45.69,32.38,26.146,6.283,16.192,FP,,,,,,,
143,15,415.96,48.54,176.48,57.195,6.674,88.241,FP,,,,,,,
143,16,411.67,47.33,145.0,56.604,6.508,72.5,FP,,,,,,,
143,17,412.0,48.89,136.89,56.65,6.722,68.444,FP,,,,,,,
143,18,419.1,60.8,96.13,57.627,8.36,48.063,FP,,,,,,,
143,19,410.0,49.0,49.0,56.375,6.738,24.5,FP,,,,,,,
143,20,414.0,49.5,138.0,56.925,6.806,69.0,FP,,,,,,,
143,21,415.0,53.0,145.0,57.062,7.288,72.5,FP,,,,,,,
143,22,413.0,56.0,145.0,56.788,7.7,72.5,FP,,,,,,,
143,23,20.13,60.85,95.93,2.768,8.367,47.964,FP,,,,,,,
143,24,190.77,62.18,95.96,26.23,8.549,47.978,FP,,,,,,,
143,25,402.58,58.68,16.58,55.355,8.069,8.289,FP,,,,,,,
143,26,406.2,57.3,17.0,55.853,7.879,8.5,FP,,,,,,,
143,27,412.84,59.59,48.62,56.766,8.193,24.31,FP,,,,,,,
143,28,71.98,61.21,95.76,9.897,8.417,47.882,FP,,,,,,,
143,29,201.0,61.76,31.93,27.637,8.492,15.964,FP,,,,,,,
143,30,239.96,61.62,96.21,32.995,8.472,48.103,FP,,,,,,,
143,31,319.27,61.67,32.54,43.9,8.479,16.271,FP,,,,,,,
143,32,411.0,60.0,17.0,56.513,8.25,8.5,TP,7,0.953,1.987,2.204,-0.666,0.682,1.987
143,33,417.0,60.0,48.0,57.338,8.25,24.0,FP,,,,,,,
143,34,482.02,61.68,96.27,66.278,8.481,48.134,FP,,,,,,,
143,35,410.0,61.0,17.0,56.375,8.387,8.5,FP,,,,,,,
143,36,18.9,64.53,130.27,2.599,8.873,65.133,FP,,,,,,,
143,37,281.7,77.33,96.5,38.734,10.633,48.25,FP,,,,,,,
143,38,319.0,77.68,96.51,43.862,10.681,48.255,FP,,,,,,,
143,39,322.05,98.43,95.87,44.282,13.534,47.933,FP,,,,,,,
143,40,217.84,93.89,96.58,29.953,12.911,48.289,FP,,,,,,,
143,41,318.86,94.29,32.14,43.843,12.964,16.071,FP,,,,,,,
143,42,334.57,112.9,32.19,46.003,15.524,16.093,FP,,,,,,,
143,43,142.5,123.0,33.0,19.594,16.913,16.5,FP,,,,,,,
143,44,268.67,138.0,1.97,36.942,18.975,0.987,FP,,,,,,,
143,45,296.6,151.73,105.45,40.782,20.863,52.724,FP,,,,,,,
143,46,296.49,152.06,113.04,40.767,20.909,56.521,FP,,,,,,,
143,47,298.16,155.13,129.72,40.997,21.33,64.858,FP,,,,,,,
143,48,290.7,158.69,32.21,39.971,21.819,16.104,FP,,,,,,,
143,49,293.82,155.11,96.6,40.4,21.328,48.3,FP,,,,,,,
143,50,296.0,153.0,89.0,40.7,21.038,44.5,FP,,,,,,,
143,51,298.5,154.0,110.0,41.044,21.175,55.0,FP,,,,,,,
143,52,20.83,168.27,31.94,2.865,23.137,15.97,FP,,,,,,,
143,53,300.0,157.0,137.0,41.25,21.587,68.5,FP,,,,,,,
143,54,245.16,166.47,96.91,33.71,22.89,48.454,FP,,,,,,,
143,55,244.14,167.14,72.54,33.569,22.982,36.271,TP,20,0.173,0.111,0.206,-0.128,0.117,0.111
143,56,250.3,167.2,88.7,34.416,22.99,44.35,FP,,,,,,,
143,57,176.4,173.93,32.39,24.255,23.915,16.193,TP,21,1.268,1.873,2.262,-1.16,-0.514,1.873
143,58,289.5,172.5,96.5,39.806,23.719,48.25,FP,,,,,,,
143,59,77.05,190.41,95.81,10.594,26.182,47.904,FP,,,,,,,
143,60,183.47,188.96,31.82,25.227,25.982,15.909,FP,,,,,,,
143,61,498.01,188.01,96.49,68.477,25.852,48.246,FP,,,,,,,
143,62,193.77,191.05,95.79,26.643,26.269,47.896,FP,,,,,,,
143,63,168.83,189.45,96.4,23.215,26.05,48.202,FP,,,,,,,
143,64,194.29,189.0,168.0,26.714,25.988,84.0,FP,,,,,,,
143,65,320.52,189.63,32.38,44.071,26.075,16.192,FP,,,,,,,
143,66,322.42,190.16,96.13,44.333,26.148,48.065,FP,,,,,,,
143,67,450.97,189.87,96.12,62.008,26.107,48.059,FP,,,,,,,
143,68,96.62,203.01,31.98,13.285,27.914,15.989,FP,,,,,,,
143,69,193.84,237.08,32.4,26.653,32.598,16.2,FP,,,,,,,
143,70,286.61,238.13,32.3,39.409,32.742,16.152,FP,,,,,,,
143,71,198.0,238.0,32.0,27.225,32.725,16.0,FP,,,,,,,
143,72,7.0,248.0,168.0,0.963,34.1,84.0,FP,,,,,,,
143,73,485.4,266.24,2.33,66.743,36.609,1.167,FP,,,,,,,
143,74,465.0,270.0,96.0,63.938,37.125,48.0,FP,,,,,,,
143,75,466.19,283.34,95.8,64.102,38.96,47.898,FP,,,,,,,
143,76,130.0,279.0,97.0,17.875,38.362,48.5,FP,,,,,,,
143,77,467.07,284.0,65.91,64.222,39.05,32.953,FP,,,,,,,
143,78,466.75,283.92,72.4,64.178,39.039,36.198,FP,,,,,,,
143,79,465.93,283.68,104.54,64.065,39.007,52.272,FP,,,,,,,
143,80,466.91,284.23,80.52,64.2,39.082,40.262,FP,,,,,,,
143,81,63.75,286.37,168.19,8.766,39.376,84.095,FP,,,,,,,
143,82,462.92,285.38,32.62,63.651,39.239,16.312,FP,,,,,,,
143,83,466.56,284.67,88.44,64.151,39.142,44.222,FP,,,,,,,
143,84,375.58,296.23,96.49,51.643,40.732,48.246,FP,,,,,,,
143,85,376.29,296.21,104.61,51.739,40.729,52.304,FP,,,,,,,
143,86,65.13,317.66,31.95,8.955,43.678,15.975,FP,,,,,,,
143,87,205.69,317.37,95.99,28.283,43.639,47.997,FP,,,,,,,
143,88,113.68,324.26,95.81,15.631,44.586,47.907,TP,33,0.396,4.255,4.273,0.388,-0.075,-4.255
143,89,165.6,317.96,96.18,22.77,43.72,48.088,FP,,,,,,,
143,90,200.03,317.75,32.32,27.505,43.691,16.16,FP,,,,,,,
143,91,288.11,317.89,96.5,39.615,43.71,48.25,FP,,,,,,,
143,92,324.73,317.93,168.35,44.65,43.715,84.173,FP,,,,,,,
143,93,334.59,317.83,96.27,46.007,43.702,48.135,FP,,,,,,,
143,94,369.71,317.95,96.52,50.836,43.718,48.262,FP,,,,,,,
143,95,497.33,317.33,96.0,68.383,43.633,48.0,FP,,,,,,,
143,96,469.0,318.0,32.0,64.488,43.725,16.0,FP,,,,,,,
143,97,113.19,323.54,80.7,15.564,44.486,40.352,FP,,,,,,,
143,98,113.88,323.34,104.54,15.658,44.459,52.27,FP,,,,,,,
143,99,114.0,326.0,88.0,15.675,44.825,44.0,FP,,,,,,,
143,100,392.94,356.29,130.29,54.029,48.99,65.147,FP,,,,,,,
143,101,208.87,366.72,168.39,28.719,50.424,84.193,FP,,,,,,,
143,102,209.11,367.13,160.2,28.753,50.48,80.1,FP,,,,,,,
143,103,322.44,377.38,94.95,44.336,51.889,47.475,TP,37,0.385,4.613,4.629,0.111,-0.369,4.613
143,104,417.39,374.56,32.37,57.391,51.503,16.184,FP,,,,,,,
143,105,323.22,375.54,104.69,44.442,51.637,52.343,TP,35,0.376,0.539,0.657,-0.373,0.044,-0.539
143,106,450.27,378.57,96.51,61.912,52.053,48.253,FP,,,,,,,
143,107,320.87,376.6,72.6,44.119,51.782,36.298,FP,,,,,,,
143,108,321.81,377.67,112.61,44.248,51.929,56.306,FP,,,,,,,
143,109,320.89,378.76,80.79,44.123,52.08,40.395,FP,,,,,,,
143,110,430.5,377.0,144.0,59.194,51.838,72.0,FP,,,,,,,
143,111,322.09,379.18,84.82,44.288,52.138,42.409,FP,,,,,,,
143,112,26.33,394.33,33.0,3.621,54.221,16.5,FP,,,,,,,
143,113,189.75,398.0,32.0,26.091,54.725,16.0,FP,,,,,,,
143,114,208.12,414.23,168.52,28.617,56.956,84.26,FP,,,,,,,
143,115,210.84,416.72,31.94,28.991,57.299,15.972,FP,,,,,,,
143,116,212.91,416.51,96.73,29.275,57.27,48.367,FP,,,,,,,
143,117,214.15,414.72,112.79,29.446,57.024,56.397,FP,,,,,,,
143,118,214.0,414.22,88.89,29.425,56.956,44.444,FP,,,,,,,
143,119,214.0,414.0,107.0,29.425,56.925,53.5,FP,,,,,,,
143,120,213.67,416.07,104.67,29.379,57.209,52.333,FP,,,,,,,
143,121,321.7,444.91,96.02,44.234,61.174,48.011,FP,,,,,,,
143,122,190.94,444.89,96.06,26.254,61.172,48.028,FP,,,,,,,
143,123,416.4,445.46,32.0,57.255,61.251,16.0,FP,,,,,,,
143,124,442.58,447.66,96.41,60.855,61.553,48.206,FP,,,,,,,
143,125,370.29,446.0,32.5,50.914,61.325,16.25,FP,,,,,,,
143,126,495.95,458.82,32.5,68.193,63.088,16.251,FP,,,,,,,
143,127,494.6,457.6,95.4,68.007,62.92,47.7,TP,45,0.383,1.228,1.286,0.15,-0.352,1.228
143,128,496.0,459.0,96.0,68.2,63.113,48.0,FP,,,,,,,
143,129,488.85,461.88,96.28,67.217,63.509,48.139,FP,,,,,,,
143,130,64.21,476.06,31.96,8.829,65.458,15.982,FP,,,,,,,
143,131,63.0,466.0,32.0,8.663,64.075,16.0,FP,,,,,,,
143,132,297.27,486.3,96.46,40.875,66.866,48.23,FP,,,,,,,
143,,,,,5.543,0.758,58.208,FN,0,,,,,,
143,,,,,54.925,0.57,36.304,FN,1,,,,,,
143,,,,,53.368,3.281,2.027,FN,2,,,,,,
143,,,,,21.626,4.801,47.0,FN,3,,,,,,
143,,,,,16.225,5.965,29.0,FN,4,,,,,,
143,,,,,25.787,6.77,68.723,FN,5,,,,,,
143,,,,,56.222,7.107,2.718,FN,6,,,,,,
143,,,,,1.044,8.958,14.521,FN,8,,,,,,
143,,,,,38.439,9.293,87.939,FN,9,,,,,,
143,,,,,41.435,12.512,4.136,FN,10,,,,,,
143,,,,,30.272,13.184,20.771,FN,11,,,,,,
143,,,,,17.87,13.687,36.862,FN,12,,,,,,
143,,,,,45.665,15.505,23.906,FN,13,,,,,,
143,,,,,1.528,16.525,60.5,FN,14,,,,,,
143,,,,,40.274,17.656,65.0,FN,15,,,,,,
143,,,,,51.233,19.362,47.807,FN,16,,,,,,
143,,,,,40.891,21.104,34.12,FN,17,,,,,,
143,,,,,38.067,22.861,59.389,FN,18,,,,,,
143,,,,,4.074,23.042,7.461,FN,19,,,,,,
143,,,,,69.147,24.255,28.283,FN,22,,,,,,
143,,,,,13.733,27.769,6.5,FN,23,,,,,,
143,,,,,49.377,32.701,93.983,FN,24,,,,,,
143,,,,,64.219,33.824,96.429,FN,25,,,,,,
143,,,,,69.369,33.481,62.5,FN,26,,,,,,
143,,,,,69.116,36.37,84.871,FN,27,,,,,,
143,,,,,57.13,37.147,69.045,FN,28,,,,,,
143,,,,,18.455,38.016,90.765,FN,29,,,,,,
143,,,,,63.908,38.967,63.456,FN,30,,,,,,
143,,,,,17.336,38.622,38.392,FN,31,,,,,,
143,,,,,52.732,40.968,36.08,FN,32,,,,,,
143,,,,,53.75,48.708,26.22,FN,34,,,,,,
143,,,,,58.889,51.953,11.969,FN,36,,,,,,
143,,,,,5.343,53.902,37.236,FN,38,,,,,,
143,,,,,13.418,54.248,32.551,FN,39,,,,,,
143,,,,,1.464,55.892,26.301,FN,40,,,,,,
143,,,,,29.383,56.897,28.067,FN,41,,,,,,
143,,,,,24.914,59.166,84.071,FN,42,,,,,,
143,,,,,18.883,60.56,86.136,FN,43,,,,,,
143,,,,,1.272,61.668,59.87,FN,44,,,,,,
143,,,,,60.328,62.32,35.0,FN,46,,,,,,
143,,,,,7.352,63.697,1.233,FN,47,,,,,,
143,,,,,40.995,68.538,22.619,FN,48,,,,,,
143,,,,,34.712,69.173,81.885,FN,49,,,,,,
148,0,498.1,13.71,96.52,68.488,1.886,48.262,FP,,,,,,,
148,1,309.1,32.76,31.8,42.501,4.504,15.899,FP,,,,,,,
148,2,448.26,29.14,31.88,61.635,4.006,15.94,FP,,,,,,,
148,3,319.74,37.52,96.17,43.964,5.16,48.086,FP,,,,,,,
148,4,309.94,32.0,40.88,42.616,4.4,20.438,TP,3,0.784,3.814,3.894,-0.703,-0.346,-3.814
148,5,21.68,43.52,95.83,2.981,5.985,47.913,FP,,,,,,,
148,6,372.46,61.66,95.93,51.213,8.478,47.965,FP,,,,,,,
148,7,372.21,59.21,104.53,51.179,8.141,52.265,FP,,,,,,,
148,8,368.96,62.2,163.69,50.733,8.552,81.844,FP,,,,,,,
148,9,458.25,61.73,31.94,63.009,8.489,15.968,FP,,,,,,,
148,10,369.52,62.35,152.76,50.808,8.574,76.379,FP,,,,,,,
148,11,370.67,62.31,144.5,50.967,8.568,72.25,FP,,,,,,,
148,12,372.96,64.47,32.55,51.282,8.865,16.274,FP,,,,,,,
148,13,495.44,62.12,168.0,68.123,8.542,84.0,FP,,,,,,,
148,14,373.22,66.33,40.71,51.318,9.121,20.357,FP,,,,,,,
148,15,373.15,68.94,66.14,51.308,9.479,33.069,FP,,,,,,,
148,16,374.0,66.0,56.14,51.425,9.075,28.071,FP,,,,,,,
148,17,44.5,99.41,168.5,6.119,13.669,84.25,FP,,,,,,,
148,18,42.42,101.75,160.5,5.832,13.991,80.25,FP,,,,,,,
148,19,361.0,106.69,33.0,49.638,14.67,16.5,FP,,,,,,,
148,20,361.79,107.71,40.71,49.746,14.81,20.356,FP,,,,,,,
148,21,35.2,110.37,32.43,4.84,15.175,16.215,TP,8,1.005,1.952,2.195,-0.53,0.854,1.952
148,22,451.82,114.41,32.1,62.126,15.731,16.052,TP,10,0.656,2.182,2.279,-0.61,-0.24,2.182
148,23,456.23,113.73,96.42,62.731,15.638,48.21,FP,,,,,,,
148,24,495.49,119.55,32.53,68.13,16.438,16.266,FP,,,,,,,
148,25,65.67,122.33,96.0,9.029,16.821,48.0,FP,,,,,,,
148,26,29.4,159.1,95.85,4.042,21.877,47.923,FP,,,,,,,
148,27,25.5,157.5,105.0,3.506,21.656,52.5,FP,,,,,,,
148,28,349.75,184.0,15.0,48.091,25.3,7.5,FP,,,,,,,
148,29,352.7,184.6,16.6,48.496,25.383,8.3,FP,,,,,,,
148,30,225.17,192.37,100.34,30.96,26.452,50.168,FP,,,,,,,
148,31,367.64,189.3,95.88,50.551,26.029,47.94,FP,,,,,,,
148,32,450.73,190.41,95.86,61.975,26.181,47.93,FP,,,,,,,
148,33,215.07,191.43,32.01,29.572,26.322,16.005,FP,,,,,,,
148,34,319.98,192.46,32.19,43.997,26.463,16.097,FP,,,,,,,
148,35,320.38,194.53,95.87,44.052,26.748,47.937,FP,,,,,,,
148,36,449.16,190.85,31.98,61.76,26.241,15.992,FP,,,,,,,
148,37,67.38,189.79,96.45,9.264,26.096,48.223,FP,,,,,,,
148,38,145.45,189.66,32.52,19.999,26.078,16.259,FP,,,,,,,
148,39,225.48,192.38,72.73,31.003,26.452,36.367,TP,18,0.151,2.117,2.123,-0.151,0.012,-2.117
148,40,226.79,191.91,129.7,31.184,26.387,64.852,FP,,,,,,,
148,41,226.51,190.1,168.26,31.146,26.139,84.128,FP,,,,,,,
148,42,225.25,192.42,81.81,30.972,26.458,40.907,FP,,,,,,,
148,43,225.83,190.6,136.97,31.051,26.208,68.486,FP,,,,,,,
148,44,225.88,191.29,159.91,31.058,26.302,79.956,FP,,,,,,,
148,45,450.37,189.37,112.47,61.926,26.038,56.237,FP,,,,,,,
148,46,29.79,189.68,32.37,4.096,26.082,16.184,FP,,,,,,,
148,47,192.5,189.0,32.5,26.469,25.988,16.25,FP,,,,,,,
148,48,321.2,195.4,48.0,44.165,26.868,24.0,FP,,,,,,,
148,49,320.45,197.0,29.0,44.063,27.088,14.5,FP,,,,,,,
148,50,477.5,206.5,32.5,65.656,28.394,16.25,FP,,,,,,,
148,51,499.35,221.63,96.49,68.661,30.474,48.246,FP,,,,,,,
148,52,354.06,236.02,96.21,48.684,32.453,48.106,FP,,,,,,,
148,53,91.0,244.0,96.0,12.512,33.55,48.0,TP,24,0.356,4.254,4.269,-0.215,-0.283,4.254
148,54,94.0,250.75,96.0,12.925,34.478,48.0,FP,,,,,,,
148,55,184.12,286.91,31.84,25.317,39.45,15.921,FP,,,,,,,
148,56,186.32,283.44,153.71,25.618,38.972,76.856,FP,,,,,,,
148,57,185.75,285.0,168.39,25.541,39.188,84.196,FP,,,,,,,
148,58,189.81,285.32,96.5,26.099,39.232,48.25,FP,,,,,,,
148,59,179.12,286.15,16.61,24.629,39.345,8.305,FP,,,,,,,
148,60,84.07,309.04,31.9,11.56,42.493,15.949,FP,,,,,,,
148,61,70.82,301.4,95.83,9.738,41.442,47.917,FP,,,,,,,
148,62,66.0,301.0,168.0,9.075,41.388,84.0,FP,,,,,,,
148,63,81.44,303.67,40.6,11.198,41.755,20.302,FP,,,,,,,
148,64,82.33,304.67,49.0,11.321,41.892,24.5,FP,,,,,,,
148,65,98.33,311.67,137.0,13.521,42.854,68.5,FP,,,,,,,
148,66,269.41,317.45,32.21,37.044,43.65,16.105,FP,,,,,,,
148,67,86.89,319.26,95.86,11.948,43.898,47.929,FP,,,,,,,
148,68,320.47,318.16,31.86,44.065,43.747,15.931,FP,,,,,,,
148,69,448.17,317.16,168.09,61.624,43.609,84.045,FP,,,,,,,
148,70,190.09,317.36,96.36,26.138,43.638,48.182,FP,,,,,,,
148,71,284.18,318.05,96.49,39.075,43.732,48.244,FP,,,,,,,
148,72,449.5,317.67,159.0,61.806,43.679,79.5,FP,,,,,,,
148,73,274.23,333.86,65.95,37.706,45.906,32.977,FP,,,,,,,
148,74,323.18,343.01,95.97,44.437,47.163,47.983,FP,,,,,,,
148,75,332.28,336.83,137.74,45.689,46.314,68.868,FP,,,,,,,
148,76,334.4,336.13,104.73,45.98,46.218,52.367,FP,,,,,,,
148,77,333.42,338.34,130.5,45.845,46.522,65.25,FP,,,,,,,
148,78,332.2,336.6,135.0,45.678,46.283,67.5,FP,,,,,,,
148,79,324.77,345.65,32.51,44.656,47.526,16.253,FP,,,,,,,
148,80,193.35,351.42,95.86,26.586,48.32,47.931,FP,,,,,,,
148,81,192.79,354.13,32.05,26.509,48.693,16.024,FP,,,,,,,
148,82,193.73,350.67,104.61,26.637,48.217,52.304,FP,,,,,,,
148,83,478.32,363.17,96.15,65.769,49.936,48.077,FP,,,,,,,
148,84,331.78,365.06,32.9,45.62,50.195,16.449,FP,,,,,,,
148,85,478.4,360.6,104.8,65.78,49.583,52.4,FP,,,,,,,
148,86,333.6,365.02,40.67,45.87,50.191,20.337,FP,,,,,,,
148,87,103.8,368.03,16.78,14.272,50.604,8.389,FP,,,,,,,
148,88,332.68,365.61,48.49,45.744,50.271,24.244,FP,,,,,,,
148,89,100.81,371.41,8.56,13.861,51.069,4.282,FP,,,,,,,
148,90,103.95,369.05,23.65,14.293,50.744,11.825,FP,,,,,,,
148,91,104.17,369.0,32.67,14.323,50.737,16.333,FP,,,,,,,
148,92,102.13,371.96,40.52,14.043,51.144,20.261,FP,,,,,,,
148,93,96.33,371.67,10.0,13.246,51.104,5.0,FP,,,,,,,
148,94,98.0,371.0,10.0,13.475,51.013,5.0,FP,,,,,,,
148,95,100.0,371.0,25.0,13.75,51.013,12.5,FP,,,,,,,
148,96,97.5,373.0,11.0,13.406,51.288,5.5,FP,,,,,,,
148,97,351.8,406.6,32.22,48.372,55.908,16.109,FP,,,,,,,
148,98,83.12,446.02,95.85,11.429,61.328,47.925,FP,,,,,,,
148,99,80.85,446.44,32.05,11.117,61.385,16.025,FP,,,,,,,
148,100,191.23,446.5,95.85,26.294,61.393,47.927,FP,,,,,,,
148,101,448.35,446.59,95.81,61.647,61.406,47.903,FP,,,,,,,
148,102,457.8,445.65,32.24,62.947,61.277,16.12,FP,,,,,,,
148,103,193.44,446.11,32.39,26.599,61.34,16.194,FP,,,,,,,
148,104,189.67,446.33,33.0,26.079,61.371,16.5,FP,,,,,,,
148,105,82.0,447.0,49.0,11.275,61.463,24.5,FP,,,,,,,
148,106,221.94,478.86,96.09,30.516,65.844,48.046,FP,,,,,,,
148,107,356.08,494.25,96.5,48.961,67.959,48.25,FP,,,,,,,
148,108,322.8,494.2,32.2,44.385,67.952,16.1,FP,,,,,,,
148,109,330.62,496.54,32.38,45.46,68.274,16.192,FP,,,,,,,
148,,,,,50.02,0.648,39.692,FN,0,,,,,,
148,,,,,14.588,1.209,90.114,FN,1,,,,,,
148,,,,,61.091,4.168,90.207,FN,2,,,,,,
148,,,,,3.796,5.26,74.228,FN,4,,,,,,
148,,,,,51.352,5.6,70.111,FN,5,,,,,,
148,,,,,1.726,6.594,69.439,FN,6,,,,,,
148,,,,,51.416,9.425,65.439,FN,7,,,,,,
148,,,,,49.56,14.573,77.408,FN,9,,,,,,
148,,,,,67.949,16.631,72.873,FN,11,,,,,,
148,,,,,53.78,17.099,6.747,FN,12,,,,,,
148,,,,,10.09,19.411,96.838,FN,13,,,,,,
148,,,,,3.808,21.813,39.192,FN,14,,,,,,
148,,,,,55.724,22.749,67.809,FN,15,,,,,,
148,,,,,48.432,25.306,85.314,FN,16,,,,,,
148,,,,,63.303,25.88,29.102,FN,17,,,,,,
148,,,,,62.04,26.749,74.337,FN,19,,,,,,
148,,,,,69.658,27.817,9.261,FN,20,,,,,,
148,,,,,44.251,27.238,75.542,FN,21,,,,,,
148,,,,,48.191,32.24,73.937,FN,22,,,,,,
148,,,,,23.665,31.524,88.629,FN,23,,,,,,
148,,,,,25.5,38.787,4.016,FN,25,,,,,,
148,,,,,9.562,40.827,6.859,FN,26,,,,,,
148,,,,,38.022,40.678,8.488,FN,27,,,,,,
148,,,,,36.465,42.415,9.242,FN,28,,,,,,
148,,,,,13.549,42.632,9.95,FN,29,,,,,,
148,,,,,37.854,46.064,62.121,FN,30,,,,,,
148,,,,,42.26,45.996,77.765,FN,31,,,,,,
148,,,,,16.139,46.393,3.444,FN,32,,,,,,
148,,,,,45.996,46.381,18.48,FN,33,,,,,,
148,,,,,44.177,47.393,39.777,FN,34,,,,,,
148,,,,,26.658,48.263,39.396,FN,35,,,,,,
148,,,,,54.801,48.747,48.0,FN,36,,,,,,
148,,,,,65.523,49.477,36.606,FN,37,,,,,,
148,,,,,45.794,49.943,76.76,FN,38,,,,,,
148,,,,,14.317,50.789,80.269,FN,39,,,,,,
148,,,,,13.459,51.261,89.274,FN,40,,,,,,
148,,,,,57.024,52.433,85.006,FN,41,,,,,,
148,,,,,1.912,53.458,86.214,FN,42,,,,,,
148,,,,,48.492,55.222,4.976,FN,43,,,,,,
148,,,,,11.856,59.887,33.222,FN,44,,,,,,
148,,,,,53.799,61.039,67.5,FN,45,,,,,,
148,,,,,11.712,62.023,68.649,FN,46,,,,,,
148,,,,,30.421,65.866,53.758,FN,47,,,,,,
148,,,,,48.442,66.081,82.318,FN,48,,,,,,
148,,,,,64.824,67.226,95.031,FN,49,,,,,,
149,0,301.19,28.42,96.17,41.413,3.908,48.087,FP,,,,,,,
149,1,288.13,61.8,32.0,39.618,8.498,16.002,TP,6,0.429,4.039,4.062,0.268,0.335,4.039
149,2,145.81,61.26,96.02,20.049,8.423,48.008,FP,,,,,,,
149,3,451.32,61.73,96.22,62.057,8.488,48.112,FP,,,,,,,
149,4,200.36,61.63,32.4,27.55,8.475,16.201,FP,,,,,,,
149,5,323.4,61.67,32.43,44.467,8.48,16.216,FP,,,,,,,
149,6,240.72,67.18,32.18,33.099,9.237,16.089,FP,,,,,,,
149,7,242.59,69.82,43.73,33.356,9.601,21.864,FP,,,,,,,
149,8,47.89,78.01,95.87,6.584,10.727,47.933,FP,,,,,,,
149,9,244.0,76.86,96.45,33.55,10.568,48.226,FP,,,,,,,
149,10,298.12,76.88,96.0,40.992,10.57,48.0,FP,,,,,,,
149,11,193.05,141.56,32.19,26.545,19.464,16.095,FP,,,,,,,
149,12,46.28,156.87,95.71,6.364,21.57,47.857,FP,,,,,,,
149,13,194.29,166.31,32.0,26.715,22.867,16.001,FP,,,,,,,
149,14,320.05,168.22,95.92,44.007,23.131,47.958,FP,,,,,,,
149,15,435.07,159.45,95.4,59.822,21.925,47.702,FP,,,,,,,
149,16,430.85,161.57,40.63,59.242,22.215,20.317,FP,,,,,,,
149,17,433.69,161.06,72.54,59.633,22.145,36.269,FP,,,,,,,
149,18,277.31,162.26,66.07,38.13,22.311,33.037,FP,,,,,,,
149,19,278.0,161.0,73.0,38.225,22.138,36.5,FP,,,,,,,
149,20,433.65,161.87,66.11,59.627,22.257,33.056,FP,,,,,,,
149,21,192.02,171.48,95.99,26.403,23.579,47.994,FP,,,,,,,
149,22,193.85,169.42,48.91,26.654,23.296,24.455,FP,,,,,,,
149,23,115.33,177.76,32.22,15.857,24.443,16.112,FP,,,,,,,
149,24,114.19,173.32,161.31,15.701,23.832,80.657,FP,,,,,,,
149,25,194.9,171.06,40.64,26.799,23.52,20.322,FP,,,,,,,
149,26,194.0,169.0,53.0,26.675,23.238,26.5,FP,,,,,,,
149,27,193.87,170.52,56.52,26.657,23.447,28.261,FP,,,,,,,
149,28,320.75,169.75,33.0,44.103,23.341,16.5,FP,,,,,,,
149,29,195.5,171.0,67.0,26.881,23.513,33.5,FP,,,,,,,
149,30,114.04,173.43,176.48,15.681,23.847,88.239,FP,,,,,,,
149,31,115.18,174.52,40.75,15.837,23.997,20.375,FP,,,,,,,
149,32,193.52,173.91,168.43,26.609,23.913,84.217,FP,,,,,,,
149,33,320.75,172.75,32.5,44.103,23.753,16.25,FP,,,,,,,
149,34,192.73,189.56,96.01,26.501,26.064,48.003,FP,,,,,,,
149,35,369.48,189.01,95.9,50.804,25.988,47.949,FP,,,,,,,
149,36,451.61,189.64,32.48,62.096,26.076,16.242,FP,,,,,,,
149,37,451.61,189.55,96.5,62.097,26.063,48.25,FP,,,,,,,
149,38,370.0,189.5,105.0,50.875,26.056,52.5,FP,,,,,,,
149,39,207.0,190.31,32.54,28.463,26.167,16.269,FP,,,,,,,
149,40,303.82,239.72,93.69,41.776,32.961,46.843,TP,23,0.269,1.541,1.564,0.037,0.267,1.541
149,41,64.0,237.62,32.49,8.8,32.673,16.245,FP,,,,,,,
149,42,304.2,238.9,72.48,41.828,32.849,36.242,FP,,,,,,,
149,43,303.85,239.64,104.57,41.779,32.951,52.283,FP,,,,,,,
149,44,302.0,241.8,32.6,41.525,33.248,16.3,FP,,,,,,,
149,45,300.75,242.75,73.0,41.353,33.378,36.5,FP,,,,,,,
149,46,98.6,252.8,96.5,13.557,34.76,48.25,FP,,,,,,,
149,47,322.0,253.5,33.0,44.275,34.856,16.5,FP,,,,,,,
149,48,272.07,286.44,31.95,37.409,39.386,15.976,TP,26,0.725,0.216,0.756,0.705,0.169,0.216
149,49,289.52,281.82,96.52,39.808,38.75,48.258,FP,,,,,,,
149,50,178.67,287.32,96.01,24.567,39.507,48.004,TP,25,0.223,2.462,2.472,-0.194,-0.109,2.462
149,51,189.73,286.04,32.47,26.088,39.331,16.233,FP,,,,,,,
149,52,272.96,286.08,40.67,37.532,39.336,20.333,FP,,,,,,,
149,53,273.58,285.38,48.54,37.618,39.239,24.271,FP,,,,,,,
149,54,266.45,286.0,96.64,36.638,39.325,48.318,FP,,,,,,,
149,55,266.4,285.8,105.0,36.63,39.298,52.5,FP,,,,,,,
149,56,266.0,285.0,113.0,36.575,39.188,56.5,FP,,,,,,,
149,57,178.0,286.0,32.5,24.475,39.325,16.25,FP,,,,,,,
149,58,270.0,287.0,49.0,37.125,39.463,24.5,FP,,,,,,,
149,59,321.97,301.69,96.43,44.271,41.482,48.214,FP,,,,,,,
149,60,321.27,316.9,95.93,44.175,43.574,47.964,FP,,,,,,,
149,61,414.02,319.54,95.89,56.928,43.937,47.943,FP,,,,,,,
149,62,194.57,317.39,31.97,26.753,43.642,15.985,FP,,,,,,,
149,63,416.04,319.89,41.65,57.206,43.985,20.826,FP,,,,,,,
149,64,415.94,320.24,32.45,57.192,44.034,16.226,FP,,,,,,,
149,65,33.28,317.43,96.23,4.576,43.647,48.117,FP,,,,,,,
149,66,156.44,316.38,1.62,21.51,43.502,0.812,FP,,,,,,,
149,67,322.94,317.92,32.52,44.404,43.714,16.26,FP,,,,,,,
149,68,415.81,319.77,48.69,57.174,43.968,24.347,FP,,,,,,,
149,69,64.68,317.88,32.32,8.894,43.708,16.16,FP,,,,,,,
149,70,331.32,317.92,32.44,45.557,43.714,16.22,FP,,,,,,,
149,71,333.64,318.29,96.36,45.876,43.764,48.179,FP,,,,,,,
149,72,417.91,320.41,66.26,57.462,44.057,33.129,FP,,,,,,,
149,73,418.62,318.92,72.38,57.56,43.852,36.192,FP,,,,,,,
149,74,194.5,318.0,97.0,26.744,43.725,48.5,FP,,,,,,,
149,75,410.0,318.0,49.0,56.375,43.725,24.5,FP,,,,,,,
149,76,454.5,318.33,32.33,62.494,43.771,16.167,FP,,,,,,,
149,77,338.0,325.5,3.0,46.475,44.756,1.5,FP,,,,,,,
149,78,79.57,333.5,96.45,10.942,45.856,48.225,FP,,,,,,,
149,79,136.33,334.33,41.0,18.746,45.971,20.5,FP,,,,,,,
149,80,191.65,350.41,96.02,26.351,48.181,48.012,FP,,,,,,,
149,81,446.93,349.57,32.38,61.453,48.066,16.189,FP,,,,,,,
149,82,366.5,350.75,168.25,50.394,48.228,84.125,TP,36,0.798,2.65,2.768,0.773,0.196,-2.65
149,83,238.0,359.0,130.0,32.725,49.362,65.0,FP,,,,,,,
149,84,240.48,362.96,129.75,33.066,49.907,64.875,FP,,,,,,,
149,85,35.29,365.16,95.69,4.853,50.209,47.847,FP,,,,,,,
149,86,202.16,365.83,31.78,27.797,50.302,15.891,FP,,,,,,,
149,87,286.8,372.2,95.72,39.436,51.178,47.861,FP,,,,,,,
149,88,16.39,410.6,96.79,2.253,56.458,48.394,FP,,,,,,,
149,89,337.91,408.44,130.53,46.462,56.16,65.266,TP,46,1.021,1.943,2.195,1.018,-0.072,1.943
149,90,333.82,414.42,31.91,45.9,56.983,15.953,TP,45,0.806,3.058,3.162,-0.647,0.48,3.058
149,91,337.87,410.55,137.43,46.457,56.451,68.713,FP,,,,,,,
149,92,337.75,410.65,144.46,46.44,56.464,72.232,FP,,,,,,,
149,93,338.17,410.84,157.65,46.499,56.49,78.825,FP,,,,,,,
149,94,333.84,413.27,41.01,45.903,56.825,20.506,FP,,,,,,,
149,95,148.49,411.71,96.2,20.417,56.61,48.098,TP,44,0.704,0.255,0.749,0.147,0.689,-0.255
149,96,332.2,412.54,48.53,45.678,56.725,24.265,FP,,,,,,,
149,97,337.87,411.52,168.44,46.457,56.584,84.219,FP,,,,,,,
149,98,15.84,410.61,104.58,2.178,56.458,52.289,FP,,,,,,,
149,99,145.53,412.06,32.53,20.01,56.658,16.264,FP,,,,,,,
149,100,325.69,415.29,95.98,44.782,57.103,47.992,FP,,,,,,,
149,101,10.0,412.0,97.0,1.375,56.65,48.5,FP,,,,,,,
149,102,447.71,413.14,32.43,61.561,56.807,16.214,FP,,,,,,,
149,103,338.17,416.17,17.0,46.498,57.223,8.5,FP,,,,,,,
149,104,467.9,424.58,88.92,64.336,58.38,44.461,FP,,,,,,,
149,105,465.71,425.02,65.13,64.035,58.441,32.567,FP,,,,,,,
149,106,468.96,425.3,104.57,64.481,58.479,52.284,TP,48,0.463,1.777,1.837,0.444,0.132,1.777
149,107,474.0,426.0,105.0,65.175,58.575,52.5,FP,,,,,,,
149,108,62.04,446.08,95.8,8.531,61.336,47.901,FP,,,,,,,
149,109,193.52,477.52,32.48,26.609,65.659,16.239,FP,,,,,,,
149,,,,,63.441,2.17,99.0,FN,0,,,,,,
149,,,,,41.114,2.925,52.404,FN,1,,,,,,
149,,,,,22.747,3.456,98.54,FN,2,,,,,,
149,,,,,41.386,4.62,61.273,FN,3,,,,,,
149,,,,,17.416,5.759,89.424,FN,4,,,,,,
149,,,,,18.354,6.188,10.242,FN,5,,,,,,
149,,,,,33.405,9.733,72.457,FN,7,,,,,,
149,,,,,6.548,11.168,41.909,FN,8,,,,,,
149,,,,,35.357,13.326,69.5,FN,9,,,,,,
149,,,,,18.105,16.376,43.356,FN,10,,,,,,
149,,,,,26.82,19.216,47.522,FN,11,,,,,,
149,,,,,6.377,20.977,73.884,FN,12,,,,,,
149,,,,,4.673,21.82,74.213,FN,13,,,,,,
149,,,,,38.072,22.441,59.981,FN,14,,,,,,
149,,,,,43.484,22.896,63.673,FN,15,,,,,,
149,,,,,59.344,22.31,58.09,FN,16,,,,,,
149,,,,,10.185,24.202,94.736,FN,17,,,,,,
149,,,,,26.832,23.443,57.26,FN,18,,,,,,
149,,,,,15.779,23.838,1.764,FN,19,,,,,,
149,,,,,49.904,25.367,76.411,FN,20,,,,,,
149,,,,,19.03,25.501,84.913,FN,21,,,,,,
149,,,,,13.672,33.095,67.55,FN,22,,,,,,
149,,,,,39.409,36.492,12.577,FN,24,,,,,,
149,,,,,47.359,41.603,73.688,FN,27,,,,,,
149,,,,,31.305,41.365,55.446,FN,28,,,,,,
149,,,,,54.082,41.467,89.111,FN,29,,,,,,
149,,,,,43.47,41.956,62.494,FN,30,,,,,,
149,,,,,16.143,42.757,50.511,FN,31,,,,,,
149,,,,,30.472,44.13,98.5,FN,32,,,,,,
149,,,,,57.341,44.013,61.52,FN,33,,,,,,
149,,,,,24.827,46.761,19.553,FN,34,,,,,,
149,,,,,18.599,45.83,67.99,FN,35,,,,,,
149,,,,,32.476,49.83,26.369,FN,37,,,,,,
149,,,,,42.837,49.32,41.743,FN,38,,,,,,
149,,,,,39.345,51.085,41.241,FN,39,,,,,,
149,,,,,10.406,53.108,67.545,FN,40,,,,,,
149,,,,,14.966,53.306,95.179,FN,41,,,,,,
149,,,,,61.855,53.828,57.0,FN,42,,,,,,
149,,,,,31.015,54.602,20.5,FN,43,,,,,,
149,,,,,1.53,56.404,32.205,FN,47,,,,,,
149,,,,,17.853,65.063,98.277,FN,49,,,,,,
15,0,372.5,13.17,32.17,51.219,1.81,16.083,FP,,,,,,,
15,1,64.84,43.3,31.87,8.915,5.954,15.937,FP,,,,,,,
15,2,64.35,29.67,96.49,8.848,4.08,48.245,FP,,,,,,,
15,3,288.85,49.51,32.27,39.716,6.808,16.135,TP,5,1.239,0.365,1.292,-1.23,-0.146,-0.365
15,4,69.87,52.17,95.79,9.607,7.174,47.893,FP,,,,,,,
15,5,289.73,46.4,40.58,39.838,6.38,20.289,FP,,,,,,,
15,6,66.5,45.25,112.38,9.144,6.222,56.188,FP,,,,,,,
15,7,68.41,46.45,40.93,9.407,6.387,20.466,FP,,,,,,,
15,8,70.67,46.33,104.83,9.717,6.371,52.417,TP,6,0.935,2.561,2.726,-0.266,-0.896,-2.561
15,9,68.82,47.04,48.71,9.463,6.467,24.357,FP,,,,,,,
15,10,73.47,51.24,72.67,10.101,7.045,36.337,FP,,,,,,,
15,11,73.46,49.97,80.69,10.101,6.871,40.346,FP,,,,,,,
15,12,195.4,62.11,31.81,26.867,8.541,15.907,FP,,,,,,,
15,13,284.01,60.6,96.37,39.052,8.333,48.186,FP,,,,,,,
15,14,304.2,62.23,96.0,41.828,8.556,48.0,FP,,,,,,,
15,15,448.03,62.69,31.81,61.605,8.62,15.903,FP,,,,,,,
15,16,410.19,61.64,95.9,56.401,8.476,47.951,FP,,,,,,,
15,17,449.37,61.48,96.24,61.789,8.453,48.12,FP,,,,,,,
15,18,319.9,61.63,32.49,43.986,8.474,16.246,FP,,,,,,,
15,19,498.05,62.17,96.15,68.482,8.548,48.074,FP,,,,,,,
15,20,321.0,61.0,168.0,44.138,8.387,84.0,FP,,,,,,,
15,21,72.0,62.0,159.0,9.9,8.525,79.5,FP,,,,,,,
15,22,193.61,78.43,96.43,26.621,10.785,48.217,FP,,,,,,,
15,23,347.16,88.24,32.45,47.734,12.133,16.227,TP,10,0.442,0.104,0.454,-0.183,0.402,0.104
15,24,349.54,84.29,130.11,48.061,11.589,65.054,FP,,,,,,,
15,25,347.92,84.67,137.5,47.839,11.642,68.75,FP,,,,,,,
15,26,349.0,86.0,137.0,47.987,11.825,68.5,FP,,,,,,,
15,27,24.0,111.96,32.05,3.299,15.394,16.023,FP,,,,,,,
15,28,461.58,138.08,66.33,63.468,18.986,33.167,FP,,,,,,,
15,29,459.89,139.62,40.55,63.235,19.198,20.273,FP,,,,,,,
15,30,462.13,138.87,55.98,63.543,19.094,27.992,FP,,,,,,,
15,31,459.77,140.02,32.58,63.218,19.253,16.292,FP,,,,,,,
15,32,461.75,140.0,51.0,63.491,19.25,25.5,FP,,,,,,,
15,33,453.67,140.67,96.6,62.379,19.342,48.3,FP,,,,,,,
15,34,457.67,141.0,96.33,62.929,19.388,48.167,FP,,,,,,,
15,35,463.0,141.0,66.0,63.663,19.388,33.0,FP,,,,,,,
15,36,448.95,160.39,96.52,61.731,22.054,48.258,FP,,,,,,,
15,37,452.82,161.41,168.0,62.263,22.194,84.0,FP,,,,,,,
15,38,452.35,163.61,160.14,62.198,22.497,80.069,FP,,,,,,,
15,39,455.0,162.0,158.0,62.562,22.275,79.0,FP,,,,,,,
15,40,459.47,176.8,31.96,63.177,24.31,15.979,FP,,,,,,,
15,41,25.85,188.69,31.88,3.555,25.944,15.942,FP,,,,,,,
15,42,471.04,188.11,95.83,64.768,25.865,47.917,FP,,,,,,,
15,43,71.56,189.7,31.67,9.84,26.083,15.834,FP,,,,,,,
15,44,200.04,189.54,96.13,27.506,26.062,48.067,FP,,,,,,,
15,45,200.22,189.58,31.94,27.53,26.068,15.97,FP,,,,,,,
15,46,318.8,190.07,32.11,43.835,26.134,16.053,FP,,,,,,,
15,47,355.21,189.56,31.9,48.841,26.064,15.95,FP,,,,,,,
15,48,33.44,189.78,96.44,4.599,26.094,48.222,FP,,,,,,,
15,49,482.03,193.13,168.32,66.279,26.555,84.161,FP,,,,,,,
15,50,366.0,190.0,32.0,50.325,26.125,16.0,FP,,,,,,,
15,51,156.3,212.1,95.86,21.492,29.163,47.932,FP,,,,,,,
15,52,373.55,238.5,95.99,51.363,32.794,47.997,FP,,,,,,,
15,53,372.74,238.23,104.53,51.252,32.756,52.266,FP,,,,,,,
15,54,371.0,236.5,73.0,51.013,32.519,36.5,TP,23,0.47,3.278,3.311,-0.457,-0.106,-3.278
15,55,374.4,238.4,80.8,51.48,32.78,40.4,FP,,,,,,,
15,56,155.78,246.11,96.22,21.419,33.84,48.111,FP,,,,,,,
15,57,273.32,250.72,96.13,37.582,34.474,48.066,FP,,,,,,,
15,58,63.72,285.21,95.82,8.762,39.217,47.908,FP,,,,,,,
15,59,61.97,289.0,32.03,8.522,39.737,16.013,FP,,,,,,,
15,60,464.54,310.99,95.83,63.875,42.761,47.913,FP,,,,,,,
15,61,461.84,308.28,32.06,63.503,42.388,16.032,FP,,,,,,,
15,62,464.45,304.12,40.94,63.862,41.816,20.47,FP,,,,,,,
15,63,465.4,303.82,105.05,63.993,41.775,52.527,FP,,,,,,,
15,64,465.73,302.02,112.39,64.037,41.528,56.196,FP,,,,,,,
15,65,468.57,303.7,159.74,64.429,41.758,79.871,FP,,,,,,,
15,66,467.97,302.03,168.47,64.345,41.53,84.237,FP,,,,,,,
15,67,463.73,304.42,48.53,63.763,41.858,24.267,TP,28,0.472,3.015,3.051,-0.39,0.266,-3.015
15,68,466.71,302.29,152.29,64.173,41.564,76.143,FP,,,,,,,
15,69,467.35,309.88,129.86,64.261,42.608,64.932,FP,,,,,,,
15,70,468.31,308.56,137.19,64.393,42.428,68.597,FP,,,,,,,
15,71,468.72,305.65,144.53,64.449,42.027,72.267,FP,,,,,,,
15,72,470.5,304.0,153.0,64.694,41.8,76.5,FP,,,,,,,
15,73,468.5,305.0,135.0,64.419,41.938,67.5,FP,,,,,,,
15,74,469.0,305.0,155.0,64.488,41.938,77.5,FP,,,,,,,
15,75,315.82,319.42,31.74,43.425,43.921,15.871,FP,,,,,,,
15,76,318.04,318.53,95.89,43.73,43.797,47.945,FP,,,,,,,
15,77,467.26,316.17,168.2,64.248,43.474,84.102,FP,,,,,,,
15,78,470.25,314.0,159.5,64.659,43.175,79.75,FP,,,,,,,
15,79,466.57,314.14,158.86,64.154,43.195,79.429,FP,,,,,,,
15,80,469.0,313.0,159.0,64.488,43.038,79.5,FP,,,,,,,
15,81,195.91,317.47,32.51,26.937,43.652,16.253,FP,,,,,,,
15,82,313.8,316.6,159.0,43.147,43.533,79.5,FP,,,,,,,
15,83,469.4,316.7,159.4,64.543,43.546,79.7,FP,,,,,,,
15,84,191.94,317.94,96.28,26.392,43.717,48.139,FP,,,,,,,
15,85,466.0,317.0,160.0,64.075,43.588,80.0,FP,,,,,,,
15,86,189.0,318.0,32.0,25.988,43.725,16.0,FP,,,,,,,
15,87,321.36,318.55,48.64,44.188,43.8,24.318,FP,,,,,,,
15,88,203.33,351.98,32.02,27.957,48.397,16.012,TP,32,1.193,0.717,1.392,-1.137,0.361,0.717
15,89,207.43,349.43,96.13,28.521,48.047,48.065,FP,,,,,,,
15,90,203.0,348.67,48.67,27.913,47.942,24.333,FP,,,,,,,
15,91,214.6,349.2,137.0,29.508,48.015,68.5,FP,,,,,,,
15,92,203.0,349.5,41.0,27.913,48.056,20.5,FP,,,,,,,
15,93,205.9,351.9,41.0,28.311,48.386,20.5,FP,,,,,,,
15,94,202.67,352.0,48.67,27.867,48.4,24.333,FP,,,,,,,
15,95,114.5,366.5,97.0,15.744,50.394,48.5,FP,,,,,,,
15,96,450.0,379.0,97.0,61.875,52.112,48.5,FP,,,,,,,
15,97,322.08,397.73,32.09,44.286,54.688,16.045,FP,,,,,,,
15,98,332.82,408.59,96.76,45.763,56.181,48.382,FP,,,,,,,
15,99,337.02,412.29,32.19,46.34,56.69,16.095,FP,,,,,,,
15,100,68.83,415.17,31.97,9.464,57.086,15.983,FP,,,,,,,
15,101,146.47,434.84,32.04,20.14,59.791,16.02,FP,,,,,,,
15,102,148.92,432.26,40.68,20.477,59.436,20.341,FP,,,,,,,
15,103,146.12,432.96,48.58,20.092,59.532,24.292,FP,,,,,,,
15,104,150.33,433.33,48.42,20.671,59.583,24.208,FP,,,,,,,
15,105,197.53,445.21,31.91,27.16,61.216,15.954,FP,,,,,,,
15,106,151.29,446.76,95.9,20.803,61.43,47.952,FP,,,,,,,
15,107,450.06,445.41,96.47,61.883,61.244,48.236,FP,,,,,,,
15,108,288.83,464.38,32.17,39.715,63.852,16.083,TP,45,0.713,0.375,0.805,0.088,-0.707,0.375
15,109,290.57,445.14,96.29,39.954,61.207,48.143,FP,,,,,,,
15,110,320.67,446.38,168.33,44.092,61.377,84.167,FP,,,,,,,
15,111,371.0,445.5,32.0,51.013,61.256,16.0,FP,,,,,,,
15,112,374.33,446.0,32.33,51.471,61.325,16.167,FP,,,,,,,
15,113,291.92,449.52,40.56,40.139,61.809,20.28,FP,,,,,,,
15,114,288.96,461.35,40.58,39.732,63.436,20.289,TP,43,0.358,2.289,2.317,-0.29,0.21,2.289
15,115,290.27,463.08,96.01,39.912,63.674,48.004,FP,,,,,,,
15,116,447.02,468.54,31.84,61.465,64.424,15.921,FP,,,,,,,
15,117,206.25,495.82,31.88,28.36,68.176,15.938,FP,,,,,,,
15,118,241.56,501.62,32.53,33.215,68.973,16.266,FP,,,,,,,
15,119,243.0,502.0,41.0,33.413,69.025,20.5,FP,,,,,,,
15,120,66.96,508.1,96.49,9.207,69.864,48.247,FP,,,,,,,
15,,,,,2.829,0.41,10.367,FN,0,,,,,,
15,,,,,68.806,2.076,55.434,FN,1,,,,,,
15,,,,,8.32,5.16,23.478,FN,2,,,,,,
15,,,,,23.903,5.305,24.231,FN,3,,,,,,
15,,,,,39.115,5.401,14.547,FN,4,,,,,,
15,,,,,20.237,8.848,83.841,FN,7,,,,,,
15,,,,,57.918,10.66,95.489,FN,8,,,,,,
15,,,,,19.913,12.127,98.086,FN,9,,,,,,
15,,,,,1.697,14.028,90.934,FN,11,,,,,,
15,,,,,3.702,14.275,9.576,FN,12,,,,,,
15,,,,,20.314,15.404,96.038,FN,13,,,,,,
15,,,,,63.478,19.221,66.025,FN,14,,,,,,
15,,,,,62.133,22.962,2.029,FN,15,,,,,,
15,,,,,65.578,24.737,43.556,FN,16,,,,,,
15,,,,,3.376,24.617,1.638,FN,17,,,,,,
15,,,,,35.899,23.833,5.494,FN,18,,,,,,
15,,,,,28.242,25.662,90.681,FN,19,,,,,,
15,,,,,69.186,27.802,84.449,FN,20,,,,,,
15,,,,,21.09,29.588,38.689,FN,21,,,,,,
15,,,,,47.66,30.038,84.59,FN,22,,,,,,
15,,,,,21.293,34.317,59.199,FN,24,,,,,,
15,,,,,37.807,34.841,57.0,FN,25,,,,,,
15,,,,,62.541,36.049,85.704,FN,26,,,,,,
15,,,,,7.93,40.282,92.284,FN,27,,,,,,
15,,,,,64.166,43.244,25.847,FN,29,,,,,,
15,,,,,42.366,43.861,5.494,FN,30,,,,,,
15,,,,,17.398,47.204,75.095,FN,31,,,,,,
15,,,,,15.969,50.614,26.019,FN,33,,,,,,
15,,,,,62.01,52.458,53.5,FN,34,,,,,,
15,,,,,38.207,53.772,13.682,FN,35,,,,,,
15,,,,,58.542,54.2,94.033,FN,36,,,,,,
15,,,,,45.566,56.025,34.233,FN,37,,,,,,
15,,,,,31.173,56.448,66.537,FN,38,,,,,,
15,,,,,10.492,56.73,27.123,FN,39,,,,,,
15,,,,,20.106,59.231,10.254,FN,40,,,,,,
15,,,,,32.6,59.54,52.155,FN,41,,,,,,
15,,,,,40.297,61.578,68.763,FN,42,,,,,,
15,,,,,61.115,63.77,11.682,FN,44,,,,,,
15,,,,,33.388,69.027,72.208,FN,46,,,,,,
15,,,,,8.452,69.716,71.858,FN,47,,,,,,
15,,,,,45.948,69.683,92.099,FN,48,,,,,,
151,0,400.04,22.86,32.37,55.006,3.144,16.184,FP,,,,,,,
151,1,403.75,26.35,96.46,55.515,3.622,48.23,FP,,,,,,,
151,2,218.1,57.77,95.82,29.989,7.943,47.908,FP,,,,,,,
151,3,73.05,61.23,95.75,10.045,8.419,47.873,TP,6,0.627,0.854,1.06,-0.087,0.621,-0.854
151,4,65.9,61.13,32.27,9.061,8.405,16.137,FP,,,,,,,
151,5,319.39,62.29,95.85,43.917,8.564,47.927,FP,,,,,,,
151,6,70.36,62.19,168.2,9.675,8.551,84.099,FP,,,,,,,
151,7,73.98,60.14,80.57,10.173,8.27,40.286,FP,,,,,,,
151,8,136.88,62.47,32.62,18.822,8.59,16.309,FP,,,,,,,
151,9,451.64,61.22,95.98,62.101,8.418,47.99,FP,,,,,,,
151,10,80.25,60.41,130.13,11.034,8.307,65.066,FP,,,,,,,
151,11,70.9,62.29,159.49,9.749,8.564,79.747,FP,,,,,,,
151,12,136.47,61.7,40.58,18.764,8.483,20.291,FP,,,,,,,
151,13,134.5,61.0,57.0,18.494,8.387,28.5,FP,,,,,,,
151,14,191.9,61.66,32.2,26.386,8.479,16.1,FP,,,,,,,
151,15,225.2,60.6,32.6,30.965,8.332,16.3,FP,,,,,,,
151,16,319.73,65.19,31.89,43.962,8.964,15.946,FP,,,,,,,
151,17,133.6,61.0,66.2,18.37,8.387,33.1,FP,,,,,,,
151,18,195.0,61.0,1.0,26.812,8.387,0.5,FP,,,,,,,
151,19,134.43,63.14,48.86,18.484,8.682,24.429,FP,,,,,,,
151,20,135.0,62.0,55.0,18.562,8.525,27.5,FP,,,,,,,
151,21,190.5,62.0,2.5,26.194,8.525,1.25,FP,,,,,,,
151,22,193.0,62.5,2.0,26.538,8.594,1.0,FP,,,,,,,
151,23,195.0,62.5,2.0,26.812,8.594,1.0,FP,,,,,,,
151,24,210.67,62.0,32.67,28.967,8.525,16.333,FP,,,,,,,
151,25,307.79,64.75,158.67,42.321,8.903,79.333,FP,,,,,,,
151,26,320.23,76.66,96.2,44.032,10.541,48.099,FP,,,,,,,
151,27,170.85,89.72,95.76,23.491,12.336,47.879,FP,,,,,,,
151,28,170.19,89.58,104.58,23.402,12.317,52.29,FP,,,,,,,
151,29,178.05,92.55,130.15,24.482,12.726,65.075,FP,,,,,,,
151,30,321.73,93.5,32.44,44.238,12.856,16.22,FP,,,,,,,
151,31,142.65,94.0,32.38,19.615,12.925,16.192,FP,,,,,,,
151,32,449.31,109.92,95.8,61.78,15.114,47.898,FP,,,,,,,
151,33,449.9,108.73,80.48,61.861,14.95,40.24,FP,,,,,,,
151,34,113.61,109.0,96.46,15.621,14.988,48.232,FP,,,,,,,
151,35,209.51,110.95,95.86,28.807,15.255,47.931,FP,,,,,,,
151,36,450.35,109.53,72.53,61.924,15.06,36.265,FP,,,,,,,
151,37,156.27,153.43,32.13,21.487,21.096,16.065,FP,,,,,,,
151,38,292.1,190.4,31.88,40.163,26.18,15.938,FP,,,,,,,
151,39,199.65,189.29,32.14,27.452,26.027,16.069,FP,,,,,,,
151,40,293.79,189.05,40.79,40.396,25.995,20.395,FP,,,,,,,
151,41,71.09,189.78,32.48,9.775,26.095,16.242,FP,,,,,,,
151,42,291.28,189.64,16.8,40.051,26.076,8.4,FP,,,,,,,
151,43,292.65,189.62,48.73,40.24,26.072,24.365,FP,,,,,,,
151,44,294.0,190.14,96.46,40.425,26.144,48.232,FP,,,,,,,
151,45,298.33,188.67,41.0,41.021,25.942,20.5,FP,,,,,,,
151,46,463.5,189.66,32.21,63.731,26.078,16.104,FP,,,,,,,
151,47,498.64,191.4,95.96,68.563,26.318,47.978,FP,,,,,,,
151,48,449.88,189.5,32.38,61.858,26.056,16.188,FP,,,,,,,
151,49,480.5,190.12,32.47,66.069,26.141,16.235,FP,,,,,,,
151,50,475.0,190.0,32.0,65.312,26.125,16.0,FP,,,,,,,
151,51,290.91,205.08,96.0,40.0,28.199,48.002,FP,,,,,,,
151,52,448.25,204.63,95.83,61.635,28.136,47.917,FP,,,,,,,
151,53,501.39,205.0,96.39,68.941,28.188,48.194,FP,,,,,,,
151,54,195.64,227.95,31.84,26.9,31.343,15.92,TP,24,0.642,0.174,0.665,-0.301,0.567,-0.174
151,55,194.05,223.01,96.1,26.681,30.663,48.052,FP,,,,,,,
151,56,195.91,223.26,112.75,26.937,30.699,56.376,FP,,,,,,,
151,57,198.5,222.5,105.0,27.294,30.594,52.5,FP,,,,,,,
151,58,198.0,223.0,130.0,27.225,30.663,65.0,FP,,,,,,,
151,59,205.83,242.05,95.89,28.302,33.282,47.943,FP,,,,,,,
151,60,425.71,246.57,41.0,58.536,33.904,20.5,FP,,,,,,,
151,61,421.99,251.14,96.5,58.024,34.532,48.25,FP,,,,,,,
151,62,162.19,317.58,31.98,22.302,43.668,15.988,FP,,,,,,,
151,63,224.38,319.65,97.53,30.852,43.952,48.767,FP,,,,,,,
151,64,172.11,318.52,95.81,23.665,43.797,47.903,FP,,,,,,,
151,65,320.09,317.14,32.25,44.013,43.606,16.126,FP,,,,,,,
151,66,223.43,319.72,72.71,30.722,43.961,36.353,TP,32,0.163,3.899,3.902,-0.16,0.031,-3.899
151,67,223.2,320.17,32.17,30.69,44.023,16.086,FP,,,,,,,
151,68,225.71,318.08,112.5,31.035,43.736,56.25,FP,,,,,,,
151,69,334.15,317.04,168.48,45.945,43.593,84.241,FP,,,,,,,
151,70,394.6,317.2,96.6,54.258,43.615,48.3,FP,,,,,,,
151,71,402.0,317.0,169.0,55.275,43.588,84.5,FP,,,,,,,
151,72,433.11,317.89,32.42,59.552,43.711,16.211,FP,,,,,,,
151,73,222.36,319.18,80.73,30.575,43.888,40.364,FP,,,,,,,
151,74,226.38,320.75,80.62,31.127,44.103,40.312,FP,,,,,,,
151,75,226.57,321.71,130.0,31.154,44.236,65.0,FP,,,,,,,
151,76,220.5,323.0,81.0,30.319,44.413,40.5,FP,,,,,,,
151,77,186.14,333.14,130.27,25.594,45.806,65.136,FP,,,,,,,
151,78,241.53,337.08,32.47,33.21,46.348,16.237,FP,,,,,,,
151,79,321.68,349.53,96.47,44.231,48.06,48.235,FP,,,,,,,
151,80,74.76,366.11,96.38,10.28,50.339,48.191,FP,,,,,,,
151,81,375.37,369.23,8.75,51.613,50.769,4.375,FP,,,,,,,
151,82,376.43,370.03,24.51,51.759,50.879,12.257,FP,,,,,,,
151,83,376.94,370.12,19.81,51.829,50.892,9.906,FP,,,,,,,
151,84,378.0,370.0,16.0,51.975,50.875,8.0,FP,,,,,,,
151,85,81.11,373.5,32.47,11.152,51.356,16.237,FP,,,,,,,
151,86,372.0,373.0,9.0,51.15,51.288,4.5,FP,,,,,,,
151,87,82.43,378.14,32.71,11.334,51.995,16.357,FP,,,,,,,
151,88,390.2,401.91,41.08,53.652,55.263,20.538,FP,,,,,,,
151,89,390.27,401.82,24.82,53.663,55.25,12.409,FP,,,,,,,
151,90,390.0,403.0,33.0,53.625,55.413,16.5,FP,,,,,,,
151,91,390.5,405.0,25.0,53.694,55.688,12.5,FP,,,,,,,
151,92,137.85,421.77,96.31,18.954,57.993,48.154,FP,,,,,,,
151,93,137.16,426.49,40.57,18.859,58.642,20.283,FP,,,,,,,
151,94,138.5,426.5,73.0,19.044,58.644,36.5,FP,,,,,,,
151,95,192.31,445.62,95.93,26.443,61.272,47.966,FP,,,,,,,
151,96,355.28,447.08,95.85,48.851,61.474,47.926,FP,,,,,,,
151,97,320.72,445.51,96.49,44.099,61.258,48.244,FP,,,,,,,
151,98,322.39,445.73,32.43,44.329,61.287,16.216,FP,,,,,,,
151,99,354.41,446.49,32.46,48.732,61.392,16.229,FP,,,,,,,
151,100,354.5,445.0,104.75,48.744,61.188,52.375,FP,,,,,,,
151,101,459.2,445.76,96.33,63.14,61.293,48.163,FP,,,,,,,
151,102,18.5,445.75,32.75,2.544,61.291,16.375,FP,,,,,,,
151,103,194.58,445.58,168.17,26.755,61.268,84.083,FP,,,,,,,
151,104,446.0,445.0,96.5,61.325,61.188,48.25,FP,,,,,,,
151,105,36.57,477.35,95.8,5.029,65.635,47.9,FP,,,,,,,
151,106,71.4,477.41,32.07,9.817,65.643,16.035,FP,,,,,,,
151,107,176.82,493.8,40.33,24.312,67.898,20.165,FP,,,,,,,
151,108,179.78,495.15,95.72,24.72,68.084,47.86,FP,,,,,,,
151,,,,,66.45,2.288,96.093,FN,0,,,,,,
151,,,,,36.81,1.728,2.55,FN,1,,,,,,
151,,,,,55.197,2.277,29.477,FN,2,,,,,,
151,,,,,30.346,7.061,40.248,FN,3,,,,,,
151,,,,,29.287,8.447,87.792,FN,4,,,,,,
151,,,,,38.014,7.167,98.745,FN,5,,,,,,
151,,,,,18.499,8.544,63.745,FN,7,,,,,,
151,,,,,43.591,8.981,89.771,FN,8,,,,,,
151,,,,,41.856,9.969,7.723,FN,9,,,,,,
151,,,,,18.92,12.668,89.0,FN,10,,,,,,
151,,,,,23.404,12.458,41.795,FN,11,,,,,,
151,,,,,61.811,13.335,94.882,FN,12,,,,,,
151,,,,,61.527,14.939,62.055,FN,13,,,,,,
151,,,,,56.361,15.287,26.819,FN,14,,,,,,
151,,,,,10.456,16.959,97.877,FN,15,,,,,,
151,,,,,68.125,17.872,92.505,FN,16,,,,,,
151,,,,,1.42,20.134,18.125,FN,17,,,,,,
151,,,,,21.35,20.111,2.551,FN,18,,,,,,
151,,,,,41.099,24.859,9.383,FN,19,,,,,,
151,,,,,5.545,27.905,64.016,FN,20,,,,,,
151,,,,,39.858,28.292,36.439,FN,21,,,,,,
151,,,,,68.018,28.284,63.718,FN,22,,,,,,
151,,,,,24.04,29.075,74.682,FN,23,,,,,,
151,,,,,17.915,32.269,13.147,FN,25,,,,,,
151,,,,,66.847,32.83,55.558,FN,26,,,,,,
151,,,,,58.529,34.213,61.297,FN,27,,,,,,
151,,,,,50.439,35.282,56.169,FN,28,,,,,,
151,,,,,69.084,37.169,32.5,FN,29,,,,,,
151,,,,,21.697,42.377,18.412,FN,30,,,,,,
151,,,,,53.657,42.997,54.049,FN,31,,,,,,
151,,,,,25.531,45.51,21.84,FN,33,,,,,,
151,,,,,34.403,47.319,8.995,FN,34,,,,,,
151,,,,,48.623,51.06,70.0,FN,35,,,,,,
151,,,,,51.841,50.771,90.168,FN,36,,,,,,
151,,,,,11.965,52.31,6.956,FN,37,,,,,,
151,,,,,25.006,52.204,0.985,FN,38,,,,,,
151,,,,,53.622,55.577,77.207,FN,39,,,,,,
151,,,,,48.599,58.164,7.594,FN,40,,,,,,
151,,,,,19.034,58.554,60.337,FN,41,,,,,,
151,,,,,59.466,60.078,92.167,FN,42,,,,,,
151,,,,,48.905,63.211,74.09,FN,43,,,,,,
151,,,,,4.994,65.266,70.12,FN,44,,,,,,
151,,,,,42.95,65.433,87.389,FN,45,,,,,,
151,,,,,38.665,66.343,92.849,FN,46,,,,,,
151,,,,,10.106,66.186,0.938,FN,47,,,,,,
151,,,,,6.943,67.93,91.668,FN,48,,,,,,
151,,,,,24.263,67.619,81.131,FN,49,,,,,,
154,0,305.94,21.91,31.84,42.067,3.013,15.919,FP,,,,,,,
154,1,165.86,36.07,31.92,22.806,4.959,15.961,TP,4,0.42,2.576,2.61,-0.404,-0.115,2.576
154,2,397.44,57.6,32.32,54.649,7.92,16.158,FP,,,,,,,
154,3,202.66,62.04,15.61,27.866,8.53,7.803,FP,,,,,,,
154,4,408.63,62.99,95.79,56.187,8.662,47.894,FP,,,,,,,
154,5,33.85,61.68,32.02,4.654,8.482,16.012,FP,,,,,,,
154,6,200.8,61.05,31.61,27.61,8.395,15.807,FP,,,,,,,
154,7,201.79,62.77,1.4,27.746,8.631,0.699,FP,,,,,,,
154,8,114.81,61.77,96.42,15.787,8.493,48.209,FP,,,,,,,
154,9,201.8,61.2,24.0,27.748,8.415,12.0,FP,,,,,,,
154,10,241.92,61.92,96.62,33.264,8.514,48.308,FP,,,,,,,
154,11,25.0,62.0,96.25,3.438,8.525,48.125,FP,,,,,,,
154,12,29.0,62.0,96.0,3.988,8.525,48.0,FP,,,,,,,
154,13,205.0,69.0,1.0,28.188,9.488,0.5,FP,,,,,,,
154,14,482.78,122.88,96.47,66.382,16.896,48.234,TP,11,0.782,3.474,3.561,0.124,-0.772,3.474
154,15,347.24,157.87,31.94,47.746,21.707,15.97,FP,,,,,,,
154,16,348.99,155.97,96.54,47.986,21.446,48.271,FP,,,,,,,
154,17,407.39,188.92,95.84,56.017,25.976,47.922,FP,,,,,,,
154,18,441.75,189.92,31.94,60.74,26.114,15.971,FP,,,,,,,
154,19,63.94,189.69,32.41,8.791,26.082,16.203,FP,,,,,,,
154,20,160.68,189.79,96.24,22.094,26.096,48.12,FP,,,,,,,
154,21,244.19,189.15,32.52,33.575,26.008,16.259,FP,,,,,,,
154,22,464.66,189.36,96.48,63.89,26.037,48.242,FP,,,,,,,
154,23,66.2,189.6,167.5,9.102,26.07,83.75,FP,,,,,,,
154,24,64.75,190.75,96.5,8.903,26.228,48.25,FP,,,,,,,
154,25,66.42,205.0,96.18,9.133,28.188,48.089,FP,,,,,,,
154,26,66.5,204.5,33.0,9.144,28.119,16.5,FP,,,,,,,
154,27,423.95,281.01,96.01,58.294,38.639,48.006,FP,,,,,,,
154,28,422.91,281.7,80.57,58.151,38.733,40.283,TP,24,0.172,1.387,1.397,-0.17,-0.023,1.387
154,29,420.0,281.0,73.0,57.75,38.638,36.5,FP,,,,,,,
154,30,423.25,282.0,72.0,58.197,38.775,36.0,FP,,,,,,,
154,31,425.5,282.0,73.0,58.506,38.775,36.5,FP,,,,,,,
154,32,312.05,301.37,96.46,42.907,41.438,48.228,FP,,,,,,,
154,33,300.33,312.38,32.21,41.295,42.953,16.107,FP,,,,,,,
154,34,313.25,301.75,113.0,43.072,41.491,56.5,FP,,,,,,,
154,35,319.0,302.5,97.0,43.862,41.594,48.5,FP,,,,,,,
154,36,62.85,317.35,95.87,8.642,43.635,47.936,FP,,,,,,,
154,37,322.32,317.13,95.93,44.319,43.606,47.966,FP,,,,,,,
154,38,319.94,318.49,168.16,43.992,43.792,84.08,FP,,,,,,,
154,39,68.4,317.67,32.29,9.405,43.679,16.147,FP,,,,,,,
154,40,298.38,319.74,96.34,41.027,43.964,48.172,FP,,,,,,,
154,41,370.71,317.71,96.46,50.972,43.685,48.232,FP,,,,,,,
154,42,206.0,318.0,97.0,28.325,43.725,48.5,FP,,,,,,,
154,43,298.5,317.0,41.0,41.044,43.588,20.5,FP,,,,,,,
154,44,320.12,319.45,158.98,44.016,43.925,79.49,FP,,,,,,,
154,45,465.75,317.67,168.33,64.041,43.679,84.167,FP,,,,,,,
154,46,241.8,318.0,32.4,33.248,43.725,16.2,FP,,,,,,,
154,47,319.0,318.5,165.0,43.862,43.794,82.5,FP,,,,,,,
154,48,321.0,318.0,162.0,44.138,43.725,81.0,FP,,,,,,,
154,49,454.0,318.0,97.0,62.425,43.725,48.5,FP,,,,,,,
154,50,158.64,358.45,96.07,21.814,49.287,48.033,FP,,,,,,,
154,51,151.01,363.55,32.43,20.763,49.987,16.213,TP,32,0.987,1.635,1.91,-0.559,0.814,-1.635
154,52,158.41,350.59,167.71,21.782,48.206,83.853,FP,,,,,,,
154,53,159.77,351.69,158.85,21.968,48.358,79.423,FP,,,,,,,
154,54,422.5,350.0,168.0,58.094,48.125,84.0,FP,,,,,,,
154,55,155.49,354.84,104.67,21.38,48.79,52.335,FP,,,,,,,
154,56,153.9,356.57,112.63,21.161,49.029,56.316,FP,,,,,,,
154,57,427.06,361.26,95.86,58.72,49.674,47.93,FP,,,,,,,
154,58,156.6,357.36,130.4,21.533,49.136,65.2,FP,,,,,,,
154,59,426.21,359.48,104.59,58.603,49.428,52.294,FP,,,,,,,
154,60,419.19,364.86,32.53,57.638,50.169,16.263,FP,,,,,,,
154,61,115.31,366.8,16.55,15.856,50.436,8.275,FP,,,,,,,
154,62,160.0,379.0,33.0,22.0,52.112,16.5,FP,,,,,,,
154,63,112.43,397.39,96.43,15.459,54.641,48.214,FP,,,,,,,
154,64,63.0,419.0,30.0,8.663,57.613,15.0,FP,,,,,,,
154,65,63.0,420.0,32.0,8.663,57.75,16.0,FP,,,,,,,
154,66,67.2,429.35,96.33,9.24,59.035,48.167,FP,,,,,,,
154,67,283.53,446.26,31.88,38.986,61.36,15.94,FP,,,,,,,
154,68,284.62,444.57,96.45,39.136,61.128,48.226,FP,,,,,,,
154,69,193.24,447.14,31.88,26.571,61.481,15.941,FP,,,,,,,
154,70,330.67,445.96,31.83,45.467,61.32,15.915,FP,,,,,,,
154,71,155.79,445.65,32.48,21.421,61.277,16.24,FP,,,,,,,
154,72,193.62,445.66,96.52,26.623,61.278,48.259,FP,,,,,,,
154,73,67.67,445.83,32.5,9.304,61.302,16.25,FP,,,,,,,
154,74,450.14,445.14,32.43,61.895,61.207,16.214,FP,,,,,,,
154,75,67.0,446.0,96.5,9.213,61.325,48.25,FP,,,,,,,
154,76,447.32,460.58,96.55,61.507,63.33,48.274,FP,,,,,,,
154,77,192.26,461.41,96.18,26.436,63.443,48.09,FP,,,,,,,
154,78,321.41,462.62,95.97,44.194,63.61,47.985,FP,,,,,,,
154,79,447.87,486.47,31.97,61.582,66.889,15.984,FP,,,,,,,
154,80,68.0,477.47,96.49,9.35,65.652,48.245,FP,,,,,,,
154,81,323.81,478.49,32.32,44.524,65.792,16.162,FP,,,,,,,
154,82,198.0,477.86,32.43,27.225,65.705,16.214,FP,,,,,,,
154,83,74.29,496.26,32.41,10.215,68.236,16.205,TP,46,0.984,3.288,3.432,-0.765,-0.619,3.288
154,84,194.5,478.0,33.0,26.744,65.725,16.5,FP,,,,,,,
154,85,70.21,493.65,95.95,9.655,67.877,47.976,FP,,,,,,,
154,86,322.77,493.54,96.48,44.381,67.862,48.24,FP,,,,,,,
154,87,448.25,492.75,96.5,61.634,67.753,48.25,FP,,,,,,,
154,88,408.79,503.04,40.57,56.209,69.169,20.287,FP,,,,,,,
154,,,,,8.334,2.165,95.726,FN,0,,,,,,
154,,,,,42.149,3.067,44.769,FN,1,,,,,,
154,,,,,52.893,3.811,48.03,FN,2,,,,,,
154,,,,,14.254,4.641,61.833,FN,3,,,,,,
154,,,,,54.401,7.367,25.62,FN,5,,,,,,
154,,,,,27.827,8.645,94.335,FN,6,,,,,,
154,,,,,17.484,9.163,10.706,FN,7,,,,,,
154,,,,,16.92,11.119,77.531,FN,8,,,,,,
154,,,,,17.362,15.382,13.894,FN,9,,,,,,
154,,,,,27.076,16.679,65.043,FN,10,,,,,,
154,,,,,24.059,19.046,24.376,FN,12,,,,,,
154,,,,,48.119,20.961,24.627,FN,13,,,,,,
154,,,,,31.559,24.355,96.914,FN,14,,,,,,
154,,,,,22.252,25.406,79.996,FN,15,,,,,,
154,,,,,22.777,26.341,82.025,FN,16,,,,,,
154,,,,,9.296,28.337,77.477,FN,17,,,,,,
154,,,,,70.128,29.517,39.0,FN,18,,,,,,
154,,,,,52.773,31.248,70.487,FN,19,,,,,,
154,,,,,1.428,32.622,49.71,FN,20,,,,,,
154,,,,,55.509,33.137,93.158,FN,21,,,,,,
154,,,,,64.763,36.493,23.197,FN,22,,,,,,
154,,,,,33.959,38.493,60.803,FN,23,,,,,,
154,,,,,50.888,40.839,89.43,FN,25,,,,,,
154,,,,,36.688,41.483,43.637,FN,26,,,,,,
154,,,,,42.591,41.374,28.711,FN,27,,,,,,
154,,,,,52.439,42.405,10.5,FN,28,,,,,,
154,,,,,43.459,43.28,58.211,FN,29,,,,,,
154,,,,,40.709,43.838,55.615,FN,30,,,,,,
154,,,,,58.237,49.369,40.721,FN,31,,,,,,
154,,,,,15.973,50.755,94.917,FN,33,,,,,,
154,,,,,63.33,55.271,87.336,FN,34,,,,,,
154,,,,,47.034,58.202,88.578,FN,35,,,,,,
154,,,,,8.506,57.757,83.424,FN,36,,,,,,
154,,,,,40.36,58.339,70.242,FN,37,,,,,,
154,,,,,38.875,60.757,10.763,FN,38,,,,,,
154,,,,,26.973,62.093,86.0,FN,39,,,,,,
154,,,,,51.396,62.028,16.613,FN,40,,,,,,
154,,,,,52.097,64.992,86.54,FN,41,,,,,,
154,,,,,44.597,65.791,80.754,FN,42,,,,,,
154,,,,,63.272,65.843,2.051,FN,43,,,,,,
154,,,,,59.062,65.588,1.484,FN,44,,,,,,
154,,,,,9.956,66.191,53.604,FN,45,,,,,,
154,,,,,0.54,68.287,41.259,FN,47,,,,,,
154,,,,,53.209,69.407,87.124,FN,48,,,,,,
154,,,,,56.277,69.746,64.233,FN,49,,,,,,
161,0,193.42,14.26,32.58,26.595,1.961,16.289,FP,,,,,,,
161,1,189.68,29.89,32.57,26.081,4.11,16.286,FP,,,,,,,
161,2,193.57,29.52,96.39,26.615,4.059,48.196,FP,,,,,,,
161,3,193.0,29.0,32.0,26.538,3.988,16.0,FP,,,,,,,
161,4,259.93,35.75,8.77,35.74,4.915,4.386,FP,,,,,,,
161,5,258.2,36.0,12.8,35.503,4.95,6.4,FP,,,,,,,
161,6,261.18,35.96,25.29,35.912,4.945,12.643,FP,,,,,,,
161,7,352.85,51.19,31.93,48.517,7.038,15.966,FP,,,,,,,
161,8,353.36,47.62,40.61,48.587,6.548,20.303,FP,,,,,,,
161,9,496.32,62.52,95.82,68.245,8.596,47.909,FP,,,,,,,
161,10,490.32,62.79,168.12,67.418,8.634,84.06,FP,,,,,,,
161,11,90.31,61.56,96.24,12.418,8.464,48.122,FP,,,,,,,
161,12,114.62,63.47,32.26,15.76,8.727,16.128,FP,,,,,,,
161,13,117.31,62.1,1.9,16.13,8.539,0.948,FP,,,,,,,
161,14,318.28,61.7,96.38,43.763,8.484,48.191,FP,,,,,,,
161,15,446.51,61.71,96.05,61.395,8.485,48.025,FP,,,,,,,
161,16,494.35,63.08,159.83,67.974,8.673,79.915,FP,,,,,,,
161,17,308.25,61.62,96.38,42.384,8.473,48.188,FP,,,,,,,
161,18,402.5,61.5,32.0,55.344,8.456,16.0,FP,,,,,,,
161,19,368.7,63.58,96.48,50.696,8.742,48.24,FP,,,,,,,
161,20,209.59,111.35,31.98,28.819,15.311,15.988,TP,11,0.701,3.948,4.01,-0.179,0.677,-3.948
161,21,209.48,108.73,96.52,28.803,14.95,48.26,FP,,,,,,,
161,22,209.56,109.46,130.26,28.815,15.051,65.128,FP,,,,,,,
161,23,172.22,109.43,2.35,23.68,15.047,1.174,FP,,,,,,,
161,24,193.1,110.58,95.99,26.552,15.205,47.995,FP,,,,,,,
161,25,209.6,109.92,137.72,28.821,15.115,68.858,FP,,,,,,,
161,26,210.12,108.88,105.0,28.892,14.97,52.5,FP,,,,,,,
161,27,464.17,110.52,159.93,63.823,15.197,79.964,FP,,,,,,,
161,28,464.37,110.53,168.32,63.851,15.197,84.158,FP,,,,,,,
161,29,210.33,112.67,41.0,28.921,15.492,20.5,FP,,,,,,,
161,30,457.54,116.38,96.5,62.912,16.002,48.25,FP,,,,,,,
161,31,139.05,153.32,1.95,19.12,21.082,0.974,FP,,,,,,,
161,32,66.13,157.13,32.14,9.092,21.605,16.071,FP,,,,,,,
161,33,65.69,157.64,96.25,9.033,21.675,48.125,FP,,,,,,,
161,34,167.48,168.2,78.07,23.028,23.127,39.037,FP,,,,,,,
161,35,164.5,165.0,56.0,22.619,22.688,28.0,FP,,,,,,,
161,36,165.24,169.29,40.65,22.721,23.277,20.324,FP,,,,,,,
161,37,168.77,169.2,95.5,23.206,23.265,47.75,FP,,,,,,,
161,38,162.96,170.62,32.52,22.406,23.46,16.258,FP,,,,,,,
161,39,163.0,166.0,56.0,22.413,22.825,28.0,FP,,,,,,,
161,40,165.79,169.79,56.32,22.796,23.346,28.158,FP,,,,,,,
161,41,165.83,169.72,65.72,22.802,23.337,32.861,FP,,,,,,,
161,42,166.4,168.8,49.0,22.88,23.21,24.5,FP,,,,,,,
161,43,168.33,168.58,88.33,23.146,23.18,44.167,FP,,,,,,,
161,44,449.9,173.2,32.4,61.861,23.815,16.2,FP,,,,,,,
161,45,354.67,187.6,168.4,48.767,25.795,84.201,FP,,,,,,,
161,46,474.45,192.07,95.95,65.236,26.409,47.976,FP,,,,,,,
161,47,477.74,189.76,31.93,65.69,26.093,15.964,FP,,,,,,,
161,48,82.5,189.8,31.92,11.344,26.098,15.962,FP,,,,,,,
161,49,191.77,190.53,95.91,26.368,26.198,47.955,FP,,,,,,,
161,50,65.23,189.87,95.85,8.97,26.107,47.924,FP,,,,,,,
161,51,193.51,191.33,31.67,26.608,26.308,15.836,FP,,,,,,,
161,52,321.31,189.44,32.13,44.181,26.048,16.064,FP,,,,,,,
161,53,321.48,189.42,96.45,44.204,26.045,48.226,FP,,,,,,,
161,54,473.77,189.89,168.05,65.143,26.11,84.024,FP,,,,,,,
161,55,477.0,188.5,129.0,65.588,25.919,64.5,FP,,,,,,,
161,56,290.3,190.0,96.6,39.916,26.125,48.3,FP,,,,,,,
161,57,468.37,190.37,159.47,64.401,26.176,79.737,FP,,,,,,,
161,58,475.0,189.0,129.0,65.312,25.988,64.5,FP,,,,,,,
161,59,477.43,190.83,158.87,65.647,26.24,79.433,FP,,,,,,,
161,60,470.5,193.0,160.0,64.694,26.538,80.0,FP,,,,,,,
161,61,497.83,205.42,96.42,68.452,28.245,48.208,FP,,,,,,,
161,62,65.84,231.7,96.22,9.053,31.859,48.109,FP,,,,,,,
161,63,371.82,239.4,168.43,51.125,32.918,84.215,FP,,,,,,,
161,64,371.72,239.11,160.47,51.112,32.877,80.234,FP,,,,,,,
161,65,17.92,238.31,96.35,2.464,32.768,48.174,FP,,,,,,,
161,66,372.25,238.0,152.51,51.184,32.725,76.257,FP,,,,,,,
161,67,372.24,237.54,144.52,51.183,32.662,72.26,FP,,,,,,,
161,68,388.36,237.28,96.49,53.399,32.626,48.244,FP,,,,,,,
161,69,47.44,268.75,32.16,6.523,36.953,16.081,TP,28,0.596,2.632,2.698,0.574,-0.162,-2.632
161,70,49.13,269.51,95.93,6.756,37.057,47.964,FP,,,,,,,
161,71,47.66,266.74,40.89,6.553,36.677,20.443,FP,,,,,,,
161,72,47.84,269.97,129.87,6.578,37.122,64.933,FP,,,,,,,
161,73,50.06,283.79,96.51,6.883,39.021,48.257,FP,,,,,,,
161,74,414.98,289.2,95.74,57.06,39.765,47.871,TP,31,0.278,1.479,1.504,0.166,-0.222,-1.479
161,75,417.08,284.82,129.78,57.349,39.163,64.89,FP,,,,,,,
161,76,479.35,286.65,32.02,65.91,39.414,16.009,FP,,,,,,,
161,77,416.03,285.76,112.62,57.204,39.292,56.31,FP,,,,,,,
161,78,417.68,285.26,137.0,57.432,39.224,68.5,FP,,,,,,,
161,79,410.1,288.92,32.42,56.389,39.726,16.211,FP,,,,,,,
161,80,411.97,287.84,40.69,56.646,39.577,20.346,FP,,,,,,,
161,81,416.23,287.22,104.87,57.232,39.493,52.436,FP,,,,,,,
161,82,417.83,285.38,159.79,57.452,39.24,79.894,FP,,,,,,,
161,83,418.24,285.65,168.41,57.507,39.276,84.206,FP,,,,,,,
161,84,412.07,288.2,48.87,56.659,39.628,24.433,FP,,,,,,,
161,85,144.56,295.73,102.66,19.877,40.663,51.331,FP,,,,,,,
161,86,103.0,302.0,25.0,14.163,41.525,12.5,FP,,,,,,,
161,87,321.52,317.1,96.1,44.208,43.601,48.05,FP,,,,,,,
161,88,194.07,318.95,95.85,26.685,43.855,47.926,FP,,,,,,,
161,89,190.29,317.69,32.48,26.164,43.682,16.238,FP,,,,,,,
161,90,285.0,318.0,32.0,39.188,43.725,16.0,FP,,,,,,,
161,91,333.0,318.31,32.46,45.788,43.767,16.231,FP,,,,,,,
161,92,339.0,318.0,32.0,46.612,43.725,16.0,FP,,,,,,,
161,93,115.38,324.05,1.74,15.865,44.557,0.872,FP,,,,,,,
161,94,322.06,348.36,96.05,44.283,47.9,48.027,TP,34,0.471,0.873,0.992,0.471,-0.0,0.873
161,95,317.94,350.12,32.56,43.716,48.142,16.281,FP,,,,,,,
161,96,93.36,357.43,130.07,12.837,49.146,65.036,FP,,,,,,,
161,97,468.24,367.0,95.29,64.383,50.462,47.644,TP,36,0.467,1.175,1.265,0.349,0.311,1.175
161,98,459.96,367.43,32.04,63.245,50.522,16.019,FP,,,,,,,
161,99,467.34,366.43,72.59,64.259,50.385,36.295,FP,,,,,,,
161,100,63.0,366.0,32.0,8.663,50.325,16.0,FP,,,,,,,
161,101,88.8,366.4,96.0,12.21,50.38,48.0,FP,,,,,,,
161,102,470.5,368.5,112.5,64.694,50.669,56.25,FP,,,,,,,
161,103,189.75,414.27,95.74,26.091,56.963,47.868,FP,,,,,,,
161,104,291.04,420.29,95.8,40.018,57.79,47.901,FP,,,,,,,
161,105,287.91,416.32,32.44,39.588,57.244,16.222,FP,,,,,,,
161,106,186.47,429.12,31.97,25.64,59.004,15.987,TP,39,1.049,2.283,2.512,1.037,-0.157,2.283
161,107,179.73,431.35,137.65,24.712,59.31,68.826,FP,,,,,,,
161,108,180.02,431.14,144.56,24.753,59.281,72.278,FP,,,,,,,
161,109,183.0,431.0,159.27,25.163,59.263,79.633,FP,,,,,,,
161,110,390.95,444.79,96.45,53.755,61.159,48.224,TP,40,0.546,2.656,2.711,0.526,0.149,2.656
161,111,114.98,455.14,32.17,15.81,62.582,16.084,FP,,,,,,,
161,112,194.08,445.71,32.58,26.686,61.285,16.292,FP,,,,,,,
161,113,193.71,445.05,96.48,26.636,61.194,48.238,FP,,,,,,,
161,114,334.82,445.7,96.47,46.038,61.284,48.233,FP,,,,,,,
161,115,458.14,445.75,32.49,62.994,61.291,16.246,FP,,,,,,,
161,116,94.97,445.8,32.5,13.058,61.298,16.25,FP,,,,,,,
161,117,286.12,445.62,96.25,39.342,61.273,48.125,FP,,,,,,,
161,118,303.64,446.08,32.44,41.751,61.336,16.218,FP,,,,,,,
161,119,113.47,460.56,168.52,15.602,63.326,84.259,FP,,,,,,,
161,120,121.22,461.28,100.14,16.667,63.426,50.07,FP,,,,,,,
161,121,113.79,460.35,160.52,15.646,63.298,80.26,FP,,,,,,,
161,122,121.21,461.21,80.58,16.667,63.417,40.288,TP,44,0.34,4.306,4.319,-0.338,0.035,4.306
161,123,121.94,460.88,88.56,16.766,63.37,44.281,FP,,,,,,,
161,124,118.92,464.45,130.21,16.351,63.862,65.105,FP,,,,,,,
161,125,479.0,462.0,96.0,65.863,63.525,48.0,FP,,,,,,,
161,126,168.97,498.89,32.27,23.234,68.598,16.133,FP,,,,,,,
161,127,170.67,496.67,41.0,23.467,68.292,20.5,FP,,,,,,,
161,128,174.0,497.0,41.0,23.925,68.338,20.5,FP,,,,,,,
161,,,,,0.786,0.922,56.619,FN,0,,,,,,
161,,,,,28.121,2.189,70.236,FN,1,,,,,,
161,,,,,54.016,2.487,41.67,FN,2,,,,,,
161,,,,,35.815,4.935,86.791,FN,3,,,,,,
161,,,,,13.37,6.099,57.26,FN,4,,,,,,
161,,,,,49.391,6.483,10.258,FN,5,,,,,,
161,,,,,67.428,8.583,56.803,FN,6,,,,,,
161,,,,,4.952,11.576,57.924,FN,7,,,,,,
161,,,,,10.998,11.343,4.244,FN,8,,,,,,
161,,,,,17.662,14.153,9.65,FN,9,,,,,,
161,,,,,65.599,14.294,88.969,FN,10,,,,,,
161,,,,,63.106,16.586,35.284,FN,12,,,,,,
161,,,,,21.215,18.373,59.754,FN,13,,,,,,
161,,,,,10.783,22.21,87.291,FN,14,,,,,,
161,,,,,1.532,22.393,93.789,FN,15,,,,,,
161,,,,,22.954,23.248,53.061,FN,16,,,,,,
161,,,,,65.688,25.029,26.08,FN,17,,,,,,
161,,,,,13.251,26.769,81.081,FN,18,,,,,,
161,,,,,2.369,29.317,54.51,FN,19,,,,,,
161,,,,,9.923,30.667,44.248,FN,20,,,,,,
161,,,,,1.838,31.629,61.773,FN,21,,,,,,
161,,,,,42.1,32.714,89.202,FN,22,,,,,,
161,,,,,52.451,32.543,54.662,FN,23,,,,,,
161,,,,,32.955,33.598,97.111,FN,24,,,,,,
161,,,,,6.913,34.51,7.116,FN,25,,,,,,
161,,,,,56.717,33.658,25.704,FN,26,,,,,,
161,,,,,35.124,37.186,1.294,FN,27,,,,,,
161,,,,,57.301,39.065,29.021,FN,29,,,,,,
161,,,,,65.383,38.407,26.297,FN,30,,,,,,
161,,,,,19.637,40.625,33.704,FN,32,,,,,,
161,,,,,14.344,41.81,78.231,FN,33,,,,,,
161,,,,,12.677,48.923,25.027,FN,35,,,,,,
161,,,,,3.57,52.94,8.5,FN,37,,,,,,
161,,,,,39.899,57.5,40.959,FN,38,,,,,,
161,,,,,15.923,61.488,2.267,FN,41,,,,,,
161,,,,,37.244,62.553,35.5,FN,42,,,,,,
161,,,,,65.48,63.889,59.479,FN,43,,,,,,
161,,,,,64.951,65.259,93.75,FN,45,,,,,,
161,,,,,35.388,66.143,42.812,FN,46,,,,,,
161,,,,,21.809,66.174,15.004,FN,47,,,,,,
161,,,,,16.74,67.438,37.057,FN,48,,,,,,
161,,,,,24.422,68.638,8.758,FN,49,,,,,,
195,0,156.98,16.44,32.37,21.584,2.26,16.186,FP,,,,,,,
195,1,371.35,12.97,32.5,51.061,1.784,16.25,FP,,,,,,,
195,2,193.85,13.67,96.45,26.654,1.879,48.227,FP,,,,,,,
195,3,154.5,17.0,49.0,21.244,2.338,24.5,FP,,,,,,,
195,4,461.98,31.47,31.89,63.523,4.327,15.947,FP,,,,,,,
195,5,304.46,32.24,96.18,41.864,4.433,48.088,FP,,,,,,,
195,6,72.12,45.16,95.89,9.917,6.209,47.946,FP,,,,,,,
195,7,334.44,46.33,2.44,45.986,6.371,1.222,FP,,,,,,,
195,8,228.2,60.6,95.76,31.378,8.332,47.882,FP,,,,,,,
195,9,224.38,53.67,66.29,30.853,7.38,33.143,FP,,,,,,,
195,10,222.03,52.45,50.95,30.529,7.212,25.474,FP,,,,,,,
195,11,266.29,54.92,95.9,36.615,7.551,47.95,TP,9,0.151,3.46,3.463,-0.038,-0.146,-3.46
195,12,219.88,53.96,32.73,30.234,7.42,16.365,FP,,,,,,,
195,13,266.14,53.43,80.48,36.595,7.346,40.238,FP,,,,,,,
195,14,223.0,54.5,32.0,30.663,7.494,16.0,FP,,,,,,,
195,15,332.24,60.96,31.95,45.683,8.382,15.973,FP,,,,,,,
195,16,227.0,58.5,105.0,31.213,8.044,52.5,FP,,,,,,,
195,17,320.4,72.56,95.81,44.055,9.977,47.906,FP,,,,,,,
195,18,442.6,61.65,96.47,60.858,8.477,48.236,FP,,,,,,,
195,19,486.11,61.6,96.46,66.84,8.47,48.232,FP,,,,,,,
195,20,68.18,111.07,31.93,9.374,15.272,15.967,FP,,,,,,,
195,21,281.9,105.75,96.35,38.761,14.541,48.175,FP,,,,,,,
195,22,151.5,111.57,95.92,20.831,15.341,47.962,FP,,,,,,,
195,23,152.66,110.83,109.97,20.99,15.239,54.983,FP,,,,,,,
195,24,148.3,112.77,32.36,20.391,15.506,16.179,FP,,,,,,,
195,25,150.09,111.84,130.25,20.637,15.377,65.127,FP,,,,,,,
195,26,151.3,110.3,80.7,20.804,15.167,40.348,FP,,,,,,,
195,27,226.73,110.13,130.13,31.176,15.143,65.067,FP,,,,,,,
195,28,66.33,110.67,17.0,9.121,15.217,8.5,TP,15,1.345,0.203,1.36,-1.045,0.846,0.203
195,29,150.5,110.5,120.5,20.694,15.194,60.25,FP,,,,,,,
195,30,154.0,110.0,89.0,21.175,15.125,44.5,FP,,,,,,,
195,31,278.56,151.67,40.56,38.301,20.854,20.278,FP,,,,,,,
195,32,278.16,155.29,96.34,38.247,21.352,48.172,FP,,,,,,,
195,33,281.67,153.33,81.0,38.729,21.083,40.5,FP,,,,,,,
195,34,189.05,157.49,96.37,25.994,21.655,48.183,FP,,,,,,,
195,35,230.44,187.61,96.03,31.686,25.796,48.017,TP,22,1.179,1.796,2.148,-0.727,0.928,1.796
195,36,231.5,183.91,104.67,31.831,25.288,52.335,FP,,,,,,,
195,37,240.15,185.53,129.92,33.021,25.51,64.96,FP,,,,,,,
195,38,241.8,187.27,137.07,33.248,25.749,68.533,FP,,,,,,,
195,39,199.2,189.28,31.99,27.39,26.026,15.997,FP,,,,,,,
195,40,65.35,189.46,96.22,8.986,26.051,48.108,FP,,,,,,,
195,41,239.0,188.0,168.0,32.862,25.85,84.0,FP,,,,,,,
195,42,241.0,189.61,160.43,33.138,26.071,80.217,FP,,,,,,,
195,43,241.66,190.43,168.54,33.228,26.184,84.271,FP,,,,,,,
195,44,327.54,189.53,32.47,45.037,26.06,16.236,FP,,,,,,,
195,45,473.74,191.25,95.98,65.139,26.296,47.989,FP,,,,,,,
195,46,473.3,191.32,32.32,65.078,26.306,16.159,FP,,,,,,,
195,47,238.0,189.0,168.5,32.725,25.988,84.25,FP,,,,,,,
195,48,403.09,190.27,32.44,55.425,26.162,16.222,FP,,,,,,,
195,49,448.75,189.75,96.75,61.703,26.091,48.375,FP,,,,,,,
195,50,449.72,253.42,96.53,61.837,34.845,48.264,FP,,,,,,,
195,51,449.6,270.18,32.05,61.82,37.15,16.023,FP,,,,,,,
195,52,453.28,279.01,96.02,62.326,38.364,48.01,FP,,,,,,,
195,53,450.14,268.93,40.86,61.895,36.978,20.429,TP,27,0.935,0.562,1.09,-0.913,0.201,-0.562
195,54,457.25,268.75,130.08,62.872,36.953,65.042,FP,,,,,,,
195,55,458.5,270.0,129.0,63.044,37.125,64.5,FP,,,,,,,
195,56,21.39,285.44,32.1,2.941,39.247,16.051,TP,28,0.495,4.183,4.212,0.186,0.459,-4.183
195,57,498.4,310.14,95.84,68.531,42.645,47.918,FP,,,,,,,
195,58,497.86,303.16,104.59,68.456,41.685,52.297,FP,,,,,,,
195,59,401.08,313.79,105.25,55.148,43.147,52.625,FP,,,,,,,
195,60,400.88,316.68,96.2,55.121,43.544,48.1,FP,,,,,,,
195,61,494.51,313.41,8.89,67.995,43.094,4.443,FP,,,,,,,
195,62,400.58,313.71,112.97,55.08,43.135,56.483,FP,,,,,,,
195,63,403.87,314.3,130.26,55.531,43.217,65.129,FP,,,,,,,
195,64,496.9,316.28,31.82,68.324,43.488,15.91,FP,,,,,,,
195,65,399.03,318.85,31.84,54.867,43.842,15.922,TP,31,0.907,2.536,2.694,-0.432,0.798,-2.536
195,66,320.39,318.35,31.93,44.053,43.773,15.963,FP,,,,,,,
195,67,402.33,315.87,137.33,55.321,43.432,68.667,FP,,,,,,,
195,68,497.57,316.21,40.71,68.416,43.479,20.357,FP,,,,,,,
195,69,341.2,318.69,95.76,46.916,43.82,47.879,FP,,,,,,,
195,70,487.06,317.59,168.49,66.971,43.668,84.246,FP,,,,,,,
195,71,72.39,317.49,32.43,9.953,43.654,16.215,FP,,,,,,,
195,72,372.71,317.33,168.52,51.248,43.633,84.262,FP,,,,,,,
195,73,399.76,318.69,48.52,54.966,43.82,24.26,FP,,,,,,,
195,74,401.06,317.72,40.69,55.146,43.686,20.344,FP,,,,,,,
195,75,489.11,317.8,160.45,67.253,43.697,80.223,FP,,,,,,,
195,76,78.57,317.93,96.43,10.803,43.716,48.217,FP,,,,,,,
195,77,223.08,318.06,32.45,30.674,43.733,16.224,FP,,,,,,,
195,78,64.5,318.0,96.0,8.869,43.725,48.0,FP,,,,,,,
195,79,494.5,318.5,145.0,67.994,43.794,72.5,FP,,,,,,,
195,80,497.0,318.0,168.0,68.338,43.725,84.0,TP,30,0.456,3.992,4.018,0.054,0.453,-3.992
195,81,241.47,322.0,32.47,33.202,44.275,16.233,FP,,,,,,,
195,82,245.56,334.04,91.17,33.764,45.93,45.583,TP,32,0.027,0.589,0.589,0.027,-0.006,-0.589
195,83,161.6,333.57,32.53,22.22,45.865,16.267,FP,,,,,,,
195,84,242.67,332.44,104.56,33.367,45.711,52.278,FP,,,,,,,
195,85,245.75,334.66,72.64,33.791,46.015,36.322,FP,,,,,,,
195,86,498.28,366.02,96.02,68.514,50.328,48.009,FP,,,,,,,
195,87,489.05,401.12,32.06,67.244,55.154,16.029,TP,37,0.237,4.307,4.313,-0.125,0.202,4.307
195,88,484.18,398.24,96.5,66.574,54.759,48.25,FP,,,,,,,
195,89,491.0,398.0,96.0,67.513,54.725,48.0,FP,,,,,,,
195,90,397.12,408.92,96.53,54.604,56.227,48.264,FP,,,,,,,
195,91,399.75,412.21,32.09,54.966,56.678,16.046,FP,,,,,,,
195,92,396.28,408.18,104.62,54.488,56.124,52.309,FP,,,,,,,
195,93,396.0,405.75,130.0,54.45,55.791,65.0,FP,,,,,,,
195,94,397.0,405.0,120.0,54.588,55.688,60.0,FP,,,,,,,
195,95,395.64,407.45,113.0,54.4,56.025,56.5,FP,,,,,,,
195,96,397.07,408.52,118.32,54.597,56.172,59.159,FP,,,,,,,
195,97,194.89,413.36,96.01,26.798,56.837,48.004,FP,,,,,,,
195,98,240.18,445.2,96.45,33.025,61.215,48.227,FP,,,,,,,
195,99,65.2,444.6,168.0,8.965,61.133,84.0,FP,,,,,,,
195,100,193.52,445.64,96.48,26.609,61.275,48.239,FP,,,,,,,
195,101,299.2,445.61,96.2,41.14,61.272,48.099,FP,,,,,,,
195,102,322.43,445.7,32.46,44.334,61.284,16.23,FP,,,,,,,
195,103,62.64,446.0,96.27,8.613,61.325,48.136,FP,,,,,,,
195,104,450.0,445.0,96.0,61.875,61.188,48.0,FP,,,,,,,
195,105,466.54,469.69,95.89,64.149,64.582,47.946,FP,,,,,,,
195,106,468.38,469.13,104.86,64.403,64.505,52.43,FP,,,,,,,
195,107,469.21,471.49,112.6,64.517,64.83,56.298,FP,,,,,,,
195,108,462.45,476.05,32.49,63.587,65.457,16.247,FP,,,,,,,
195,109,472.11,476.09,129.86,64.916,65.462,64.929,FP,,,,,,,
195,110,475.0,475.0,94.0,65.312,65.312,47.0,FP,,,,,,,
195,111,63.0,476.0,96.0,8.663,65.45,48.0,FP,,,,,,,
195,112,340.58,478.83,2.12,46.83,65.84,1.062,FP,,,,,,,
195,113,341.0,479.0,8.0,46.888,65.863,4.0,FP,,,,,,,
195,114,271.98,496.11,32.36,37.397,68.215,16.18,FP,,,,,,,
195,115,369.41,497.18,32.59,50.794,68.362,16.294,FP,,,,,,,
195,116,242.33,502.67,161.0,33.321,69.117,80.5,FP,,,,,,,
195,,,,,41.388,2.516,84.922,FN,0,,,,,,
195,,,,,24.437,2.262,54.397,FN,1,,,,,,
195,,,,,64.43,2.916,1.5,FN,2,,,,,,
195,,,,,20.982,2.826,72.406,FN,3,,,,,,
195,,,,,40.696,5.507,53.495,FN,4,,,,,,
195,,,,,17.243,6.56,72.427,FN,5,,,,,,
195,,,,,51.325,7.496,25.117,FN,6,,,,,,
195,,,,,30.197,7.49,70.46,FN,7,,,,,,
195,,,,,30.971,7.18,70.794,FN,8,,,,,,
195,,,,,40.96,8.172,21.436,FN,10,,,,,,
195,,,,,46.43,11.23,87.175,FN,11,,,,,,
195,,,,,46.189,12.529,14.099,FN,12,,,,,,
195,,,,,37.634,14.142,63.893,FN,13,,,,,,
195,,,,,39.902,15.283,89.968,FN,14,,,,,,
195,,,,,35.908,14.548,0.942,FN,16,,,,,,
195,,,,,21.012,15.281,30.819,FN,17,,,,,,
195,,,,,43.766,17.698,84.26,FN,18,,,,,,
195,,,,,38.431,20.868,68.306,FN,19,,,,,,
195,,,,,1.81,22.134,52.0,FN,20,,,,,,
195,,,,,25.456,21.217,84.202,FN,21,,,,,,
195,,,,,65.261,26.6,70.403,FN,23,,,,,,
195,,,,,19.04,34.078,30.798,FN,24,,,,,,
195,,,,,27.114,35.936,90.775,FN,25,,,,,,
195,,,,,60.833,37.17,9.147,FN,26,,,,,,
195,,,,,67.029,41.555,59.777,FN,29,,,,,,
195,,,,,6.501,48.453,96.81,FN,33,,,,,,
195,,,,,50.926,51.22,67.738,FN,34,,,,,,
195,,,,,70.19,51.801,6.772,FN,35,,,,,,
195,,,,,5.114,52.65,51.788,FN,36,,,,,,
195,,,,,27.992,54.454,64.793,FN,38,,,,,,
195,,,,,54.365,56.034,24.489,FN,39,,,,,,
195,,,,,26.063,58.341,74.661,FN,40,,,,,,
195,,,,,69.621,60.74,86.786,FN,41,,,,,,
195,,,,,64.353,64.68,36.206,FN,42,,,,,,
195,,,,,49.911,65.406,2.21,FN,43,,,,,,
195,,,,,47.01,65.919,94.267,FN,44,,,,,,
195,,,,,42.134,67.927,78.738,FN,45,,,,,,
195,,,,,37.049,67.781,21.25,FN,46,,,,,,
195,,,,,22.532,69.05,49.617,FN,47,,,,,,
195,,,,,50.899,69.774,65.344,FN,48,,,,,,
195,,,,,42.73,69.839,96.047,FN,49,,,,,,
196,0,433.01,23.55,31.83,59.539,3.238,15.914,FP,,,,,,,
196,1,433.49,23.06,40.92,59.604,3.171,20.46,FP,,,,,,,
196,2,432.0,22.62,48.58,59.401,3.11,24.288,FP,,,,,,,
196,3,426.2,21.9,72.8,58.603,3.011,36.4,TP,2,0.299,2.636,2.653,0.267,-0.134,-2.636
196,4,433.91,24.4,16.58,59.662,3.355,8.291,FP,,,,,,,
196,5,446.23,28.95,96.33,61.356,3.98,48.164,FP,,,,,,,
196,6,434.33,25.33,8.67,59.721,3.483,4.333,TP,3,0.928,3.086,3.223,0.921,-0.117,3.086
196,7,75.53,31.26,32.1,10.385,4.298,16.052,FP,,,,,,,
196,8,427.18,28.72,96.31,58.737,3.949,48.154,FP,,,,,,,
196,9,79.45,31.19,40.55,10.925,4.289,20.273,FP,,,,,,,
196,10,80.98,32.4,95.81,11.135,4.455,47.907,FP,,,,,,,
196,11,193.5,29.5,168.5,26.606,4.056,84.25,FP,,,,,,,
196,12,79.53,33.0,48.73,10.936,4.537,24.363,FP,,,,,,,
196,13,80.0,33.0,52.0,11.0,4.537,26.0,FP,,,,,,,
196,14,241.21,61.09,32.08,33.166,8.399,16.038,FP,,,,,,,
196,15,292.59,62.1,31.84,40.231,8.538,15.92,FP,,,,,,,
196,16,373.94,60.38,32.53,51.416,8.302,16.266,FP,,,,,,,
196,17,191.44,61.81,32.46,26.324,8.5,16.231,FP,,,,,,,
196,18,319.81,62.21,168.31,43.973,8.554,84.153,FP,,,,,,,
196,19,319.97,62.39,96.55,43.996,8.578,48.274,FP,,,,,,,
196,20,370.0,61.0,33.0,50.875,8.387,16.5,FP,,,,,,,
196,21,156.21,79.75,32.17,21.479,10.966,16.085,TP,11,0.496,3.886,3.918,0.029,-0.495,-3.886
196,22,158.51,79.33,96.34,21.795,10.908,48.171,FP,,,,,,,
196,23,319.27,80.41,95.67,43.899,11.056,47.837,FP,,,,,,,
196,24,160.16,82.55,130.13,22.021,11.351,65.064,FP,,,,,,,
196,25,162.3,81.08,137.94,22.316,11.149,68.972,FP,,,,,,,
196,26,162.53,81.0,144.35,22.348,11.137,72.176,FP,,,,,,,
196,27,475.49,95.63,96.5,65.379,13.15,48.252,FP,,,,,,,
196,28,476.57,109.4,31.99,65.529,15.043,15.993,FP,,,,,,,
196,29,167.03,97.62,96.21,22.967,13.423,48.103,FP,,,,,,,
196,30,102.0,102.0,168.0,14.025,14.025,84.0,FP,,,,,,,
196,31,93.93,110.49,32.04,12.916,15.192,16.018,FP,,,,,,,
196,32,208.86,114.44,95.94,28.719,15.735,47.968,FP,,,,,,,
196,33,114.2,112.6,32.5,15.703,15.483,16.25,FP,,,,,,,
196,34,119.34,118.03,66.2,16.41,16.229,33.102,FP,,,,,,,
196,35,116.12,121.31,96.35,15.967,16.68,48.176,FP,,,,,,,
196,36,274.0,121.0,33.0,37.675,16.638,16.5,FP,,,,,,,
196,37,160.24,144.71,97.8,22.033,19.898,48.902,TP,18,0.302,0.856,0.907,-0.023,0.301,0.856
196,38,158.3,141.2,80.8,21.766,19.415,40.4,FP,,,,,,,
196,39,196.57,158.29,32.43,27.029,21.764,16.214,FP,,,,,,,
196,40,193.31,189.94,95.87,26.58,26.116,47.937,FP,,,,,,,
196,41,321.61,189.98,31.88,44.221,26.123,15.94,FP,,,,,,,
196,42,67.2,189.9,32.06,9.24,26.111,16.028,FP,,,,,,,
196,43,193.0,186.0,130.0,26.538,25.575,65.0,FP,,,,,,,
196,44,194.31,189.34,159.48,26.718,26.035,79.741,FP,,,,,,,
196,45,192.87,189.83,168.07,26.519,26.101,84.037,FP,,,,,,,
196,46,448.52,189.93,95.82,61.671,26.116,47.911,FP,,,,,,,
196,47,459.61,189.87,31.78,63.197,26.107,15.891,FP,,,,,,,
196,48,154.65,189.3,32.46,21.265,26.029,16.228,FP,,,,,,,
196,49,319.7,189.79,96.48,43.958,26.096,48.24,FP,,,,,,,
196,50,358.3,189.87,96.48,49.266,26.108,48.242,FP,,,,,,,
196,51,427.76,189.61,96.33,58.817,26.072,48.164,FP,,,,,,,
196,52,65.0,189.33,96.33,8.938,26.033,48.167,FP,,,,,,,
196,53,333.72,190.04,96.52,45.887,26.13,48.259,FP,,,,,,,
196,54,282.5,190.0,96.0,38.844,26.125,48.0,FP,,,,,,,
196,55,324.53,219.41,95.78,44.623,30.169,47.891,TP,22,0.668,1.685,1.813,-0.04,0.667,1.685
196,56,227.0,223.0,96.0,31.213,30.663,48.0,FP,,,,,,,
196,57,226.0,226.0,96.0,31.075,31.075,48.0,FP,,,,,,,
196,58,219.45,236.73,96.03,30.174,32.55,48.015,TP,24,0.435,0.762,0.878,0.422,-0.108,0.762
196,59,317.46,284.31,31.85,43.651,39.093,15.923,FP,,,,,,,
196,60,316.21,276.75,157.44,43.479,38.053,78.721,FP,,,,,,,
196,61,318.6,277.81,167.97,43.808,38.199,83.986,FP,,,,,,,
196,62,314.6,277.2,145.0,43.258,38.115,72.5,FP,,,,,,,
196,63,313.67,277.78,137.33,43.129,38.194,68.667,FP,,,,,,,
196,64,34.36,285.54,95.73,4.724,39.262,47.866,FP,,,,,,,
196,65,240.06,286.27,168.46,33.008,39.363,84.229,FP,,,,,,,
196,66,240.54,287.49,160.6,33.074,39.53,80.3,FP,,,,,,,
196,67,319.2,286.07,96.28,43.891,39.334,48.142,FP,,,,,,,
196,68,448.84,285.71,32.01,61.715,39.286,16.003,FP,,,,,,,
196,69,241.39,287.2,143.99,33.191,39.489,71.997,FP,,,,,,,
196,70,240.93,287.45,152.61,33.129,39.524,76.305,FP,,,,,,,
196,71,242.21,288.82,130.08,33.303,39.712,65.042,FP,,,,,,,
196,72,241.68,287.75,137.28,33.231,39.565,68.639,FP,,,,,,,
196,73,34.33,285.33,105.0,4.721,39.233,52.5,FP,,,,,,,
196,74,32.0,286.5,66.2,4.4,39.394,33.1,FP,,,,,,,
196,75,32.0,286.0,73.0,4.4,39.325,36.5,FP,,,,,,,
196,76,401.33,297.04,96.17,55.183,40.842,48.084,FP,,,,,,,
196,77,30.5,288.2,32.6,4.194,39.628,16.3,FP,,,,,,,
196,78,398.36,295.84,32.37,54.775,40.678,16.183,TP,30,0.535,3.113,3.159,-0.459,-0.274,-3.113
196,79,239.37,292.0,96.33,32.913,40.15,48.167,TP,29,0.493,2.513,2.561,0.487,-0.074,-2.513
196,80,402.87,297.39,130.02,55.395,40.891,65.012,FP,,,,,,,
196,81,402.41,296.02,137.2,55.332,40.703,68.598,FP,,,,,,,
196,82,457.82,316.28,95.79,62.95,43.488,47.895,FP,,,,,,,
196,83,451.25,317.68,168.14,62.048,43.681,84.07,FP,,,,,,,
196,84,496.33,318.27,32.13,68.246,43.762,16.064,FP,,,,,,,
196,85,112.26,318.42,31.94,15.436,43.783,15.97,FP,,,,,,,
196,86,452.53,317.32,32.42,62.223,43.631,16.209,FP,,,,,,,
196,87,451.5,318.45,159.67,62.081,43.786,79.837,FP,,,,,,,
196,88,61.87,318.25,95.87,8.507,43.759,47.936,FP,,,,,,,
196,89,67.94,317.79,168.27,9.342,43.696,84.134,FP,,,,,,,
196,90,115.5,317.77,96.48,15.881,43.694,48.239,FP,,,,,,,
196,91,369.55,317.72,95.83,50.813,43.687,47.913,FP,,,,,,,
196,92,457.7,316.92,112.53,62.934,43.577,56.263,FP,,,,,,,
196,93,496.22,318.21,16.5,68.231,43.754,8.25,FP,,,,,,,
196,94,81.86,317.79,96.43,11.255,43.696,48.214,FP,,,,,,,
196,95,104.5,317.0,33.0,14.369,43.588,16.5,FP,,,,,,,
196,96,192.96,318.2,96.48,26.532,43.753,48.24,FP,,,,,,,
196,97,497.29,324.86,2.14,68.377,44.668,1.071,FP,,,,,,,
196,98,209.13,335.65,31.92,28.755,46.152,15.958,TP,32,0.224,1.929,1.942,0.002,0.224,1.929
196,99,209.88,333.24,130.07,28.859,45.82,65.037,FP,,,,,,,
196,100,209.75,333.5,137.29,28.841,45.856,68.646,FP,,,,,,,
196,101,484.54,359.9,95.84,66.625,49.486,47.92,FP,,,,,,,
196,102,482.0,356.5,73.0,66.275,49.019,36.5,FP,,,,,,,
196,103,483.35,357.22,104.65,66.46,49.117,52.326,TP,35,0.538,1.686,1.769,0.531,0.087,-1.686
196,104,486.0,361.15,104.77,66.825,49.659,52.385,FP,,,,,,,
196,105,41.45,374.96,40.72,5.699,51.557,20.359,FP,,,,,,,
196,106,38.97,376.81,88.49,5.359,51.811,44.246,FP,,,,,,,
196,107,41.38,374.26,32.62,5.69,51.461,16.31,FP,,,,,,,
196,108,41.69,373.83,48.59,5.732,51.401,24.293,FP,,,,,,,
196,109,38.63,375.85,104.64,5.312,51.68,52.32,TP,37,0.348,3.321,3.34,-0.348,0.014,-3.321
196,110,41.09,374.45,56.64,5.65,51.488,28.318,FP,,,,,,,
196,111,38.31,377.92,112.54,5.267,51.964,56.269,FP,,,,,,,
196,112,402.0,381.0,33.0,55.275,52.388,16.5,FP,,,,,,,
196,113,295.77,389.69,96.62,40.668,53.583,48.308,FP,,,,,,,
196,114,373.7,413.5,144.5,51.384,56.856,72.25,FP,,,,,,,
196,115,466.05,415.58,96.42,64.082,57.142,48.211,TP,43,0.685,2.269,2.37,0.25,-0.638,-2.269
196,116,368.49,429.69,32.51,50.668,59.082,16.254,FP,,,,,,,
196,117,370.97,428.22,95.91,51.009,58.88,47.953,FP,,,,,,,
196,118,191.53,429.63,95.85,26.335,59.075,47.924,FP,,,,,,,
196,119,187.56,429.48,32.49,25.789,59.053,16.246,FP,,,,,,,
196,120,369.7,429.26,40.57,50.833,59.023,20.283,FP,,,,,,,
196,121,487.55,447.02,31.78,67.038,61.465,15.888,FP,,,,,,,
196,122,271.84,450.86,96.03,37.378,61.993,48.014,FP,,,,,,,
196,123,458.83,446.07,31.74,63.089,61.334,15.872,FP,,,,,,,
196,124,485.34,446.64,95.96,66.735,61.413,47.978,FP,,,,,,,
196,125,112.74,445.31,32.46,15.502,61.231,16.229,FP,,,,,,,
196,126,208.02,445.55,96.49,28.603,61.263,48.245,FP,,,,,,,
196,127,357.42,445.46,96.47,49.146,61.25,48.237,FP,,,,,,,
196,128,363.95,445.62,32.45,50.043,61.273,16.223,TP,46,0.77,3.223,3.314,0.659,0.397,3.223
196,129,462.9,445.92,96.43,63.649,61.315,48.213,FP,,,,,,,
196,130,271.75,461.49,31.95,37.365,63.455,15.977,TP,48,0.549,0.205,0.586,-0.212,0.507,0.205
196,131,324.0,446.0,96.0,44.55,61.325,48.0,FP,,,,,,,
196,132,497.0,451.0,96.0,68.338,62.013,48.0,FP,,,,,,,
196,133,272.88,460.35,48.57,37.52,63.298,24.285,FP,,,,,,,
196,134,273.38,460.62,40.88,37.589,63.336,20.438,FP,,,,,,,
196,135,274.5,463.0,41.0,37.744,63.663,20.5,FP,,,,,,,
196,136,34.77,476.95,96.2,4.781,65.581,48.102,FP,,,,,,,
196,137,33.43,496.25,31.97,4.596,68.234,15.983,FP,,,,,,,
196,138,430.26,493.96,32.17,59.16,67.919,16.085,FP,,,,,,,
196,,,,,4.389,1.017,29.261,FN,0,,,,,,
196,,,,,10.205,2.383,5.149,FN,1,,,,,,
196,,,,,61.421,3.543,18.696,FN,4,,,,,,
196,,,,,40.617,4.504,92.572,FN,5,,,,,,
196,,,,,67.158,5.196,98.314,FN,6,,,,,,
196,,,,,10.989,4.811,69.483,FN,7,,,,,,
196,,,,,51.451,7.225,9.314,FN,8,,,,,,
196,,,,,41.533,8.824,17.822,FN,9,,,,,,
196,,,,,43.551,11.245,58.412,FN,10,,,,,,
196,,,,,13.594,13.878,4.361,FN,12,,,,,,
196,,,,,65.373,13.297,10.006,FN,13,,,,,,
196,,,,,38.48,15.264,12.212,FN,14,,,,,,
196,,,,,16.702,16.065,74.299,FN,15,,,,,,
196,,,,,52.472,16.714,94.963,FN,16,,,,,,
196,,,,,28.474,17.543,80.493,FN,17,,,,,,
196,,,,,21.348,20.585,53.349,FN,19,,,,,,
196,,,,,60.68,23.388,82.281,FN,20,,,,,,
196,,,,,47.807,24.718,78.09,FN,21,,,,,,
196,,,,,31.805,31.264,38.486,FN,23,,,,,,
196,,,,,4.547,37.188,85.379,FN,25,,,,,,
196,,,,,43.294,38.122,2.029,FN,26,,,,,,
196,,,,,68.445,38.336,13.247,FN,27,,,,,,
196,,,,,4.352,39.768,69.98,FN,28,,,,,,
196,,,,,63.015,42.904,42.427,FN,31,,,,,,
196,,,,,59.903,46.384,92.506,FN,33,,,,,,
196,,,,,18.906,47.622,13.743,FN,34,,,,,,
196,,,,,52.397,50.0,11.853,FN,36,,,,,,
196,,,,,23.559,52.672,22.914,FN,38,,,,,,
196,,,,,40.808,53.663,27.472,FN,39,,,,,,
196,,,,,51.484,56.671,7.77,FN,40,,,,,,
196,,,,,50.767,58.193,38.519,FN,41,,,,,,
196,,,,,15.802,57.489,92.338,FN,42,,,,,,
196,,,,,25.602,58.677,42.88,FN,44,,,,,,
196,,,,,36.287,60.022,23.616,FN,45,,,,,,
196,,,,,67.886,61.541,27.453,FN,47,,,,,,
196,,,,,4.873,66.646,29.046,FN,49,,,,,,
21,0,115.47,12.85,96.53,15.877,1.767,48.266,FP,,,,,,,
21,1,450.07,29.5,32.21,61.885,4.056,16.107,FP,,,,,,,
21,2,498.1,45.75,96.45,68.489,6.291,48.225,FP,,,,,,,
21,3,320.35,62.35,95.87,44.048,8.573,47.937,FP,,,,,,,
21,4,498.52,61.08,96.37,68.546,8.399,48.185,FP,,,,,,,
21,5,202.59,62.02,31.99,27.856,8.527,15.996,FP,,,,,,,
21,6,29.04,61.52,96.4,3.993,8.459,48.2,FP,,,,,,,
21,7,317.05,61.63,32.46,43.594,8.474,16.228,FP,,,,,,,
21,8,465.77,61.71,96.3,64.044,8.485,48.151,FP,,,,,,,
21,9,494.72,61.69,168.44,68.024,8.482,84.219,FP,,,,,,,
21,10,116.0,62.98,96.49,15.95,8.66,48.245,FP,,,,,,,
21,11,242.33,61.67,160.0,33.321,8.479,80.0,FP,,,,,,,
21,12,286.35,62.06,32.24,39.374,8.533,16.118,FP,,,,,,,
21,13,373.86,69.93,32.64,51.405,9.615,16.321,FP,,,,,,,
21,14,65.55,77.33,32.39,9.013,10.633,16.197,FP,,,,,,,
21,15,372.07,77.51,96.44,51.159,10.658,48.222,FP,,,,,,,
21,16,246.0,100.0,8.0,33.825,13.75,4.0,FP,,,,,,,
21,17,247.5,101.0,9.0,34.031,13.888,4.5,FP,,,,,,,
21,18,150.1,108.25,95.65,20.639,14.885,47.827,FP,,,,,,,
21,19,148.9,108.71,80.54,20.474,14.947,40.268,FP,,,,,,,
21,20,246.43,110.57,96.43,33.884,15.204,48.214,FP,,,,,,,
21,21,405.5,122.2,32.6,55.756,16.802,16.3,TP,10,1.256,1.514,1.967,-1.203,-0.364,-1.514
21,22,394.67,141.5,96.0,54.267,19.456,48.0,TP,11,0.382,1.168,1.229,0.15,-0.351,1.168
21,23,65.44,167.3,31.92,8.997,23.004,15.96,FP,,,,,,,
21,24,447.61,157.55,96.5,61.547,21.663,48.25,FP,,,,,,,
21,25,449.5,157.5,32.5,61.806,21.656,16.25,FP,,,,,,,
21,26,66.2,157.4,168.0,9.102,21.642,84.0,FP,,,,,,,
21,27,457.5,158.0,130.0,62.906,21.725,65.0,FP,,,,,,,
21,28,64.93,173.88,95.91,8.929,23.909,47.955,FP,,,,,,,
21,29,204.86,176.0,31.88,28.169,24.2,15.938,FP,,,,,,,
21,30,203.87,173.67,96.53,28.032,23.879,48.267,FP,,,,,,,
21,31,205.8,187.0,96.2,28.298,25.712,48.1,FP,,,,,,,
21,32,472.62,193.46,95.72,64.985,26.601,47.86,TP,15,0.555,4.126,4.163,-0.354,-0.428,4.126
21,33,81.1,189.66,32.44,11.151,26.078,16.22,FP,,,,,,,
21,34,319.83,189.51,96.29,43.976,26.057,48.147,FP,,,,,,,
21,35,463.96,189.7,32.52,63.794,26.084,16.26,FP,,,,,,,
21,36,334.89,189.89,32.56,46.047,26.11,16.278,FP,,,,,,,
21,37,96.5,190.0,32.5,13.269,26.125,16.25,FP,,,,,,,
21,38,99.0,190.0,32.0,13.613,26.125,16.0,FP,,,,,,,
21,39,114.0,190.0,32.5,15.675,26.125,16.25,FP,,,,,,,
21,40,481.42,218.41,32.27,66.196,30.032,16.134,FP,,,,,,,
21,41,400.84,221.73,32.29,55.116,30.488,16.146,FP,,,,,,,
21,42,483.0,230.0,32.0,66.412,31.625,16.0,FP,,,,,,,
21,43,30.47,237.98,168.19,4.19,32.722,84.094,FP,,,,,,,
21,44,491.94,240.55,32.48,67.642,33.076,16.238,FP,,,,,,,
21,45,13.73,245.06,32.4,1.888,33.696,16.201,FP,,,,,,,
21,46,30.57,239.14,160.14,4.204,32.882,80.071,FP,,,,,,,
21,47,485.0,238.0,33.0,66.688,32.725,16.5,FP,,,,,,,
21,48,485.0,239.0,32.0,66.688,32.862,16.0,FP,,,,,,,
21,49,17.43,241.57,96.0,2.396,33.216,48.0,FP,,,,,,,
21,50,29.0,240.5,160.5,3.988,33.069,80.25,FP,,,,,,,
21,51,30.0,241.0,159.0,4.125,33.138,79.5,FP,,,,,,,
21,52,18.62,249.38,97.0,2.561,34.289,48.5,FP,,,,,,,
21,53,210.87,251.25,96.49,28.995,34.547,48.247,FP,,,,,,,
21,54,17.0,250.0,96.0,2.338,34.375,48.0,FP,,,,,,,
21,55,23.0,250.5,96.0,3.163,34.444,48.0,FP,,,,,,,
21,56,28.97,252.24,96.53,3.983,34.682,48.265,FP,,,,,,,
21,57,34.0,254.0,96.0,4.675,34.925,48.0,FP,,,,,,,
21,58,225.96,266.32,32.45,31.07,36.619,16.223,FP,,,,,,,
21,59,63.39,271.61,32.0,8.717,37.347,16.002,TP,23,0.352,1.898,1.931,0.164,0.311,-1.898
21,60,319.66,285.32,95.96,43.954,39.232,47.979,FP,,,,,,,
21,61,68.03,285.37,96.42,9.354,39.238,48.211,FP,,,,,,,
21,62,321.78,301.19,96.01,44.245,41.413,48.004,FP,,,,,,,
21,63,394.35,317.07,32.37,54.223,43.597,16.183,FP,,,,,,,
21,64,338.1,317.18,31.92,46.489,43.612,15.959,FP,,,,,,,
21,65,451.38,317.11,95.87,62.065,43.602,47.934,FP,,,,,,,
21,66,182.28,317.3,32.3,25.064,43.628,16.15,FP,,,,,,,
21,67,318.78,317.38,31.93,43.832,43.64,15.966,FP,,,,,,,
21,68,371.02,317.07,168.49,51.016,43.597,84.244,FP,,,,,,,
21,69,189.44,317.5,96.44,26.049,43.656,48.222,FP,,,,,,,
21,70,355.68,317.54,96.2,48.907,43.662,48.099,FP,,,,,,,
21,71,364.45,317.27,96.55,50.113,43.625,48.273,FP,,,,,,,
21,72,399.0,316.0,32.0,54.863,43.45,16.0,FP,,,,,,,
21,73,227.0,318.5,130.0,31.213,43.794,65.0,FP,,,,,,,
21,74,414.0,318.57,96.14,56.925,43.804,48.071,FP,,,,,,,
21,75,250.0,325.46,2.08,34.375,44.751,1.038,FP,,,,,,,
21,76,240.07,332.22,96.0,33.01,45.68,48.0,FP,,,,,,,
21,77,353.12,334.38,32.12,48.555,45.977,16.062,FP,,,,,,,
21,78,461.25,348.97,95.72,63.423,47.984,47.862,FP,,,,,,,
21,79,456.74,352.08,32.54,62.802,48.411,16.27,FP,,,,,,,
21,80,457.68,352.02,40.59,62.931,48.403,20.295,FP,,,,,,,
21,81,269.69,369.61,96.1,37.082,50.821,48.05,FP,,,,,,,
21,82,270.06,367.58,159.25,37.134,50.543,79.625,FP,,,,,,,
21,83,270.5,366.0,168.0,37.194,50.325,84.0,FP,,,,,,,
21,84,267.31,369.71,112.6,36.755,50.835,56.3,FP,,,,,,,
21,85,266.0,369.61,8.7,36.575,50.821,4.348,FP,,,,,,,
21,86,463.22,369.84,32.5,63.693,50.854,16.25,FP,,,,,,,
21,87,478.0,369.13,96.47,65.725,50.756,48.233,FP,,,,,,,
21,88,266.0,369.0,17.0,36.575,50.737,8.5,FP,,,,,,,
21,89,265.6,372.47,32.47,36.52,51.214,16.233,FP,,,,,,,
21,90,361.88,373.67,104.62,49.759,51.379,52.31,FP,,,,,,,
21,91,368.55,373.53,144.51,50.676,51.361,72.255,FP,,,,,,,
21,92,366.67,372.67,160.0,50.417,51.242,80.0,FP,,,,,,,
21,93,370.0,373.6,137.6,50.875,51.37,68.8,FP,,,,,,,
21,94,267.0,375.0,33.0,36.713,51.562,16.5,FP,,,,,,,
21,95,358.0,377.0,97.0,49.225,51.838,48.5,FP,,,,,,,
21,96,364.5,377.0,105.0,50.119,51.838,52.5,FP,,,,,,,
21,97,69.18,402.34,32.12,9.512,55.322,16.06,FP,,,,,,,
21,98,68.53,403.74,96.09,9.423,55.514,48.043,FP,,,,,,,
21,99,242.87,398.45,1.79,33.394,54.787,0.895,FP,,,,,,,
21,100,71.82,399.73,40.58,9.876,54.963,20.29,FP,,,,,,,
21,101,241.87,397.4,16.5,33.257,54.643,8.25,FP,,,,,,,
21,102,242.4,397.8,25.0,33.33,54.697,12.5,FP,,,,,,,
21,103,241.8,398.5,8.6,33.248,54.794,4.3,FP,,,,,,,
21,104,116.23,407.88,2.23,15.982,56.084,1.115,FP,,,,,,,
21,105,118.0,406.0,1.0,16.225,55.825,0.5,FP,,,,,,,
21,106,114.67,410.33,1.0,15.767,56.421,0.5,FP,,,,,,,
21,107,241.0,429.0,96.0,33.138,58.988,48.0,FP,,,,,,,
21,108,325.9,447.72,95.87,44.811,61.561,47.936,TP,44,0.59,3.488,3.537,0.207,-0.553,3.488
21,109,220.33,446.07,31.89,30.296,61.335,15.944,FP,,,,,,,
21,110,440.53,445.7,31.88,60.573,61.284,15.94,FP,,,,,,,
21,111,321.79,446.65,32.41,44.246,61.414,16.204,FP,,,,,,,
21,112,416.99,445.61,96.46,57.336,61.272,48.231,FP,,,,,,,
21,113,501.49,446.02,96.51,68.955,61.328,48.255,FP,,,,,,,
21,114,138.38,448.5,32.46,19.027,61.669,16.229,FP,,,,,,,
21,115,269.0,449.0,96.0,36.987,61.738,48.0,FP,,,,,,,
21,116,271.89,462.94,31.91,37.385,63.654,15.956,FP,,,,,,,
21,117,462.93,464.29,95.54,63.653,63.84,47.769,FP,,,,,,,
21,118,463.96,464.4,77.67,63.795,63.855,38.833,FP,,,,,,,
21,119,466.0,464.5,85.0,64.075,63.869,42.5,FP,,,,,,,
21,120,62.11,482.78,32.12,8.54,66.382,16.061,FP,,,,,,,
21,121,80.86,494.21,96.52,11.119,67.953,48.259,FP,,,,,,,
21,122,76.55,496.91,96.45,10.525,68.325,48.227,FP,,,,,,,
21,,,,,5.231,0.95,45.205,FN,0,,,,,,
21,,,,,15.52,1.503,63.228,FN,1,,,,,,
21,,,,,42.678,8.429,77.348,FN,2,,,,,,
21,,,,,51.296,9.904,79.647,FN,3,,,,,,
21,,,,,63.404,11.551,96.38,FN,4,,,,,,
21,,,,,10.627,12.557,33.0,FN,5,,,,,,
21,,,,,56.218,12.549,91.335,FN,6,,,,,,
21,,,,,34.008,13.816,90.997,FN,7,,,,,,
21,,,,,20.539,14.9,58.488,FN,8,,,,,,
21,,,,,67.315,15.911,0.736,FN,9,,,,,,
21,,,,,62.438,21.184,23.375,FN,12,,,,,,
21,,,,,9.759,22.23,11.617,FN,13,,,,,,
21,,,,,28.154,23.742,26.377,FN,14,,,,,,
21,,,,,69.48,27.427,81.505,FN,16,,,,,,
21,,,,,66.278,30.54,45.5,FN,17,,,,,,
21,,,,,0.759,30.828,46.442,FN,18,,,,,,
21,,,,,68.186,32.974,34.681,FN,19,,,,,,
21,,,,,29.072,35.376,24.258,FN,20,,,,,,
21,,,,,3.365,34.933,36.088,FN,21,,,,,,
21,,,,,34.266,37.336,10.0,FN,22,,,,,,
21,,,,,23.044,41.664,52.474,FN,24,,,,,,
21,,,,,68.884,41.926,53.726,FN,25,,,,,,
21,,,,,27.273,42.07,24.404,FN,26,,,,,,
21,,,,,53.469,43.773,6.506,FN,27,,,,,,
21,,,,,31.916,46.063,79.2,FN,28,,,,,,
21,,,,,63.003,48.286,60.924,FN,29,,,,,,
21,,,,,69.452,47.737,72.0,FN,30,,,,,,
21,,,,,66.46,49.194,18.905,FN,31,,,,,,
21,,,,,34.367,50.162,42.274,FN,32,,,,,,
21,,,,,37.382,50.125,52.243,FN,33,,,,,,
21,,,,,36.64,51.085,27.503,FN,34,,,,,,
21,,,,,50.686,51.327,9.528,FN,35,,,,,,
21,,,,,30.269,52.359,43.157,FN,36,,,,,,
21,,,,,9.98,53.332,19.031,FN,37,,,,,,
21,,,,,14.208,52.657,73.0,FN,38,,,,,,
21,,,,,46.964,53.603,46.641,FN,39,,,,,,
21,,,,,29.82,57.038,76.0,FN,40,,,,,,
21,,,,,10.251,57.38,12.608,FN,41,,,,,,
21,,,,,35.177,59.769,13.493,FN,42,,,,,,
21,,,,,69.573,62.095,53.258,FN,43,,,,,,
21,,,,,18.413,62.688,11.062,FN,45,,,,,,
21,,,,,6.09,63.791,29.876,FN,46,,,,,,
21,,,,,38.385,64.144,11.021,FN,47,,,,,,
21,,,,,63.571,63.87,54.244,FN,48,,,,,,
21,,,,,11.046,65.889,15.539,FN,49,,,,,,
35,0,62.9,24.94,31.8,8.649,3.429,15.898,FP,,,,,,,
35,1,115.48,12.97,1.89,15.879,1.784,0.944,FP,,,,,,,
35,2,467.44,15.91,32.39,64.273,2.188,16.193,FP,,,,,,,
35,3,465.48,13.92,96.52,64.004,1.914,48.26,FP,,,,,,,
35,4,65.6,14.47,96.47,9.02,1.989,48.233,FP,,,,,,,
35,5,66.28,29.66,96.25,9.114,4.079,48.124,FP,,,,,,,
35,6,470.07,25.47,32.4,64.634,3.502,16.2,FP,,,,,,,
35,7,476.58,28.58,96.42,65.53,3.93,48.208,FP,,,,,,,
35,8,66.5,28.5,41.0,9.144,3.919,20.5,FP,,,,,,,
35,9,74.0,29.13,168.4,10.175,4.006,84.2,FP,,,,,,,
35,10,137.11,34.07,95.88,18.853,4.685,47.941,TP,4,0.635,0.192,0.663,0.067,-0.631,0.192
35,11,473.0,28.5,32.0,65.037,3.919,16.0,FP,,,,,,,
35,12,142.16,36.12,32.51,19.548,4.966,16.257,FP,,,,,,,
35,13,138.0,33.0,104.0,18.975,4.537,52.0,FP,,,,,,,
35,14,142.6,36.8,41.0,19.608,5.06,20.5,FP,,,,,,,
35,15,496.5,47.14,95.79,68.269,6.481,47.896,FP,,,,,,,
35,16,65.67,44.67,97.0,9.029,6.142,48.5,FP,,,,,,,
35,17,331.51,58.71,95.84,45.583,8.073,47.922,TP,8,0.568,3.864,3.906,-0.218,0.524,-3.864
35,18,332.09,54.71,80.39,45.662,7.523,40.197,FP,,,,,,,
35,19,333.57,55.61,72.64,45.866,7.647,36.318,FP,,,,,,,
35,20,333.0,53.0,75.0,45.788,7.288,37.5,FP,,,,,,,
35,21,326.61,61.82,31.97,44.909,8.5,15.987,FP,,,,,,,
35,22,497.66,61.25,96.47,68.428,8.422,48.234,FP,,,,,,,
35,23,203.0,61.33,96.33,27.913,8.433,48.167,FP,,,,,,,
35,24,205.5,61.0,96.0,28.256,8.387,48.0,FP,,,,,,,
35,25,194.33,62.0,96.33,26.721,8.525,48.167,FP,,,,,,,
35,26,412.97,95.54,97.91,56.784,13.137,48.956,FP,,,,,,,
35,27,410.19,94.1,72.52,56.401,12.938,36.262,FP,,,,,,,
35,28,409.59,94.24,80.65,56.318,12.957,40.324,TP,9,0.298,1.941,1.963,-0.236,-0.183,-1.941
35,29,413.0,94.5,73.0,56.788,12.994,36.5,FP,,,,,,,
35,30,415.0,94.0,81.0,57.062,12.925,40.5,FP,,,,,,,
35,31,410.33,95.0,108.33,56.421,13.062,54.167,FP,,,,,,,
35,32,478.09,102.91,32.47,65.738,14.15,16.234,FP,,,,,,,
35,33,213.65,138.46,95.94,29.377,19.038,47.969,FP,,,,,,,
35,34,209.86,139.66,168.52,28.856,19.203,84.259,FP,,,,,,,
35,35,89.36,145.91,94.99,12.287,20.062,47.495,FP,,,,,,,
35,36,210.0,141.0,161.0,28.875,19.388,80.5,FP,,,,,,,
35,37,90.0,144.5,104.0,12.375,19.869,52.0,FP,,,,,,,
35,38,484.53,169.08,95.81,66.622,23.248,47.907,FP,,,,,,,
35,39,483.98,168.73,104.56,66.547,23.201,52.282,TP,14,0.241,1.99,2.004,-0.035,0.238,-1.99
35,40,482.69,166.94,72.75,66.37,22.954,36.375,FP,,,,,,,
35,41,483.75,167.5,80.71,66.516,23.031,40.357,FP,,,,,,,
35,42,486.0,166.8,72.6,66.825,22.935,36.3,FP,,,,,,,
35,43,482.47,168.93,88.53,66.339,23.228,44.267,FP,,,,,,,
35,44,245.15,172.64,168.49,33.709,23.738,84.244,FP,,,,,,,
35,45,436.88,190.12,95.81,60.071,26.141,47.905,FP,,,,,,,
35,46,459.85,190.08,31.76,63.229,26.136,15.882,FP,,,,,,,
35,47,31.12,190.3,31.91,4.28,26.166,15.957,FP,,,,,,,
35,48,191.54,189.47,96.49,26.337,26.053,48.246,FP,,,,,,,
35,49,194.82,189.82,32.5,26.788,26.1,16.25,FP,,,,,,,
35,50,289.23,189.4,32.53,39.77,26.042,16.267,FP,,,,,,,
35,51,334.76,189.49,32.4,46.03,26.055,16.2,FP,,,,,,,
35,52,369.79,191.31,32.46,50.846,26.305,16.229,FP,,,,,,,
35,53,499.58,189.53,32.23,68.692,26.06,16.115,FP,,,,,,,
35,54,242.18,190.09,96.55,33.3,26.138,48.273,FP,,,,,,,
35,55,462.89,189.67,168.56,63.647,26.079,84.278,FP,,,,,,,
35,56,367.51,193.11,160.42,50.533,26.553,80.208,FP,,,,,,,
35,57,370.0,193.0,152.0,50.875,26.538,76.0,FP,,,,,,,
35,58,303.7,207.61,96.09,41.758,28.546,48.046,FP,,,,,,,
35,59,304.61,208.71,113.89,41.884,28.698,56.945,FP,,,,,,,
35,60,371.0,206.0,32.0,51.013,28.325,16.0,FP,,,,,,,
35,61,269.29,217.18,66.35,37.028,29.862,33.176,FP,,,,,,,
35,62,498.0,222.11,96.33,68.475,30.54,48.167,FP,,,,,,,
35,63,334.0,250.67,168.67,45.925,34.467,84.333,FP,,,,,,,
35,64,204.35,279.56,95.77,28.099,38.44,47.883,TP,25,0.215,2.959,2.967,-0.135,0.167,2.959
35,65,429.45,281.23,65.93,59.049,38.67,32.967,FP,,,,,,,
35,66,491.81,283.76,159.9,67.624,39.018,79.952,FP,,,,,,,
35,67,492.97,283.69,168.25,67.783,39.008,84.126,FP,,,,,,,
35,68,486.25,286.8,32.01,66.859,39.435,16.003,FP,,,,,,,
35,69,78.58,314.29,31.95,10.804,43.215,15.975,FP,,,,,,,
35,70,79.43,316.57,95.91,10.922,43.528,47.956,FP,,,,,,,
35,71,82.5,309.0,112.75,11.344,42.487,56.375,FP,,,,,,,
35,72,307.9,317.88,31.79,42.337,43.708,15.895,FP,,,,,,,
35,73,322.22,318.2,95.83,44.305,43.753,47.917,FP,,,,,,,
35,74,371.03,317.34,168.51,51.017,43.635,84.254,FP,,,,,,,
35,75,31.94,321.5,31.98,4.391,44.207,15.992,FP,,,,,,,
35,76,40.25,317.88,96.47,5.534,43.709,48.234,FP,,,,,,,
35,77,205.45,318.75,32.02,28.25,43.829,16.008,FP,,,,,,,
35,78,369.46,317.85,96.5,50.801,43.704,48.25,FP,,,,,,,
35,79,370.09,317.36,160.5,50.888,43.638,80.25,FP,,,,,,,
35,80,193.25,318.3,96.5,26.572,43.766,48.25,FP,,,,,,,
35,81,194.83,333.97,96.49,26.79,45.921,48.243,FP,,,,,,,
35,82,273.26,366.35,95.98,37.573,50.374,47.992,FP,,,,,,,
35,83,322.93,368.55,96.01,44.403,50.675,48.006,FP,,,,,,,
35,84,445.32,366.34,32.23,61.231,50.371,16.115,FP,,,,,,,
35,85,276.08,374.49,32.97,37.96,51.492,16.486,FP,,,,,,,
35,86,277.05,373.18,50.55,38.095,51.313,25.277,FP,,,,,,,
35,87,276.11,375.42,40.36,37.965,51.621,20.181,FP,,,,,,,
35,88,274.59,373.76,24.65,37.756,51.393,12.324,FP,,,,,,,
35,89,274.8,372.4,37.0,37.785,51.205,18.5,FP,,,,,,,
35,90,277.0,373.0,45.0,38.088,51.288,22.5,FP,,,,,,,
35,91,282.0,374.0,41.0,38.775,51.425,20.5,FP,,,,,,,
35,92,278.5,376.0,36.0,38.294,51.7,18.0,FP,,,,,,,
35,93,68.12,413.2,32.0,9.367,56.815,16.002,TP,36,0.284,4.053,4.063,-0.129,0.253,-4.053
35,94,397.46,410.92,72.92,54.651,56.502,36.462,TP,38,0.289,0.247,0.38,-0.234,0.17,0.247
35,95,291.49,412.8,96.21,40.08,56.76,48.105,FP,,,,,,,
35,96,399.0,412.69,96.81,54.863,56.745,48.406,FP,,,,,,,
35,97,399.93,413.12,104.51,54.99,56.804,52.256,FP,,,,,,,
35,98,210.25,415.62,1.0,28.909,57.148,0.5,FP,,,,,,,
35,99,211.8,416.8,2.0,29.123,57.31,1.0,FP,,,,,,,
35,100,214.0,417.0,2.25,29.425,57.338,1.125,FP,,,,,,,
35,101,370.4,428.4,31.99,50.93,58.905,15.997,FP,,,,,,,
35,102,355.21,428.43,104.74,48.842,58.909,52.369,FP,,,,,,,
35,103,318.67,428.67,169.0,43.817,58.942,84.5,FP,,,,,,,
35,104,320.0,428.0,161.0,44.0,58.85,80.5,FP,,,,,,,
35,105,321.33,428.67,160.0,44.183,58.942,80.0,FP,,,,,,,
35,106,336.22,429.35,32.49,46.23,59.036,16.245,FP,,,,,,,
35,107,31.97,446.61,95.95,4.396,61.409,47.977,FP,,,,,,,
35,108,22.89,452.44,32.08,3.147,62.211,16.039,FP,,,,,,,
35,109,32.05,445.62,168.26,4.407,61.272,84.128,FP,,,,,,,
35,110,193.29,446.8,168.22,26.578,61.435,84.108,FP,,,,,,,
35,111,194.07,446.96,158.76,26.684,61.456,79.378,FP,,,,,,,
35,112,323.11,445.35,96.48,44.428,61.236,48.241,FP,,,,,,,
35,113,32.33,446.97,158.83,4.446,61.458,79.417,FP,,,,,,,
35,114,193.05,446.37,96.42,26.545,61.376,48.211,FP,,,,,,,
35,115,465.18,445.55,96.55,63.963,61.263,48.273,FP,,,,,,,
35,116,27.0,450.0,41.0,3.713,61.875,20.5,TP,44,0.626,2.811,2.88,-0.62,-0.086,-2.811
35,117,190.88,460.99,95.89,26.246,63.387,47.943,TP,45,0.79,0.818,1.137,0.393,0.685,-0.818
35,118,192.95,476.83,32.04,26.531,65.564,16.018,FP,,,,,,,
35,119,331.03,493.53,96.34,45.516,67.86,48.171,FP,,,,,,,
35,120,193.79,497.19,32.49,26.646,68.363,16.245,FP,,,,,,,
35,121,274.02,505.49,96.47,37.678,69.505,48.234,FP,,,,,,,
35,,,,,51.663,0.717,85.207,FN,0,,,,,,
35,,,,,65.084,3.204,35.185,FN,1,,,,,,
35,,,,,9.505,3.083,8.259,FN,2,,,,,,
35,,,,,21.879,4.41,10.283,FN,3,,,,,,
35,,,,,16.629,6.38,21.0,FN,5,,,,,,
35,,,,,2.491,6.226,95.836,FN,6,,,,,,
35,,,,,66.832,7.025,68.944,FN,7,,,,,,
35,,,,,17.032,13.277,16.651,FN,10,,,,,,
35,,,,,65.853,13.568,26.267,FN,11,,,,,,
35,,,,,29.467,18.722,37.0,FN,12,,,,,,
35,,,,,12.447,20.068,41.495,FN,13,,,,,,
35,,,,,36.122,23.3,63.599,FN,15,,,,,,
35,,,,,58.197,23.777,24.756,FN,16,,,,,,
35,,,,,5.87,25.404,0.5,FN,17,,,,,,
35,,,,,50.519,26.948,4.724,FN,18,,,,,,
35,,,,,41.519,27.939,63.243,FN,19,,,,,,
35,,,,,41.652,28.945,25.48,FN,20,,,,,,
35,,,,,37.013,29.921,57.631,FN,21,,,,,,
35,,,,,53.297,31.055,14.784,FN,22,,,,,,
35,,,,,37.716,34.994,7.863,FN,23,,,,,,
35,,,,,44.836,35.899,72.116,FN,24,,,,,,
35,,,,,58.691,38.724,72.389,FN,26,,,,,,
35,,,,,67.364,39.056,8.244,FN,27,,,,,,
35,,,,,53.032,41.114,33.033,FN,28,,,,,,
35,,,,,11.438,42.303,28.773,FN,29,,,,,,
35,,,,,41.377,42.452,11.227,FN,30,,,,,,
35,,,,,5.56,44.315,25.954,FN,31,,,,,,
35,,,,,56.672,46.71,0.727,FN,32,,,,,,
35,,,,,38.09,51.411,69.072,FN,33,,,,,,
35,,,,,40.67,54.246,79.276,FN,34,,,,,,
35,,,,,50.603,55.359,45.625,FN,35,,,,,,
35,,,,,39.423,56.743,81.986,FN,37,,,,,,
35,,,,,29.208,57.303,95.258,FN,39,,,,,,
35,,,,,45.017,58.901,55.604,FN,40,,,,,,
35,,,,,53.182,59.242,70.763,FN,41,,,,,,
35,,,,,49.425,59.216,14.482,FN,42,,,,,,
35,,,,,35.784,61.213,57.5,FN,43,,,,,,
35,,,,,26.896,63.118,0.5,FN,46,,,,,,
35,,,,,26.395,66.693,1.891,FN,47,,,,,,
35,,,,,45.28,67.181,77.212,FN,48,,,,,,
35,,,,,56.391,69.186,75.361,FN,49,,,,,,
44,0,312.09,29.81,8.55,42.912,4.099,4.277,FP,,,,,,,
44,1,315.22,30.31,31.73,43.342,4.168,15.866,FP,,,,,,,
44,2,321.33,28.78,96.33,44.183,3.957,48.167,FP,,,,,,,
44,3,42.12,44.19,95.78,5.791,6.076,47.888,TP,4,0.562,3.569,3.613,0.259,0.499,3.569
44,4,451.71,60.03,95.88,62.111,8.254,47.942,FP,,,,,,,
44,5,64.11,61.97,95.88,8.815,8.52,47.939,FP,,,,,,,
44,6,72.22,61.44,31.92,9.93,8.447,15.959,FP,,,,,,,
44,7,198.6,62.49,95.85,27.308,8.592,47.926,FP,,,,,,,
44,8,192.91,61.79,31.91,26.525,8.496,15.953,FP,,,,,,,
44,9,448.95,62.84,31.9,61.731,8.64,15.95,FP,,,,,,,
44,10,329.0,61.5,32.0,45.237,8.456,16.0,FP,,,,,,,
44,11,334.0,62.0,32.0,45.925,8.525,16.0,FP,,,,,,,
44,12,412.18,64.37,32.51,56.674,8.85,16.253,FP,,,,,,,
44,13,297.78,65.11,32.78,40.944,8.953,16.389,FP,,,,,,,
44,14,295.4,65.2,9.0,40.618,8.965,4.5,FP,,,,,,,
44,15,294.5,66.5,17.0,40.494,9.144,8.5,FP,,,,,,,
44,16,295.0,66.0,21.0,40.562,9.075,10.5,FP,,,,,,,
44,17,408.88,76.98,95.9,56.222,10.585,47.949,FP,,,,,,,
44,18,296.08,77.07,95.86,40.711,10.597,47.931,FP,,,,,,,
44,19,114.05,77.8,32.55,15.682,10.698,16.275,FP,,,,,,,
44,20,355.22,91.7,162.46,48.842,12.609,81.23,FP,,,,,,,
44,21,356.12,89.98,144.48,48.967,12.372,72.24,FP,,,,,,,
44,22,356.33,91.0,137.38,48.995,12.512,68.692,FP,,,,,,,
44,23,350.66,101.24,32.44,48.216,13.92,16.219,FP,,,,,,,
44,24,349.65,98.81,96.42,48.077,13.587,48.208,FP,,,,,,,
44,25,351.26,97.45,40.68,48.299,13.399,20.342,FP,,,,,,,
44,26,350.36,100.91,112.73,48.175,13.875,56.364,FP,,,,,,,
44,27,135.21,117.05,85.39,18.592,16.094,42.697,TP,12,0.275,3.825,3.835,0.231,-0.15,-3.825
44,28,134.13,116.6,96.47,18.443,16.032,48.233,FP,,,,,,,
44,29,133.43,118.18,72.57,18.346,16.25,36.286,FP,,,,,,,
44,30,131.0,118.5,97.0,18.013,16.294,48.5,FP,,,,,,,
44,31,34.52,148.21,32.11,4.746,20.379,16.057,FP,,,,,,,
44,32,162.0,140.0,33.0,22.275,19.25,16.5,FP,,,,,,,
44,33,166.7,143.76,32.22,22.921,19.767,16.112,FP,,,,,,,
44,34,167.2,143.52,44.97,22.99,19.734,22.483,FP,,,,,,,
44,35,166.6,143.63,24.7,22.908,19.75,12.35,FP,,,,,,,
44,36,160.5,142.0,33.0,22.069,19.525,16.5,FP,,,,,,,
44,37,35.92,144.92,40.75,4.939,19.926,20.375,FP,,,,,,,
44,38,42.0,145.0,41.0,5.775,19.938,20.5,FP,,,,,,,
44,39,34.58,155.7,95.89,4.755,21.408,47.946,FP,,,,,,,
44,40,38.15,150.15,72.69,5.246,20.646,36.346,FP,,,,,,,
44,41,35.0,150.5,73.0,4.812,20.694,36.5,FP,,,,,,,
44,42,67.85,190.04,95.86,9.329,26.131,47.928,FP,,,,,,,
44,43,205.22,198.94,31.91,28.218,27.354,15.953,FP,,,,,,,
44,44,199.85,190.01,96.1,27.48,26.127,48.049,FP,,,,,,,
44,45,322.52,189.55,32.03,44.347,26.063,16.014,FP,,,,,,,
44,46,68.1,189.57,32.47,9.363,26.066,16.236,FP,,,,,,,
44,47,114.97,190.3,32.48,15.808,26.166,16.242,FP,,,,,,,
44,48,321.99,191.29,95.88,44.274,26.302,47.938,FP,,,,,,,
44,49,321.09,189.66,168.28,44.15,26.078,84.142,FP,,,,,,,
44,50,351.13,189.32,32.45,48.281,26.031,16.224,FP,,,,,,,
44,51,370.26,189.71,32.38,50.911,26.085,16.188,FP,,,,,,,
44,52,448.97,189.67,32.49,61.734,26.079,16.244,FP,,,,,,,
44,53,208.35,190.23,168.42,28.649,26.156,84.21,FP,,,,,,,
44,54,209.46,190.54,159.4,28.801,26.199,79.7,FP,,,,,,,
44,55,498.67,190.0,96.33,68.567,26.125,48.167,FP,,,,,,,
44,56,115.32,205.19,32.47,15.856,28.214,16.236,FP,,,,,,,
44,57,209.43,205.13,96.57,28.797,28.206,48.283,FP,,,,,,,
44,58,424.5,224.0,32.0,58.369,30.8,16.0,FP,,,,,,,
44,59,56.52,239.61,32.49,7.772,32.947,16.247,FP,,,,,,,
44,60,56.36,238.64,49.64,7.749,32.812,24.822,FP,,,,,,,
44,61,28.4,237.88,31.95,3.904,32.709,15.975,FP,,,,,,,
44,62,30.5,237.0,2.0,4.194,32.588,1.0,FP,,,,,,,
44,63,55.76,240.14,40.42,7.667,33.019,20.212,FP,,,,,,,
44,64,339.83,241.3,40.51,46.727,33.179,20.255,FP,,,,,,,
44,65,340.14,241.5,32.84,46.769,33.206,16.42,FP,,,,,,,
44,66,85.19,243.55,1.98,11.714,33.488,0.992,FP,,,,,,,
44,67,339.5,241.0,25.0,46.681,33.138,12.5,FP,,,,,,,
44,68,50.87,252.59,96.53,6.995,34.731,48.263,FP,,,,,,,
44,69,50.5,253.0,113.0,6.944,34.788,56.5,FP,,,,,,,
44,70,63.82,270.11,32.48,8.775,37.14,16.24,FP,,,,,,,
44,71,67.4,270.87,95.86,9.267,37.244,47.93,FP,,,,,,,
44,72,64.02,268.92,168.15,8.803,36.976,84.077,FP,,,,,,,
44,73,64.97,268.94,160.03,8.933,36.979,80.015,FP,,,,,,,
44,74,75.0,284.0,97.0,10.312,39.05,48.5,FP,,,,,,,
44,75,374.0,285.5,96.0,51.425,39.256,48.0,FP,,,,,,,
44,76,170.29,287.47,32.47,23.415,39.527,16.235,FP,,,,,,,
44,77,174.79,290.96,95.62,24.034,40.007,47.812,TP,28,0.135,1.112,1.12,0.128,-0.044,-1.112
44,78,174.0,289.63,80.53,23.925,39.824,40.263,FP,,,,,,,
44,79,203.16,318.03,31.79,27.934,43.729,15.896,FP,,,,,,,
44,80,76.42,317.71,32.07,10.508,43.685,16.033,FP,,,,,,,
44,81,78.8,319.49,96.24,10.835,43.93,48.121,FP,,,,,,,
44,82,242.24,320.37,32.21,33.308,44.051,16.104,FP,,,,,,,
44,83,241.97,317.86,96.48,33.27,43.706,48.241,FP,,,,,,,
44,84,272.32,317.35,168.25,37.444,43.636,84.125,FP,,,,,,,
44,85,320.2,317.47,32.43,44.028,43.652,16.214,FP,,,,,,,
44,86,451.76,317.57,96.38,62.117,43.666,48.189,FP,,,,,,,
44,87,449.54,317.79,32.5,61.811,43.696,16.25,FP,,,,,,,
44,88,300.93,317.57,32.21,41.378,43.666,16.107,FP,,,,,,,
44,89,284.31,333.78,95.65,39.092,45.894,47.827,TP,31,0.591,1.327,1.452,0.555,-0.201,1.327
44,90,281.62,334.1,81.19,38.723,45.939,40.594,FP,,,,,,,
44,91,279.0,335.25,73.0,38.362,46.097,36.5,FP,,,,,,,
44,92,282.0,338.0,72.0,38.775,46.475,36.0,FP,,,,,,,
44,93,38.35,350.91,32.69,5.273,48.251,16.345,FP,,,,,,,
44,94,36.24,358.63,95.85,4.982,49.311,47.925,FP,,,,,,,
44,95,38.49,350.15,40.6,5.293,48.145,20.3,FP,,,,,,,
44,96,38.7,349.37,55.79,5.321,48.039,27.895,FP,,,,,,,
44,97,39.68,351.93,66.47,5.457,48.39,33.237,FP,,,,,,,
44,98,42.0,349.0,53.0,5.775,47.987,26.5,FP,,,,,,,
44,99,67.0,349.67,32.33,9.213,48.079,16.167,FP,,,,,,,
44,100,325.0,349.0,97.0,44.688,47.987,48.5,FP,,,,,,,
44,101,326.6,349.8,96.4,44.908,48.097,48.2,FP,,,,,,,
44,102,39.0,350.5,51.0,5.363,48.194,25.5,FP,,,,,,,
44,103,39.74,353.21,72.16,5.465,48.566,36.081,FP,,,,,,,
44,104,317.0,365.0,32.0,43.588,50.188,16.0,FP,,,,,,,
44,105,318.0,366.0,32.0,43.725,50.325,16.0,FP,,,,,,,
44,106,225.53,392.92,32.53,31.01,54.027,16.263,FP,,,,,,,
44,107,226.5,392.5,41.0,31.144,53.969,20.5,FP,,,,,,,
44,108,465.57,398.36,96.26,64.016,54.774,48.131,FP,,,,,,,
44,109,322.2,404.96,32.44,44.303,55.682,16.22,FP,,,,,,,
44,110,324.63,414.32,95.87,44.637,56.969,47.934,FP,,,,,,,
44,111,146.0,412.5,33.0,20.075,56.719,16.5,FP,,,,,,,
44,112,303.51,428.23,31.8,41.732,58.882,15.901,TP,41,0.326,0.106,0.343,-0.074,-0.318,-0.106
44,113,401.7,422.7,144.6,55.234,58.121,72.3,FP,,,,,,,
44,114,176.32,451.81,31.86,24.244,62.123,15.928,FP,,,,,,,
44,115,192.53,445.98,96.03,26.473,61.322,48.017,FP,,,,,,,
44,116,401.84,444.94,31.96,55.253,61.179,15.979,FP,,,,,,,
44,117,65.8,445.5,32.29,9.048,61.257,16.143,FP,,,,,,,
44,118,29.47,445.67,96.67,4.052,61.279,48.333,FP,,,,,,,
44,119,178.0,447.33,41.0,24.475,61.508,20.5,FP,,,,,,,
44,120,242.67,446.0,96.67,33.367,61.325,48.333,FP,,,,,,,
44,121,241.9,461.03,168.55,33.262,63.392,84.274,FP,,,,,,,
44,122,413.67,462.7,96.49,56.88,63.622,48.246,FP,,,,,,,
44,123,416.04,472.48,31.95,57.205,64.966,15.974,FP,,,,,,,
44,124,417.0,477.0,96.5,57.338,65.588,48.25,FP,,,,,,,
44,125,67.16,493.91,96.18,9.235,67.913,48.09,FP,,,,,,,
44,126,74.0,495.0,96.0,10.175,68.062,48.0,FP,,,,,,,
44,,,,,63.644,0.234,46.827,FN,0,,,,,,
44,,,,,37.544,1.306,3.475,FN,1,,,,,,
44,,,,,32.326,5.35,42.332,FN,2,,,,,,
44,,,,,42.933,4.422,87.797,FN,3,,,,,,
44,,,,,2.572,7.838,89.077,FN,5,,,,,,
44,,,,,40.765,9.191,81.166,FN,6,,,,,,
44,,,,,56.464,10.155,71.649,FN,7,,,,,,
44,,,,,49.096,12.172,10.07,FN,8,,,,,,
44,,,,,48.124,14.021,27.495,FN,9,,,,,,
44,,,,,29.967,15.516,78.143,FN,10,,,,,,
44,,,,,4.939,16.156,24.952,FN,11,,,,,,
44,,,,,69.152,18.839,29.5,FN,13,,,,,,
44,,,,,0.18,20.257,91.512,FN,14,,,,,,
44,,,,,23.032,19.869,72.319,FN,15,,,,,,
44,,,,,5.509,20.014,1.982,FN,16,,,,,,
44,,,,,5.229,20.681,42.765,FN,17,,,,,,
44,,,,,29.354,27.883,19.985,FN,18,,,,,,
44,,,,,25.878,31.852,85.871,FN,19,,,,,,
44,,,,,58.417,30.509,77.313,FN,20,,,,,,
44,,,,,58.621,31.321,69.701,FN,21,,,,,,
44,,,,,7.846,32.907,70.237,FN,22,,,,,,
44,,,,,46.847,33.236,78.736,FN,23,,,,,,
44,,,,,7.744,35.755,43.428,FN,24,,,,,,
44,,,,,34.319,35.412,96.755,FN,25,,,,,,
44,,,,,9.815,37.74,52.415,FN,26,,,,,,
44,,,,,50.748,38.777,74.0,FN,27,,,,,,
44,,,,,34.438,42.37,75.083,FN,29,,,,,,
44,,,,,33.396,45.222,39.03,FN,30,,,,,,
44,,,,,5.325,48.194,66.282,FN,32,,,,,,
44,,,,,18.439,52.666,93.5,FN,33,,,,,,
44,,,,,31.098,53.598,56.953,FN,34,,,,,,
44,,,,,19.413,55.001,5.068,FN,35,,,,,,
44,,,,,63.565,55.05,65.374,FN,36,,,,,,
44,,,,,2.586,54.713,57.607,FN,37,,,,,,
44,,,,,45.022,54.831,25.424,FN,38,,,,,,
44,,,,,49.015,56.081,0.745,FN,39,,,,,,
44,,,,,54.939,58.303,9.57,FN,40,,,,,,
44,,,,,24.943,59.977,71.462,FN,42,,,,,,
44,,,,,23.918,62.03,5.739,FN,43,,,,,,
44,,,,,35.207,62.909,44.662,FN,44,,,,,,
44,,,,,57.457,64.755,10.94,FN,45,,,,,,
44,,,,,64.196,67.635,79.098,FN,46,,,,,,
44,,,,,16.837,67.749,27.624,FN,47,,,,,,
44,,,,,46.578,68.035,48.854,FN,48,,,,,,
44,,,,,10.144,69.763,43.786,FN,49,,,,,,
48,0,100.02,14.58,32.42,13.752,2.005,16.21,FP,,,,,,,
48,1,102.06,15.45,96.42,14.033,2.124,48.208,TP,2,0.085,2.899,2.9,-0.044,-0.073,2.899
48,2,497.14,12.86,32.29,68.357,1.768,16.143,FP,,,,,,,
48,3,318.83,29.79,96.51,43.839,4.096,48.255,FP,,,,,,,
48,4,415.53,32.07,32.44,57.136,4.409,16.222,FP,,,,,,,
48,5,196.67,30.33,96.0,27.042,4.171,48.0,FP,,,,,,,
48,6,417.28,54.95,31.99,57.376,7.556,15.997,FP,,,,,,,
48,7,420.87,55.11,96.22,57.87,7.577,48.109,FP,,,,,,,
48,8,321.56,61.79,95.87,44.214,8.496,47.933,FP,,,,,,,
48,9,66.57,61.06,95.96,9.154,8.396,47.978,FP,,,,,,,
48,10,369.6,61.6,96.5,50.82,8.47,48.25,FP,,,,,,,
48,11,166.5,65.65,32.6,22.894,9.026,16.302,FP,,,,,,,
48,12,222.25,77.71,95.78,30.559,10.685,47.892,TP,6,0.317,2.9,2.917,-0.281,-0.146,2.9
48,13,222.16,77.41,104.64,30.547,10.643,52.318,FP,,,,,,,
48,14,175.71,77.38,96.3,24.16,10.64,48.152,FP,,,,,,,
48,15,225.61,80.92,129.83,31.021,11.127,64.913,FP,,,,,,,
48,16,225.89,79.67,137.0,31.06,10.954,68.5,FP,,,,,,,
48,17,326.5,110.0,96.0,44.894,15.125,48.0,FP,,,,,,,
48,18,431.88,147.28,32.18,59.384,20.252,16.09,FP,,,,,,,
48,19,432.54,148.24,96.42,59.474,20.383,48.211,FP,,,,,,,
48,20,433.63,144.16,108.96,59.624,19.821,54.478,FP,,,,,,,
48,21,435.4,143.14,129.9,59.867,19.682,64.949,FP,,,,,,,
48,22,432.39,144.62,40.61,59.454,19.886,20.305,FP,,,,,,,
48,23,438.0,145.0,113.0,60.225,19.938,56.5,FP,,,,,,,
48,24,449.25,173.47,96.53,61.772,23.852,48.264,FP,,,,,,,
48,25,100.32,191.33,31.75,13.794,26.308,15.877,FP,,,,,,,
48,26,324.81,190.79,31.9,44.661,26.233,15.949,FP,,,,,,,
48,27,102.15,189.9,95.9,14.046,26.112,47.949,FP,,,,,,,
48,28,204.6,190.68,32.01,28.133,26.219,16.005,FP,,,,,,,
48,29,218.46,189.66,95.86,30.039,26.078,47.928,FP,,,,,,,
48,30,450.89,189.78,95.91,61.998,26.094,47.956,FP,,,,,,,
48,31,321.0,189.34,96.48,44.138,26.034,48.239,FP,,,,,,,
48,32,76.77,189.74,96.51,10.556,26.09,48.256,FP,,,,,,,
48,33,98.0,190.27,40.73,13.475,26.162,20.367,FP,,,,,,,
48,34,98.43,189.43,48.71,13.534,26.046,24.357,FP,,,,,,,
48,35,322.59,189.49,168.25,44.356,26.055,84.127,FP,,,,,,,
48,36,322.5,188.5,158.5,44.344,25.919,79.25,FP,,,,,,,
48,37,18.13,190.2,32.47,2.493,26.153,16.233,FP,,,,,,,
48,38,325.0,189.0,159.0,44.688,25.988,79.5,FP,,,,,,,
48,39,75.0,190.0,32.0,10.312,26.125,16.0,FP,,,,,,,
48,40,77.0,190.0,32.0,10.588,26.125,16.0,FP,,,,,,,
48,41,102.0,190.5,41.0,14.025,26.194,20.5,FP,,,,,,,
48,42,106.94,194.02,168.35,14.704,26.678,84.175,FP,,,,,,,
48,43,326.67,190.33,159.0,44.917,26.171,79.5,FP,,,,,,,
48,44,106.29,193.53,160.35,14.615,26.61,80.176,FP,,,,,,,
48,45,329.35,207.12,95.73,45.286,28.479,47.864,FP,,,,,,,
48,46,350.57,220.82,32.08,48.203,30.363,16.038,TP,15,0.193,3.888,3.893,0.15,0.122,3.888
48,47,350.18,221.09,138.45,48.15,30.4,69.227,FP,,,,,,,
48,48,147.48,245.41,95.75,20.279,33.744,47.874,FP,,,,,,,
48,49,394.97,245.52,96.61,54.308,33.758,48.306,FP,,,,,,,
48,50,146.0,245.0,33.0,20.075,33.688,16.5,FP,,,,,,,
48,51,395.2,246.2,130.0,54.34,33.853,65.0,FP,,,,,,,
48,52,399.0,246.5,96.0,54.863,33.894,48.0,FP,,,,,,,
48,53,67.7,269.75,31.91,9.309,37.091,15.956,FP,,,,,,,
48,54,289.32,269.03,32.53,39.782,36.992,16.265,FP,,,,,,,
48,55,205.58,308.94,31.96,28.268,42.479,15.981,FP,,,,,,,
48,56,204.64,304.29,48.71,28.138,41.839,24.357,FP,,,,,,,
48,57,208.33,304.15,40.74,28.646,41.82,20.37,TP,25,0.611,0.498,0.788,-0.506,-0.342,0.498
48,58,205.52,317.81,95.84,28.259,43.699,47.921,FP,,,,,,,
48,59,473.46,318.48,95.77,65.101,43.791,47.885,FP,,,,,,,
48,60,9.36,314.96,32.48,1.287,43.307,16.24,FP,,,,,,,
48,61,20.09,316.7,95.85,2.762,43.546,47.926,TP,27,0.628,2.797,2.866,0.628,-0.019,-2.797
48,62,473.77,320.43,31.88,65.144,44.059,15.939,FP,,,,,,,
48,63,322.65,317.65,32.45,44.364,43.677,16.225,FP,,,,,,,
48,64,369.67,317.81,32.43,50.829,43.699,16.214,FP,,,,,,,
48,65,480.76,319.0,168.24,66.104,43.862,84.12,FP,,,,,,,
48,66,474.91,319.91,40.69,65.301,43.988,20.345,FP,,,,,,,
48,67,480.19,318.93,159.64,66.026,43.853,79.822,FP,,,,,,,
48,68,318.87,318.47,96.47,43.844,43.789,48.233,FP,,,,,,,
48,69,46.56,366.57,95.88,6.402,50.403,47.939,FP,,,,,,,
48,70,46.55,366.09,112.55,6.4,50.338,56.273,FP,,,,,,,
48,71,314.0,375.0,9.0,43.175,51.562,4.5,FP,,,,,,,
48,72,46.0,379.0,32.0,6.325,52.112,16.0,FP,,,,,,,
48,73,116.44,397.29,96.16,16.011,54.627,48.079,FP,,,,,,,
48,74,67.48,399.47,96.12,9.279,54.927,48.061,FP,,,,,,,
48,75,115.67,396.8,129.54,15.905,54.561,64.772,FP,,,,,,,
48,76,115.93,397.37,104.49,15.941,54.639,52.246,FP,,,,,,,
48,77,446.13,404.87,31.87,61.343,55.67,15.937,FP,,,,,,,
48,78,67.8,397.76,104.6,9.323,54.691,52.3,FP,,,,,,,
48,79,113.5,397.5,160.5,15.606,54.656,80.25,TP,38,0.763,2.101,2.235,-0.749,-0.146,-2.101
48,80,113.66,397.62,168.48,15.628,54.673,84.241,FP,,,,,,,
48,81,447.0,408.47,95.99,61.463,56.165,47.995,FP,,,,,,,
48,82,450.5,396.5,169.0,61.944,54.519,84.5,FP,,,,,,,
48,83,33.88,397.38,32.25,4.658,54.639,16.125,FP,,,,,,,
48,84,114.0,397.0,153.0,15.675,54.588,76.5,FP,,,,,,,
48,85,121.0,397.0,32.5,16.638,54.588,16.25,FP,,,,,,,
48,86,434.22,397.78,96.44,59.706,54.694,48.222,FP,,,,,,,
48,87,436.0,397.0,97.0,59.95,54.588,48.5,FP,,,,,,,
48,88,433.0,398.0,32.5,59.538,54.725,16.25,FP,,,,,,,
48,89,446.57,400.57,40.57,61.404,55.079,20.286,TP,36,0.348,0.748,0.825,-0.061,0.342,-0.748
48,90,65.59,411.92,129.97,9.019,56.639,64.986,FP,,,,,,,
48,91,65.67,412.83,159.5,9.029,56.765,79.75,FP,,,,,,,
48,92,12.95,445.25,32.2,1.781,61.222,16.101,FP,,,,,,,
48,93,322.78,444.81,31.93,44.382,61.162,15.965,FP,,,,,,,
48,94,195.69,446.01,95.73,26.908,61.326,47.863,FP,,,,,,,
48,95,103.66,447.87,95.83,14.254,61.582,47.915,FP,,,,,,,
48,96,241.72,448.91,99.53,33.237,61.725,49.766,FP,,,,,,,
48,97,92.37,446.94,32.11,12.701,61.454,16.053,FP,,,,,,,
48,98,95.14,445.9,168.3,13.082,61.311,84.15,FP,,,,,,,
48,99,189.37,446.0,32.35,26.038,61.325,16.174,FP,,,,,,,
48,100,238.98,448.55,32.11,32.86,61.676,16.057,FP,,,,,,,
48,101,240.9,448.35,80.95,33.124,61.648,40.476,TP,43,0.302,4.0,4.011,-0.189,-0.236,4.0
48,102,241.47,447.65,72.56,33.202,61.551,36.279,FP,,,,,,,
48,103,241.92,445.67,168.5,33.264,61.279,84.25,FP,,,,,,,
48,104,97.06,447.62,159.0,13.346,61.548,79.5,FP,,,,,,,
48,105,99.08,451.11,129.94,13.623,62.027,64.972,FP,,,,,,,
48,106,98.1,449.65,137.55,13.489,61.827,68.775,FP,,,,,,,
48,107,240.48,450.2,112.56,33.066,61.903,56.278,FP,,,,,,,
48,108,241.05,449.89,88.53,33.145,61.861,44.263,FP,,,,,,,
48,109,242.0,450.0,84.5,33.275,61.875,42.25,FP,,,,,,,
48,110,17.75,460.88,32.5,2.441,63.37,16.25,FP,,,,,,,
48,111,16.98,477.09,96.39,2.335,65.6,48.195,FP,,,,,,,
48,112,116.12,477.23,32.03,15.967,65.618,16.013,FP,,,,,,,
48,113,403.01,488.07,96.28,55.413,67.11,48.142,FP,,,,,,,
48,114,291.36,477.26,96.49,40.062,65.623,48.244,FP,,,,,,,
48,115,400.11,490.61,32.14,55.016,67.459,16.069,TP,47,1.177,2.437,2.707,-0.034,1.176,-2.437
48,116,399.73,479.52,104.58,54.963,65.934,52.289,FP,,,,,,,
48,117,30.43,478.57,32.43,4.184,65.804,16.214,FP,,,,,,,
48,118,31.28,496.16,31.96,4.302,68.223,15.979,FP,,,,,,,
48,119,111.93,497.09,96.33,15.39,68.35,48.163,FP,,,,,,,
48,120,192.87,499.83,95.81,26.52,68.727,47.904,TP,48,0.226,4.517,4.523,0.08,-0.211,-4.517
48,121,114.0,496.0,93.0,15.675,68.2,46.5,FP,,,,,,,
48,122,418.0,502.33,96.33,57.475,69.071,48.167,FP,,,,,,,
48,123,190.75,506.0,32.0,26.228,69.575,16.0,FP,,,,,,,
48,124,193.2,506.4,32.4,26.565,69.63,16.2,FP,,,,,,,
48,,,,,40.195,1.162,29.246,FN,0,,,,,,
48,,,,,57.964,1.796,9.525,FN,1,,,,,,
48,,,,,68.928,2.364,11.495,FN,3,,,,,,
48,,,,,57.537,6.939,30.097,FN,4,,,,,,
48,,,,,22.959,9.323,78.673,FN,5,,,,,,
48,,,,,43.131,11.463,96.453,FN,7,,,,,,
48,,,,,11.495,12.29,55.902,FN,8,,,,,,
48,,,,,23.699,14.965,96.735,FN,9,,,,,,
48,,,,,1.981,18.36,80.574,FN,10,,,,,,
48,,,,,59.561,19.91,29.976,FN,11,,,,,,
48,,,,,29.773,25.307,67.922,FN,12,,,,,,
48,,,,,44.742,26.505,73.725,FN,13,,,,,,
48,,,,,14.589,26.545,1.5,FN,14,,,,,,
48,,,,,20.511,33.572,59.463,FN,16,,,,,,
48,,,,,54.085,34.023,24.906,FN,17,,,,,,
48,,,,,41.64,34.772,79.917,FN,18,,,,,,
48,,,,,38.038,35.164,9.437,FN,19,,,,,,
48,,,,,10.057,36.491,19.939,FN,20,,,,,,
48,,,,,41.994,36.296,0.973,FN,21,,,,,,
48,,,,,69.748,38.351,59.691,FN,22,,,,,,
48,,,,,49.869,38.348,82.719,FN,23,,,,,,
48,,,,,40.808,39.913,69.522,FN,24,,,,,,
48,,,,,63.372,44.551,75.874,FN,26,,,,,,
48,,,,,65.89,43.808,10.374,FN,28,,,,,,
48,,,,,37.272,46.048,64.198,FN,29,,,,,,
48,,,,,35.62,45.691,99.108,FN,30,,,,,,
48,,,,,17.317,49.042,98.349,FN,31,,,,,,
48,,,,,6.299,50.747,30.06,FN,32,,,,,,
48,,,,,39.901,52.337,83.141,FN,33,,,,,,
48,,,,,43.259,51.824,87.98,FN,34,,,,,,
48,,,,,16.148,52.438,75.239,FN,35,,,,,,
48,,,,,9.081,54.759,41.946,FN,37,,,,,,
48,,,,,1.093,58.585,17.418,FN,39,,,,,,
48,,,,,7.512,58.84,52.484,FN,40,,,,,,
48,,,,,1.718,60.097,28.056,FN,41,,,,,,
48,,,,,13.767,62.228,25.5,FN,42,,,,,,
48,,,,,48.05,64.354,84.5,FN,44,,,,,,
48,,,,,4.336,65.41,1.955,FN,45,,,,,,
48,,,,,14.381,66.002,95.162,FN,46,,,,,,
48,,,,,15.678,69.679,27.678,FN,49,,,,,,
55,0,15.0,29.15,96.38,2.062,4.009,48.192,FP,,,,,,,
55,1,309.1,30.58,32.3,42.502,4.205,16.151,FP,,,,,,,
55,2,428.58,29.53,95.87,58.93,4.061,47.936,FP,,,,,,,
55,3,321.78,62.12,31.78,44.244,8.542,15.89,FP,,,,,,,
55,4,321.11,55.55,95.86,44.153,7.638,47.931,FP,,,,,,,
55,5,322.64,63.16,46.21,44.363,8.684,23.106,FP,,,,,,,
55,6,451.12,65.91,31.94,62.028,9.062,15.968,FP,,,,,,,
55,7,188.18,62.58,31.85,25.874,8.605,15.925,FP,,,,,,,
55,8,191.63,61.51,95.96,26.349,8.457,47.978,FP,,,,,,,
55,9,454.02,69.49,95.82,62.427,9.555,47.908,FP,,,,,,,
55,10,326.63,62.97,162.97,44.911,8.658,81.485,FP,,,,,,,
55,11,173.11,61.41,96.48,23.802,8.444,48.239,FP,,,,,,,
55,12,322.67,63.86,16.52,44.368,8.781,8.262,FP,,,,,,,
55,13,426.14,62.0,32.43,58.595,8.525,16.214,FP,,,,,,,
55,14,456.64,69.07,109.85,62.787,9.497,54.926,FP,,,,,,,
55,15,330.0,65.0,49.0,45.375,8.938,24.5,FP,,,,,,,
55,16,462.0,65.0,117.0,63.525,8.938,58.5,FP,,,,,,,
55,17,460.86,72.05,130.19,63.368,9.907,65.097,FP,,,,,,,
55,18,453.67,72.61,80.67,62.379,9.984,40.333,FP,,,,,,,
55,19,454.64,71.45,84.55,62.513,9.825,42.273,FP,,,,,,,
55,20,458.6,69.8,88.0,63.058,9.598,44.0,FP,,,,,,,
55,21,454.13,72.6,88.6,62.443,9.983,44.3,FP,,,,,,,
55,22,454.25,70.88,72.5,62.459,9.745,36.25,TP,6,0.31,4.27,4.281,-0.305,-0.057,4.27
55,23,454.0,73.0,73.0,62.425,10.038,36.5,FP,,,,,,,
55,24,64.25,78.25,96.0,8.834,10.759,48.0,FP,,,,,,,
55,25,65.52,93.52,32.45,9.008,12.858,16.226,FP,,,,,,,
55,26,81.92,94.33,32.33,11.264,12.971,16.167,FP,,,,,,,
55,27,32.19,189.88,31.99,4.426,26.109,15.997,FP,,,,,,,
55,28,448.19,189.88,95.98,61.627,26.108,47.991,FP,,,,,,,
55,29,37.77,195.22,94.17,5.194,26.842,47.083,TP,13,0.245,2.796,2.806,0.109,-0.219,2.796
55,30,113.77,189.85,31.92,15.644,26.104,15.958,FP,,,,,,,
55,31,76.63,189.67,31.93,10.537,26.079,15.963,FP,,,,,,,
55,32,39.09,192.99,105.06,5.374,26.536,52.532,FP,,,,,,,
55,33,189.59,189.62,96.3,26.068,26.072,48.152,FP,,,,,,,
55,34,500.35,189.44,96.42,68.798,26.048,48.212,FP,,,,,,,
55,35,37.96,193.3,112.48,5.219,26.579,56.239,FP,,,,,,,
55,36,36.9,196.27,72.54,5.073,26.987,36.268,FP,,,,,,,
55,37,38.75,196.75,81.0,5.328,27.053,40.5,FP,,,,,,,
55,38,42.0,196.5,81.0,5.775,27.019,40.5,FP,,,,,,,
55,39,37.0,198.0,83.0,5.088,27.225,41.5,FP,,,,,,,
55,40,322.33,221.16,96.18,44.32,30.409,48.089,FP,,,,,,,
55,41,98.29,221.55,160.52,13.515,30.463,80.258,FP,,,,,,,
55,42,100.67,221.46,168.38,13.842,30.451,84.188,FP,,,,,,,
55,43,212.32,235.94,95.75,29.194,32.441,47.874,FP,,,,,,,
55,44,420.84,236.83,96.21,57.866,32.563,48.103,FP,,,,,,,
55,45,448.95,239.05,96.35,61.731,32.869,48.173,FP,,,,,,,
55,46,449.24,239.41,163.86,61.771,32.918,81.932,FP,,,,,,,
55,47,448.47,243.86,31.96,61.665,33.53,15.98,TP,19,0.787,2.748,2.858,-0.128,0.777,2.748
55,48,450.56,237.11,176.56,61.951,32.603,88.278,FP,,,,,,,
55,49,426.0,238.0,33.0,58.575,32.725,16.5,FP,,,,,,,
55,50,450.44,238.67,144.56,61.936,32.817,72.278,FP,,,,,,,
55,51,43.11,242.28,32.5,5.928,33.313,16.25,FP,,,,,,,
55,52,195.57,300.56,167.88,26.891,41.326,83.942,FP,,,,,,,
55,53,190.53,311.47,31.81,26.198,42.827,15.907,FP,,,,,,,
55,54,195.49,301.51,159.45,26.88,41.458,79.723,FP,,,,,,,
55,55,191.34,315.1,96.01,26.309,43.326,48.004,FP,,,,,,,
55,56,190.18,303.91,48.5,26.15,41.788,24.25,FP,,,,,,,
55,57,191.28,306.8,139.7,26.301,42.185,69.851,FP,,,,,,,
55,58,188.5,306.0,121.0,25.919,42.075,60.5,FP,,,,,,,
55,59,190.0,306.5,135.0,26.125,42.144,67.5,FP,,,,,,,
55,60,192.0,307.0,135.0,26.4,42.213,67.5,FP,,,,,,,
55,61,273.83,315.48,96.3,37.651,43.379,48.149,FP,,,,,,,
55,62,272.13,318.33,32.09,37.419,43.77,16.046,FP,,,,,,,
55,63,464.18,317.93,98.6,63.824,43.716,49.3,FP,,,,,,,
55,64,465.17,316.88,129.78,63.961,43.571,64.891,FP,,,,,,,
55,65,464.75,323.31,32.13,63.903,44.456,16.066,FP,,,,,,,
55,66,329.03,317.63,96.15,45.241,43.675,48.076,FP,,,,,,,
55,67,461.64,317.21,80.71,63.476,43.617,40.357,TP,25,0.606,1.331,1.462,-0.598,-0.103,1.331
55,68,467.91,317.42,168.17,64.337,43.645,84.085,FP,,,,,,,
55,69,469.03,317.16,159.06,64.492,43.61,79.532,FP,,,,,,,
55,70,192.0,317.0,49.0,26.4,43.588,24.5,FP,,,,,,,
55,71,193.0,317.0,48.0,26.538,43.588,24.0,FP,,,,,,,
55,72,466.25,318.0,81.0,64.109,43.725,40.5,FP,,,,,,,
55,73,193.0,318.0,49.0,26.538,43.725,24.5,FP,,,,,,,
55,74,95.53,333.16,96.41,13.135,45.81,48.204,FP,,,,,,,
55,75,180.96,352.84,89.75,24.883,48.515,44.877,FP,,,,,,,
55,76,499.19,351.17,95.91,68.638,48.286,47.954,TP,27,0.435,0.308,0.533,-0.013,0.435,-0.308
55,77,499.14,350.71,104.59,68.631,48.223,52.297,FP,,,,,,,
55,78,183.0,350.0,72.0,25.163,48.125,36.0,FP,,,,,,,
55,79,177.84,353.99,65.36,24.454,48.673,32.682,FP,,,,,,,
55,80,466.0,352.83,2.0,64.075,48.515,1.0,FP,,,,,,,
55,81,182.22,352.56,104.67,25.056,48.476,52.333,TP,28,0.528,2.36,2.418,0.496,-0.181,2.36
55,82,334.72,369.83,95.75,46.024,50.852,47.873,FP,,,,,,,
55,83,336.47,366.31,168.32,46.264,50.367,84.161,FP,,,,,,,
55,84,333.0,369.54,32.55,45.788,50.811,16.276,FP,,,,,,,
55,85,337.0,366.27,159.87,46.338,50.362,79.933,FP,,,,,,,
55,86,334.84,369.01,40.57,46.041,50.739,20.283,FP,,,,,,,
55,87,193.6,377.8,32.0,26.62,51.947,16.0,FP,,,,,,,
55,88,416.26,380.75,32.47,57.236,52.354,16.237,FP,,,,,,,
55,89,224.21,394.11,96.26,30.83,54.19,48.13,FP,,,,,,,
55,90,270.34,397.57,95.83,37.172,54.666,47.915,FP,,,,,,,
55,91,429.0,406.0,66.0,58.988,55.825,33.0,FP,,,,,,,
55,92,423.0,408.0,96.0,58.163,56.1,48.0,FP,,,,,,,
55,93,398.35,417.54,32.38,54.773,57.412,16.192,FP,,,,,,,
55,94,320.25,434.1,96.75,44.034,59.689,48.373,TP,35,0.859,3.033,3.152,0.632,0.581,-3.033
55,95,321.22,430.53,159.78,44.168,59.197,79.889,FP,,,,,,,
55,96,322.35,431.18,130.45,44.323,59.287,65.225,FP,,,,,,,
55,97,321.39,430.24,176.71,44.192,59.158,88.356,FP,,,,,,,
55,98,318.52,439.35,32.25,43.797,60.411,16.123,FP,,,,,,,
55,99,319.0,434.11,40.97,43.863,59.69,20.487,FP,,,,,,,
55,100,318.58,432.37,48.88,43.805,59.45,24.441,FP,,,,,,,
55,101,316.8,432.2,56.2,43.56,59.428,28.1,FP,,,,,,,
55,102,319.04,433.61,53.43,43.867,59.621,26.714,FP,,,,,,,
55,103,320.5,436.0,56.0,44.069,59.95,28.0,FP,,,,,,,
55,104,321.53,442.79,129.53,44.211,60.883,64.766,FP,,,,,,,
55,105,21.33,445.55,89.18,2.934,61.262,44.592,FP,,,,,,,
55,106,22.2,443.12,104.56,3.053,60.929,52.28,TP,38,0.292,0.211,0.36,0.082,-0.28,-0.211
55,107,190.61,446.55,95.85,26.209,61.4,47.925,FP,,,,,,,
55,108,320.95,446.3,163.66,44.131,61.366,81.828,FP,,,,,,,
55,109,205.82,446.55,31.76,28.3,61.401,15.881,FP,,,,,,,
55,110,97.48,445.78,32.57,13.403,61.295,16.283,FP,,,,,,,
55,111,111.89,447.42,95.66,15.385,61.52,47.831,FP,,,,,,,
55,112,160.66,445.41,31.81,22.091,61.244,15.905,FP,,,,,,,
55,113,461.23,445.0,96.12,63.419,61.188,48.062,FP,,,,,,,
55,114,210.0,450.5,169.0,28.875,61.944,84.5,FP,,,,,,,
55,115,210.39,460.42,32.32,28.929,63.307,16.16,FP,,,,,,,
55,116,210.0,457.71,160.0,28.875,62.936,80.0,FP,,,,,,,
55,117,142.6,475.46,32.34,19.608,65.376,16.168,FP,,,,,,,
55,118,224.11,480.36,32.25,30.815,66.05,16.124,FP,,,,,,,
55,119,321.5,477.5,32.5,44.206,65.656,16.25,FP,,,,,,,
55,120,229.86,493.66,96.03,31.606,67.878,48.017,FP,,,,,,,
55,121,24.79,493.05,95.72,3.409,67.795,47.862,FP,,,,,,,
55,122,26.3,491.88,80.52,3.617,67.633,40.258,FP,,,,,,,
55,123,230.36,489.73,104.82,31.675,67.338,52.409,FP,,,,,,,
55,124,26.18,491.82,72.41,3.599,67.626,36.206,FP,,,,,,,
55,125,226.09,494.09,160.35,31.087,67.937,80.174,FP,,,,,,,
55,126,226.02,495.17,168.5,31.078,68.085,84.25,FP,,,,,,,
55,127,233.81,493.44,104.88,32.149,67.848,52.438,FP,,,,,,,
55,128,21.45,498.4,32.51,2.95,68.529,16.256,FP,,,,,,,
55,129,233.02,499.65,32.52,32.04,68.702,16.259,FP,,,,,,,
55,130,25.07,497.14,41.0,3.447,68.357,20.5,FP,,,,,,,
55,131,474.19,500.75,168.5,65.201,68.853,84.25,FP,,,,,,,
55,,,,,17.185,3.361,68.112,FN,0,,,,,,
55,,,,,1.509,4.065,55.481,FN,1,,,,,,
55,,,,,43.112,4.81,20.24,FN,2,,,,,,
55,,,,,58.883,4.958,68.418,FN,3,,,,,,
55,,,,,25.302,7.025,56.915,FN,4,,,,,,
55,,,,,44.747,8.92,2.831,FN,5,,,,,,
55,,,,,8.357,12.662,8.401,FN,7,,,,,,
55,,,,,14.228,13.736,19.17,FN,8,,,,,,
55,,,,,58.222,14.974,77.451,FN,9,,,,,,
55,,,,,11.42,21.942,24.322,FN,10,,,,,,
55,,,,,5.422,23.005,10.0,FN,11,,,,,,
55,,,,,69.606,24.88,72.5,FN,12,,,,,,
55,,,,,44.063,30.514,85.5,FN,14,,,,,,
55,,,,,69.325,29.649,98.679,FN,15,,,,,,
55,,,,,28.997,30.925,75.624,FN,16,,,,,,
55,,,,,58.943,32.249,75.984,FN,17,,,,,,
55,,,,,5.867,33.103,67.489,FN,18,,,,,,
55,,,,,57.036,32.597,79.24,FN,20,,,,,,
55,,,,,69.014,36.734,62.5,FN,21,,,,,,
55,,,,,13.091,39.207,82.955,FN,22,,,,,,
55,,,,,26.039,42.284,10.993,FN,23,,,,,,
55,,,,,37.679,42.968,33.493,FN,24,,,,,,
55,,,,,13.646,45.862,65.976,FN,26,,,,,,
55,,,,,46.356,50.447,60.134,FN,29,,,,,,
55,,,,,11.491,54.502,88.5,FN,30,,,,,,
55,,,,,30.925,53.695,36.454,FN,31,,,,,,
55,,,,,37.078,54.778,40.254,FN,32,,,,,,
55,,,,,59.027,56.408,75.026,FN,33,,,,,,
55,,,,,54.705,58.033,1.916,FN,34,,,,,,
55,,,,,19.008,58.863,52.667,FN,36,,,,,,
55,,,,,44.536,59.972,56.538,FN,37,,,,,,
55,,,,,28.665,62.602,1.223,FN,39,,,,,,
55,,,,,21.756,64.633,38.914,FN,40,,,,,,
55,,,,,17.211,65.045,2.339,FN,41,,,,,,
55,,,,,63.889,66.683,76.723,FN,42,,,,,,
55,,,,,31.718,66.273,41.239,FN,43,,,,,,
55,,,,,3.801,67.134,60.445,FN,44,,,,,,
55,,,,,0.387,67.652,87.769,FN,45,,,,,,
55,,,,,3.511,68.268,64.246,FN,46,,,,,,
55,,,,,25.8,68.1,98.114,FN,47,,,,,,
55,,,,,32.223,69.13,25.916,FN,48,,,,,,
55,,,,,58.463,69.258,15.639,FN,49,,,,,,
58,0,314.09,18.09,96.36,43.188,2.488,48.182,FP,,,,,,,
58,1,67.64,29.64,32.27,9.3,4.075,16.136,FP,,,,,,,
58,2,194.62,61.54,96.26,26.761,8.462,48.128,FP,,,,,,,
58,3,194.84,61.87,32.47,26.791,8.507,16.233,FP,,,,,,,
58,4,411.85,61.53,32.45,56.629,8.46,16.225,FP,,,,,,,
58,5,446.0,61.59,96.09,61.325,8.468,48.044,FP,,,,,,,
58,6,434.79,85.08,31.99,59.784,11.699,15.996,TP,6,0.509,1.355,1.447,-0.439,0.257,-1.355
58,7,434.24,81.0,40.68,59.708,11.137,20.338,FP,,,,,,,
58,8,29.74,94.29,95.93,4.09,12.965,47.967,TP,8,0.438,3.273,3.302,-0.0,-0.438,3.273
58,9,448.23,92.7,96.49,61.632,12.747,48.246,FP,,,,,,,
58,10,46.56,108.56,32.46,6.402,14.927,16.229,FP,,,,,,,
58,11,375.04,144.55,32.53,51.568,19.876,16.266,FP,,,,,,,
58,12,374.57,146.25,40.84,51.503,20.11,20.419,FP,,,,,,,
58,13,376.44,141.22,130.11,51.761,19.418,65.056,FP,,,,,,,
58,14,374.39,145.87,48.83,51.478,20.057,24.414,FP,,,,,,,
58,15,374.5,148.33,52.67,51.494,20.396,26.333,FP,,,,,,,
58,16,192.19,159.57,31.97,26.426,21.941,15.984,FP,,,,,,,
58,17,192.19,165.58,95.86,26.426,22.767,47.93,TP,12,0.42,3.217,3.244,0.22,0.357,3.217
58,18,193.87,158.27,168.47,26.657,21.762,84.233,FP,,,,,,,
58,19,371.83,158.0,168.5,51.127,21.725,84.25,FP,,,,,,,
58,20,194.57,172.13,168.35,26.753,23.668,84.174,FP,,,,,,,
58,21,194.13,173.1,159.06,26.693,23.801,79.532,FP,,,,,,,
58,22,139.88,187.69,92.67,19.233,25.807,46.334,TP,13,0.555,0.817,0.987,0.483,-0.273,0.817
58,23,138.03,186.53,69.74,18.979,25.647,34.872,FP,,,,,,,
58,24,139.92,187.79,112.52,19.239,25.822,56.258,FP,,,,,,,
58,25,452.53,190.15,31.79,62.223,26.146,15.894,FP,,,,,,,
58,26,140.38,188.23,105.23,19.302,25.882,52.613,TP,14,0.352,3.373,3.392,0.026,0.351,3.373
58,27,136.38,189.7,40.64,18.752,26.083,20.319,FP,,,,,,,
58,28,145.31,190.07,163.83,19.981,26.134,81.913,FP,,,,,,,
58,29,192.78,189.46,96.46,26.508,26.05,48.228,FP,,,,,,,
58,30,320.7,189.47,32.34,44.096,26.053,16.172,FP,,,,,,,
58,31,243.64,190.29,95.95,33.5,26.165,47.977,FP,,,,,,,
58,32,146.17,189.67,176.67,20.098,26.079,88.333,FP,,,,,,,
58,33,49.25,191.38,96.38,6.772,26.314,48.188,FP,,,,,,,
58,34,475.54,204.69,168.51,65.387,28.145,84.253,FP,,,,,,,
58,35,465.64,208.62,96.06,64.025,28.686,48.029,FP,,,,,,,
58,36,466.5,205.5,137.0,64.144,28.256,68.5,FP,,,,,,,
58,37,473.6,205.5,160.47,65.12,28.256,80.233,FP,,,,,,,
58,38,285.52,222.17,40.48,39.259,30.549,20.239,FP,,,,,,,
58,39,286.57,222.43,32.57,39.404,30.584,16.286,FP,,,,,,,
58,40,149.74,236.89,96.53,20.589,32.573,48.263,FP,,,,,,,
58,41,498.0,236.67,32.22,68.475,32.542,16.111,FP,,,,,,,
58,42,147.0,237.0,96.0,20.212,32.588,48.0,FP,,,,,,,
58,43,337.06,245.64,32.55,46.346,33.775,16.273,FP,,,,,,,
58,44,335.82,266.27,32.09,46.175,36.613,16.045,FP,,,,,,,
58,45,323.0,286.0,169.0,44.413,39.325,84.5,FP,,,,,,,
58,46,320.44,317.28,95.95,44.061,43.626,47.977,FP,,,,,,,
58,47,196.48,317.82,95.91,27.016,43.701,47.954,FP,,,,,,,
58,48,322.74,318.11,31.93,44.377,43.741,15.963,FP,,,,,,,
58,49,450.97,317.87,31.93,62.008,43.708,15.967,FP,,,,,,,
58,50,67.34,317.72,96.47,9.259,43.687,48.235,FP,,,,,,,
58,51,241.8,317.4,96.53,33.248,43.643,48.267,FP,,,,,,,
58,52,64.8,317.6,32.4,8.91,43.67,16.2,FP,,,,,,,
58,53,274.35,318.04,32.35,37.723,43.731,16.174,FP,,,,,,,
58,54,210.5,318.0,32.0,28.944,43.725,16.0,FP,,,,,,,
58,55,154.0,340.0,41.0,21.175,46.75,20.5,FP,,,,,,,
58,56,156.53,344.18,32.69,21.523,47.325,16.343,FP,,,,,,,
58,57,157.18,344.5,40.47,21.612,47.369,20.237,FP,,,,,,,
58,58,158.1,344.38,51.63,21.739,47.352,25.815,FP,,,,,,,
58,59,417.07,350.85,31.92,57.347,48.241,15.962,TP,25,0.602,0.886,1.071,-0.444,0.407,0.886
58,60,158.5,344.5,36.0,21.794,47.369,18.0,FP,,,,,,,
58,61,419.35,348.36,96.5,57.661,47.9,48.25,FP,,,,,,,
58,62,238.86,351.57,32.38,32.843,48.341,16.189,FP,,,,,,,
58,63,274.53,358.21,95.94,37.748,49.254,47.97,TP,26,0.38,1.06,1.126,0.224,0.308,1.06
58,64,274.07,355.05,104.56,37.685,48.819,52.28,FP,,,,,,,
58,65,321.85,365.59,96.41,44.255,50.268,48.207,FP,,,,,,,
58,66,362.38,393.84,81.57,49.827,54.152,40.785,FP,,,,,,,
58,67,364.66,394.87,95.75,50.141,54.294,47.873,TP,29,0.386,0.695,0.795,0.384,0.047,-0.695
58,68,361.0,395.5,72.0,49.638,54.381,36.0,FP,,,,,,,
58,69,362.0,395.0,87.0,49.775,54.312,43.5,FP,,,,,,,
58,70,289.52,405.57,32.51,39.809,55.766,16.253,FP,,,,,,,
58,71,189.48,413.62,96.52,26.053,56.873,48.262,FP,,,,,,,
58,72,191.43,413.65,32.41,26.322,56.877,16.207,FP,,,,,,,
58,73,411.85,423.03,95.07,56.63,58.166,47.534,TP,32,0.522,4.284,4.315,0.489,0.182,4.284
58,74,407.68,422.01,72.65,56.057,58.026,36.324,FP,,,,,,,
58,75,409.75,422.0,85.0,56.341,58.025,42.5,FP,,,,,,,
58,76,193.89,429.7,95.96,26.659,59.084,47.978,FP,,,,,,,
58,77,465.92,431.22,159.83,64.064,59.293,79.917,TP,30,1.202,2.008,2.34,-0.213,1.183,2.008
58,78,465.1,431.13,168.59,63.952,59.28,84.295,FP,,,,,,,
58,79,465.8,430.27,144.6,64.048,59.162,72.3,TP,33,0.576,1.18,1.313,-0.138,0.559,-1.18
58,80,464.0,431.0,153.0,63.8,59.263,76.5,FP,,,,,,,
58,81,195.69,445.08,96.02,26.907,61.198,48.009,FP,,,,,,,
58,82,62.44,450.42,95.69,8.585,61.933,47.843,TP,39,0.203,4.841,4.845,0.1,-0.176,4.841
58,83,446.63,445.4,31.94,61.412,61.243,15.972,FP,,,,,,,
58,84,322.54,444.91,96.31,44.35,61.175,48.155,FP,,,,,,,
58,85,359.61,446.04,167.95,49.446,61.331,83.976,FP,,,,,,,
58,86,465.93,445.57,96.14,64.065,61.266,48.068,FP,,,,,,,
58,87,80.25,447.17,31.89,11.035,61.486,15.944,FP,,,,,,,
58,88,355.7,445.35,160.22,48.908,61.235,80.109,FP,,,,,,,
58,89,365.24,446.06,96.3,50.22,61.333,48.149,FP,,,,,,,
58,90,466.12,444.88,168.5,64.092,61.17,84.25,FP,,,,,,,
58,91,17.0,445.0,33.0,2.338,61.188,16.5,FP,,,,,,,
58,92,368.21,446.98,159.96,50.629,61.46,79.982,FP,,,,,,,
58,93,199.0,446.0,168.0,27.363,61.325,84.0,FP,,,,,,,
58,94,477.0,446.0,97.0,65.588,61.325,48.5,FP,,,,,,,
58,95,60.3,449.3,112.53,8.292,61.779,56.267,FP,,,,,,,
58,96,62.71,450.29,104.57,8.623,61.914,52.286,FP,,,,,,,
58,97,58.0,453.0,113.0,7.975,62.288,56.5,FP,,,,,,,
58,98,95.62,460.79,32.48,13.148,63.358,16.238,FP,,,,,,,
58,99,100.41,468.21,95.83,13.807,64.379,47.917,FP,,,,,,,
58,100,100.53,465.11,72.58,13.822,63.952,36.289,FP,,,,,,,
58,101,100.57,468.27,104.5,13.829,64.387,52.25,FP,,,,,,,
58,102,192.28,478.0,31.89,26.439,65.725,15.943,FP,,,,,,,
58,103,195.1,479.3,95.91,26.826,65.904,47.953,TP,41,0.453,4.541,4.564,0.226,0.393,-4.541
58,104,434.0,473.0,130.0,59.675,65.037,65.0,FP,,,,,,,
58,105,433.0,474.0,131.0,59.538,65.175,65.5,FP,,,,,,,
58,106,409.0,480.54,95.99,56.238,66.074,47.995,FP,,,,,,,
58,107,418.2,491.32,32.12,57.502,67.556,16.059,FP,,,,,,,
58,108,430.5,476.33,168.33,59.194,65.496,84.167,FP,,,,,,,
58,109,500.47,477.67,96.51,68.814,65.68,48.256,TP,44,1.015,1.418,1.744,-0.978,0.271,1.418
58,110,321.44,492.69,96.5,44.198,67.745,48.25,FP,,,,,,,
58,,,,,42.246,1.187,60.648,FN,0,,,,,,
58,,,,,61.486,1.569,79.056,FN,1,,,,,,
58,,,,,34.759,2.809,94.379,FN,2,,,,,,
58,,,,,57.954,3.109,38.876,FN,3,,,,,,
58,,,,,1.505,5.103,60.982,FN,4,,,,,,
58,,,,,41.148,10.538,83.19,FN,5,,,,,,
58,,,,,7.485,14.11,35.818,FN,7,,,,,,
58,,,,,52.009,18.676,29.162,FN,9,,,,,,
58,,,,,53.863,19.915,83.5,FN,10,,,,,,
58,,,,,51.728,20.474,58.236,FN,11,,,,,,
58,,,,,66.672,27.428,60.472,FN,15,,,,,,
58,,,,,64.387,29.32,27.5,FN,16,,,,,,
58,,,,,39.383,30.585,80.887,FN,17,,,,,,
58,,,,,20.586,32.244,27.5,FN,18,,,,,,
58,,,,,14.653,32.811,49.562,FN,19,,,,,,
58,,,,,46.673,34.865,3.504,FN,20,,,,,,
58,,,,,53.627,35.487,86.073,FN,21,,,,,,
58,,,,,17.928,38.066,4.016,FN,22,,,,,,
58,,,,,21.716,47.417,67.693,FN,23,,,,,,
58,,,,,33.049,48.14,28.277,FN,24,,,,,,
58,,,,,21.298,53.564,9.704,FN,27,,,,,,
58,,,,,39.849,55.376,52.713,FN,28,,,,,,
58,,,,,12.574,58.195,75.118,FN,31,,,,,,
58,,,,,52.707,58.892,95.02,FN,34,,,,,,
58,,,,,49.503,60.499,33.851,FN,35,,,,,,
58,,,,,1.281,60.577,1.648,FN,36,,,,,,
58,,,,,13.382,62.221,51.373,FN,37,,,,,,
58,,,,,66.652,61.705,69.739,FN,38,,,,,,
58,,,,,13.908,64.29,41.677,FN,40,,,,,,
58,,,,,56.984,66.243,71.0,FN,42,,,,,,
58,,,,,63.951,64.736,89.982,FN,43,,,,,,
58,,,,,59.126,66.262,5.582,FN,45,,,,,,
58,,,,,68.828,66.511,23.49,FN,46,,,,,,
58,,,,,42.739,66.603,80.038,FN,47,,,,,,
58,,,,,46.714,67.257,93.122,FN,48,,,,,,
58,,,,,68.797,69.557,20.243,FN,49,,,,,,
66,0,207.5,11.58,96.03,28.532,1.592,48.014,FP,,,,,,,
66,1,273.58,16.61,32.02,37.617,2.284,16.011,FP,,,,,,,
66,2,208.19,14.51,168.41,28.625,1.995,84.204,FP,,,,,,,
66,3,208.77,13.77,160.4,28.706,1.894,80.198,FP,,,,,,,
66,4,466.5,30.5,32.5,64.144,4.194,16.25,FP,,,,,,,
66,5,476.89,38.75,32.47,65.573,5.327,16.237,FP,,,,,,,
66,6,477.9,42.38,96.38,65.712,5.827,48.19,FP,,,,,,,
66,7,352.13,55.62,32.2,48.418,7.648,16.102,FP,,,,,,,
66,8,480.26,60.65,95.99,66.036,8.34,47.997,FP,,,,,,,
66,9,487.86,60.65,32.2,67.08,8.34,16.099,FP,,,,,,,
66,10,320.5,57.5,168.0,44.069,7.906,84.0,FP,,,,,,,
66,11,194.41,61.35,31.94,26.732,8.435,15.97,FP,,,,,,,
66,12,65.17,70.54,96.07,8.96,9.699,48.037,FP,,,,,,,
66,13,241.45,62.97,168.34,33.2,8.658,84.172,FP,,,,,,,
66,14,241.39,63.62,160.16,33.191,8.748,80.082,FP,,,,,,,
66,15,464.25,62.37,168.44,63.834,8.576,84.221,FP,,,,,,,
66,16,242.06,62.94,152.5,33.283,8.655,76.25,FP,,,,,,,
66,17,65.22,67.82,112.5,8.968,9.325,56.25,FP,,,,,,,
66,18,62.69,75.28,32.44,8.62,10.35,16.219,FP,,,,,,,
66,19,318.24,102.41,32.0,43.758,14.081,16.002,FP,,,,,,,
66,20,319.69,93.44,96.5,43.958,12.847,48.25,FP,,,,,,,
66,21,242.9,166.4,8.7,33.399,22.88,4.35,FP,,,,,,,
66,22,141.86,185.43,32.1,19.506,25.496,16.049,TP,19,0.848,1.549,1.766,-0.837,-0.133,1.549
66,23,373.92,185.64,90.95,51.415,25.526,45.477,TP,20,0.217,3.011,3.019,-0.078,-0.203,-3.011
66,24,373.07,183.93,104.54,51.298,25.29,52.272,FP,,,,,,,
66,25,373.0,182.0,86.0,51.288,25.025,43.0,FP,,,,,,,
66,26,143.0,184.5,41.0,19.663,25.369,20.5,FP,,,,,,,
66,27,147.82,188.73,96.36,20.325,25.951,48.178,FP,,,,,,,
66,28,373.27,186.53,66.3,51.324,25.648,33.15,FP,,,,,,,
66,29,63.28,190.61,31.91,8.701,26.209,15.956,FP,,,,,,,
66,30,308.83,189.7,32.01,42.464,26.084,16.007,FP,,,,,,,
66,31,449.84,189.7,95.88,61.852,26.084,47.941,FP,,,,,,,
66,32,47.23,191.09,168.26,6.494,26.275,84.129,FP,,,,,,,
66,33,78.76,190.28,95.96,10.829,26.163,47.979,FP,,,,,,,
66,34,191.87,189.59,32.41,26.382,26.069,16.203,FP,,,,,,,
66,35,200.43,189.5,96.12,27.559,26.057,48.061,FP,,,,,,,
66,36,283.62,191.68,95.78,38.998,26.356,47.89,FP,,,,,,,
66,37,449.64,189.69,32.26,61.825,26.082,16.131,FP,,,,,,,
66,38,283.94,190.22,32.44,39.042,26.156,16.222,FP,,,,,,,
66,39,370.06,190.06,168.47,50.883,26.133,84.235,FP,,,,,,,
66,40,114.5,190.5,168.5,15.744,26.194,84.25,FP,,,,,,,
66,41,370.5,190.0,160.5,50.944,26.125,80.25,FP,,,,,,,
66,42,16.97,207.78,31.96,2.333,28.569,15.981,FP,,,,,,,
66,43,28.81,206.51,96.46,3.961,28.395,48.228,FP,,,,,,,
66,44,35.0,206.5,97.0,4.812,28.394,48.5,FP,,,,,,,
66,45,318.5,206.0,97.0,43.794,28.325,48.5,FP,,,,,,,
66,46,17.14,207.71,41.0,2.357,28.561,20.5,FP,,,,,,,
66,47,82.83,221.53,96.43,11.389,30.46,48.214,FP,,,,,,,
66,48,195.65,240.03,93.99,26.901,33.004,46.993,TP,24,0.111,3.237,3.239,0.061,-0.092,3.237
66,49,191.85,238.0,168.05,26.379,32.725,84.027,FP,,,,,,,
66,50,192.48,238.38,159.38,26.466,32.777,79.689,FP,,,,,,,
66,51,195.02,239.96,72.98,26.815,32.995,36.489,FP,,,,,,,
66,52,194.07,240.03,112.52,26.684,33.005,56.259,FP,,,,,,,
66,53,193.12,245.29,32.53,26.554,33.728,16.263,FP,,,,,,,
66,54,198.0,240.0,105.0,27.225,33.0,52.5,FP,,,,,,,
66,55,194.5,240.67,104.67,26.744,33.092,52.333,FP,,,,,,,
66,56,199.0,240.5,104.0,27.363,33.069,52.0,FP,,,,,,,
66,57,449.22,252.44,96.89,61.768,34.711,48.444,FP,,,,,,,
66,58,335.02,270.4,88.18,46.065,37.179,44.089,FP,,,,,,,
66,59,335.34,269.61,104.53,46.109,37.071,52.263,TP,25,0.136,1.263,1.27,0.136,0.006,1.263
66,60,394.25,271.87,80.75,54.21,37.382,40.373,FP,,,,,,,
66,61,397.03,272.51,101.87,54.592,37.47,50.935,FP,,,,,,,
66,62,450.09,268.91,168.55,61.888,36.975,84.273,FP,,,,,,,
66,63,333.83,270.08,64.67,45.902,37.136,32.333,FP,,,,,,,
66,64,393.91,272.52,72.74,54.163,37.472,36.37,TP,27,0.486,2.597,2.643,-0.472,-0.117,2.597
66,65,395.48,272.96,88.34,54.378,37.531,44.172,FP,,,,,,,
66,66,395.0,273.0,92.0,54.312,37.538,46.0,FP,,,,,,,
66,67,399.0,273.5,80.0,54.863,37.606,40.0,FP,,,,,,,
66,68,394.5,277.5,81.0,54.244,38.156,40.5,FP,,,,,,,
66,69,499.43,285.21,152.43,68.672,39.216,76.216,TP,31,1.254,0.205,1.271,0.038,-1.254,-0.205
66,70,499.3,285.07,160.52,68.654,39.197,80.26,FP,,,,,,,
66,71,499.11,285.28,144.61,68.628,39.226,72.305,FP,,,,,,,
66,72,37.32,291.67,32.0,5.132,40.105,15.999,TP,29,0.939,3.526,3.648,-0.891,0.297,-3.526
66,73,497.02,291.08,32.75,68.34,40.023,16.377,FP,,,,,,,
66,74,499.0,286.0,168.0,68.613,39.325,84.0,FP,,,,,,,
66,75,498.99,302.83,95.97,68.611,41.639,47.985,FP,,,,,,,
66,76,192.85,301.93,96.56,26.517,41.515,48.28,FP,,,,,,,
66,77,191.49,320.94,96.03,26.329,44.129,48.013,FP,,,,,,,
66,78,409.76,317.99,95.9,56.343,43.724,47.949,FP,,,,,,,
66,79,182.46,317.57,31.85,25.088,43.665,15.924,FP,,,,,,,
66,80,77.44,318.0,32.28,10.649,43.725,16.139,FP,,,,,,,
66,81,116.23,317.54,32.5,15.982,43.662,16.25,FP,,,,,,,
66,82,77.0,317.0,96.0,10.588,43.588,48.0,FP,,,,,,,
66,83,65.0,318.0,96.0,8.938,43.725,48.0,FP,,,,,,,
66,84,70.0,318.33,96.56,9.625,43.771,48.278,FP,,,,,,,
66,85,71.5,318.0,32.0,9.831,43.725,16.0,FP,,,,,,,
66,86,307.0,318.0,96.0,42.213,43.725,48.0,FP,,,,,,,
66,87,113.72,349.9,96.4,15.637,48.111,48.2,FP,,,,,,,
66,88,330.48,349.82,32.45,45.441,48.1,16.223,FP,,,,,,,
66,89,106.5,349.5,41.0,14.644,48.056,20.5,FP,,,,,,,
66,90,322.34,364.79,95.96,44.321,50.159,47.98,FP,,,,,,,
66,91,191.92,366.55,31.93,26.389,50.4,15.964,FP,,,,,,,
66,92,222.19,375.67,101.65,30.552,51.654,50.823,FP,,,,,,,
66,93,221.84,375.9,80.67,30.503,51.686,40.337,FP,,,,,,,
66,94,222.5,376.5,73.0,30.594,51.769,36.5,TP,38,0.19,2.736,2.743,0.071,-0.176,2.736
66,95,225.0,378.0,112.0,30.938,51.975,56.0,FP,,,,,,,
66,96,482.5,382.0,33.0,66.344,52.525,16.5,FP,,,,,,,
66,97,132.03,391.09,40.86,18.154,53.775,20.432,FP,,,,,,,
66,98,418.48,410.03,96.12,57.541,56.379,48.061,FP,,,,,,,
66,99,47.33,445.25,95.72,6.509,61.222,47.858,FP,,,,,,,
66,100,478.34,447.81,95.88,65.772,61.573,47.939,FP,,,,,,,
66,101,481.2,450.54,31.98,66.164,61.949,15.992,FP,,,,,,,
66,102,106.5,446.46,95.78,14.643,61.388,47.889,FP,,,,,,,
66,103,143.95,445.42,96.53,19.793,61.245,48.263,FP,,,,,,,
66,104,322.59,445.96,96.13,44.356,61.32,48.063,FP,,,,,,,
66,105,477.3,445.85,168.42,65.629,61.304,84.212,FP,,,,,,,
66,106,480.28,447.39,104.62,66.038,61.516,52.311,FP,,,,,,,
66,107,481.92,448.07,40.64,66.265,61.609,20.32,FP,,,,,,,
66,108,475.67,446.39,159.65,65.404,61.378,79.824,FP,,,,,,,
66,109,479.0,450.18,48.47,65.863,61.899,24.235,FP,,,,,,,
66,110,482.25,449.25,48.75,66.309,61.772,24.375,FP,,,,,,,
66,111,151.29,466.85,32.13,20.802,64.192,16.064,FP,,,,,,,
66,112,154.57,460.33,168.4,21.253,63.296,84.2,FP,,,,,,,
66,113,156.26,462.14,96.52,21.486,63.544,48.262,FP,,,,,,,
66,114,154.24,461.36,159.46,21.208,63.437,79.73,FP,,,,,,,
66,115,154.3,461.87,144.45,21.217,63.507,72.226,FP,,,,,,,
66,116,154.33,461.6,138.07,21.221,63.47,69.033,FP,,,,,,,
66,117,155.0,461.0,142.0,21.312,63.388,71.0,FP,,,,,,,
66,118,154.04,464.52,40.71,21.181,63.872,20.354,FP,,,,,,,
66,119,146.5,464.0,17.0,20.144,63.8,8.5,TP,47,1.094,0.294,1.132,-1.089,0.104,-0.294
66,120,151.0,464.0,48.0,20.763,63.8,24.0,FP,,,,,,,
66,121,150.8,465.4,17.0,20.735,63.993,8.5,FP,,,,,,,
66,122,288.34,495.37,32.06,39.647,68.113,16.029,FP,,,,,,,
66,123,290.79,495.03,96.47,39.983,68.066,48.233,FP,,,,,,,
66,124,418.33,498.17,32.5,57.521,68.498,16.25,FP,,,,,,,
66,,,,,28.619,0.524,30.725,FN,0,,,,,,
66,,,,,56.146,1.052,12.423,FN,1,,,,,,
66,,,,,37.814,1.387,8.731,FN,2,,,,,,
66,,,,,4.547,1.773,48.479,FN,3,,,,,,
66,,,,,12.957,4.101,73.858,FN,4,,,,,,
66,,,,,65.764,5.224,37.753,FN,5,,,,,,
66,,,,,49.945,5.912,4.522,FN,6,,,,,,
66,,,,,47.442,8.307,62.588,FN,7,,,,,,
66,,,,,8.908,9.919,33.459,FN,8,,,,,,
66,,,,,43.363,12.718,14.379,FN,9,,,,,,
66,,,,,61.403,13.103,93.0,FN,10,,,,,,
66,,,,,17.633,15.106,2.252,FN,11,,,,,,
66,,,,,31.998,17.213,48.395,FN,12,,,,,,
66,,,,,47.392,17.396,64.328,FN,13,,,,,,
66,,,,,69.798,18.01,36.523,FN,14,,,,,,
66,,,,,52.8,20.494,9.362,FN,15,,,,,,
66,,,,,60.253,20.386,20.753,FN,16,,,,,,
66,,,,,33.552,22.821,91.233,FN,17,,,,,,
66,,,,,18.808,24.234,21.0,FN,18,,,,,,
66,,,,,3.426,28.53,25.937,FN,21,,,,,,
66,,,,,10.805,29.27,77.111,FN,22,,,,,,
66,,,,,9.296,31.749,95.5,FN,23,,,,,,
66,,,,,52.956,38.082,22.315,FN,26,,,,,,
66,,,,,69.174,39.066,2.5,FN,28,,,,,,
66,,,,,13.214,40.033,49.609,FN,30,,,,,,
66,,,,,25.653,42.247,28.35,FN,32,,,,,,
66,,,,,55.849,43.673,38.899,FN,33,,,,,,
66,,,,,16.203,43.638,71.058,FN,34,,,,,,
66,,,,,31.457,45.597,95.989,FN,35,,,,,,
66,,,,,24.896,45.653,27.25,FN,36,,,,,,
66,,,,,14.612,48.096,76.201,FN,37,,,,,,
66,,,,,18.033,53.814,65.323,FN,39,,,,,,
66,,,,,12.535,55.718,6.343,FN,40,,,,,,
66,,,,,57.48,55.846,39.987,FN,41,,,,,,
66,,,,,69.828,57.932,11.005,FN,42,,,,,,
66,,,,,58.539,60.091,94.37,FN,43,,,,,,
66,,,,,66.11,61.279,6.0,FN,44,,,,,,
66,,,,,6.431,61.113,55.309,FN,45,,,,,,
66,,,,,65.283,62.151,7.136,FN,46,,,,,,
66,,,,,59.811,66.251,28.06,FN,48,,,,,,
66,,,,,40.693,67.146,25.961,FN,49,,,,,,
69,0,319.4,13.54,168.48,43.917,1.862,84.24,FP,,,,,,,
69,1,320.09,32.2,96.17,44.012,4.428,48.085,FP,,,,,,,
69,2,208.94,56.57,32.79,28.73,7.778,16.395,FP,,,,,,,
69,3,210.76,54.14,50.48,28.979,7.444,25.241,FP,,,,,,,
69,4,209.8,55.47,40.76,28.848,7.627,20.378,FP,,,,,,,
69,5,212.4,61.12,95.85,29.204,8.405,47.923,FP,,,,,,,
69,6,449.25,60.27,31.73,61.771,8.287,15.866,FP,,,,,,,
69,7,308.27,65.17,31.92,42.387,8.96,15.961,FP,,,,,,,
69,8,318.92,62.41,96.03,43.852,8.581,48.017,FP,,,,,,,
69,9,449.85,61.46,96.54,61.854,8.451,48.269,FP,,,,,,,
69,10,319.69,111.39,95.85,43.957,15.316,47.927,FP,,,,,,,
69,11,319.06,115.45,32.32,43.87,15.875,16.16,FP,,,,,,,
69,12,319.33,112.67,105.0,43.908,15.492,52.5,FP,,,,,,,
69,13,272.86,187.43,32.06,37.518,25.772,16.032,FP,,,,,,,
69,14,115.91,187.36,32.34,15.937,25.762,16.168,FP,,,,,,,
69,15,118.7,187.63,96.6,16.321,25.799,48.3,FP,,,,,,,
69,16,121.91,186.8,114.12,16.762,25.684,57.061,FP,,,,,,,
69,17,448.65,192.19,95.99,61.689,26.426,47.996,FP,,,,,,,
69,18,34.7,190.55,31.91,4.771,26.2,15.954,FP,,,,,,,
69,19,118.15,188.35,129.69,16.246,25.898,64.846,FP,,,,,,,
69,20,121.29,187.29,104.29,16.677,25.752,52.143,FP,,,,,,,
69,21,31.96,190.04,96.44,4.395,26.13,48.222,FP,,,,,,,
69,22,173.32,189.7,32.17,23.831,26.083,16.087,FP,,,,,,,
69,23,192.45,189.57,96.52,26.462,26.066,48.262,FP,,,,,,,
69,24,446.7,196.68,31.96,61.421,27.043,15.981,FP,,,,,,,
69,25,354.43,190.14,32.29,48.734,26.145,16.143,FP,,,,,,,
69,26,449.5,189.5,159.0,61.806,26.056,79.5,FP,,,,,,,
69,27,452.3,190.04,168.48,62.192,26.131,84.239,FP,,,,,,,
69,28,266.5,190.25,96.25,36.644,26.159,48.125,FP,,,,,,,
69,29,323.0,190.0,168.0,44.413,26.125,84.0,FP,,,,,,,
69,30,450.0,191.0,105.0,61.875,26.263,52.5,FP,,,,,,,
69,31,121.33,194.67,96.78,16.683,26.767,48.389,FP,,,,,,,
69,32,174.2,220.29,95.78,23.953,30.29,47.888,FP,,,,,,,
69,33,34.2,226.76,96.48,4.703,31.18,48.24,FP,,,,,,,
69,34,463.74,240.46,95.88,63.764,33.063,47.94,FP,,,,,,,
69,35,192.73,238.0,32.45,26.5,32.725,16.227,FP,,,,,,,
69,36,200.88,264.12,9.0,27.62,36.317,4.5,FP,,,,,,,
69,37,202.0,265.33,20.33,27.775,36.483,10.167,FP,,,,,,,
69,38,266.82,285.84,168.58,36.687,39.303,84.289,FP,,,,,,,
69,39,207.14,311.54,96.86,28.482,42.837,48.429,FP,,,,,,,
69,40,193.5,300.11,32.5,26.606,41.264,16.25,FP,,,,,,,
69,41,321.43,302.05,96.48,44.196,41.532,48.238,FP,,,,,,,
69,42,83.55,313.57,90.01,11.488,43.116,45.005,TP,25,0.416,3.384,3.409,-0.302,0.286,-3.384
69,43,116.39,312.91,1.98,16.004,43.025,0.991,FP,,,,,,,
69,44,81.3,312.25,112.65,11.179,42.934,56.325,FP,,,,,,,
69,45,29.25,318.09,95.84,4.021,43.737,47.919,FP,,,,,,,
69,46,190.27,318.53,31.93,26.162,43.798,15.966,FP,,,,,,,
69,47,460.35,322.17,31.8,63.298,44.298,15.9,FP,,,,,,,
69,48,462.71,316.66,168.14,63.623,43.541,84.069,FP,,,,,,,
69,49,80.88,318.33,32.04,11.121,43.77,16.02,FP,,,,,,,
69,50,461.34,319.54,95.93,63.435,43.936,47.966,FP,,,,,,,
69,51,462.72,317.34,159.41,63.625,43.634,79.704,FP,,,,,,,
69,52,458.08,317.42,48.55,62.986,43.645,24.276,FP,,,,,,,
69,53,461.02,319.74,40.68,63.39,43.964,20.34,FP,,,,,,,
69,54,370.5,318.0,168.0,50.944,43.725,84.0,FP,,,,,,,
69,55,85.67,319.0,66.33,11.779,43.862,33.167,FP,,,,,,,
69,56,91.16,335.18,32.2,12.534,46.087,16.098,FP,,,,,,,
69,57,293.96,336.82,40.89,40.419,46.313,20.445,FP,,,,,,,
69,58,293.64,336.37,48.99,40.375,46.251,24.493,FP,,,,,,,
69,59,292.76,336.29,32.55,40.255,46.239,16.275,FP,,,,,,,
69,60,299.78,334.56,96.0,41.219,46.001,48.0,FP,,,,,,,
69,61,327.0,335.0,2.0,44.963,46.062,1.0,FP,,,,,,,
69,62,300.67,336.33,95.0,41.342,46.246,47.5,FP,,,,,,,
69,63,117.29,340.41,66.06,16.128,46.807,33.029,FP,,,,,,,
69,64,301.0,339.0,96.0,41.388,46.612,48.0,FP,,,,,,,
69,65,303.0,348.57,96.44,41.663,47.929,48.221,FP,,,,,,,
69,66,320.5,351.0,33.0,44.069,48.263,16.5,FP,,,,,,,
69,67,115.11,368.2,1.87,15.828,50.628,0.936,FP,,,,,,,
69,68,242.83,365.33,168.5,33.39,50.233,84.25,FP,,,,,,,
69,69,321.93,365.47,96.22,44.266,50.252,48.111,FP,,,,,,,
69,70,243.0,366.0,161.0,33.413,50.325,80.5,FP,,,,,,,
69,71,337.33,366.0,96.67,46.383,50.325,48.333,FP,,,,,,,
69,72,194.08,369.67,96.33,26.686,50.829,48.167,FP,,,,,,,
69,73,87.0,370.0,96.0,11.963,50.875,48.0,FP,,,,,,,
69,74,88.5,370.0,95.0,12.169,50.875,47.5,FP,,,,,,,
69,75,88.23,372.08,96.46,12.132,51.161,48.231,FP,,,,,,,
69,76,136.2,374.7,32.5,18.727,51.521,16.25,FP,,,,,,,
69,77,139.76,373.66,66.21,19.217,51.378,33.103,FP,,,,,,,
69,78,134.5,375.0,25.0,18.494,51.562,12.5,FP,,,,,,,
69,79,138.33,374.67,48.5,19.021,51.517,24.25,FP,,,,,,,
69,80,139.58,377.11,96.47,19.193,51.853,48.236,FP,,,,,,,
69,81,136.0,375.0,41.0,18.7,51.562,20.5,FP,,,,,,,
69,82,294.51,396.08,96.16,40.496,54.461,48.082,FP,,,,,,,
69,83,295.26,396.71,104.53,40.599,54.548,52.263,FP,,,,,,,
69,84,496.0,399.0,9.0,68.2,54.863,4.5,FP,,,,,,,
69,85,304.66,418.38,31.92,41.891,57.527,15.961,TP,39,0.45,0.121,0.466,-0.333,-0.303,0.121
69,86,304.3,415.03,40.68,41.842,57.066,20.34,FP,,,,,,,
69,87,226.76,423.6,32.44,31.18,58.245,16.219,FP,,,,,,,
69,88,206.67,429.57,96.38,28.417,59.066,48.19,FP,,,,,,,
69,89,497.02,432.62,32.47,68.341,59.486,16.233,TP,42,0.298,1.13,1.169,-0.016,0.297,-1.13
69,90,321.77,445.06,32.31,44.243,61.196,16.157,FP,,,,,,,
69,91,329.44,445.34,95.91,45.298,61.235,47.956,FP,,,,,,,
69,92,114.69,445.63,32.3,15.769,61.274,16.149,FP,,,,,,,
69,93,33.3,466.34,96.47,4.579,64.122,48.236,FP,,,,,,,
69,94,37.0,466.0,96.0,5.088,64.075,48.0,FP,,,,,,,
69,95,30.0,467.0,97.0,4.125,64.213,48.5,FP,,,,,,,
69,96,449.64,495.5,96.52,61.826,68.131,48.259,FP,,,,,,,
69,97,290.0,509.0,33.0,39.875,69.988,16.5,FP,,,,,,,
69,,,,,35.785,4.364,71.186,FN,0,,,,,,
69,,,,,44.08,3.925,32.757,FN,1,,,,,,
69,,,,,49.559,7.943,11.116,FN,2,,,,,,
69,,,,,29.05,7.551,68.973,FN,3,,,,,,
69,,,,,41.985,8.586,5.044,FN,4,,,,,,
69,,,,,61.433,8.047,85.33,FN,5,,,,,,
69,,,,,43.762,10.549,9.965,FN,6,,,,,,
69,,,,,44.036,15.988,30.054,FN,7,,,,,,
69,,,,,36.143,22.584,7.066,FN,8,,,,,,
69,,,,,39.4,25.2,62.421,FN,9,,,,,,
69,,,,,61.404,26.799,38.773,FN,10,,,,,,
69,,,,,16.906,25.733,27.27,FN,11,,,,,,
69,,,,,42.296,26.802,70.695,FN,12,,,,,,
69,,,,,53.605,27.003,84.205,FN,13,,,,,,
69,,,,,36.153,27.506,25.255,FN,14,,,,,,
69,,,,,24.588,30.575,40.87,FN,15,,,,,,
69,,,,,37.911,33.996,12.573,FN,16,,,,,,
69,,,,,69.247,34.898,89.238,FN,17,,,,,,
69,,,,,42.468,35.65,27.062,FN,18,,,,,,
69,,,,,14.619,35.409,3.21,FN,19,,,,,,
69,,,,,27.752,36.434,89.508,FN,20,,,,,,
69,,,,,57.868,37.071,88.505,FN,21,,,,,,
69,,,,,35.321,39.303,2.488,FN,22,,,,,,
69,,,,,28.87,41.525,35.873,FN,23,,,,,,
69,,,,,2.579,43.145,59.096,FN,24,,,,,,
69,,,,,63.539,44.047,1.718,FN,26,,,,,,
69,,,,,55.936,45.629,28.0,FN,27,,,,,,
69,,,,,16.052,46.455,68.231,FN,28,,,,,,
69,,,,,40.53,46.467,59.723,FN,29,,,,,,
69,,,,,42.801,47.864,78.948,FN,30,,,,,,
69,,,,,12.051,47.959,30.101,FN,31,,,,,,
69,,,,,18.713,51.853,72.395,FN,32,,,,,,
69,,,,,68.341,54.834,88.148,FN,33,,,,,,
69,,,,,32.887,54.661,58.766,FN,34,,,,,,
69,,,,,40.157,54.419,39.022,FN,35,,,,,,
69,,,,,41.634,55.917,40.429,FN,36,,,,,,
69,,,,,68.754,56.587,48.699,FN,37,,,,,,
69,,,,,17.395,56.784,32.017,FN,38,,,,,,
69,,,,,31.727,58.763,2.071,FN,40,,,,,,
69,,,,,31.714,58.45,31.995,FN,41,,,,,,
69,,,,,45.762,59.773,78.256,FN,43,,,,,,
69,,,,,4.692,64.208,34.532,FN,44,,,,,,
69,,,,,31.728,63.85,94.389,FN,45,,,,,,
69,,,,,0.791,69.108,2.362,FN,46,,,,,,
69,,,,,10.361,69.405,62.592,FN,47,,,,,,
69,,,,,22.199,69.391,82.615,FN,48,,,,,,
75,0,62.38,13.94,96.48,8.577,1.917,48.238,FP,,,,,,,
75,1,451.0,12.0,32.0,62.013,1.65,16.0,FP,,,,,,,
75,2,58.43,14.43,32.43,8.034,1.984,16.214,FP,,,,,,,
75,3,62.82,30.75,31.93,8.638,4.228,15.963,TP,2,0.678,0.255,0.724,0.322,0.596,0.255
75,4,65.53,36.93,95.8,9.011,5.078,47.901,TP,3,0.72,3.096,3.179,-0.636,0.338,-3.096
75,5,64.76,30.51,48.93,8.905,4.196,24.467,FP,,,,,,,
75,6,64.93,30.7,41.57,8.928,4.222,20.787,FP,,,,,,,
75,7,69.98,29.6,168.18,9.622,4.07,84.088,FP,,,,,,,
75,8,70.58,29.53,159.69,9.705,4.06,79.845,FP,,,,,,,
75,9,318.0,29.0,168.0,43.725,3.988,84.0,FP,,,,,,,
75,10,449.8,30.4,32.0,61.847,4.18,16.0,FP,,,,,,,
75,11,65.75,32.12,112.88,9.041,4.417,56.438,FP,,,,,,,
75,12,266.0,45.5,96.5,36.575,6.256,48.25,FP,,,,,,,
75,13,461.0,46.0,2.25,63.388,6.325,1.125,FP,,,,,,,
75,14,364.09,61.8,31.89,50.062,8.498,15.944,FP,,,,,,,
75,15,366.34,63.6,96.03,50.372,8.745,48.014,FP,,,,,,,
75,16,451.6,64.04,31.95,62.095,8.805,15.974,FP,,,,,,,
75,17,295.91,61.21,2.03,40.687,8.416,1.014,FP,,,,,,,
75,18,64.6,61.0,96.5,8.882,8.387,48.25,FP,,,,,,,
75,19,113.64,61.82,96.2,15.625,8.5,48.102,FP,,,,,,,
75,20,289.64,61.58,32.22,39.826,8.468,16.112,FP,,,,,,,
75,21,319.03,61.77,96.18,43.867,8.493,48.092,FP,,,,,,,
75,22,366.52,63.44,104.7,50.396,8.723,52.35,FP,,,,,,,
75,23,114.73,62.27,32.33,15.776,8.562,16.167,FP,,,,,,,
75,24,192.24,62.32,32.52,26.433,8.569,16.26,FP,,,,,,,
75,25,210.2,61.5,32.4,28.903,8.456,16.2,FP,,,,,,,
75,26,365.2,61.8,41.0,50.215,8.498,20.5,FP,,,,,,,
75,27,114.0,62.0,168.5,15.675,8.525,84.25,FP,,,,,,,
75,28,115.0,62.5,160.0,15.812,8.594,80.0,FP,,,,,,,
75,29,113.6,64.8,169.0,15.62,8.91,84.5,FP,,,,,,,
75,30,113.51,75.49,160.48,15.607,10.38,80.238,FP,,,,,,,
75,31,113.65,75.75,168.44,15.627,10.416,84.222,FP,,,,,,,
75,32,460.34,76.78,95.83,63.297,10.557,47.913,FP,,,,,,,
75,33,114.08,76.67,152.5,15.686,10.542,76.25,FP,,,,,,,
75,34,313.0,77.41,39.41,43.038,10.644,19.706,FP,,,,,,,
75,35,466.33,77.33,129.0,64.121,10.633,64.5,FP,,,,,,,
75,36,301.95,94.27,96.0,41.518,12.962,47.998,FP,,,,,,,
75,37,299.0,93.0,130.0,41.112,12.788,65.0,FP,,,,,,,
75,38,64.72,116.16,32.03,8.899,15.973,16.015,FP,,,,,,,
75,39,192.61,112.39,96.31,26.484,15.454,48.154,FP,,,,,,,
75,40,66.5,114.5,41.0,9.144,15.744,20.5,FP,,,,,,,
75,41,448.71,173.14,32.0,61.698,23.807,16.0,FP,,,,,,,
75,42,320.82,189.74,31.8,44.112,26.089,15.901,FP,,,,,,,
75,43,324.62,189.72,95.99,44.635,26.087,47.995,FP,,,,,,,
75,44,20.45,189.57,32.46,2.812,26.067,16.231,FP,,,,,,,
75,45,197.8,189.77,32.18,27.198,26.094,16.089,FP,,,,,,,
75,46,296.95,189.69,32.47,40.83,26.082,16.233,FP,,,,,,,
75,47,460.01,189.93,96.14,63.251,26.115,48.07,FP,,,,,,,
75,48,286.5,190.0,32.0,39.394,26.125,16.0,FP,,,,,,,
75,49,43.93,222.07,95.79,6.04,30.535,47.896,FP,,,,,,,
75,50,342.42,236.27,8.8,47.083,32.487,4.4,FP,,,,,,,
75,51,344.0,233.0,17.0,47.3,32.038,8.5,FP,,,,,,,
75,52,343.33,235.94,19.19,47.208,32.441,9.594,FP,,,,,,,
75,53,343.56,237.4,32.04,47.24,32.643,16.022,FP,,,,,,,
75,54,343.81,236.29,24.38,47.274,32.489,12.19,FP,,,,,,,
75,55,346.0,235.0,17.0,47.575,32.312,8.5,FP,,,,,,,
75,56,342.0,236.0,12.0,47.025,32.45,6.0,FP,,,,,,,
75,57,467.72,270.1,32.37,64.311,37.139,16.186,FP,,,,,,,
75,58,193.5,269.58,32.39,26.606,37.068,16.194,FP,,,,,,,
75,59,210.5,269.0,96.0,28.944,36.987,48.0,FP,,,,,,,
75,60,481.88,283.12,96.34,66.258,38.929,48.171,FP,,,,,,,
75,61,291.11,299.91,32.52,40.028,41.237,16.261,FP,,,,,,,
75,62,291.44,299.69,40.72,40.073,41.208,20.362,FP,,,,,,,
75,63,116.0,301.5,168.5,15.95,41.456,84.25,FP,,,,,,,
75,64,115.97,302.11,160.54,15.946,41.54,80.27,FP,,,,,,,
75,65,294.0,300.0,51.0,40.425,41.25,25.5,FP,,,,,,,
75,66,293.0,301.0,51.0,40.288,41.388,25.5,FP,,,,,,,
75,67,117.0,302.0,152.0,16.087,41.525,76.0,FP,,,,,,,
75,68,115.0,303.0,152.0,15.812,41.663,76.0,FP,,,,,,,
75,69,117.0,305.0,160.0,16.087,41.938,80.0,FP,,,,,,,
75,70,116.15,315.43,96.17,15.97,43.371,48.083,FP,,,,,,,
75,71,64.37,317.42,95.85,8.85,43.645,47.927,FP,,,,,,,
75,72,241.69,316.79,96.42,33.232,43.559,48.208,FP,,,,,,,
75,73,323.93,318.41,31.81,44.54,43.782,15.905,FP,,,,,,,
75,74,291.54,317.5,96.27,40.086,43.657,48.133,FP,,,,,,,
75,75,145.0,317.56,96.49,19.938,43.665,48.244,FP,,,,,,,
75,76,195.57,317.64,96.27,26.891,43.676,48.133,FP,,,,,,,
75,77,337.53,317.47,96.2,46.411,43.652,48.102,FP,,,,,,,
75,78,320.64,318.04,96.43,44.088,43.73,48.214,FP,,,,,,,
75,79,146.8,362.66,32.05,20.185,49.865,16.023,FP,,,,,,,
75,80,155.96,353.15,168.32,21.444,48.558,84.16,FP,,,,,,,
75,81,222.63,364.52,95.8,30.612,50.122,47.902,FP,,,,,,,
75,82,449.5,365.5,96.5,61.806,50.256,48.25,FP,,,,,,,
75,83,95.0,365.0,168.0,13.062,50.188,84.0,FP,,,,,,,
75,84,94.5,366.0,160.0,12.994,50.325,80.0,FP,,,,,,,
75,85,323.83,444.83,95.72,44.526,61.163,47.859,FP,,,,,,,
75,86,419.42,437.79,95.7,57.671,60.196,47.85,TP,41,0.568,1.804,1.892,-0.021,0.568,1.804
75,87,422.15,433.92,88.31,58.046,59.664,44.154,FP,,,,,,,
75,88,422.0,435.0,73.0,58.025,59.812,36.5,FP,,,,,,,
75,89,149.81,445.56,31.93,20.599,61.264,15.964,FP,,,,,,,
75,90,275.21,444.96,95.92,37.841,61.182,47.96,FP,,,,,,,
75,91,318.52,445.57,32.36,43.797,61.266,16.182,FP,,,,,,,
75,92,323.35,444.58,80.14,44.46,61.13,40.072,FP,,,,,,,
75,93,323.72,445.58,111.8,44.512,61.267,55.9,FP,,,,,,,
75,94,198.47,445.63,31.77,27.29,61.275,15.887,FP,,,,,,,
75,95,398.19,445.4,32.32,54.751,61.242,16.162,FP,,,,,,,
75,96,323.07,445.25,129.76,44.422,61.222,64.88,FP,,,,,,,
75,97,171.24,446.46,95.81,23.545,61.388,47.907,FP,,,,,,,
75,98,323.0,445.66,168.47,44.413,61.278,84.236,TP,40,1.121,0.718,1.331,-0.562,0.97,0.718
75,99,322.51,446.7,159.17,44.345,61.422,79.587,FP,,,,,,,
75,100,323.29,445.5,104.71,44.452,61.256,52.357,FP,,,,,,,
75,101,393.56,445.26,96.59,54.114,61.223,48.296,FP,,,,,,,
75,102,98.67,445.67,32.0,13.567,61.279,16.0,FP,,,,,,,
75,103,226.67,462.78,95.95,31.167,63.633,47.976,FP,,,,,,,
75,104,226.0,461.5,104.5,31.075,63.456,52.25,FP,,,,,,,
75,105,110.33,481.8,32.5,15.171,66.247,16.25,FP,,,,,,,
75,106,289.39,492.8,159.61,39.791,67.761,79.804,FP,,,,,,,
75,107,287.96,492.88,168.46,39.594,67.77,84.229,FP,,,,,,,
75,,,,,69.089,0.831,4.085,FN,0,,,,,,
75,,,,,19.505,2.47,80.536,FN,1,,,,,,
75,,,,,65.292,4.103,51.573,FN,4,,,,,,
75,,,,,41.419,5.02,64.095,FN,5,,,,,,
75,,,,,36.148,6.203,40.576,FN,6,,,,,,
75,,,,,48.05,6.867,1.265,FN,7,,,,,,
75,,,,,17.368,9.107,18.978,FN,8,,,,,,
75,,,,,51.144,8.552,36.195,FN,9,,,,,,
75,,,,,14.479,9.18,72.686,FN,10,,,,,,
75,,,,,65.904,9.255,66.488,FN,11,,,,,,
75,,,,,62.542,10.536,55.739,FN,12,,,,,,
75,,,,,42.903,10.613,76.748,FN,13,,,,,,
75,,,,,14.033,10.951,97.451,FN,14,,,,,,
75,,,,,40.643,13.657,27.177,FN,15,,,,,,
75,,,,,8.443,14.627,15.273,FN,16,,,,,,
75,,,,,34.564,17.347,41.746,FN,17,,,,,,
75,,,,,11.206,16.301,1.447,FN,18,,,,,,
75,,,,,26.812,18.494,31.333,FN,19,,,,,,
75,,,,,16.727,19.023,45.699,FN,20,,,,,,
75,,,,,48.991,21.258,87.575,FN,21,,,,,,
75,,,,,24.827,23.075,79.051,FN,22,,,,,,
75,,,,,69.505,28.976,84.273,FN,23,,,,,,
75,,,,,5.964,29.541,84.447,FN,24,,,,,,
75,,,,,69.692,31.699,38.852,FN,25,,,,,,
75,,,,,47.248,32.47,89.414,FN,26,,,,,,
75,,,,,64.015,35.377,16.642,FN,27,,,,,,
75,,,,,30.934,35.777,70.159,FN,28,,,,,,
75,,,,,66.4,38.575,69.619,FN,29,,,,,,
75,,,,,17.0,42.056,50.719,FN,30,,,,,,
75,,,,,40.201,41.256,65.514,FN,31,,,,,,
75,,,,,20.639,46.69,49.875,FN,32,,,,,,
75,,,,,20.618,50.281,7.404,FN,33,,,,,,
75,,,,,12.234,50.024,57.309,FN,34,,,,,,
75,,,,,30.422,49.952,54.951,FN,35,,,,,,
75,,,,,33.054,49.976,13.02,FN,36,,,,,,
75,,,,,55.536,53.986,36.516,FN,37,,,,,,
75,,,,,37.472,59.21,80.776,FN,38,,,,,,
75,,,,,19.496,58.853,13.625,FN,39,,,,,,
75,,,,,44.081,60.629,72.744,FN,42,,,,,,
75,,,,,23.673,61.319,80.409,FN,43,,,,,,
75,,,,,53.973,61.51,26.825,FN,44,,,,,,
75,,,,,22.886,62.744,62.377,FN,45,,,,,,
75,,,,,31.157,64.177,57.582,FN,46,,,,,,
75,,,,,45.524,63.137,96.495,FN,47,,,,,,
75,,,,,16.126,65.118,23.224,FN,48,,,,,,
75,,,,,69.263,68.995,5.25,FN,49,,,,,,
89,0,320.02,14.34,31.94,44.003,1.971,15.971,FP,,,,,,,
89,1,116.18,22.79,95.95,15.975,3.134,47.977,FP,,,,,,,
89,2,116.6,18.64,32.81,16.032,2.563,16.403,FP,,,,,,,
89,3,117.2,18.76,41.05,16.115,2.579,20.523,FP,,,,,,,
89,4,115.84,21.48,104.6,15.928,2.954,52.3,FP,,,,,,,
89,5,116.39,18.28,48.56,16.004,2.513,24.279,FP,,,,,,,
89,6,114.08,29.34,163.36,15.686,4.035,81.679,FP,,,,,,,
89,7,115.0,26.0,89.0,15.812,3.575,44.5,FP,,,,,,,
89,8,114.03,29.71,152.59,15.679,4.085,76.294,FP,,,,,,,
89,9,113.65,30.1,144.45,15.627,4.139,72.225,FP,,,,,,,
89,10,30.26,61.85,95.94,4.161,8.505,47.968,FP,,,,,,,
89,11,201.49,62.17,31.83,27.705,8.549,15.914,FP,,,,,,,
89,12,450.76,61.36,96.14,61.98,8.437,48.071,FP,,,,,,,
89,13,16.03,61.41,168.49,2.204,8.443,84.243,FP,,,,,,,
89,14,18.14,60.86,159.86,2.495,8.368,79.929,FP,,,,,,,
89,15,199.93,61.62,95.94,27.49,8.472,47.972,FP,,,,,,,
89,16,323.54,61.81,96.24,44.487,8.498,48.118,FP,,,,,,,
89,17,153.89,61.94,96.39,21.16,8.517,48.194,FP,,,,,,,
89,18,161.7,61.7,159.5,22.234,8.484,79.75,FP,,,,,,,
89,19,163.0,61.33,168.33,22.413,8.433,84.167,FP,,,,,,,
89,20,165.0,61.0,168.0,22.688,8.387,84.0,FP,,,,,,,
89,21,114.14,79.72,96.23,15.694,10.961,48.117,FP,,,,,,,
89,22,371.0,79.0,32.0,51.013,10.863,16.0,FP,,,,,,,
89,23,66.75,99.55,95.83,9.178,13.688,47.917,FP,,,,,,,
89,24,66.67,93.44,80.5,9.167,12.849,40.25,FP,,,,,,,
89,25,66.18,94.09,32.55,9.1,12.938,16.273,FP,,,,,,,
89,26,65.74,96.26,112.48,9.039,13.236,56.238,FP,,,,,,,
89,27,69.29,94.0,67.0,9.527,12.925,33.5,FP,,,,,,,
89,28,67.0,94.5,72.5,9.213,12.994,36.25,FP,,,,,,,
89,29,66.09,96.73,104.82,9.088,13.3,52.409,FP,,,,,,,
89,30,70.0,96.0,72.0,9.625,13.2,36.0,FP,,,,,,,
89,31,70.0,96.0,81.0,9.625,13.2,40.5,FP,,,,,,,
89,32,70.0,97.0,80.0,9.625,13.338,40.0,FP,,,,,,,
89,33,62.97,108.98,130.07,8.658,14.985,65.033,TP,9,1.248,0.221,1.267,-0.414,1.177,-0.221
89,34,196.45,108.87,95.91,27.012,14.97,47.955,FP,,,,,,,
89,35,301.36,110.97,30.09,41.437,15.259,15.046,FP,,,,,,,
89,36,300.77,110.99,10.63,41.356,15.262,5.316,FP,,,,,,,
89,37,87.27,111.73,1.9,12.0,15.362,0.948,FP,,,,,,,
89,38,300.26,110.57,40.46,41.285,15.204,20.232,FP,,,,,,,
89,39,163.38,121.65,168.42,22.464,16.727,84.212,FP,,,,,,,
89,40,150.0,121.28,96.61,20.625,16.676,48.306,FP,,,,,,,
89,41,162.2,122.48,160.33,22.302,16.84,80.164,FP,,,,,,,
89,42,305.8,125.05,96.55,42.048,17.194,48.275,FP,,,,,,,
89,43,101.75,140.26,129.94,13.991,19.286,64.971,FP,,,,,,,
89,44,105.92,138.96,96.42,14.564,19.107,48.212,FP,,,,,,,
89,45,110.42,142.9,168.52,15.183,19.649,84.26,FP,,,,,,,
89,46,111.72,142.67,160.47,15.362,19.618,80.233,FP,,,,,,,
89,47,103.0,142.5,160.0,14.163,19.594,80.0,FP,,,,,,,
89,48,110.5,142.5,152.5,15.194,19.594,76.25,FP,,,,,,,
89,49,321.44,173.44,31.91,44.197,23.848,15.953,FP,,,,,,,
89,50,328.19,169.08,144.85,45.126,23.248,72.425,FP,,,,,,,
89,51,328.46,171.24,159.78,45.163,23.546,79.889,FP,,,,,,,
89,52,328.78,171.84,168.45,45.207,23.628,84.225,FP,,,,,,,
89,53,327.0,169.0,141.0,44.963,23.238,70.5,FP,,,,,,,
89,54,168.67,183.33,41.0,23.192,25.208,20.5,FP,,,,,,,
89,55,323.26,188.84,96.12,44.448,25.966,48.059,FP,,,,,,,
89,56,336.92,189.84,31.96,46.327,26.102,15.98,FP,,,,,,,
89,57,24.14,190.23,32.26,3.319,26.157,16.128,FP,,,,,,,
89,58,499.07,189.62,32.2,68.623,26.073,16.1,FP,,,,,,,
89,59,29.5,191.89,95.96,4.056,26.384,47.981,FP,,,,,,,
89,60,72.93,189.72,95.97,10.028,26.086,47.983,FP,,,,,,,
89,61,162.07,189.55,96.45,22.284,26.063,48.224,FP,,,,,,,
89,62,370.02,189.47,32.31,50.878,26.052,16.153,FP,,,,,,,
89,63,193.8,189.8,96.2,26.648,26.098,48.1,FP,,,,,,,
89,64,426.74,214.32,16.74,58.676,29.468,8.368,FP,,,,,,,
89,65,429.67,214.93,40.47,59.079,29.553,20.233,FP,,,,,,,
89,66,366.64,216.67,96.67,50.413,29.792,48.333,FP,,,,,,,
89,67,426.5,214.5,9.0,58.644,29.494,4.5,FP,,,,,,,
89,68,430.0,215.0,9.0,59.125,29.562,4.5,FP,,,,,,,
89,69,431.96,221.3,95.94,59.395,30.428,47.97,FP,,,,,,,
89,70,452.69,265.14,96.17,62.244,36.457,48.085,FP,,,,,,,
89,71,455.55,262.43,104.8,62.638,36.084,52.402,FP,,,,,,,
89,72,460.67,262.33,130.0,63.342,36.071,65.0,FP,,,,,,,
89,73,346.0,277.5,137.0,47.575,38.156,68.5,FP,,,,,,,
89,74,346.33,278.5,144.67,47.621,38.294,72.333,FP,,,,,,,
89,75,338.12,287.14,32.12,46.492,39.482,16.06,FP,,,,,,,
89,76,47.79,294.16,95.84,6.571,40.447,47.922,FP,,,,,,,
89,77,323.12,285.53,96.38,44.429,39.261,48.192,FP,,,,,,,
89,78,409.0,285.0,66.0,56.238,39.188,33.0,FP,,,,,,,
89,79,498.62,286.25,96.5,68.561,39.359,48.25,FP,,,,,,,
89,80,502.3,286.3,96.4,69.066,39.366,48.2,FP,,,,,,,
89,81,40.94,291.96,32.49,5.629,40.145,16.247,FP,,,,,,,
89,82,409.0,287.0,41.0,56.238,39.463,20.5,FP,,,,,,,
89,83,242.6,317.03,96.02,33.358,43.592,48.01,FP,,,,,,,
89,84,448.66,318.48,95.83,61.691,43.791,47.914,FP,,,,,,,
89,85,65.46,317.23,96.3,9.0,43.619,48.148,FP,,,,,,,
89,86,240.32,318.81,32.43,33.044,43.836,16.217,FP,,,,,,,
89,87,66.87,319.02,31.87,9.194,43.866,15.933,FP,,,,,,,
89,88,240.61,318.13,40.48,33.084,43.743,20.239,FP,,,,,,,
89,89,241.0,317.0,160.0,33.138,43.588,80.0,TP,27,0.362,0.242,0.435,0.286,-0.222,-0.242
89,90,336.67,317.83,96.67,46.292,43.702,48.333,FP,,,,,,,
89,91,369.46,317.92,96.54,50.801,43.714,48.269,FP,,,,,,,
89,92,270.26,355.66,95.75,37.16,48.904,47.876,TP,31,0.629,4.244,4.29,0.533,0.334,4.244
89,93,269.89,354.33,104.78,37.11,48.721,52.389,FP,,,,,,,
89,94,481.17,364.28,168.46,66.161,50.088,84.232,FP,,,,,,,
89,95,495.64,373.87,32.77,68.15,51.407,16.385,FP,,,,,,,
89,96,496.14,374.77,24.49,68.219,51.531,12.244,FP,,,,,,,
89,97,498.53,373.47,40.53,68.548,51.352,20.267,FP,,,,,,,
89,98,496.86,374.29,17.0,68.318,51.464,8.5,FP,,,,,,,
89,99,204.4,410.71,8.62,28.105,56.472,4.309,FP,,,,,,,
89,100,204.93,410.93,31.16,28.177,56.502,15.578,FP,,,,,,,
89,101,203.4,411.05,16.7,27.968,56.519,8.35,FP,,,,,,,
89,102,61.44,417.79,31.89,8.447,57.446,15.943,TP,37,0.421,3.568,3.592,0.42,-0.039,-3.568
89,103,206.0,411.5,18.0,28.325,56.581,9.0,FP,,,,,,,
89,104,207.0,411.0,24.0,28.463,56.513,12.0,FP,,,,,,,
89,105,65.82,413.18,96.27,9.05,56.813,48.136,FP,,,,,,,
89,106,440.7,460.14,31.89,60.597,63.27,15.943,FP,,,,,,,
89,107,445.48,462.13,95.94,61.254,63.543,47.972,FP,,,,,,,
89,108,443.75,444.81,159.08,61.015,61.161,79.54,FP,,,,,,,
89,109,446.57,444.75,168.01,61.403,61.153,84.006,FP,,,,,,,
89,110,113.47,445.3,32.47,15.602,61.229,16.233,FP,,,,,,,
89,111,321.4,445.59,96.48,44.193,61.268,48.239,FP,,,,,,,
89,112,436.12,446.76,48.54,59.967,61.429,24.272,FP,,,,,,,
89,113,193.85,445.54,32.46,26.654,61.262,16.231,FP,,,,,,,
89,114,438.73,447.13,40.73,60.326,61.481,20.367,FP,,,,,,,
89,115,322.0,447.0,159.0,44.275,61.463,79.5,FP,,,,,,,
89,116,208.39,471.86,96.47,28.653,64.881,48.237,FP,,,,,,,
89,117,141.12,478.22,32.49,19.405,65.755,16.243,FP,,,,,,,
89,118,209.24,476.82,168.41,28.77,65.563,84.206,FP,,,,,,,
89,119,209.5,477.0,137.0,28.806,65.588,68.5,FP,,,,,,,
89,120,209.0,477.0,159.0,28.738,65.588,79.5,FP,,,,,,,
89,121,208.5,478.0,131.0,28.669,65.725,65.5,FP,,,,,,,
89,122,81.08,492.79,95.96,11.148,67.759,47.981,FP,,,,,,,
89,123,209.46,491.91,32.49,28.8,67.638,16.246,FP,,,,,,,
89,124,110.72,494.14,31.76,15.223,67.944,15.879,FP,,,,,,,
89,125,84.12,493.73,65.73,11.567,67.887,32.864,FP,,,,,,,
89,126,103.99,499.86,2.01,14.298,68.731,1.003,FP,,,,,,,
89,,,,,11.708,0.782,34.5,FN,0,,,,,,
89,,,,,44.417,0.565,4.602,FN,1,,,,,,
89,,,,,18.011,1.751,8.496,FN,2,,,,,,
89,,,,,8.599,2.569,95.208,FN,3,,,,,,
89,,,,,16.183,2.97,58.952,FN,4,,,,,,
89,,,,,52.693,10.481,12.947,FN,5,,,,,,
89,,,,,15.447,11.327,96.552,FN,6,,,,,,
89,,,,,9.681,11.684,71.927,FN,7,,,,,,
89,,,,,14.282,12.072,54.171,FN,8,,,,,,
89,,,,,41.535,15.285,86.812,FN,10,,,,,,
89,,,,,21.447,17.844,73.425,FN,11,,,,,,
89,,,,,14.337,18.978,55.09,FN,12,,,,,,
89,,,,,44.057,19.007,78.26,FN,13,,,,,,
89,,,,,1.317,21.793,98.109,FN,14,,,,,,
89,,,,,45.059,23.308,5.9,FN,15,,,,,,
89,,,,,4.482,23.869,12.5,FN,16,,,,,,
89,,,,,23.079,25.173,72.256,FN,17,,,,,,
89,,,,,2.622,27.435,53.102,FN,18,,,,,,
89,,,,,11.685,28.321,98.985,FN,19,,,,,,
89,,,,,50.057,29.769,34.988,FN,20,,,,,,
89,,,,,58.94,29.586,81.833,FN,21,,,,,,
89,,,,,62.843,36.015,35.223,FN,22,,,,,,
89,,,,,47.439,38.108,9.075,FN,23,,,,,,
89,,,,,56.365,39.549,71.033,FN,24,,,,,,
89,,,,,6.325,40.427,38.504,FN,25,,,,,,
89,,,,,46.905,41.127,78.0,FN,26,,,,,,
89,,,,,41.522,44.741,98.511,FN,28,,,,,,
89,,,,,69.477,46.653,59.97,FN,29,,,,,,
89,,,,,29.888,47.1,0.5,FN,30,,,,,,
89,,,,,69.49,51.256,90.91,FN,32,,,,,,
89,,,,,68.184,51.721,78.53,FN,33,,,,,,
89,,,,,14.37,55.817,24.5,FN,34,,,,,,
89,,,,,59.269,56.024,97.166,FN,35,,,,,,
89,,,,,28.253,56.498,84.154,FN,36,,,,,,
89,,,,,36.414,56.931,93.8,FN,38,,,,,,
89,,,,,60.202,60.273,9.531,FN,39,,,,,,
89,,,,,21.389,62.28,36.021,FN,40,,,,,,
89,,,,,54.527,63.132,89.869,FN,41,,,,,,
89,,,,,15.47,64.199,41.723,FN,42,,,,,,
89,,,,,60.671,64.031,26.34,FN,43,,,,,,
89,,,,,28.661,64.831,36.036,FN,44,,,,,,
89,,,,,19.5,66.017,9.114,FN,45,,,,,,
89,,,,,61.788,64.925,16.565,FN,46,,,,,,
89,,,,,28.301,66.606,30.391,FN,47,,,,,,
89,,,,,11.487,67.062,70.917,FN,48,,,,,,
89,,,,,41.963,68.678,93.492,FN,49,,,,,,
9,0,312.59,11.88,32.45,42.981,1.634,16.227,FP,,,,,,,
9,1,314.55,17.14,96.18,43.251,2.357,48.091,FP,,,,,,,
9,2,242.57,13.5,32.52,33.353,1.856,16.261,FP,,,,,,,
9,3,313.39,13.61,104.91,43.091,1.872,52.455,FP,,,,,,,
9,4,35.73,36.84,31.9,4.913,5.065,15.949,FP,,,,,,,
9,5,241.78,29.52,32.52,33.245,4.059,16.261,FP,,,,,,,
9,6,152.11,52.02,31.95,20.914,7.153,15.977,TP,5,0.714,2.808,2.898,-0.466,0.541,2.808
9,7,158.42,45.97,96.45,21.783,6.321,48.227,FP,,,,,,,
9,8,154.0,49.0,41.0,21.175,6.738,20.5,FP,,,,,,,
9,9,339.75,60.22,95.8,46.715,8.28,47.899,FP,,,,,,,
9,10,341.94,61.68,32.51,47.017,8.481,16.257,FP,,,,,,,
9,11,345.1,59.6,40.73,47.451,8.195,20.367,FP,,,,,,,
9,12,343.45,60.31,48.48,47.224,8.293,24.241,FP,,,,,,,
9,13,165.13,62.68,95.89,22.705,8.618,47.944,FP,,,,,,,
9,14,276.31,60.85,168.46,37.992,8.366,84.231,FP,,,,,,,
9,15,343.25,59.5,43.75,47.197,8.181,21.875,FP,,,,,,,
9,16,65.73,61.95,32.55,9.038,8.519,16.273,FP,,,,,,,
9,17,277.0,60.5,159.0,38.088,8.319,79.5,FP,,,,,,,
9,18,335.94,62.53,168.23,46.192,8.598,84.114,FP,,,,,,,
9,19,449.36,61.61,96.43,61.788,8.472,48.216,FP,,,,,,,
9,20,210.57,62.38,96.38,28.954,8.577,48.19,FP,,,,,,,
9,21,215.0,62.0,96.0,29.562,8.525,48.0,FP,,,,,,,
9,22,335.63,62.58,159.32,46.149,8.605,79.658,FP,,,,,,,
9,23,196.27,90.64,1.86,26.987,12.462,0.932,FP,,,,,,,
9,24,273.42,94.26,32.58,37.595,12.961,16.289,FP,,,,,,,
9,25,78.56,112.13,95.93,10.803,15.418,47.963,FP,,,,,,,
9,26,80.93,117.21,32.07,11.128,16.116,16.035,FP,,,,,,,
9,27,78.69,112.38,112.5,10.82,15.453,56.25,FP,,,,,,,
9,28,161.36,159.59,95.43,22.187,21.944,47.714,FP,,,,,,,
9,29,335.03,156.93,95.88,46.067,21.578,47.938,FP,,,,,,,
9,30,163.17,158.94,104.58,22.436,21.854,52.289,FP,,,,,,,
9,31,327.29,157.79,32.41,45.003,21.697,16.206,FP,,,,,,,
9,32,455.44,190.75,31.78,62.624,26.228,15.888,FP,,,,,,,
9,33,38.79,189.85,32.42,5.334,26.105,16.21,FP,,,,,,,
9,34,157.59,189.72,32.13,21.668,26.087,16.067,FP,,,,,,,
9,35,345.05,189.49,32.2,47.445,26.055,16.102,FP,,,,,,,
9,36,457.77,189.51,96.32,62.943,26.057,48.16,FP,,,,,,,
9,37,481.73,189.05,96.45,66.238,25.994,48.227,FP,,,,,,,
9,38,370.33,189.6,96.53,50.921,26.07,48.267,FP,,,,,,,
9,39,71.57,190.0,96.29,9.841,26.125,48.143,FP,,,,,,,
9,40,366.93,235.84,96.95,50.453,32.428,48.477,FP,,,,,,,
9,41,367.52,237.07,104.8,50.534,32.598,52.398,FP,,,,,,,
9,42,369.22,236.0,112.89,50.768,32.45,56.444,FP,,,,,,,
9,43,370.0,235.83,115.83,50.875,32.427,57.917,FP,,,,,,,
9,44,368.35,237.94,88.74,50.649,32.716,44.371,FP,,,,,,,
9,45,364.0,238.5,105.0,50.05,32.794,52.5,FP,,,,,,,
9,46,462.41,269.87,95.87,63.581,37.107,47.933,TP,24,0.566,0.567,0.801,0.052,-0.563,-0.567
9,47,467.0,274.0,32.0,64.213,37.675,16.0,FP,,,,,,,
9,48,298.48,301.51,95.66,41.041,41.458,47.832,TP,26,0.231,0.189,0.299,0.018,0.23,-0.189
9,49,324.2,318.22,31.85,44.577,43.756,15.923,FP,,,,,,,
9,50,447.75,316.23,96.14,61.566,43.481,48.069,FP,,,,,,,
9,51,72.89,323.68,95.64,10.022,44.505,47.822,FP,,,,,,,
9,52,156.48,317.48,96.41,21.515,43.653,48.206,FP,,,,,,,
9,53,193.43,317.82,96.42,26.596,43.7,48.208,FP,,,,,,,
9,54,193.67,317.33,32.47,26.629,43.633,16.233,FP,,,,,,,
9,55,341.27,323.75,96.02,46.924,44.516,48.01,FP,,,,,,,
9,56,65.8,318.0,32.5,9.048,43.725,16.25,FP,,,,,,,
9,57,77.35,317.76,158.71,10.636,43.693,79.353,FP,,,,,,,
9,58,78.62,318.54,168.0,10.81,43.799,84.0,FP,,,,,,,
9,59,347.0,319.0,32.0,47.713,43.862,16.0,FP,,,,,,,
9,60,350.0,319.0,32.0,48.125,43.862,16.0,FP,,,,,,,
9,61,190.5,320.0,168.0,26.194,44.0,84.0,FP,,,,,,,
9,62,344.33,320.67,32.0,47.346,44.092,16.0,FP,,,,,,,
9,63,347.0,321.0,32.0,47.713,44.138,16.0,FP,,,,,,,
9,64,342.75,324.75,104.75,47.128,44.653,52.375,FP,,,,,,,
9,65,342.67,326.67,112.33,47.117,44.917,56.167,FP,,,,,,,
9,66,346.0,326.0,105.0,47.575,44.825,52.5,FP,,,,,,,
9,67,22.0,345.12,96.38,3.025,47.455,48.188,FP,,,,,,,
9,68,242.3,349.2,168.7,33.316,48.015,84.35,FP,,,,,,,
9,69,191.67,367.13,32.05,26.355,50.48,16.026,FP,,,,,,,
9,70,193.29,362.98,167.84,26.578,49.91,83.92,FP,,,,,,,
9,71,192.85,362.37,159.34,26.518,49.826,79.671,FP,,,,,,,
9,72,194.09,362.75,143.47,26.688,49.878,71.737,FP,,,,,,,
9,73,26.46,368.27,32.09,3.638,50.637,16.047,FP,,,,,,,
9,74,191.84,366.12,95.92,26.378,50.341,47.959,FP,,,,,,,
9,75,448.2,366.08,95.94,61.627,50.336,47.968,FP,,,,,,,
9,76,448.04,368.78,31.93,61.605,50.707,15.964,TP,38,0.124,1.702,1.706,-0.119,0.036,1.702
9,77,192.8,362.9,129.6,26.51,49.899,64.8,FP,,,,,,,
9,78,31.2,368.22,96.42,4.289,50.631,48.212,FP,,,,,,,
9,79,120.44,364.88,96.48,16.561,50.171,48.24,FP,,,,,,,
9,80,370.0,364.5,96.5,50.875,50.119,48.25,FP,,,,,,,
9,81,448.98,368.84,168.45,61.735,50.716,84.225,FP,,,,,,,
9,82,449.97,368.31,159.69,61.871,50.643,79.843,FP,,,,,,,
9,83,193.43,367.21,48.14,26.596,50.492,24.071,FP,,,,,,,
9,84,31.74,369.2,40.65,4.364,50.764,20.326,FP,,,,,,,
9,85,30.47,369.0,48.53,4.189,50.737,24.267,FP,,,,,,,
9,86,194.0,368.92,40.85,26.675,50.727,20.423,FP,,,,,,,
9,87,238.38,418.2,95.9,32.777,57.502,47.948,FP,,,,,,,
9,88,34.5,426.5,32.0,4.744,58.644,16.0,FP,,,,,,,
9,89,45.61,429.5,96.46,6.271,59.056,48.232,FP,,,,,,,
9,90,190.69,446.32,95.8,26.219,61.369,47.901,FP,,,,,,,
9,91,84.58,446.07,96.19,11.63,61.334,48.097,FP,,,,,,,
9,92,114.12,445.59,32.47,15.691,61.268,16.235,FP,,,,,,,
9,93,152.62,445.76,31.82,20.986,61.293,15.911,FP,,,,,,,
9,94,336.11,445.34,96.44,46.216,61.235,48.221,FP,,,,,,,
9,95,455.99,445.66,96.43,62.699,61.279,48.213,FP,,,,,,,
9,96,61.5,446.0,97.0,8.456,61.325,48.5,FP,,,,,,,
9,97,294.07,471.41,40.33,40.435,64.819,20.167,FP,,,,,,,
9,98,192.71,478.07,32.43,26.498,65.735,16.214,FP,,,,,,,
9,99,46.17,480.7,8.74,6.349,66.096,4.37,FP,,,,,,,
9,100,48.0,482.0,26.0,6.6,66.275,13.0,FP,,,,,,,
9,,,,,14.831,0.986,2.0,FN,0,,,,,,
9,,,,,37.994,0.869,81.04,FN,1,,,,,,
9,,,,,42.883,1.692,33.361,FN,2,,,,,,
9,,,,,6.122,4.763,0.927,FN,3,,,,,,
9,,,,,36.598,7.075,46.537,FN,4,,,,,,
9,,,,,47.206,8.029,74.319,FN,6,,,,,,
9,,,,,50.121,10.056,51.108,FN,7,,,,,,
9,,,,,62.651,12.315,97.5,FN,8,,,,,,
9,,,,,27.038,12.385,95.941,FN,9,,,,,,
9,,,,,34.004,12.89,97.786,FN,10,,,,,,
9,,,,,11.424,13.71,63.014,FN,11,,,,,,
9,,,,,10.973,15.935,28.493,FN,12,,,,,,
9,,,,,33.763,16.565,89.096,FN,13,,,,,,
9,,,,,21.936,22.003,42.604,FN,14,,,,,,
9,,,,,46.119,21.322,39.412,FN,15,,,,,,
9,,,,,17.192,23.742,65.354,FN,16,,,,,,
9,,,,,52.614,24.96,20.138,FN,17,,,,,,
9,,,,,17.689,28.782,31.235,FN,18,,,,,,
9,,,,,50.169,28.86,85.976,FN,19,,,,,,
9,,,,,50.735,32.518,24.868,FN,20,,,,,,
9,,,,,56.449,34.196,86.871,FN,21,,,,,,
9,,,,,56.114,35.863,33.711,FN,22,,,,,,
9,,,,,51.598,36.909,69.568,FN,23,,,,,,
9,,,,,68.018,37.617,19.992,FN,25,,,,,,
9,,,,,13.074,42.417,95.011,FN,27,,,,,,
9,,,,,49.291,43.051,79.209,FN,28,,,,,,
9,,,,,9.879,45.224,63.186,FN,29,,,,,,
9,,,,,47.171,44.828,29.657,FN,30,,,,,,
9,,,,,3.111,46.792,43.02,FN,31,,,,,,
9,,,,,66.121,47.362,80.622,FN,32,,,,,,
9,,,,,16.42,48.33,88.171,FN,33,,,,,,
9,,,,,33.856,48.471,52.438,FN,34,,,,,,
9,,,,,26.634,49.825,7.518,FN,35,,,,,,
9,,,,,28.024,51.107,96.057,FN,36,,,,,,
9,,,,,2.911,49.904,4.66,FN,37,,,,,,
9,,,,,6.248,51.393,13.635,FN,39,,,,,,
9,,,,,28.823,54.411,71.526,FN,40,,,,,,
9,,,,,52.124,56.706,89.604,FN,41,,,,,,
9,,,,,32.323,57.497,40.555,FN,42,,,,,,
9,,,,,5.223,57.777,35.011,FN,43,,,,,,
9,,,,,57.881,58.302,33.677,FN,44,,,,,,
9,,,,,30.063,63.538,66.077,FN,45,,,,,,
9,,,,,40.453,64.704,79.731,FN,46,,,,,,
9,,,,,6.594,66.25,85.263,FN,47,,,,,,
9,,,,,36.493,68.473,84.011,FN,48,,,,,,
9,,,,,14.082,68.409,79.603,FN,49,,,,,,
91,0,352.85,30.13,32.52,48.517,4.143,16.261,FP,,,,,,,
91,1,354.3,30.3,40.6,48.716,4.166,20.3,FP,,,,,,,
91,2,355.29,35.61,96.09,48.853,4.896,48.045,FP,,,,,,,
91,3,355.92,34.94,104.55,48.939,4.805,52.276,TP,1,0.502,1.216,1.316,0.25,0.436,-1.216
91,4,354.5,33.0,80.0,48.744,4.537,40.0,FP,,,,,,,
91,5,354.0,37.0,73.0,48.675,5.088,36.5,FP,,,,,,,
91,6,111.76,61.45,31.89,15.366,8.449,15.944,FP,,,,,,,
91,7,195.57,61.52,32.26,26.891,8.459,16.128,FP,,,,,,,
91,8,158.0,61.49,32.44,21.725,8.454,16.218,FP,,,,,,,
91,9,289.28,61.82,32.47,39.776,8.5,16.235,FP,,,,,,,
91,10,450.16,61.85,96.47,61.898,8.504,48.236,FP,,,,,,,
91,11,464.1,61.73,32.48,63.814,8.488,16.24,FP,,,,,,,
91,12,205.67,62.11,96.11,28.279,8.54,48.056,FP,,,,,,,
91,13,310.21,62.32,96.5,42.654,8.569,48.25,FP,,,,,,,
91,14,94.67,62.0,32.33,13.017,8.525,16.167,FP,,,,,,,
91,15,210.0,62.0,96.0,28.875,8.525,48.0,FP,,,,,,,
91,16,298.0,62.0,33.0,40.975,8.525,16.5,FP,,,,,,,
91,17,302.0,66.5,96.5,41.525,9.144,48.25,FP,,,,,,,
91,18,306.02,78.36,31.99,42.077,10.775,15.996,FP,,,,,,,
91,19,236.55,93.79,168.38,32.526,12.897,84.19,FP,,,,,,,
91,20,239.33,97.72,129.99,32.908,13.436,64.997,FP,,,,,,,
91,21,234.8,94.6,160.6,32.285,13.007,80.3,FP,,,,,,,
91,22,237.79,97.0,137.46,32.696,13.338,68.732,FP,,,,,,,
91,23,238.33,94.67,160.0,32.771,13.017,80.0,FP,,,,,,,
91,24,78.7,157.82,32.0,10.821,21.7,16.0,FP,,,,,,,
91,25,72.16,157.87,95.93,9.922,21.707,47.965,FP,,,,,,,
91,26,481.89,156.44,96.33,66.26,21.511,48.167,FP,,,,,,,
91,27,192.71,190.02,95.86,26.497,26.128,47.932,FP,,,,,,,
91,28,321.28,189.43,96.09,44.176,26.046,48.043,FP,,,,,,,
91,29,320.33,189.73,32.52,44.046,26.088,16.26,FP,,,,,,,
91,30,447.17,189.55,96.5,61.486,26.063,48.25,FP,,,,,,,
91,31,323.59,205.12,32.71,44.493,28.204,16.353,FP,,,,,,,
91,32,283.71,240.26,96.49,39.01,33.035,48.243,FP,,,,,,,
91,33,274.0,250.0,33.0,37.675,34.375,16.5,FP,,,,,,,
91,34,193.22,268.36,95.78,26.568,36.899,47.888,FP,,,,,,,
91,35,192.39,285.34,31.84,26.454,39.235,15.921,FP,,,,,,,
91,36,394.93,294.97,41.02,54.303,40.558,20.51,FP,,,,,,,
91,37,394.49,295.24,32.65,54.242,40.596,16.326,FP,,,,,,,
91,38,394.93,295.07,56.5,54.303,40.572,28.25,FP,,,,,,,
91,39,396.0,295.0,51.0,54.45,40.562,25.5,FP,,,,,,,
91,40,395.0,296.0,48.0,54.312,40.7,24.0,FP,,,,,,,
91,41,195.57,317.82,31.84,26.891,43.701,15.918,FP,,,,,,,
91,42,473.72,319.23,31.79,65.136,43.894,15.897,FP,,,,,,,
91,43,484.37,319.11,95.92,66.601,43.878,47.959,FP,,,,,,,
91,44,463.11,317.71,168.37,63.677,43.686,84.183,FP,,,,,,,
91,45,478.83,319.01,40.76,65.839,43.864,20.381,FP,,,,,,,
91,46,306.88,317.57,96.53,42.196,43.666,48.265,FP,,,,,,,
91,47,32.24,317.6,32.07,4.433,43.67,16.035,FP,,,,,,,
91,48,291.08,319.72,167.67,40.023,43.961,83.834,FP,,,,,,,
91,49,291.22,321.0,159.55,40.043,44.138,79.775,FP,,,,,,,
91,50,449.86,318.56,96.0,61.856,43.802,47.999,FP,,,,,,,
91,51,500.17,317.8,160.07,68.774,43.697,80.037,FP,,,,,,,
91,52,500.9,318.19,168.26,68.873,43.752,84.13,FP,,,,,,,
91,53,67.68,318.63,96.49,9.306,43.812,48.244,FP,,,,,,,
91,54,169.83,317.83,96.33,23.352,43.702,48.167,FP,,,,,,,
91,55,194.5,318.0,17.0,26.744,43.725,8.5,FP,,,,,,,
91,56,454.0,317.5,159.0,62.425,43.656,79.5,FP,,,,,,,
91,57,210.5,318.33,96.67,28.944,43.771,48.333,FP,,,,,,,
91,58,286.01,331.85,31.87,39.327,45.629,15.935,FP,,,,,,,
91,59,462.29,318.29,159.29,63.564,43.764,79.643,FP,,,,,,,
91,60,465.0,318.0,177.0,63.938,43.725,88.5,FP,,,,,,,
91,61,290.0,324.5,145.0,39.875,44.619,72.5,FP,,,,,,,
91,62,358.04,329.26,96.15,49.23,45.273,48.074,FP,,,,,,,
91,63,285.67,327.33,130.0,39.279,45.008,65.0,FP,,,,,,,
91,64,115.5,333.44,129.77,15.882,45.848,64.886,FP,,,,,,,
91,65,113.92,332.02,160.49,15.664,45.652,80.246,FP,,,,,,,
91,66,20.08,333.68,95.82,2.761,45.881,47.912,FP,,,,,,,
91,67,113.58,332.23,168.5,15.617,45.682,84.25,FP,,,,,,,
91,68,287.0,329.5,49.0,39.463,45.306,24.5,FP,,,,,,,
91,69,289.0,329.5,41.0,39.737,45.306,20.5,FP,,,,,,,
91,70,111.95,335.04,104.42,15.393,46.068,52.212,FP,,,,,,,
91,71,115.63,333.06,136.8,15.899,45.795,68.4,FP,,,,,,,
91,72,71.93,333.27,96.52,9.89,45.824,48.259,FP,,,,,,,
91,73,113.96,333.32,144.56,15.67,45.832,72.28,FP,,,,,,,
91,74,45.0,335.45,32.4,6.188,46.124,16.2,TP,28,1.103,1.014,1.498,-1.036,0.377,-1.014
91,75,113.8,337.12,32.48,15.647,46.354,16.24,FP,,,,,,,
91,76,111.83,333.8,88.53,15.377,45.897,44.263,FP,,,,,,,
91,77,113.88,333.38,152.58,15.658,45.839,76.292,FP,,,,,,,
91,78,111.43,334.67,80.81,15.321,46.017,40.405,FP,,,,,,,
91,79,110.75,336.25,92.75,15.228,46.234,46.375,FP,,,,,,,
91,80,114.5,337.0,41.0,15.744,46.338,20.5,FP,,,,,,,
91,81,86.5,362.32,2.01,11.894,49.819,1.005,FP,,,,,,,
91,82,418.15,380.69,32.62,57.496,52.345,16.308,FP,,,,,,,
91,83,184.11,417.81,31.82,25.316,57.449,15.908,FP,,,,,,,
91,84,400.38,420.22,32.29,55.053,57.781,16.144,FP,,,,,,,
91,85,413.79,417.17,96.31,56.896,57.36,48.155,FP,,,,,,,
91,86,182.5,414.0,41.0,25.094,56.925,20.5,FP,,,,,,,
91,87,112.5,414.0,41.0,15.469,56.925,20.5,FP,,,,,,,
91,88,116.54,417.12,32.63,16.024,57.354,16.315,FP,,,,,,,
91,89,413.29,416.0,104.9,56.827,57.2,52.452,FP,,,,,,,
91,90,116.21,417.91,40.64,15.978,57.463,20.321,FP,,,,,,,
91,91,116.41,417.99,51.78,16.007,57.473,25.891,FP,,,,,,,
91,92,117.67,420.17,65.94,16.18,57.774,32.969,FP,,,,,,,
91,93,401.65,417.17,40.7,55.227,57.361,20.348,FP,,,,,,,
91,94,119.0,417.0,25.0,16.363,57.338,12.5,FP,,,,,,,
91,95,68.17,429.48,96.52,9.374,59.053,48.261,FP,,,,,,,
91,96,68.06,446.07,95.94,9.359,61.334,47.969,FP,,,,,,,
91,97,66.17,446.11,31.99,9.099,61.34,15.996,FP,,,,,,,
91,98,331.68,447.71,31.89,45.606,61.56,15.946,FP,,,,,,,
91,99,456.45,446.93,95.66,62.762,61.452,47.831,FP,,,,,,,
91,100,193.33,444.67,168.0,26.583,61.142,84.0,FP,,,,,,,
91,101,465.59,445.29,168.59,64.018,61.228,84.294,FP,,,,,,,
91,102,445.5,446.0,32.0,61.256,61.325,16.0,FP,,,,,,,
91,103,356.39,457.72,96.01,49.003,62.937,48.007,FP,,,,,,,
91,104,318.06,462.18,95.77,43.733,63.549,47.883,FP,,,,,,,
91,105,351.51,458.38,32.49,48.333,63.028,16.244,FP,,,,,,,
91,106,77.49,471.89,32.13,10.655,64.885,16.065,FP,,,,,,,
91,107,185.6,493.08,32.68,25.52,67.799,16.34,FP,,,,,,,
91,108,185.49,495.5,40.66,25.504,68.131,20.329,FP,,,,,,,
91,109,184.82,493.64,17.0,25.413,67.875,8.5,FP,,,,,,,
91,110,179.0,493.5,96.0,24.613,67.856,48.0,FP,,,,,,,
91,111,181.0,493.0,96.0,24.888,67.787,48.0,FP,,,,,,,
91,112,182.0,493.0,17.0,25.025,67.787,8.5,FP,,,,,,,
91,113,182.0,493.0,97.0,25.025,67.787,48.5,FP,,,,,,,
91,114,183.0,493.0,16.0,25.163,67.787,8.0,FP,,,,,,,
91,115,184.5,494.0,23.0,25.369,67.925,11.5,FP,,,,,,,
91,116,186.0,496.33,24.67,25.575,68.246,12.333,FP,,,,,,,
91,,,,,12.018,3.895,75.376,FN,0,,,,,,
91,,,,,41.46,9.876,37.178,FN,2,,,,,,
91,,,,,45.66,11.573,73.046,FN,3,,,,,,
91,,,,,41.649,12.896,86.703,FN,4,,,,,,
91,,,,,17.558,12.517,65.898,FN,5,,,,,,
91,,,,,53.465,12.511,33.384,FN,6,,,,,,
91,,,,,32.0,13.547,33.218,FN,7,,,,,,
91,,,,,38.803,18.481,76.726,FN,8,,,,,,
91,,,,,10.934,19.119,81.536,FN,9,,,,,,
91,,,,,60.78,18.828,83.919,FN,10,,,,,,
91,,,,,51.573,19.358,0.5,FN,11,,,,,,
91,,,,,52.34,19.628,85.329,FN,12,,,,,,
91,,,,,11.022,20.349,5.267,FN,13,,,,,,
91,,,,,65.208,21.175,62.701,FN,14,,,,,,
91,,,,,57.11,28.15,87.608,FN,15,,,,,,
91,,,,,6.042,28.338,95.089,FN,16,,,,,,
91,,,,,7.12,31.707,95.057,FN,17,,,,,,
91,,,,,38.886,33.665,16.973,FN,18,,,,,,
91,,,,,33.887,33.916,13.233,FN,19,,,,,,
91,,,,,18.783,35.538,27.988,FN,20,,,,,,
91,,,,,15.723,39.483,98.67,FN,21,,,,,,
91,,,,,54.449,40.603,65.664,FN,22,,,,,,
91,,,,,16.559,43.306,84.332,FN,23,,,,,,
91,,,,,67.973,43.613,4.277,FN,24,,,,,,
91,,,,,63.371,43.83,9.175,FN,25,,,,,,
91,,,,,49.337,44.659,78.307,FN,26,,,,,,
91,,,,,39.406,44.91,9.099,FN,27,,,,,,
91,,,,,15.33,46.148,31.984,FN,29,,,,,,
91,,,,,2.303,46.227,38.56,FN,30,,,,,,
91,,,,,3.177,46.777,87.538,FN,31,,,,,,
91,,,,,54.767,47.46,98.361,FN,32,,,,,,
91,,,,,18.208,48.811,8.042,FN,33,,,,,,
91,,,,,22.779,51.226,65.241,FN,34,,,,,,
91,,,,,36.651,51.411,98.517,FN,35,,,,,,
91,,,,,24.944,57.323,2.764,FN,36,,,,,,
91,,,,,56.308,57.703,35.392,FN,37,,,,,,
91,,,,,55.216,58.219,9.415,FN,38,,,,,,
91,,,,,3.329,58.322,38.877,FN,39,,,,,,
91,,,,,16.044,57.493,67.993,FN,40,,,,,,
91,,,,,8.041,58.859,31.769,FN,41,,,,,,
91,,,,,63.711,59.015,18.0,FN,42,,,,,,
91,,,,,10.23,59.266,64.159,FN,43,,,,,,
91,,,,,47.581,60.918,10.324,FN,44,,,,,,
91,,,,,49.21,63.336,41.426,FN,45,,,,,,
91,,,,,10.878,63.971,24.739,FN,46,,,,,,
91,,,,,43.536,63.583,41.055,FN,47,,,,,,
91,,,,,23.837,64.217,94.903,FN,48,,,,,,
91,,,,,25.385,67.787,80.769,FN,49,,,,,,
97,0,344.83,28.22,31.85,47.414,3.881,15.923,FP,,,,,,,
97,1,372.11,42.68,96.51,51.165,5.869,48.253,FP,,,,,,,
97,2,445.17,62.73,32.09,61.211,8.625,16.046,FP,,,,,,,
97,3,80.14,61.48,96.14,11.02,8.453,48.068,FP,,,,,,,
97,4,148.89,62.04,31.98,20.472,8.53,15.989,FP,,,,,,,
97,5,33.39,61.61,96.28,4.592,8.471,48.139,FP,,,,,,,
97,6,436.74,61.58,96.44,60.052,8.467,48.222,FP,,,,,,,
97,7,497.53,62.18,32.2,68.41,8.549,16.101,FP,,,,,,,
97,8,65.0,62.0,32.0,8.938,8.525,16.0,FP,,,,,,,
97,9,66.0,62.0,33.0,9.075,8.525,16.5,FP,,,,,,,
97,10,160.0,62.0,97.0,22.0,8.525,48.5,FP,,,,,,,
97,11,166.0,62.0,96.0,22.825,8.525,48.0,FP,,,,,,,
97,12,182.34,76.0,31.78,25.072,10.45,15.89,TP,5,0.651,1.615,1.741,-0.648,0.059,-1.615
97,13,303.16,93.94,31.94,41.685,12.917,15.971,TP,6,0.68,1.947,2.062,-0.373,0.569,1.947
97,14,369.52,93.44,160.52,50.809,12.848,80.26,FP,,,,,,,
97,15,315.52,94.0,96.5,43.384,12.925,48.25,FP,,,,,,,
97,16,447.79,109.46,96.28,61.571,15.051,48.138,FP,,,,,,,
97,17,321.45,110.05,32.41,44.2,15.131,16.205,FP,,,,,,,
97,18,217.84,116.45,16.81,29.953,16.012,8.403,FP,,,,,,,
97,19,219.3,116.62,32.46,30.153,16.035,16.23,FP,,,,,,,
97,20,218.21,117.58,8.53,30.004,16.167,4.263,FP,,,,,,,
97,21,219.5,117.0,28.5,30.181,16.087,14.25,FP,,,,,,,
97,22,322.08,123.7,96.35,44.286,17.008,48.174,FP,,,,,,,
97,23,225.65,125.1,96.55,31.027,17.201,48.275,FP,,,,,,,
97,24,463.92,140.57,95.92,63.79,19.328,47.959,FP,,,,,,,
97,25,69.47,143.71,96.19,9.552,19.76,48.095,FP,,,,,,,
97,26,469.83,141.28,129.78,64.602,19.426,64.889,FP,,,,,,,
97,27,70.94,144.04,104.63,9.754,19.806,52.316,FP,,,,,,,
97,28,465.38,141.5,104.75,63.989,19.456,52.375,FP,,,,,,,
97,29,480.05,169.78,31.96,66.006,23.344,15.981,FP,,,,,,,
97,30,475.33,164.83,96.01,65.358,22.664,48.007,FP,,,,,,,
97,31,447.25,158.68,168.48,61.497,21.818,84.238,FP,,,,,,,
97,32,482.0,171.0,41.0,66.275,23.513,20.5,FP,,,,,,,
97,33,156.35,191.63,96.15,21.498,26.349,48.074,FP,,,,,,,
97,34,397.68,189.55,31.95,54.681,26.063,15.975,FP,,,,,,,
97,35,84.08,189.58,96.25,11.561,26.067,48.126,FP,,,,,,,
97,36,145.44,189.04,168.52,19.998,25.993,84.26,FP,,,,,,,
97,37,326.78,189.74,96.06,44.933,26.09,48.031,FP,,,,,,,
97,38,34.9,189.67,96.46,4.799,26.08,48.231,FP,,,,,,,
97,39,144.46,189.46,32.38,19.864,26.051,16.188,FP,,,,,,,
97,40,191.72,189.6,32.43,26.362,26.07,16.216,FP,,,,,,,
97,41,205.84,189.61,96.36,28.304,26.071,48.18,FP,,,,,,,
97,42,320.36,189.65,31.96,44.049,26.077,15.98,FP,,,,,,,
97,43,497.56,189.37,32.44,68.414,26.038,16.222,FP,,,,,,,
97,44,498.75,189.75,96.25,68.578,26.091,48.125,FP,,,,,,,
97,45,150.0,190.0,32.0,20.625,26.125,16.0,FP,,,,,,,
97,46,154.33,190.33,112.5,21.221,26.171,56.25,FP,,,,,,,
97,47,338.2,196.6,66.0,46.503,27.033,33.0,FP,,,,,,,
97,48,372.74,218.22,8.83,51.252,30.005,4.413,FP,,,,,,,
97,49,372.0,219.0,16.0,51.15,30.113,8.0,FP,,,,,,,
97,50,248.62,225.8,98.43,34.185,31.047,49.213,FP,,,,,,,
97,51,249.5,226.0,81.0,34.306,31.075,40.5,TP,22,0.197,3.061,3.068,-0.077,-0.181,3.061
97,52,187.9,237.32,95.77,25.836,32.632,47.885,FP,,,,,,,
97,53,195.1,237.82,159.33,26.826,32.7,79.663,FP,,,,,,,
97,54,195.42,237.87,167.76,26.87,32.707,83.882,FP,,,,,,,
97,55,186.2,242.23,32.51,25.603,33.307,16.256,FP,,,,,,,
97,56,65.5,239.0,97.0,9.006,32.862,48.5,FP,,,,,,,
97,57,190.0,241.0,41.0,26.125,33.138,20.5,FP,,,,,,,
97,58,449.17,251.38,96.45,61.761,34.565,48.226,FP,,,,,,,
97,59,447.29,269.5,95.92,61.502,37.056,47.96,FP,,,,,,,
97,60,446.87,268.47,32.47,61.445,36.914,16.234,FP,,,,,,,
97,61,99.81,282.98,96.33,13.723,38.91,48.167,FP,,,,,,,
97,62,447.46,284.78,95.87,61.525,39.157,47.935,FP,,,,,,,
97,63,50.77,289.03,96.13,6.981,39.741,48.066,FP,,,,,,,
97,64,45.91,290.39,32.03,6.312,39.929,16.015,FP,,,,,,,
97,65,451.1,313.85,95.76,62.027,43.154,47.88,FP,,,,,,,
97,66,448.5,298.5,168.0,61.669,41.044,84.0,FP,,,,,,,
97,67,450.17,316.46,32.05,61.898,43.513,16.025,FP,,,,,,,
97,68,198.83,317.8,95.86,27.339,43.698,47.929,FP,,,,,,,
97,69,318.51,319.02,32.28,43.795,43.865,16.141,FP,,,,,,,
97,70,156.62,318.1,32.34,21.535,43.739,16.172,FP,,,,,,,
97,71,191.44,317.7,32.48,26.324,43.684,16.239,FP,,,,,,,
97,72,453.86,318.05,80.23,62.405,43.731,40.117,FP,,,,,,,
97,73,449.9,318.81,158.64,61.861,43.837,79.319,FP,,,,,,,
97,74,450.04,318.13,167.71,61.881,43.742,83.853,FP,,,,,,,
97,75,457.33,316.67,66.0,62.883,43.542,33.0,FP,,,,,,,
97,76,243.0,317.5,32.5,33.413,43.656,16.25,FP,,,,,,,
97,77,290.75,317.98,32.33,39.978,43.723,16.167,FP,,,,,,,
97,78,457.57,318.0,72.5,62.916,43.725,36.25,FP,,,,,,,
97,79,99.0,318.0,32.0,13.613,43.725,16.0,FP,,,,,,,
97,80,71.0,333.47,96.44,9.762,45.851,48.221,FP,,,,,,,
97,81,312.07,335.09,95.66,42.909,46.075,47.829,FP,,,,,,,
97,82,65.0,333.0,96.0,8.938,45.788,48.0,FP,,,,,,,
97,83,22.2,374.21,32.45,3.052,51.454,16.224,FP,,,,,,,
97,84,32.17,378.86,96.37,4.423,52.093,48.184,FP,,,,,,,
97,85,273.28,430.68,95.61,37.575,59.219,47.806,TP,41,0.235,0.944,0.973,0.038,0.232,-0.944
97,86,273.49,429.85,80.99,37.605,59.105,40.494,FP,,,,,,,
97,87,271.51,430.39,32.51,37.333,59.179,16.256,FP,,,,,,,
97,88,273.64,430.27,88.45,37.625,59.163,44.227,FP,,,,,,,
97,89,449.1,445.14,32.25,61.751,61.207,16.123,FP,,,,,,,
97,90,273.46,445.12,32.5,37.601,61.203,16.25,FP,,,,,,,
97,91,331.89,446.71,96.16,45.635,61.423,48.08,FP,,,,,,,
97,92,194.5,446.0,33.0,26.744,61.325,16.5,FP,,,,,,,
97,93,352.71,453.08,32.38,48.498,62.299,16.192,FP,,,,,,,
97,94,495.33,450.0,0.83,68.108,61.875,0.417,FP,,,,,,,
97,95,490.0,452.33,0.67,67.375,62.196,0.333,FP,,,,,,,
97,96,495.58,454.78,16.5,68.143,62.533,8.25,FP,,,,,,,
97,97,499.0,452.0,0.5,68.613,62.15,0.25,FP,,,,,,,
97,98,494.57,456.54,1.48,68.004,62.774,0.741,FP,,,,,,,
97,99,495.33,457.07,11.93,68.108,62.847,5.967,FP,,,,,,,
97,100,67.47,470.9,32.25,9.277,64.748,16.124,FP,,,,,,,
97,101,73.53,463.58,95.56,10.111,63.742,47.778,TP,44,0.597,1.091,1.243,-0.137,0.581,1.091
97,102,76.39,476.86,96.23,10.504,65.568,48.113,TP,45,0.228,1.118,1.141,-0.173,-0.148,-1.118
97,103,452.19,478.09,32.03,62.176,65.738,16.014,FP,,,,,,,
97,104,448.26,477.43,96.43,61.636,65.647,48.216,FP,,,,,,,
97,105,56.29,478.0,32.71,7.739,65.725,16.357,FP,,,,,,,
97,106,58.0,479.0,33.0,7.975,65.863,16.5,FP,,,,,,,
97,107,451.43,494.04,32.74,62.072,67.931,16.37,FP,,,,,,,
97,108,447.29,498.36,96.21,61.503,68.524,48.104,FP,,,,,,,
97,109,65.67,498.65,96.51,9.03,68.565,48.255,FP,,,,,,,
97,,,,,8.571,1.019,42.827,FN,0,,,,,,
97,,,,,47.435,3.91,23.582,FN,1,,,,,,
97,,,,,51.11,5.274,57.301,FN,2,,,,,,
97,,,,,19.798,8.443,8.0,FN,3,,,,,,
97,,,,,60.112,8.575,76.845,FN,4,,,,,,
97,,,,,30.159,16.006,84.024,FN,7,,,,,,
97,,,,,11.236,16.052,98.097,FN,8,,,,,,
97,,,,,64.634,19.52,36.689,FN,9,,,,,,
97,,,,,55.426,19.828,51.769,FN,10,,,,,,
97,,,,,10.106,19.975,35.581,FN,11,,,,,,
97,,,,,50.228,20.913,43.634,FN,12,,,,,,
97,,,,,66.104,20.729,0.719,FN,13,,,,,,
97,,,,,16.686,21.957,68.85,FN,14,,,,,,
97,,,,,65.063,23.758,26.269,FN,15,,,,,,
97,,,,,41.282,24.108,82.585,FN,16,,,,,,
97,,,,,68.854,23.138,92.557,FN,17,,,,,,
97,,,,,68.294,26.169,67.238,FN,18,,,,,,
97,,,,,21.064,26.516,33.886,FN,19,,,,,,
97,,,,,33.443,30.339,73.836,FN,20,,,,,,
97,,,,,51.514,30.095,87.764,FN,21,,,,,,
97,,,,,25.208,32.136,39.899,FN,23,,,,,,
97,,,,,45.326,32.693,91.195,FN,24,,,,,,
97,,,,,27.358,32.533,5.938,FN,25,,,,,,
97,,,,,30.429,33.742,98.214,FN,26,,,,,,
97,,,,,62.077,35.332,20.769,FN,27,,,,,,
97,,,,,13.792,38.665,57.17,FN,28,,,,,,
97,,,,,60.372,39.462,76.051,FN,29,,,,,,
97,,,,,6.963,39.555,26.776,FN,30,,,,,,
97,,,,,61.325,39.851,8.274,FN,31,,,,,,
97,,,,,62.425,43.256,57.587,FN,32,,,,,,
97,,,,,42.679,45.39,68.019,FN,33,,,,,,
97,,,,,14.675,51.659,12.477,FN,34,,,,,,
97,,,,,31.149,53.174,92.489,FN,35,,,,,,
97,,,,,4.281,52.484,11.081,FN,36,,,,,,
97,,,,,49.449,53.234,19.857,FN,37,,,,,,
97,,,,,19.113,55.138,0.75,FN,38,,,,,,
97,,,,,58.566,55.62,97.162,FN,39,,,,,,
97,,,,,5.3,58.874,97.441,FN,40,,,,,,
97,,,,,49.461,61.838,7.129,FN,42,,,,,,
97,,,,,68.105,62.867,94.994,FN,43,,,,,,
97,,,,,62.956,65.713,25.0,FN,46,,,,,,
97,,,,,7.252,65.888,79.938,FN,47,,,,,,
97,,,,,47.173,69.151,80.359,FN,48,,,,,,
97,,,,,27.567,69.413,88.0,FN,49,,,,,,
