vol_idx,pred_id,x_px,y_px,z_plane,x_um,y_um,z_um,status,gt_id,err_xy_um,err_z_um,err_um,dx_um,dy_um,dz_um
103,0,425.75,9.08,31.17,58.541,1.249,15.583,FP,,,,,,,
103,1,369.84,14.58,31.47,50.852,2.004,15.733,FP,,,,,,,
103,2,315.98,24.23,7.81,43.447,3.331,3.906,FP,,,,,,,
103,3,418.94,36.94,159.53,57.604,5.079,79.765,FP,,,,,,,
103,4,419.08,38.0,167.45,57.623,5.225,83.724,FP,,,,,,,
103,5,408.3,61.47,95.51,56.141,8.452,47.757,TP,7,1.048,1.987,2.247,-1.032,0.181,1.987
103,6,404.85,63.34,31.52,55.666,8.71,15.758,FP,,,,,,,
103,7,406.12,62.7,47.31,55.841,8.621,23.653,FP,,,,,,,
103,8,408.24,59.12,71.55,56.133,8.129,35.777,FP,,,,,,,
103,9,408.82,61.4,111.35,56.213,8.443,55.676,FP,,,,,,,
103,10,303.76,67.73,95.55,41.766,9.313,47.777,FP,,,,,,,
103,11,305.01,68.02,31.59,41.939,9.352,15.797,FP,,,,,,,
103,12,406.13,62.71,58.93,55.843,8.623,29.467,FP,,,,,,,
103,13,306.71,67.86,47.6,42.173,9.33,23.802,FP,,,,,,,
103,14,303.81,71.24,159.46,41.774,9.795,79.73,FP,,,,,,,
103,15,303.67,71.67,167.0,41.754,9.854,83.5,FP,,,,,,,
103,16,326.52,96.45,31.45,44.896,13.262,15.727,FP,,,,,,,
103,17,204.52,117.97,95.57,28.122,16.221,47.784,FP,,,,,,,
103,18,200.66,119.41,31.61,27.591,16.419,15.806,FP,,,,,,,
103,19,107.92,120.7,95.63,14.839,16.597,47.814,FP,,,,,,,
103,20,202.33,117.33,80.0,27.821,16.133,40.0,TP,10,0.118,1.231,1.237,-0.056,-0.104,-1.231
103,21,205.04,119.18,111.18,28.193,16.387,55.59,FP,,,,,,,
103,22,103.48,120.59,31.45,14.229,16.581,15.724,TP,11,0.343,2.693,2.715,-0.111,-0.324,-2.693
103,23,105.1,122.97,111.79,14.451,16.908,55.895,FP,,,,,,,
103,24,104.12,139.96,31.64,14.317,19.245,15.82,FP,,,,,,,
103,25,105.44,138.11,47.22,14.499,18.99,23.611,FP,,,,,,,
103,26,105.12,151.98,95.51,14.454,20.898,47.754,FP,,,,,,,
103,27,19.2,162.67,31.54,2.639,22.367,15.768,FP,,,,,,,
103,28,15.08,164.73,95.49,2.073,22.65,47.744,FP,,,,,,,
103,29,20.56,161.33,47.46,2.828,22.183,23.728,FP,,,,,,,
103,30,346.93,183.2,35.6,47.703,25.19,17.802,TP,16,0.632,0.033,0.632,-0.596,0.21,0.033
103,31,349.62,183.15,101.05,48.073,25.184,50.524,FP,,,,,,,
103,32,345.19,183.89,59.22,47.464,25.284,29.608,FP,,,,,,,
103,33,347.06,181.64,15.81,47.72,24.975,7.906,FP,,,,,,,
103,34,347.03,180.89,7.92,47.717,24.872,3.961,FP,,,,,,,
103,35,348.42,182.38,23.72,47.908,25.077,11.862,FP,,,,,,,
103,36,350.99,182.65,79.92,48.262,25.115,39.962,FP,,,,,,,
103,37,351.6,182.25,134.3,48.345,25.06,67.15,FP,,,,,,,
103,38,350.86,183.55,71.74,48.243,25.238,35.872,FP,,,,,,,
103,39,351.42,182.71,143.73,48.321,25.123,71.863,FP,,,,,,,
103,40,351.0,183.68,159.46,48.263,25.256,79.73,FP,,,,,,,
103,41,351.46,182.54,137.08,48.326,25.099,68.538,FP,,,,,,,
103,42,444.01,188.95,31.46,61.051,25.981,15.728,FP,,,,,,,
103,43,186.1,199.89,31.5,25.589,27.485,15.75,FP,,,,,,,
103,44,102.89,239.04,95.55,14.148,32.868,47.777,FP,,,,,,,
103,45,100.13,239.58,57.74,13.768,32.942,28.868,FP,,,,,,,
103,46,72.04,271.83,31.56,9.906,37.377,15.778,FP,,,,,,,
103,47,223.28,280.74,31.66,30.701,38.602,15.828,FP,,,,,,,
103,48,225.67,282.91,95.58,31.029,38.9,47.788,FP,,,,,,,
103,49,146.34,288.15,31.58,20.122,39.621,15.792,FP,,,,,,,
103,50,225.67,281.88,47.5,31.029,38.758,23.75,FP,,,,,,,
103,51,73.27,282.93,95.5,10.074,38.903,47.75,FP,,,,,,,
103,52,150.02,289.3,95.68,20.627,39.779,47.839,FP,,,,,,,
103,53,148.95,288.91,47.52,20.481,39.726,23.759,FP,,,,,,,
103,54,151.11,287.96,111.58,20.778,39.594,55.79,FP,,,,,,,
103,55,317.59,299.13,31.62,43.669,41.13,15.811,FP,,,,,,,
103,56,326.85,300.65,95.44,44.942,41.339,47.72,FP,,,,,,,
103,57,443.09,312.72,24.91,60.925,42.999,12.456,FP,,,,,,,
103,58,438.67,313.57,95.51,60.317,43.115,47.754,FP,,,,,,,
103,59,444.71,313.83,47.17,61.147,43.152,23.585,FP,,,,,,,
103,60,361.6,312.01,95.72,49.719,42.902,47.862,FP,,,,,,,
103,61,359.5,309.5,31.33,49.431,42.556,15.667,FP,,,,,,,
103,62,69.21,333.28,31.63,9.517,45.826,15.814,FP,,,,,,,
103,63,71.54,333.44,95.65,9.837,45.848,47.824,FP,,,,,,,
103,64,68.5,331.5,47.5,9.419,45.581,23.75,FP,,,,,,,
103,65,67.41,338.88,159.5,9.269,46.596,79.75,FP,,,,,,,
103,66,472.99,372.02,31.56,65.036,51.153,15.778,TP,34,0.361,1.602,1.642,-0.248,0.262,1.602
103,67,475.57,371.03,95.46,65.392,51.017,47.732,FP,,,,,,,
103,68,208.18,376.5,31.62,28.624,51.769,15.809,FP,,,,,,,
103,69,210.23,376.41,95.46,28.907,51.756,47.731,TP,35,0.396,2.087,2.125,-0.388,-0.08,-2.087
103,70,212.0,377.27,70.4,29.15,51.874,35.2,FP,,,,,,,
103,71,302.68,414.41,31.56,41.618,56.981,15.779,FP,,,,,,,
103,72,307.89,414.78,47.38,42.335,57.033,23.692,FP,,,,,,,
103,73,151.84,447.51,31.55,20.878,61.533,15.773,FP,,,,,,,
103,74,153.5,447.15,95.49,21.107,61.483,47.745,FP,,,,,,,
103,75,152.59,447.82,47.54,20.981,61.575,23.772,TP,41,0.321,0.426,0.534,-0.013,0.32,0.426
103,76,152.91,445.64,79.83,21.025,61.275,39.913,FP,,,,,,,
103,77,153.09,446.64,110.7,21.049,61.413,55.348,FP,,,,,,,
103,78,151.23,447.15,15.62,20.794,61.484,7.808,FP,,,,,,,
103,79,49.22,463.4,95.57,6.768,63.718,47.784,FP,,,,,,,
103,80,223.04,458.95,31.59,30.668,63.106,15.795,FP,,,,,,,
103,81,224.9,459.52,95.6,30.923,63.184,47.799,FP,,,,,,,
103,82,225.21,459.12,47.59,30.967,63.129,23.794,FP,,,,,,,
103,83,46.33,474.78,31.66,6.371,65.282,15.83,FP,,,,,,,
103,84,286.65,489.58,95.6,39.415,67.317,47.8,FP,,,,,,,
103,85,285.03,490.32,31.56,39.192,67.419,15.778,FP,,,,,,,
103,86,50.29,501.34,95.57,6.914,68.934,47.785,FP,,,,,,,
103,87,75.0,497.75,31.0,10.312,68.441,15.5,FP,,,,,,,
103,,,,,49.549,1.351,12.172,FN,0,,,,,,
103,,,,,58.71,2.495,55.196,FN,1,,,,,,
103,,,,,4.781,1.499,54.992,FN,2,,,,,,
103,,,,,14.582,2.138,15.889,FN,3,,,,,,
103,,,,,43.556,3.357,90.729,FN,4,,,,,,
103,,,,,6.854,3.603,92.044,FN,5,,,,,,
103,,,,,54.474,4.344,19.621,FN,6,,,,,,
103,,,,,55.445,8.981,39.994,FN,8,,,,,,
103,,,,,42.084,8.949,31.872,FN,9,,,,,,
103,,,,,15.903,18.464,14.318,FN,12,,,,,,
103,,,,,14.021,21.066,7.03,FN,13,,,,,,
103,,,,,2.745,22.045,38.218,FN,14,,,,,,
103,,,,,53.322,23.968,96.421,FN,15,,,,,,
103,,,,,29.479,28.813,85.628,FN,17,,,,,,
103,,,,,13.829,32.915,58.146,FN,18,,,,,,
103,,,,,10.547,34.188,98.479,FN,19,,,,,,
103,,,,,29.308,35.995,12.818,FN,20,,,,,,
103,,,,,16.675,36.562,27.524,FN,21,,,,,,
103,,,,,10.372,38.541,4.657,FN,22,,,,,,
103,,,,,31.444,39.37,33.73,FN,23,,,,,,
103,,,,,20.757,39.641,30.18,FN,24,,,,,,
103,,,,,43.527,40.817,21.335,FN,25,,,,,,
103,,,,,49.155,42.339,81.071,FN,26,,,,,,
103,,,,,60.895,43.218,6.455,FN,27,,,,,,
103,,,,,52.327,43.781,16.5,FN,28,,,,,,
103,,,,,41.299,44.862,96.462,FN,29,,,,,,
103,,,,,10.08,45.82,29.286,FN,30,,,,,,
103,,,,,16.187,46.611,76.148,FN,31,,,,,,
103,,,,,0.336,48.579,87.159,FN,32,,,,,,
103,,,,,17.604,48.396,22.646,FN,33,,,,,,
103,,,,,17.218,53.83,79.196,FN,36,,,,,,
103,,,,,26.378,54.304,75.816,FN,37,,,,,,
103,,,,,40.628,55.825,4.254,FN,38,,,,,,
103,,,,,10.058,57.53,75.965,FN,39,,,,,,
103,,,,,44.262,57.747,64.5,FN,40,,,,,,
103,,,,,51.863,63.061,73.317,FN,42,,,,,,
103,,,,,30.603,63.039,42.427,FN,43,,,,,,
103,,,,,51.386,62.893,96.586,FN,44,,,,,,
103,,,,,7.932,63.456,57.627,FN,45,,,,,,
103,,,,,4.188,65.03,11.746,FN,46,,,,,,
103,,,,,39.75,66.69,60.749,FN,47,,,,,,
103,,,,,48.263,67.005,10.29,FN,48,,,,,,
103,,,,,7.243,67.543,78.167,FN,49,,,,,,
104,0,70.72,47.73,95.64,9.723,6.563,47.818,FP,,,,,,,
104,1,71.86,48.51,31.33,9.881,6.669,15.667,FP,,,,,,,
104,2,363.66,74.77,31.63,50.004,10.28,15.817,FP,,,,,,,
104,3,367.38,75.65,95.69,50.515,10.401,47.847,FP,,,,,,,
104,4,361.68,77.65,7.89,49.731,10.677,3.946,TP,2,0.994,1.473,1.778,-0.83,0.548,-1.473
104,5,363.06,76.65,15.45,49.921,10.539,7.723,FP,,,,,,,
104,6,370.07,76.07,79.6,50.884,10.459,39.8,FP,,,,,,,
104,7,133.52,110.33,95.48,18.359,15.17,47.739,TP,4,0.882,1.761,1.969,-0.011,0.882,1.761
104,8,134.05,115.93,31.61,18.431,15.941,15.805,FP,,,,,,,
104,9,269.96,119.34,95.6,37.12,16.41,47.799,FP,,,,,,,
104,10,265.87,119.99,31.52,36.557,16.498,15.761,FP,,,,,,,
104,11,46.57,120.97,95.46,6.403,16.633,47.731,FP,,,,,,,
104,12,48.72,122.84,30.81,6.699,16.891,15.405,FP,,,,,,,
104,13,352.32,136.95,6.09,48.444,18.831,3.045,FP,,,,,,,
104,14,166.15,165.68,94.56,22.846,22.781,47.278,FP,,,,,,,
104,15,163.23,166.85,31.58,22.444,22.941,15.788,FP,,,,,,,
104,16,166.31,163.45,111.54,22.867,22.474,55.769,FP,,,,,,,
104,17,165.48,164.4,47.55,22.753,22.606,23.777,FP,,,,,,,
104,18,192.88,178.12,31.41,26.521,24.491,15.706,FP,,,,,,,
104,19,437.86,187.59,95.57,60.206,25.794,47.786,FP,,,,,,,
104,20,58.3,186.89,95.6,8.016,25.697,47.798,FP,,,,,,,
104,21,438.19,186.45,31.45,60.252,25.637,15.726,FP,,,,,,,
104,22,219.36,196.68,95.54,30.162,27.044,47.772,FP,,,,,,,
104,23,221.57,195.75,159.66,30.466,26.915,79.829,FP,,,,,,,
104,24,107.74,202.89,31.61,14.814,27.897,15.804,FP,,,,,,,
104,25,221.45,195.03,151.52,30.45,26.817,75.758,FP,,,,,,,
104,26,172.69,195.69,95.23,23.745,26.908,47.615,FP,,,,,,,
104,27,221.09,195.91,135.0,30.4,26.938,67.5,TP,13,0.349,2.137,2.166,-0.018,-0.349,2.137
104,28,221.17,195.67,143.75,30.41,26.904,71.875,FP,,,,,,,
104,29,104.96,201.34,95.38,14.432,27.684,47.69,FP,,,,,,,
104,30,108.75,202.25,47.25,14.953,27.809,23.625,FP,,,,,,,
104,31,58.28,223.32,95.66,8.013,30.706,47.832,FP,,,,,,,
104,32,216.33,242.41,31.55,29.746,33.331,15.773,FP,,,,,,,
104,33,217.44,239.75,43.42,29.898,32.965,21.709,FP,,,,,,,
104,34,216.65,245.71,95.52,29.789,33.785,47.76,FP,,,,,,,
104,35,182.22,266.82,2.91,25.055,36.687,1.454,FP,,,,,,,
104,36,178.53,298.59,30.99,24.547,41.056,15.493,FP,,,,,,,
104,37,48.36,299.97,95.63,6.65,41.247,47.814,FP,,,,,,,
104,38,180.8,291.46,144.22,24.861,40.075,72.109,FP,,,,,,,
104,39,181.01,292.95,159.18,24.889,40.28,79.589,FP,,,,,,,
104,40,180.95,291.6,151.95,24.881,40.095,75.975,FP,,,,,,,
104,41,42.24,296.44,31.49,5.808,40.76,15.743,FP,,,,,,,
104,42,178.82,299.87,95.57,24.587,41.232,47.783,FP,,,,,,,
104,43,179.72,299.49,47.37,24.711,41.18,23.684,FP,,,,,,,
104,44,179.48,296.97,15.96,24.678,40.833,7.978,TP,25,0.561,1.33,1.443,0.014,0.561,-1.33
104,45,179.86,296.52,7.84,24.731,40.771,3.919,FP,,,,,,,
104,46,323.43,299.47,95.45,44.471,41.177,47.725,FP,,,,,,,
104,47,178.1,300.48,59.0,24.488,41.317,29.5,FP,,,,,,,
104,48,69.43,338.95,95.57,9.547,46.605,47.785,FP,,,,,,,
104,49,409.95,368.01,31.57,56.369,50.602,15.783,FP,,,,,,,
104,50,412.44,367.55,100.39,56.71,50.538,50.193,FP,,,,,,,
104,51,410.67,366.31,59.35,56.467,50.368,29.673,TP,30,0.276,2.969,2.982,-0.042,-0.273,2.969
104,52,411.08,367.2,80.0,56.524,50.491,39.999,FP,,,,,,,
104,53,411.17,367.12,71.72,56.536,50.479,35.862,FP,,,,,,,
104,54,412.92,368.21,47.63,56.776,50.629,23.817,FP,,,,,,,
104,55,168.83,370.56,95.55,23.214,50.952,47.777,FP,,,,,,,
104,56,166.79,372.51,31.56,22.933,51.221,15.779,FP,,,,,,,
104,57,409.5,368.86,15.64,56.306,50.719,7.818,FP,,,,,,,
104,58,314.12,377.67,95.52,43.192,51.93,47.758,FP,,,,,,,
104,59,310.78,392.87,31.59,42.732,54.02,15.797,FP,,,,,,,
104,60,311.66,393.56,95.64,42.853,54.115,47.82,FP,,,,,,,
104,61,317.44,421.35,167.61,43.648,57.936,83.807,FP,,,,,,,
104,62,317.05,421.51,159.51,43.595,57.958,79.756,FP,,,,,,,
104,63,341.97,430.85,95.66,47.021,59.242,47.828,FP,,,,,,,
104,64,493.75,435.08,31.61,67.89,59.824,15.804,FP,,,,,,,
104,65,496.91,434.29,95.6,68.325,59.715,47.802,TP,38,0.184,2.287,2.295,0.121,0.139,2.287
104,66,35.56,435.3,95.48,4.89,59.854,47.739,FP,,,,,,,
104,67,36.28,436.94,31.58,4.989,60.08,15.792,FP,,,,,,,
104,68,495.94,433.57,71.93,68.192,59.616,35.967,FP,,,,,,,
104,69,497.89,433.84,79.71,68.46,59.653,39.855,FP,,,,,,,
104,70,495.71,433.56,87.93,68.16,59.614,43.965,FP,,,,,,,
104,71,37.0,433.69,79.89,5.088,59.632,39.944,FP,,,,,,,
104,72,495.93,434.03,47.48,68.191,59.68,23.741,FP,,,,,,,
104,73,115.91,468.47,31.47,15.937,64.415,15.737,FP,,,,,,,
104,74,115.16,467.96,15.5,15.835,64.344,7.75,FP,,,,,,,
104,75,115.09,468.43,7.56,15.825,64.409,3.778,FP,,,,,,,
104,76,399.55,477.71,95.64,54.939,65.684,47.822,FP,,,,,,,
104,77,397.45,480.09,111.55,54.65,66.013,55.773,FP,,,,,,,
104,78,238.15,485.17,31.63,32.746,66.711,15.814,FP,,,,,,,
104,79,397.11,492.7,31.46,54.602,67.746,15.729,FP,,,,,,,
104,80,267.19,492.65,95.42,36.739,67.74,47.712,FP,,,,,,,
104,81,266.34,499.2,31.62,36.621,68.64,15.809,FP,,,,,,,
104,82,245.5,495.0,95.25,33.756,68.062,47.625,FP,,,,,,,
104,83,363.44,498.73,16.0,49.973,68.575,8.0,FP,,,,,,,
104,84,365.0,498.36,31.45,50.188,68.525,15.727,FP,,,,,,,
104,85,363.54,499.94,7.51,49.987,68.742,3.757,FP,,,,,,,
104,,,,,0.29,5.089,31.808,FN,0,,,,,,
104,,,,,10.039,6.615,75.0,FN,1,,,,,,
104,,,,,49.656,11.033,88.576,FN,3,,,,,,
104,,,,,18.301,16.379,73.978,FN,5,,,,,,
104,,,,,36.967,16.92,40.16,FN,6,,,,,,
104,,,,,6.87,17.333,77.329,FN,7,,,,,,
104,,,,,23.919,18.443,92.151,FN,8,,,,,,
104,,,,,48.499,18.836,93.447,FN,9,,,,,,
104,,,,,30.784,18.772,93.254,FN,10,,,,,,
104,,,,,22.726,22.637,35.207,FN,11,,,,,,
104,,,,,60.133,25.607,91.765,FN,12,,,,,,
104,,,,,14.787,27.658,32.869,FN,14,,,,,,
104,,,,,24.734,27.905,86.101,FN,15,,,,,,
104,,,,,35.026,30.36,93.33,FN,16,,,,,,
104,,,,,7.748,30.04,64.614,FN,17,,,,,,
104,,,,,15.47,30.31,70.096,FN,18,,,,,,
104,,,,,49.528,32.583,98.619,FN,19,,,,,,
104,,,,,62.44,32.771,91.106,FN,20,,,,,,
104,,,,,30.072,32.806,67.651,FN,21,,,,,,
104,,,,,25.081,36.681,95.669,FN,22,,,,,,
104,,,,,43.188,37.558,1.028,FN,23,,,,,,
104,,,,,5.921,39.93,71.273,FN,24,,,,,,
104,,,,,54.193,40.828,97.966,FN,26,,,,,,
104,,,,,7.819,42.681,70.214,FN,27,,,,,,
104,,,,,9.485,46.046,85.118,FN,28,,,,,,
104,,,,,23.223,50.35,65.441,FN,29,,,,,,
104,,,,,43.099,53.791,42.5,FN,31,,,,,,
104,,,,,45.32,53.761,51.644,FN,32,,,,,,
104,,,,,4.37,54.1,83.806,FN,33,,,,,,
104,,,,,41.183,54.846,62.556,FN,34,,,,,,
104,,,,,3.483,57.102,89.329,FN,35,,,,,,
104,,,,,48.237,58.66,72.542,FN,36,,,,,,
104,,,,,4.953,59.405,53.486,FN,37,,,,,,
104,,,,,15.032,61.134,38.431,FN,39,,,,,,
104,,,,,40.234,61.712,61.379,FN,40,,,,,,
104,,,,,24.423,64.827,74.5,FN,41,,,,,,
104,,,,,29.943,64.721,10.5,FN,42,,,,,,
104,,,,,15.97,64.754,69.716,FN,43,,,,,,
104,,,,,51.597,65.122,87.0,FN,44,,,,,,
104,,,,,54.845,65.574,19.487,FN,45,,,,,,
104,,,,,15.998,67.097,32.122,FN,46,,,,,,
104,,,,,35.466,67.462,1.505,FN,47,,,,,,
104,,,,,50.069,68.387,85.729,FN,48,,,,,,
104,,,,,68.794,69.749,58.353,FN,49,,,,,,
105,0,159.05,13.46,31.75,21.87,1.851,15.875,FP,,,,,,,
105,1,161.93,11.28,47.46,22.265,1.551,23.73,FP,,,,,,,
105,2,158.5,11.5,95.5,21.794,1.581,47.75,FP,,,,,,,
105,3,277.87,21.85,95.57,38.207,3.005,47.785,FP,,,,,,,
105,4,279.06,24.89,31.59,38.371,3.422,15.794,FP,,,,,,,
105,5,280.32,24.98,47.5,38.544,3.434,23.752,FP,,,,,,,
105,6,354.87,57.72,31.62,48.794,7.937,15.808,FP,,,,,,,
105,7,343.17,41.83,95.0,47.185,5.752,47.5,FP,,,,,,,
105,8,50.16,66.33,31.6,6.897,9.12,15.798,FP,,,,,,,
105,9,54.57,66.43,95.52,7.503,9.135,47.761,FP,,,,,,,
105,10,50.5,66.0,47.0,6.944,9.075,23.5,FP,,,,,,,
105,11,284.88,101.22,31.54,39.171,13.918,15.769,FP,,,,,,,
105,12,285.59,99.28,95.1,39.268,13.651,47.548,FP,,,,,,,
105,13,286.37,98.29,111.17,39.375,13.514,55.587,FP,,,,,,,
105,14,285.12,100.9,47.82,39.204,13.874,23.908,FP,,,,,,,
105,15,284.42,99.49,59.27,39.108,13.68,29.633,FP,,,,,,,
105,16,283.0,100.0,80.0,38.913,13.75,40.0,FP,,,,,,,
105,17,308.13,120.06,31.47,42.368,16.508,15.736,FP,,,,,,,
105,18,495.08,132.92,17.57,68.074,18.276,8.785,FP,,,,,,,
105,19,56.42,185.44,33.26,7.758,25.497,16.631,FP,,,,,,,
105,20,58.36,187.26,92.84,8.025,25.749,46.419,FP,,,,,,,
105,21,57.44,184.25,71.86,7.898,25.335,35.932,FP,,,,,,,
105,22,56.92,184.71,110.23,7.826,25.398,55.113,FP,,,,,,,
105,23,55.68,184.56,123.31,7.656,25.377,61.654,FP,,,,,,,
105,24,442.02,189.8,31.22,60.778,26.097,15.611,FP,,,,,,,
105,25,357.15,233.33,31.61,49.108,32.083,15.804,FP,,,,,,,
105,26,365.16,231.47,95.72,50.209,31.827,47.858,FP,,,,,,,
105,27,363.31,233.19,159.6,49.955,32.063,79.799,FP,,,,,,,
105,28,366.24,231.72,111.44,50.358,31.862,55.72,FP,,,,,,,
105,29,363.34,234.1,134.14,49.959,32.189,67.07,FP,,,,,,,
105,30,364.18,233.32,152.15,50.074,32.082,76.074,FP,,,,,,,
105,31,409.91,248.94,95.52,56.362,34.23,47.759,FP,,,,,,,
105,32,410.88,265.47,31.47,56.495,36.502,15.734,FP,,,,,,,
105,33,65.2,278.86,95.59,8.965,38.344,47.797,TP,19,0.094,1.927,1.93,0.047,0.082,1.927
105,34,65.93,276.44,71.68,9.065,38.01,35.839,FP,,,,,,,
105,35,63.85,280.57,31.62,8.78,38.578,15.811,FP,,,,,,,
105,36,65.79,276.09,79.51,9.046,37.963,39.756,FP,,,,,,,
105,37,64.91,276.47,88.04,8.925,38.015,44.018,FP,,,,,,,
105,38,65.0,274.0,159.5,8.938,37.675,79.75,FP,,,,,,,
105,39,65.97,279.16,111.04,9.071,38.385,55.519,FP,,,,,,,
105,40,65.88,280.0,47.48,9.058,38.5,23.74,FP,,,,,,,
105,41,74.5,304.5,31.0,10.244,41.869,15.5,FP,,,,,,,
105,42,332.68,319.64,95.58,45.744,43.95,47.791,FP,,,,,,,
105,43,356.8,320.64,95.6,49.06,44.088,47.8,FP,,,,,,,
105,44,332.72,321.83,31.53,45.749,44.251,15.763,FP,,,,,,,
105,45,177.56,320.9,31.46,24.415,44.123,15.73,FP,,,,,,,
105,46,369.71,327.0,31.49,50.835,44.963,15.745,FP,,,,,,,
105,47,431.85,348.74,95.28,59.379,47.952,47.638,FP,,,,,,,
105,48,424.13,353.94,31.59,58.318,48.667,15.795,FP,,,,,,,
105,49,433.03,346.68,111.76,59.541,47.668,55.878,FP,,,,,,,
105,50,395.46,355.29,95.57,54.375,48.852,47.785,FP,,,,,,,
105,51,410.0,355.5,159.47,56.375,48.881,79.735,FP,,,,,,,
105,52,21.13,366.89,95.61,2.906,50.448,47.805,FP,,,,,,,
105,53,14.2,369.45,31.52,1.952,50.799,15.76,FP,,,,,,,
105,54,19.09,364.69,111.54,2.625,50.145,55.771,FP,,,,,,,
105,55,283.7,372.24,95.58,39.008,51.183,47.789,FP,,,,,,,
105,56,12.25,369.14,15.78,1.684,50.757,7.89,FP,,,,,,,
105,57,15.84,368.18,47.6,2.178,50.624,23.801,FP,,,,,,,
105,58,15.0,366.67,59.0,2.062,50.417,29.5,TP,27,1.301,0.989,1.634,0.119,-1.296,0.989
105,59,12.18,369.07,7.86,1.675,50.747,3.928,FP,,,,,,,
105,60,11.5,369.5,24.5,1.581,50.806,12.25,FP,,,,,,,
105,61,284.17,371.83,111.5,39.073,51.127,55.75,FP,,,,,,,
105,62,280.4,376.75,31.54,38.556,51.802,15.768,FP,,,,,,,
105,63,419.31,375.69,113.65,57.655,51.657,56.825,FP,,,,,,,
105,64,420.77,375.5,95.73,57.856,51.631,47.864,FP,,,,,,,
105,65,287.77,392.79,31.6,39.569,54.009,15.801,FP,,,,,,,
105,66,290.4,391.6,95.7,39.93,53.845,47.849,FP,,,,,,,
105,67,292.31,388.57,107.91,40.193,53.429,53.957,FP,,,,,,,
105,68,288.38,392.12,47.38,39.653,53.916,23.692,TP,33,0.698,0.335,0.774,-0.508,0.478,-0.335
105,69,62.33,396.14,95.47,8.57,54.469,47.734,FP,,,,,,,
105,70,227.5,407.06,31.46,31.281,55.971,15.729,FP,,,,,,,
105,71,236.61,424.95,31.59,32.534,58.43,15.794,FP,,,,,,,
105,72,70.44,426.68,31.55,9.685,58.669,15.777,FP,,,,,,,
105,73,492.1,443.24,31.64,67.664,60.946,15.819,FP,,,,,,,
105,74,492.03,437.68,7.72,67.655,60.181,3.859,FP,,,,,,,
105,75,485.77,437.14,95.6,66.793,60.107,47.8,FP,,,,,,,
105,76,492.26,439.62,15.79,67.685,60.448,7.893,FP,,,,,,,
105,77,494.23,441.29,23.69,67.957,60.677,11.843,FP,,,,,,,
105,78,407.66,445.95,31.53,56.053,61.318,15.764,FP,,,,,,,
105,79,408.85,445.85,47.6,56.217,61.305,23.798,TP,42,0.735,2.982,3.071,0.735,0.002,-2.982
105,80,406.03,445.12,59.03,55.829,61.204,29.515,FP,,,,,,,
105,81,402.07,450.39,95.48,55.284,61.929,47.742,FP,,,,,,,
105,82,330.85,453.75,95.6,45.492,62.391,47.799,FP,,,,,,,
105,83,404.27,450.27,71.67,55.587,61.912,35.833,FP,,,,,,,
105,84,490.94,456.2,95.59,67.505,62.728,47.794,FP,,,,,,,
105,85,79.04,458.07,95.43,10.868,62.984,47.717,FP,,,,,,,
105,86,136.79,479.57,21.8,18.808,65.941,10.902,FP,,,,,,,
105,87,135.96,480.43,8.1,18.695,66.059,4.05,FP,,,,,,,
105,88,134.54,483.09,95.54,18.499,66.425,47.772,FP,,,,,,,
105,89,25.07,501.52,31.57,3.447,68.959,15.786,FP,,,,,,,
105,90,40.37,500.23,95.52,5.551,68.781,47.761,FP,,,,,,,
105,91,390.33,503.06,31.56,53.67,69.171,15.778,FP,,,,,,,
105,92,392.44,499.62,95.19,53.96,68.698,47.594,FP,,,,,,,
105,93,376.26,502.44,31.44,51.736,69.085,15.719,FP,,,,,,,
105,,,,,68.077,0.245,1.545,FN,0,,,,,,
105,,,,,22.08,2.156,67.236,FN,1,,,,,,
105,,,,,2.441,1.788,62.264,FN,2,,,,,,
105,,,,,38.124,3.116,8.966,FN,3,,,,,,
105,,,,,46.52,5.723,25.5,FN,4,,,,,,
105,,,,,6.526,8.067,7.464,FN,5,,,,,,
105,,,,,51.041,9.544,26.895,FN,6,,,,,,
105,,,,,45.691,13.226,80.533,FN,7,,,,,,
105,,,,,39.391,13.587,34.724,FN,8,,,,,,
105,,,,,68.163,18.316,83.759,FN,9,,,,,,
105,,,,,17.594,20.789,79.23,FN,10,,,,,,
105,,,,,36.077,22.107,41.367,FN,11,,,,,,
105,,,,,4.515,22.937,94.549,FN,12,,,,,,
105,,,,,7.847,25.209,22.11,FN,13,,,,,,
105,,,,,18.731,30.256,65.5,FN,14,,,,,,
105,,,,,50.071,32.181,5.049,FN,15,,,,,,
105,,,,,56.231,35.59,40.844,FN,16,,,,,,
105,,,,,30.63,34.941,69.391,FN,17,,,,,,
105,,,,,0.256,37.947,53.784,FN,18,,,,,,
105,,,,,49.945,42.89,8.5,FN,20,,,,,,
105,,,,,43.907,46.521,11.477,FN,21,,,,,,
105,,,,,59.276,47.668,31.605,FN,22,,,,,,
105,,,,,37.708,48.405,1.0,FN,23,,,,,,
105,,,,,53.936,48.635,13.003,FN,24,,,,,,
105,,,,,50.76,49.463,74.302,FN,25,,,,,,
105,,,,,2.083,49.457,36.965,FN,26,,,,,,
105,,,,,16.734,51.201,42.033,FN,28,,,,,,
105,,,,,55.092,51.993,43.262,FN,29,,,,,,
105,,,,,57.753,51.823,16.523,FN,30,,,,,,
105,,,,,6.806,53.574,81.252,FN,31,,,,,,
105,,,,,38.283,53.423,29.5,FN,32,,,,,,
105,,,,,31.922,55.389,25.041,FN,34,,,,,,
105,,,,,8.494,54.974,66.547,FN,35,,,,,,
105,,,,,59.539,56.605,98.09,FN,36,,,,,,
105,,,,,8.538,59.211,95.006,FN,37,,,,,,
105,,,,,9.777,58.86,0.5,FN,38,,,,,,
105,,,,,66.96,59.389,9.839,FN,39,,,,,,
105,,,,,33.063,59.505,54.146,FN,40,,,,,,
105,,,,,59.434,59.48,28.271,FN,41,,,,,,
105,,,,,67.889,63.013,42.21,FN,43,,,,,,
105,,,,,22.214,63.808,74.972,FN,44,,,,,,
105,,,,,61.914,64.518,43.975,FN,45,,,,,,
105,,,,,9.208,66.256,77.005,FN,46,,,,,,
105,,,,,18.875,65.881,80.72,FN,47,,,,,,
105,,,,,53.195,68.785,24.006,FN,48,,,,,,
105,,,,,5.028,69.043,19.96,FN,49,,,,,,
118,0,425.98,6.27,31.49,58.573,0.862,15.747,FP,,,,,,,
118,1,149.66,24.27,95.56,20.578,3.338,47.778,FP,,,,,,,
118,2,304.64,31.59,31.58,41.888,4.343,15.789,FP,,,,,,,
118,3,306.6,27.46,95.5,42.158,3.776,47.75,FP,,,,,,,
118,4,150.55,29.67,31.55,20.701,4.08,15.775,FP,,,,,,,
118,5,305.39,29.17,47.47,41.992,4.011,23.735,FP,,,,,,,
118,6,145.8,26.55,47.15,20.048,3.651,23.575,FP,,,,,,,
118,7,309.3,49.7,95.43,42.529,6.833,47.717,FP,,,,,,,
118,8,268.0,72.0,44.5,36.85,9.9,22.25,FP,,,,,,,
118,9,429.0,106.08,95.15,58.988,14.586,47.577,FP,,,,,,,
118,10,158.63,115.93,31.63,21.811,15.94,15.814,TP,9,0.682,1.173,1.357,0.668,-0.139,1.173
118,11,152.44,116.39,95.59,20.961,16.003,47.797,FP,,,,,,,
118,12,150.18,113.64,23.64,20.65,15.625,11.818,FP,,,,,,,
118,13,153.11,113.22,47.33,21.053,15.568,23.667,FP,,,,,,,
118,14,188.61,118.89,95.57,25.933,16.348,47.787,FP,,,,,,,
118,15,153.0,114.0,59.0,21.038,15.675,29.5,FP,,,,,,,
118,16,153.14,116.97,121.46,21.056,16.084,60.73,FP,,,,,,,
118,17,153.33,116.75,135.0,21.083,16.053,67.5,FP,,,,,,,
118,18,153.0,116.29,111.71,21.038,15.989,55.857,FP,,,,,,,
118,19,233.07,146.57,31.14,32.047,20.154,15.571,FP,,,,,,,
118,20,287.62,183.06,95.66,39.548,25.171,47.832,FP,,,,,,,
118,21,291.22,180.74,30.69,40.043,24.852,15.347,FP,,,,,,,
118,22,434.5,204.0,95.0,59.744,28.05,47.5,FP,,,,,,,
118,23,439.44,232.45,31.63,60.423,31.962,15.816,FP,,,,,,,
118,24,307.93,226.35,95.65,42.341,31.123,47.824,FP,,,,,,,
118,25,437.69,230.85,95.63,60.183,31.742,47.815,FP,,,,,,,
118,26,439.97,230.91,159.69,60.496,31.751,79.843,FP,,,,,,,
118,27,170.5,234.86,95.64,23.443,32.293,47.821,FP,,,,,,,
118,28,436.57,231.82,134.42,60.028,31.875,67.208,FP,,,,,,,
118,29,441.0,231.0,167.34,60.638,31.763,83.672,FP,,,,,,,
118,30,473.38,236.1,95.59,65.089,32.463,47.796,FP,,,,,,,
118,31,42.99,241.84,31.61,5.912,33.253,15.805,FP,,,,,,,
118,32,438.8,231.5,137.6,60.335,31.831,68.8,FP,,,,,,,
118,33,49.11,243.18,95.6,6.753,33.438,47.799,FP,,,,,,,
118,34,169.52,243.84,31.74,23.309,33.528,15.872,FP,,,,,,,
118,35,44.07,242.58,47.47,6.06,33.355,23.733,FP,,,,,,,
118,36,76.52,247.62,95.57,10.521,34.048,47.787,FP,,,,,,,
118,37,52.57,304.97,31.18,7.228,41.933,15.591,FP,,,,,,,
118,38,364.0,299.27,31.56,50.05,41.15,15.78,FP,,,,,,,
118,39,50.27,300.04,7.66,6.913,41.256,3.831,FP,,,,,,,
118,40,48.8,299.18,15.97,6.71,41.138,7.987,TP,34,0.391,1.245,1.305,-0.384,-0.07,-1.245
118,41,52.88,301.32,95.51,7.271,41.432,47.757,FP,,,,,,,
118,42,53.42,305.64,47.48,7.346,42.025,23.738,FP,,,,,,,
118,43,52.42,300.43,159.43,7.207,41.308,79.717,FP,,,,,,,
118,44,462.0,314.34,31.56,63.525,43.222,15.781,FP,,,,,,,
118,45,462.42,316.91,95.51,63.583,43.576,47.755,FP,,,,,,,
118,46,462.55,313.51,47.35,63.6,43.108,23.673,FP,,,,,,,
118,47,462.31,309.23,15.82,63.567,42.519,7.911,TP,33,0.843,3.589,3.687,-0.514,0.668,-3.589
118,48,465.13,306.98,7.53,63.955,42.21,3.766,FP,,,,,,,
118,49,464.98,310.78,71.82,63.935,42.732,35.912,FP,,,,,,,
118,50,463.78,309.81,79.79,63.77,42.599,39.894,FP,,,,,,,
118,51,460.77,313.66,59.27,63.356,43.128,29.634,FP,,,,,,,
118,52,464.48,316.17,111.58,63.865,43.473,55.792,FP,,,,,,,
118,53,69.99,331.51,95.71,9.623,45.583,47.857,FP,,,,,,,
118,54,64.48,324.08,79.48,8.866,44.561,39.74,FP,,,,,,,
118,55,63.62,324.67,71.48,8.748,44.642,35.738,FP,,,,,,,
118,56,268.27,326.27,159.57,36.887,44.862,79.785,FP,,,,,,,
118,57,171.77,338.21,95.58,23.619,46.504,47.79,TP,37,0.212,3.158,3.166,0.145,-0.155,3.158
118,58,173.56,341.58,31.61,23.865,46.968,15.804,FP,,,,,,,
118,59,172.32,338.71,110.99,23.694,46.572,55.497,FP,,,,,,,
118,60,78.71,339.0,111.5,10.823,46.612,55.75,FP,,,,,,,
118,61,174.29,339.71,47.38,23.964,46.711,23.69,FP,,,,,,,
118,62,316.83,369.06,95.59,43.564,50.746,47.795,FP,,,,,,,
118,63,321.4,372.35,31.63,44.193,51.198,15.813,FP,,,,,,,
118,64,44.31,369.42,95.71,6.092,50.795,47.855,TP,41,0.37,1.607,1.649,0.031,0.368,1.607
118,65,45.67,376.44,31.44,6.279,51.761,15.722,FP,,,,,,,
118,66,467.72,406.19,95.62,64.312,55.852,47.812,FP,,,,,,,
118,67,466.34,409.83,31.64,64.121,56.351,15.818,FP,,,,,,,
118,68,32.0,413.06,95.6,4.401,56.796,47.801,FP,,,,,,,
118,69,468.81,408.51,45.16,64.461,56.17,22.578,FP,,,,,,,
118,70,469.0,408.0,71.5,64.488,56.1,35.75,FP,,,,,,,
118,71,28.34,420.01,31.58,3.896,57.751,15.788,FP,,,,,,,
118,72,25.95,416.84,47.45,3.568,57.316,23.724,FP,,,,,,,
118,73,355.58,427.02,31.5,48.893,58.716,15.752,FP,,,,,,,
118,74,155.26,468.31,31.62,21.348,64.392,15.812,FP,,,,,,,
118,75,68.87,498.18,31.52,9.47,68.5,15.758,FP,,,,,,,
118,76,67.35,498.25,95.61,9.26,68.51,47.806,FP,,,,,,,
118,77,437.92,500.77,95.58,60.214,68.855,47.79,FP,,,,,,,
118,78,69.7,497.3,47.65,9.584,68.379,23.825,FP,,,,,,,
118,,,,,48.242,0.255,22.177,FN,0,,,,,,
118,,,,,58.068,0.791,61.763,FN,1,,,,,,
118,,,,,60.342,0.717,36.279,FN,2,,,,,,
118,,,,,66.659,0.439,3.897,FN,3,,,,,,
118,,,,,20.109,1.958,12.752,FN,4,,,,,,
118,,,,,41.854,4.175,8.374,FN,5,,,,,,
118,,,,,21.518,5.175,87.25,FN,6,,,,,,
118,,,,,36.954,9.783,66.789,FN,7,,,,,,
118,,,,,26.133,16.429,38.985,FN,8,,,,,,
118,,,,,54.625,16.837,69.222,FN,10,,,,,,
118,,,,,32.1,20.3,74.618,FN,11,,,,,,
118,,,,,63.67,23.259,82.09,FN,12,,,,,,
118,,,,,43.467,23.064,98.462,FN,13,,,,,,
118,,,,,24.31,23.824,54.473,FN,14,,,,,,
118,,,,,40.001,24.709,76.77,FN,15,,,,,,
118,,,,,52.674,26.294,76.735,FN,16,,,,,,
118,,,,,4.867,26.449,96.917,FN,17,,,,,,
118,,,,,49.979,27.067,67.478,FN,18,,,,,,
118,,,,,54.033,27.85,70.543,FN,19,,,,,,
118,,,,,40.02,29.268,93.624,FN,20,,,,,,
118,,,,,45.601,29.109,1.989,FN,21,,,,,,
118,,,,,42.367,29.767,91.716,FN,22,,,,,,
118,,,,,65.434,31.796,59.78,FN,23,,,,,,
118,,,,,60.022,31.831,4.76,FN,24,,,,,,
118,,,,,23.355,32.312,40.443,FN,25,,,,,,
118,,,,,6.332,33.5,9.615,FN,26,,,,,,
118,,,,,10.992,33.468,89.175,FN,27,,,,,,
118,,,,,28.478,33.971,88.0,FN,28,,,,,,
118,,,,,43.747,34.713,93.522,FN,29,,,,,,
118,,,,,23.712,35.413,68.504,FN,30,,,,,,
118,,,,,21.596,37.931,47.26,FN,31,,,,,,
118,,,,,50.393,40.94,43.49,FN,32,,,,,,
118,,,,,36.016,45.38,73.997,FN,35,,,,,,
118,,,,,62.745,46.336,25.408,FN,36,,,,,,
118,,,,,10.759,46.72,35.265,FN,38,,,,,,
118,,,,,16.378,47.954,36.351,FN,39,,,,,,
118,,,,,43.859,50.47,1.268,FN,40,,,,,,
118,,,,,64.346,56.103,67.992,FN,42,,,,,,
118,,,,,4.025,57.006,42.364,FN,43,,,,,,
118,,,,,0.631,56.714,95.021,FN,44,,,,,,
118,,,,,48.91,58.208,53.903,FN,45,,,,,,
118,,,,,21.682,64.032,25.412,FN,46,,,,,,
118,,,,,1.758,65.159,78.966,FN,47,,,,,,
118,,,,,60.052,67.232,90.117,FN,48,,,,,,
118,,,,,9.554,67.825,54.0,FN,49,,,,,,
119,0,65.64,51.59,95.57,9.026,7.094,47.784,FP,,,,,,,
119,1,72.98,45.63,31.32,10.034,6.274,15.659,FP,,,,,,,
119,2,73.6,45.16,47.43,10.12,6.209,23.715,TP,1,0.349,2.041,2.07,-0.006,0.349,-2.041
119,3,74.22,41.86,16.09,10.206,5.756,8.047,FP,,,,,,,
119,4,73.19,40.67,79.57,10.064,5.592,39.786,FP,,,,,,,
119,5,74.62,41.5,7.68,10.26,5.706,3.838,FP,,,,,,,
119,6,72.34,46.31,58.87,9.947,6.367,29.434,FP,,,,,,,
119,7,402.97,61.2,98.42,55.408,8.414,49.212,FP,,,,,,,
119,8,336.75,60.24,28.6,46.303,8.283,14.299,FP,,,,,,,
119,9,340.83,60.96,95.63,46.864,8.382,47.813,FP,,,,,,,
119,10,337.27,60.41,47.36,46.375,8.307,23.678,FP,,,,,,,
119,11,398.75,65.05,31.22,54.828,8.944,15.612,FP,,,,,,,
119,12,337.43,58.47,7.93,46.397,8.039,3.966,FP,,,,,,,
119,13,336.31,59.4,59.43,46.243,8.167,29.715,TP,4,0.808,0.345,0.879,-0.808,-0.006,0.345
119,14,399.18,62.92,51.18,54.887,8.652,25.592,FP,,,,,,,
119,15,398.67,60.06,159.73,54.817,8.259,79.865,FP,,,,,,,
119,16,399.51,60.45,167.93,54.933,8.312,83.967,FP,,,,,,,
119,17,402.0,61.0,184.0,55.275,8.387,92.0,FP,,,,,,,
119,18,396.68,65.28,15.93,54.544,8.976,7.965,FP,,,,,,,
119,19,397.5,64.36,7.76,54.656,8.85,3.88,FP,,,,,,,
119,20,40.65,88.57,95.59,5.589,12.178,47.793,FP,,,,,,,
119,21,34.54,98.5,31.49,4.749,13.544,15.746,FP,,,,,,,
119,22,461.62,155.65,95.53,63.472,21.402,47.763,TP,9,0.14,0.763,0.775,-0.131,-0.048,0.763
119,23,461.65,156.69,31.61,63.476,21.545,15.804,FP,,,,,,,
119,24,461.86,155.09,47.41,63.505,21.325,23.704,FP,,,,,,,
119,25,461.42,155.48,72.02,63.446,21.379,36.01,FP,,,,,,,
119,26,231.04,190.44,31.75,31.768,26.185,15.877,FP,,,,,,,
119,27,348.02,198.22,95.58,47.853,27.256,47.79,FP,,,,,,,
119,28,348.24,198.76,31.61,47.884,27.329,15.804,FP,,,,,,,
119,29,135.0,188.5,31.0,18.562,25.919,15.5,FP,,,,,,,
119,30,349.12,198.65,47.34,48.003,27.314,23.669,FP,,,,,,,
119,31,54.39,202.05,95.26,7.478,27.782,47.628,TP,14,0.433,0.658,0.787,-0.216,-0.375,0.658
119,32,346.25,198.65,15.91,47.609,27.314,7.956,FP,,,,,,,
119,33,346.2,198.62,7.8,47.602,27.311,3.898,TP,13,0.437,3.398,3.426,-0.19,0.394,3.398
119,34,347.28,198.25,23.85,47.751,27.259,11.923,FP,,,,,,,
119,35,348.83,198.95,59.13,47.964,27.356,29.567,FP,,,,,,,
119,36,349.77,199.73,79.82,48.094,27.463,39.912,TP,17,1.061,2.689,2.891,-0.697,-0.799,2.689
119,37,53.17,205.57,31.52,7.311,28.266,15.758,FP,,,,,,,
119,38,55.85,201.59,111.02,7.68,27.719,55.508,FP,,,,,,,
119,39,349.58,200.06,71.77,48.068,27.509,35.886,FP,,,,,,,
119,40,53.7,204.65,47.41,7.383,28.14,23.705,FP,,,,,,,
119,41,53.71,201.76,71.6,7.385,27.743,35.8,FP,,,,,,,
119,42,152.92,206.89,95.55,21.026,28.447,47.776,FP,,,,,,,
119,43,156.12,203.17,31.72,21.467,27.935,15.858,FP,,,,,,,
119,44,54.76,201.83,80.03,7.53,27.751,40.016,FP,,,,,,,
119,45,56.29,205.63,159.67,7.74,28.274,79.836,FP,,,,,,,
119,46,53.18,204.78,59.09,7.312,28.158,29.544,FP,,,,,,,
119,47,56.71,205.61,167.63,7.798,28.271,83.814,FP,,,,,,,
119,48,52.12,204.88,8.0,7.167,28.17,4.0,FP,,,,,,,
119,49,57.71,207.08,143.62,7.935,28.474,71.812,FP,,,,,,,
119,50,272.98,247.28,31.5,37.535,34.001,15.75,FP,,,,,,,
119,51,93.63,276.59,31.59,12.875,38.032,15.795,FP,,,,,,,
119,52,91.04,282.78,95.54,12.517,38.882,47.771,FP,,,,,,,
119,53,420.13,289.02,95.59,57.767,39.741,47.794,TP,20,0.277,2.867,2.881,-0.218,0.171,-2.867
119,54,415.45,290.31,31.5,57.125,39.918,15.748,FP,,,,,,,
119,55,417.97,289.15,47.3,57.472,39.758,23.648,FP,,,,,,,
119,56,412.54,290.0,7.59,56.724,39.875,3.795,FP,,,,,,,
119,57,412.6,290.2,15.6,56.733,39.903,7.8,FP,,,,,,,
119,58,418.75,289.5,111.38,57.578,39.806,55.688,FP,,,,,,,
119,59,191.98,303.9,95.55,26.397,41.787,47.774,FP,,,,,,,
119,60,187.58,330.27,31.58,25.793,45.411,15.791,FP,,,,,,,
119,61,282.54,322.28,95.62,38.849,44.313,47.812,FP,,,,,,,
119,62,287.12,321.17,31.22,39.479,44.162,15.61,FP,,,,,,,
119,63,287.54,320.49,47.25,39.536,44.068,23.626,FP,,,,,,,
119,64,286.31,321.22,7.82,39.367,44.168,3.908,FP,,,,,,,
119,65,286.29,321.25,16.05,39.364,44.172,8.024,FP,,,,,,,
119,66,193.24,341.81,95.62,26.57,46.999,47.808,FP,,,,,,,
119,67,361.08,340.57,31.72,49.648,46.828,15.862,TP,26,1.002,3.319,3.467,-0.98,-0.209,3.319
119,68,195.38,340.15,71.54,26.865,46.771,35.769,FP,,,,,,,
119,69,34.76,360.1,95.62,4.78,49.514,47.809,FP,,,,,,,
119,70,38.39,347.29,159.58,5.279,47.752,79.791,FP,,,,,,,
119,71,33.21,358.95,35.37,4.567,49.356,17.684,FP,,,,,,,
119,72,40.0,349.0,167.0,5.5,47.987,83.5,FP,,,,,,,
119,73,31.7,355.5,15.92,4.358,48.881,7.959,TP,25,1.123,1.946,2.247,-0.448,1.03,1.946
119,74,31.4,355.4,7.62,4.318,48.868,3.809,FP,,,,,,,
119,75,32.22,356.21,23.82,4.431,48.979,11.909,FP,,,,,,,
119,76,33.0,359.0,59.0,4.537,49.362,29.5,FP,,,,,,,
119,77,30.12,360.47,71.65,4.142,49.565,35.827,FP,,,,,,,
119,78,107.17,376.09,31.65,14.735,51.713,15.823,FP,,,,,,,
119,79,319.55,401.13,31.62,43.939,55.155,15.811,TP,34,0.536,2.18,2.245,-0.512,-0.161,2.18
119,80,322.67,400.42,47.6,44.367,55.058,23.798,FP,,,,,,,
119,81,321.01,412.93,95.61,44.139,56.778,47.805,FP,,,,,,,
119,82,317.1,404.58,71.52,43.601,55.63,35.758,FP,,,,,,,
119,83,415.38,412.79,31.57,57.115,56.759,15.786,FP,,,,,,,
119,84,416.92,412.77,95.45,57.327,56.756,47.727,FP,,,,,,,
119,85,415.0,412.0,47.0,57.062,56.65,23.5,FP,,,,,,,
119,86,501.58,425.56,8.15,68.967,58.515,4.073,FP,,,,,,,
119,87,330.02,429.16,159.74,45.378,59.009,79.869,FP,,,,,,,
119,88,329.79,428.29,167.38,45.346,58.89,83.688,FP,,,,,,,
119,89,30.42,447.78,95.55,4.182,61.569,47.775,FP,,,,,,,
119,90,210.1,454.67,31.59,28.889,62.518,15.793,FP,,,,,,,
119,91,32.14,444.29,79.43,4.42,61.089,39.714,FP,,,,,,,
119,92,29.99,448.57,31.43,4.124,61.679,15.713,FP,,,,,,,
119,93,202.44,451.73,95.5,27.835,62.113,47.748,FP,,,,,,,
119,94,207.79,454.93,47.18,28.572,62.553,23.588,FP,,,,,,,
119,95,209.88,453.21,15.92,28.859,62.316,7.958,TP,42,0.773,2.038,2.18,-0.729,-0.257,-2.038
119,96,224.99,455.3,95.57,30.935,62.604,47.787,FP,,,,,,,
119,97,205.61,454.9,59.05,28.271,62.549,29.524,FP,,,,,,,
119,98,217.7,452.3,143.6,29.934,62.191,71.8,FP,,,,,,,
119,99,212.5,454.5,159.0,29.219,62.494,79.5,FP,,,,,,,
119,100,338.67,459.17,31.25,46.567,63.135,15.625,FP,,,,,,,
119,101,445.0,484.0,31.0,61.188,66.55,15.5,FP,,,,,,,
119,102,477.94,499.41,31.55,65.717,68.669,15.777,FP,,,,,,,
119,103,475.9,498.13,95.71,65.436,68.493,47.856,FP,,,,,,,
119,104,476.91,497.88,7.79,65.575,68.459,3.893,FP,,,,,,,
119,105,477.86,498.31,15.75,65.706,68.518,7.874,FP,,,,,,,
119,106,477.0,500.0,111.0,65.588,68.75,55.5,FP,,,,,,,
119,,,,,66.259,0.531,77.539,FN,0,,,,,,
119,,,,,55.721,6.303,71.217,FN,2,,,,,,
119,,,,,8.144,8.143,73.389,FN,3,,,,,,
119,,,,,55.44,8.419,36.526,FN,5,,,,,,
119,,,,,54.451,9.243,33.405,FN,6,,,,,,
119,,,,,5.533,12.337,17.004,FN,7,,,,,,
119,,,,,18.407,14.91,80.371,FN,8,,,,,,
119,,,,,19.974,23.008,77.963,FN,10,,,,,,
119,,,,,68.688,25.019,70.0,FN,11,,,,,,
119,,,,,31.717,25.972,35.986,FN,12,,,,,,
119,,,,,21.366,28.031,70.906,FN,15,,,,,,
119,,,,,17.442,29.583,89.79,FN,16,,,,,,
119,,,,,38.094,33.996,66.179,FN,18,,,,,,
119,,,,,13.143,37.709,21.0,FN,19,,,,,,
119,,,,,55.175,40.719,49.276,FN,21,,,,,,
119,,,,,27.054,41.835,83.304,FN,22,,,,,,
119,,,,,39.5,44.17,77.655,FN,23,,,,,,
119,,,,,26.601,46.375,67.252,FN,24,,,,,,
119,,,,,0.332,48.425,16.238,FN,27,,,,,,
119,,,,,61.61,49.443,92.425,FN,28,,,,,,
119,,,,,4.44,49.464,65.69,FN,29,,,,,,
119,,,,,7.301,52.268,11.5,FN,30,,,,,,
119,,,,,14.882,52.38,25.239,FN,31,,,,,,
119,,,,,2.614,53.565,60.24,FN,32,,,,,,
119,,,,,61.825,54.226,81.5,FN,33,,,,,,
119,,,,,51.111,55.05,80.5,FN,35,,,,,,
119,,,,,57.471,56.489,53.929,FN,36,,,,,,
119,,,,,20.392,56.089,1.2,FN,37,,,,,,
119,,,,,68.96,58.511,89.248,FN,38,,,,,,
119,,,,,15.585,59.956,19.945,FN,39,,,,,,
119,,,,,4.241,61.155,69.273,FN,40,,,,,,
119,,,,,35.532,62.049,74.464,FN,41,,,,,,
119,,,,,46.968,63.1,32.68,FN,43,,,,,,
119,,,,,35.139,64.296,81.312,FN,44,,,,,,
119,,,,,42.573,64.699,87.304,FN,45,,,,,,
119,,,,,41.044,66.816,98.742,FN,46,,,,,,
119,,,,,65.803,68.367,41.89,FN,47,,,,,,
119,,,,,17.21,69.119,16.453,FN,48,,,,,,
119,,,,,50.582,69.352,84.862,FN,49,,,,,,
121,0,194.5,11.33,95.33,26.744,1.558,47.667,FP,,,,,,,
121,1,371.99,24.04,31.63,51.148,3.305,15.814,FP,,,,,,,
121,2,49.78,58.12,31.68,6.844,7.992,15.841,FP,,,,,,,
121,3,478.11,68.18,31.66,65.74,9.374,15.83,FP,,,,,,,
121,4,473.89,71.42,95.62,65.16,9.821,47.81,FP,,,,,,,
121,5,138.21,78.62,31.45,19.004,10.811,15.726,FP,,,,,,,
121,6,56.67,109.2,95.46,7.792,15.014,47.732,FP,,,,,,,
121,7,202.43,118.89,31.52,27.834,16.348,15.758,FP,,,,,,,
121,8,205.69,118.71,92.47,28.283,16.323,46.236,FP,,,,,,,
121,9,203.22,118.76,47.61,27.943,16.329,23.804,FP,,,,,,,
121,10,464.95,119.21,95.58,63.93,16.392,47.792,FP,,,,,,,
121,11,200.25,118.46,15.81,27.535,16.288,7.905,FP,,,,,,,
121,12,200.96,119.18,59.3,27.632,16.387,29.649,FP,,,,,,,
121,13,205.81,118.92,111.27,28.299,16.351,55.635,FP,,,,,,,
121,14,466.15,134.67,31.41,64.095,18.517,15.704,FP,,,,,,,
121,15,276.02,150.2,31.73,37.953,20.653,15.864,FP,,,,,,,
121,16,277.0,148.1,41.9,38.088,20.364,20.95,FP,,,,,,,
121,17,56.87,169.56,30.47,7.82,23.314,15.234,FP,,,,,,,
121,18,59.1,173.3,95.6,8.126,23.829,47.801,FP,,,,,,,
121,19,57.48,169.9,46.84,7.904,23.361,23.418,FP,,,,,,,
121,20,56.96,166.58,7.89,7.832,22.905,3.943,TP,14,0.259,4.334,4.342,0.243,0.09,-4.334
121,21,56.47,167.22,15.94,7.765,22.992,7.972,FP,,,,,,,
121,22,57.24,166.72,110.97,7.87,22.924,55.483,FP,,,,,,,
121,23,54.77,167.15,79.82,7.53,22.982,39.911,FP,,,,,,,
121,24,54.21,167.53,159.57,7.453,23.035,79.784,FP,,,,,,,
121,25,53.58,166.76,152.09,7.367,22.929,76.046,FP,,,,,,,
121,26,56.99,171.6,58.98,7.836,23.595,29.49,FP,,,,,,,
121,27,53.43,166.71,71.71,7.346,22.923,35.857,FP,,,,,,,
121,28,54.36,168.9,167.45,7.475,23.223,83.724,FP,,,,,,,
121,29,332.89,181.12,91.3,45.772,24.904,45.652,FP,,,,,,,
121,30,346.49,184.37,31.63,47.642,25.351,15.816,FP,,,,,,,
121,31,332.37,181.3,71.88,45.701,24.929,35.942,TP,15,0.311,1.203,1.242,-0.099,0.294,1.203
121,32,333.8,179.77,110.91,45.898,24.719,55.457,FP,,,,,,,
121,33,333.75,179.38,59.0,45.891,24.664,29.5,FP,,,,,,,
121,34,367.65,185.07,95.74,50.552,25.448,47.87,FP,,,,,,,
121,35,364.61,186.34,71.99,50.134,25.622,35.994,FP,,,,,,,
121,36,366.48,185.15,79.77,50.391,25.459,39.887,TP,16,0.089,2.485,2.486,-0.058,0.068,-2.485
121,37,350.15,184.73,7.55,48.146,25.4,3.773,FP,,,,,,,
121,38,369.39,184.52,110.87,50.791,25.372,55.435,FP,,,,,,,
121,39,366.94,184.83,88.06,50.455,25.415,44.028,FP,,,,,,,
121,40,491.94,199.3,31.62,67.642,27.404,15.811,FP,,,,,,,
121,41,487.86,198.63,95.55,67.081,27.312,47.776,FP,,,,,,,
121,42,491.97,199.33,15.72,67.646,27.408,7.858,TP,18,0.472,2.944,2.982,-0.184,0.435,2.944
121,43,492.01,199.84,7.53,67.651,27.478,3.763,FP,,,,,,,
121,44,413.37,227.59,95.54,56.838,31.294,47.772,FP,,,,,,,
121,45,413.18,234.96,31.62,56.812,32.307,15.812,FP,,,,,,,
121,46,412.44,234.32,47.45,56.71,32.22,23.727,FP,,,,,,,
121,47,297.26,263.95,31.24,40.873,36.293,15.622,FP,,,,,,,
121,48,458.5,263.5,31.0,63.044,36.231,15.5,FP,,,,,,,
121,49,429.09,271.53,95.72,59.0,37.335,47.861,FP,,,,,,,
121,50,427.56,273.33,111.44,58.789,37.583,55.722,FP,,,,,,,
121,51,269.66,296.81,95.44,37.078,40.811,47.721,TP,28,0.449,1.906,1.958,0.071,-0.443,-1.906
121,52,268.89,299.05,70.05,36.973,41.12,35.026,FP,,,,,,,
121,53,264.68,302.42,31.42,36.394,41.583,15.711,FP,,,,,,,
121,54,373.33,303.98,31.53,51.333,41.798,15.765,FP,,,,,,,
121,55,371.67,303.5,53.33,51.104,41.731,26.667,FP,,,,,,,
121,56,193.61,335.93,95.51,26.622,46.19,47.755,FP,,,,,,,
121,57,194.31,335.98,31.51,26.717,46.197,15.755,FP,,,,,,,
121,58,194.34,333.0,71.75,26.722,45.788,35.873,TP,32,0.237,4.542,4.548,-0.054,-0.231,-4.542
121,59,193.46,332.14,79.77,26.601,45.669,39.887,FP,,,,,,,
121,60,195.13,335.1,47.46,26.831,46.077,23.729,FP,,,,,,,
121,61,192.78,334.82,7.76,26.507,46.037,3.88,FP,,,,,,,
121,62,193.58,335.18,15.95,26.617,46.087,7.973,FP,,,,,,,
121,63,195.51,335.5,111.43,26.883,46.132,55.715,FP,,,,,,,
121,64,194.26,335.06,59.19,26.711,46.07,29.593,FP,,,,,,,
121,65,280.17,353.1,95.59,38.523,48.551,47.793,FP,,,,,,,
121,66,316.03,356.81,95.46,43.454,49.062,47.73,FP,,,,,,,
121,67,317.86,355.0,79.43,43.705,48.812,39.714,FP,,,,,,,
121,68,322.14,369.74,31.59,44.294,50.839,15.795,TP,34,0.806,1.58,1.774,0.494,0.636,-1.58
121,69,474.16,364.65,95.54,65.197,50.139,47.772,FP,,,,,,,
121,70,407.42,361.67,31.46,56.021,49.73,15.731,FP,,,,,,,
121,71,323.92,369.13,47.55,44.539,50.756,23.774,FP,,,,,,,
121,72,412.23,369.3,95.63,56.682,50.779,47.813,FP,,,,,,,
121,73,328.44,372.14,95.58,45.16,51.169,47.792,FP,,,,,,,
121,74,319.37,371.44,7.82,43.913,51.072,3.91,FP,,,,,,,
121,75,318.98,371.02,15.88,43.86,51.015,7.939,FP,,,,,,,
121,76,154.45,433.62,31.58,21.237,59.622,15.792,TP,40,0.565,0.503,0.757,0.058,0.562,0.503
121,77,155.95,432.77,95.56,21.443,59.506,47.78,FP,,,,,,,
121,78,155.43,433.22,47.44,21.371,59.568,23.72,FP,,,,,,,
121,79,18.14,441.11,31.59,2.494,60.653,15.793,TP,41,0.303,1.972,1.996,-0.182,-0.242,-1.972
121,80,16.88,443.68,95.55,2.32,61.006,47.773,FP,,,,,,,
121,81,455.93,448.05,95.58,62.691,61.607,47.792,FP,,,,,,,
121,82,18.76,442.9,47.44,2.579,60.898,23.721,FP,,,,,,,
121,83,456.23,447.72,31.79,62.732,61.562,15.897,FP,,,,,,,
121,84,460.69,443.35,159.46,63.344,60.961,79.731,FP,,,,,,,
121,85,454.59,445.44,123.03,62.507,61.248,61.516,FP,,,,,,,
121,86,458.94,446.29,7.88,63.105,61.365,3.94,FP,,,,,,,
121,87,457.6,445.88,47.74,62.921,61.309,23.872,FP,,,,,,,
121,88,456.27,446.88,111.43,62.738,61.446,55.716,FP,,,,,,,
121,89,457.79,446.95,16.24,62.946,61.456,8.119,FP,,,,,,,
121,90,457.53,447.13,79.66,62.911,61.481,39.828,FP,,,,,,,
121,91,460.17,444.83,144.0,63.273,61.165,72.0,TP,42,0.289,1.579,1.605,0.243,-0.156,1.579
121,92,457.62,448.0,71.54,62.922,61.6,35.769,FP,,,,,,,
121,93,188.19,453.31,95.31,25.876,62.33,47.656,FP,,,,,,,
121,94,298.27,464.16,95.56,41.013,63.822,47.781,FP,,,,,,,
121,95,298.3,463.77,31.58,41.016,63.769,15.792,FP,,,,,,,
121,96,298.56,463.56,47.11,41.051,63.739,23.556,FP,,,,,,,
121,97,229.99,484.03,31.58,31.624,66.554,15.791,FP,,,,,,,
121,98,227.85,481.79,95.6,31.329,66.246,47.799,FP,,,,,,,
121,99,62.77,495.68,95.59,8.631,68.155,47.794,FP,,,,,,,
121,100,62.08,488.62,23.84,8.536,67.185,11.919,FP,,,,,,,
121,101,62.65,488.87,15.96,8.615,67.22,7.978,FP,,,,,,,
121,102,62.2,489.0,31.5,8.553,67.238,15.75,FP,,,,,,,
121,,,,,12.955,1.95,60.482,FN,0,,,,,,
121,,,,,51.45,3.073,42.677,FN,1,,,,,,
121,,,,,17.677,3.934,15.224,FN,2,,,,,,
121,,,,,6.682,6.366,27.534,FN,3,,,,,,
121,,,,,32.002,7.721,86.671,FN,4,,,,,,
121,,,,,65.177,9.159,10.018,FN,5,,,,,,
121,,,,,19.422,10.467,62.504,FN,6,,,,,,
121,,,,,10.597,11.309,70.587,FN,7,,,,,,
121,,,,,16.49,15.41,91.5,FN,8,,,,,,
121,,,,,63.773,16.377,38.495,FN,9,,,,,,
121,,,,,28.078,16.617,35.946,FN,10,,,,,,
121,,,,,3.258,17.658,39.392,FN,11,,,,,,
121,,,,,64.732,19.296,71.771,FN,12,,,,,,
121,,,,,38.2,20.355,68.743,FN,13,,,,,,
121,,,,,36.847,26.558,98.254,FN,17,,,,,,
121,,,,,46.256,28.195,87.659,FN,19,,,,,,
121,,,,,55.962,31.174,3.331,FN,20,,,,,,
121,,,,,58.038,32.01,72.306,FN,21,,,,,,
121,,,,,32.288,34.838,46.735,FN,22,,,,,,
121,,,,,64.208,35.206,65.465,FN,23,,,,,,
121,,,,,42.824,35.727,90.884,FN,24,,,,,,
121,,,,,40.876,36.196,75.719,FN,25,,,,,,
121,,,,,59.058,37.301,42.431,FN,26,,,,,,
121,,,,,38.9,38.925,64.829,FN,27,,,,,,
121,,,,,51.141,41.693,60.486,FN,29,,,,,,
121,,,,,54.325,42.927,64.203,FN,30,,,,,,
121,,,,,45.622,44.89,52.128,FN,31,,,,,,
121,,,,,68.571,45.949,62.0,FN,33,,,,,,
121,,,,,65.426,49.474,63.14,FN,35,,,,,,
121,,,,,56.355,49.41,67.5,FN,36,,,,,,
121,,,,,45.08,51.061,67.863,FN,37,,,,,,
121,,,,,35.288,52.006,24.976,FN,38,,,,,,
121,,,,,36.862,53.104,96.313,FN,39,,,,,,
121,,,,,41.139,63.683,64.954,FN,43,,,,,,
121,,,,,62.387,63.167,93.744,FN,44,,,,,,
121,,,,,31.539,66.201,9.5,FN,45,,,,,,
121,,,,,4.623,67.024,97.869,FN,46,,,,,,
121,,,,,8.609,67.273,80.283,FN,47,,,,,,
121,,,,,13.03,67.896,83.962,FN,48,,,,,,
121,,,,,17.85,68.578,94.235,FN,49,,,,,,
123,0,300.35,35.82,31.19,41.299,4.926,15.596,TP,2,0.317,2.658,2.677,0.301,0.098,-2.658
123,1,298.55,34.31,95.51,41.051,4.717,47.753,FP,,,,,,,
123,2,297.41,32.69,111.39,40.894,4.495,55.695,FP,,,,,,,
123,3,302.66,34.83,47.42,41.616,4.79,23.709,FP,,,,,,,
123,4,299.33,34.16,15.96,41.158,4.697,7.981,FP,,,,,,,
123,5,299.59,33.69,7.81,41.194,4.633,3.903,FP,,,,,,,
123,6,304.07,35.21,59.16,41.81,4.841,29.581,FP,,,,,,,
123,7,229.46,44.32,31.59,31.551,6.094,15.797,TP,3,0.685,3.781,3.843,-0.684,0.043,3.781
123,8,455.63,96.84,95.59,62.649,13.316,47.793,FP,,,,,,,
123,9,454.69,99.12,31.54,62.52,13.629,15.771,FP,,,,,,,
123,10,172.46,103.81,31.59,23.714,14.273,15.796,FP,,,,,,,
123,11,456.04,97.78,47.56,62.706,13.445,23.782,FP,,,,,,,
123,12,457.9,96.44,111.29,62.961,13.26,55.647,FP,,,,,,,
123,13,171.72,99.18,47.56,23.612,13.638,23.78,FP,,,,,,,
123,14,310.34,101.23,95.54,42.671,13.919,47.771,FP,,,,,,,
123,15,452.3,97.81,7.72,62.191,13.448,3.861,FP,,,,,,,
123,16,452.91,98.22,15.87,62.275,13.506,7.936,FP,,,,,,,
123,17,453.39,97.01,79.81,62.341,13.339,39.907,TP,5,0.329,3.463,3.478,-0.307,-0.119,3.463
123,18,454.59,97.15,59.15,62.506,13.358,29.573,FP,,,,,,,
123,19,167.01,101.36,95.62,22.964,13.938,47.81,FP,,,,,,,
123,20,453.82,98.2,24.0,62.401,13.502,12.0,FP,,,,,,,
123,21,453.06,97.69,71.56,62.296,13.432,35.781,FP,,,,,,,
123,22,171.59,99.83,7.52,23.593,13.726,3.759,TP,7,0.315,2.495,2.515,0.311,0.053,2.495
123,23,311.0,99.67,79.8,42.763,13.704,39.9,FP,,,,,,,
123,24,455.69,99.42,159.47,62.658,13.671,79.737,FP,,,,,,,
123,25,456.17,98.9,167.5,62.724,13.598,83.75,FP,,,,,,,
123,26,458.2,97.4,123.0,63.003,13.393,61.5,FP,,,,,,,
123,27,311.0,99.5,72.0,42.763,13.681,36.0,FP,,,,,,,
123,28,300.4,108.83,31.56,41.306,14.964,15.781,FP,,,,,,,
123,29,169.5,101.5,111.0,23.306,13.956,55.5,FP,,,,,,,
123,30,236.1,173.42,31.61,32.463,23.845,15.807,FP,,,,,,,
123,31,229.73,172.35,95.53,31.588,23.698,47.763,FP,,,,,,,
123,32,235.18,168.86,78.04,32.337,23.218,39.022,TP,9,0.296,1.239,1.274,-0.284,0.081,-1.239
123,33,233.95,166.29,159.52,32.168,22.864,79.762,FP,,,,,,,
123,34,234.81,170.88,59.19,32.286,23.497,29.593,FP,,,,,,,
123,35,236.37,172.3,7.79,32.501,23.691,3.895,TP,10,0.853,2.651,2.785,0.467,0.714,2.651
123,36,236.87,173.11,15.85,32.569,23.803,7.925,FP,,,,,,,
123,37,237.71,174.03,23.82,32.685,23.93,11.91,FP,,,,,,,
123,38,236.03,172.28,47.63,32.453,23.688,23.813,FP,,,,,,,
123,39,148.91,198.5,31.67,20.475,27.293,15.835,FP,,,,,,,
123,40,316.96,200.7,31.61,43.581,27.597,15.804,FP,,,,,,,
123,41,318.9,200.9,95.57,43.849,27.624,47.784,FP,,,,,,,
123,42,104.62,203.7,31.69,14.385,28.009,15.847,FP,,,,,,,
123,43,144.71,203.5,95.59,19.897,27.982,47.795,FP,,,,,,,
123,44,148.57,198.35,47.62,20.429,27.274,23.808,FP,,,,,,,
123,45,112.95,204.05,95.7,15.53,28.058,47.85,FP,,,,,,,
123,46,316.75,199.07,111.33,43.553,27.372,55.664,TP,15,0.329,1.961,1.989,-0.118,-0.308,-1.961
123,47,318.86,201.95,47.43,43.844,27.768,23.716,FP,,,,,,,
123,48,318.95,201.95,79.88,43.856,27.769,39.942,FP,,,,,,,
123,49,116.48,203.42,79.72,16.016,27.97,39.86,FP,,,,,,,
123,50,318.32,202.5,71.82,43.769,27.844,35.909,FP,,,,,,,
123,51,497.71,207.25,31.63,68.435,28.496,15.816,FP,,,,,,,
123,52,109.5,203.5,135.0,15.056,27.981,67.5,FP,,,,,,,
123,53,416.16,237.45,31.59,57.222,32.649,15.797,FP,,,,,,,
123,54,10.4,229.91,95.48,1.43,31.613,47.74,FP,,,,,,,
123,55,13.01,241.03,31.62,1.789,33.141,15.812,FP,,,,,,,
123,56,413.71,235.38,47.55,56.885,32.364,23.774,FP,,,,,,,
123,57,415.05,242.16,95.59,57.07,33.296,47.793,FP,,,,,,,
123,58,416.25,239.58,159.94,57.235,32.942,79.97,FP,,,,,,,
123,59,415.94,241.55,111.46,57.192,33.214,55.732,FP,,,,,,,
123,60,416.23,240.73,167.61,57.232,33.1,83.805,FP,,,,,,,
123,61,420.16,239.42,15.52,57.772,32.92,7.758,FP,,,,,,,
123,62,324.68,246.58,31.55,44.643,33.905,15.775,FP,,,,,,,
123,63,324.86,248.27,9.02,44.668,34.138,4.509,FP,,,,,,,
123,64,235.27,266.11,94.1,32.35,36.591,47.05,FP,,,,,,,
123,65,234.9,264.8,31.0,32.299,36.41,15.5,FP,,,,,,,
123,66,198.76,304.9,95.09,27.33,41.923,47.547,TP,26,0.441,4.51,4.532,-0.303,0.32,-4.51
123,67,199.26,304.91,159.68,27.398,41.925,79.839,FP,,,,,,,
123,68,165.22,307.73,31.57,22.718,42.312,15.787,FP,,,,,,,
123,69,200.14,303.47,80.0,27.519,41.726,40.0,FP,,,,,,,
123,70,196.82,308.79,31.53,27.063,42.458,15.767,FP,,,,,,,
123,71,199.72,305.08,167.49,27.461,41.948,83.744,FP,,,,,,,
123,72,8.47,317.36,31.55,1.164,43.638,15.775,FP,,,,,,,
123,73,265.07,312.0,2.75,36.447,42.9,1.375,FP,,,,,,,
123,74,6.49,314.81,47.54,0.893,43.286,23.771,FP,,,,,,,
123,75,57.42,333.91,95.59,7.896,45.913,47.796,FP,,,,,,,
123,76,19.89,327.57,95.45,2.734,45.04,47.726,FP,,,,,,,
123,77,197.93,328.2,95.46,27.215,45.127,47.732,FP,,,,,,,
123,78,58.33,332.01,31.51,8.02,45.652,15.755,FP,,,,,,,
123,79,199.3,335.5,31.2,27.404,46.131,15.6,FP,,,,,,,
123,80,313.96,377.27,95.55,43.169,51.875,47.776,FP,,,,,,,
123,81,304.62,377.01,31.46,41.886,51.839,15.731,FP,,,,,,,
123,82,308.86,389.92,95.51,42.468,53.614,47.755,FP,,,,,,,
123,83,310.02,395.04,31.48,42.627,54.318,15.742,FP,,,,,,,
123,84,17.5,407.24,31.5,2.406,55.996,15.751,FP,,,,,,,
123,85,97.7,419.76,31.66,13.433,57.717,15.829,FP,,,,,,,
123,86,234.57,425.34,31.57,32.253,58.484,15.786,TP,42,0.456,2.405,2.448,-0.448,0.088,2.405
123,87,240.72,423.94,74.54,33.099,58.291,37.268,FP,,,,,,,
123,88,236.81,425.01,23.82,32.562,58.439,11.912,FP,,,,,,,
123,89,234.25,430.15,95.56,32.21,59.146,47.782,FP,,,,,,,
123,90,236.4,425.48,47.46,32.505,58.503,23.731,FP,,,,,,,
123,91,236.39,424.88,15.93,32.504,58.421,7.966,FP,,,,,,,
123,92,236.0,424.5,8.0,32.45,58.369,4.0,FP,,,,,,,
123,93,237.62,425.09,39.81,32.673,58.45,19.906,FP,,,,,,,
123,94,235.71,425.57,59.0,32.411,58.516,29.5,FP,,,,,,,
123,95,236.1,426.58,87.82,32.464,58.654,43.912,TP,39,1.063,0.868,1.372,-0.872,0.609,0.868
123,96,317.0,433.0,95.0,43.588,59.538,47.5,FP,,,,,,,
123,97,318.37,457.97,31.67,43.776,62.971,15.835,FP,,,,,,,
123,98,328.78,464.12,95.53,45.208,63.817,47.766,FP,,,,,,,
123,99,493.25,475.82,31.55,67.822,65.426,15.776,FP,,,,,,,
123,100,493.0,478.5,95.0,67.787,65.794,47.5,FP,,,,,,,
123,,,,,50.537,0.663,47.0,FN,0,,,,,,
123,,,,,45.745,2.898,89.5,FN,1,,,,,,
123,,,,,52.926,6.03,50.755,FN,4,,,,,,
123,,,,,42.565,13.708,59.588,FN,6,,,,,,
123,,,,,39.311,15.896,82.778,FN,8,,,,,,
123,,,,,54.575,25.945,71.234,FN,11,,,,,,
123,,,,,34.043,26.992,48.219,FN,12,,,,,,
123,,,,,15.218,28.022,26.823,FN,13,,,,,,
123,,,,,20.424,27.346,73.275,FN,14,,,,,,
123,,,,,68.867,28.424,34.677,FN,16,,,,,,
123,,,,,56.83,32.644,4.167,FN,17,,,,,,
123,,,,,0.481,32.51,8.795,FN,18,,,,,,
123,,,,,31.387,34.536,17.747,FN,19,,,,,,
123,,,,,44.863,34.206,89.029,FN,20,,,,,,
123,,,,,36.407,35.049,77.75,FN,21,,,,,,
123,,,,,32.43,36.678,34.929,FN,22,,,,,,
123,,,,,55.147,37.258,80.143,FN,23,,,,,,
123,,,,,21.818,37.896,56.701,FN,24,,,,,,
123,,,,,18.685,39.725,85.104,FN,25,,,,,,
123,,,,,69.799,42.896,68.966,FN,27,,,,,,
123,,,,,36.404,42.9,96.236,FN,28,,,,,,
123,,,,,1.402,44.458,1.169,FN,29,,,,,,
123,,,,,22.369,44.078,21.127,FN,30,,,,,,
123,,,,,7.921,45.64,74.275,FN,31,,,,,,
123,,,,,5.294,48.479,55.018,FN,32,,,,,,
123,,,,,69.662,49.978,50.761,FN,33,,,,,,
123,,,,,2.75,53.426,16.996,FN,34,,,,,,
123,,,,,42.583,53.197,12.545,FN,35,,,,,,
123,,,,,19.509,56.911,82.023,FN,36,,,,,,
123,,,,,13.925,57.526,43.507,FN,37,,,,,,
123,,,,,3.758,58.242,36.407,FN,38,,,,,,
123,,,,,48.802,58.051,94.026,FN,40,,,,,,
123,,,,,60.374,58.629,93.733,FN,41,,,,,,
123,,,,,43.82,59.184,23.736,FN,43,,,,,,
123,,,,,50.692,60.061,38.048,FN,44,,,,,,
123,,,,,44.862,61.389,98.509,FN,45,,,,,,
123,,,,,9.409,61.369,12.5,FN,46,,,,,,
123,,,,,45.068,64.007,1.396,FN,47,,,,,,
123,,,,,67.587,65.266,58.947,FN,48,,,,,,
123,,,,,35.531,69.391,28.035,FN,49,,,,,,
13,0,213.25,8.36,31.64,29.322,1.15,15.819,FP,,,,,,,
13,1,411.15,6.98,31.54,56.533,0.959,15.769,FP,,,,,,,
13,2,287.51,12.94,95.51,39.532,1.779,47.757,FP,,,,,,,
13,3,288.54,17.06,31.59,39.674,2.345,15.796,FP,,,,,,,
13,4,74.21,18.06,95.52,10.203,2.484,47.762,FP,,,,,,,
13,5,288.35,15.99,47.52,39.648,2.199,23.76,TP,3,0.642,2.01,2.11,0.272,0.582,-2.01
13,6,78.77,19.97,31.6,10.831,2.746,15.802,FP,,,,,,,
13,7,488.17,26.69,31.62,67.123,3.67,15.812,FP,,,,,,,
13,8,488.27,27.5,16.32,67.138,3.781,8.159,FP,,,,,,,
13,9,467.31,34.12,95.43,64.256,4.691,47.716,FP,,,,,,,
13,10,74.91,76.62,95.22,10.3,10.535,47.611,FP,,,,,,,
13,11,365.5,56.07,31.57,50.257,7.71,15.784,FP,,,,,,,
13,12,363.22,62.79,95.62,49.943,8.633,47.812,FP,,,,,,,
13,13,158.43,66.35,95.51,21.784,9.123,47.753,FP,,,,,,,
13,14,164.59,74.56,31.63,22.631,10.252,15.816,FP,,,,,,,
13,15,161.61,66.64,47.46,22.221,9.163,23.73,FP,,,,,,,
13,16,75.0,82.41,31.01,10.312,11.332,15.506,TP,14,0.492,2.047,2.106,-0.105,-0.48,-2.047
13,17,76.13,81.62,47.08,10.468,11.223,23.538,FP,,,,,,,
13,18,74.35,82.5,15.97,10.223,11.344,7.984,FP,,,,,,,
13,19,75.39,80.87,71.86,10.366,11.12,35.929,FP,,,,,,,
13,20,75.59,81.08,80.07,10.394,11.149,40.036,FP,,,,,,,
13,21,74.84,82.75,159.57,10.291,11.378,79.787,FP,,,,,,,
13,22,74.33,79.33,59.0,10.221,10.908,29.5,FP,,,,,,,
13,23,74.46,82.6,7.84,10.239,11.358,3.919,FP,,,,,,,
13,24,74.3,83.73,143.83,10.217,11.512,71.913,FP,,,,,,,
13,25,75.26,82.43,167.47,10.348,11.334,83.733,FP,,,,,,,
13,26,75.0,84.59,135.0,10.312,11.631,67.5,FP,,,,,,,
13,27,74.09,83.33,152.09,10.188,11.458,76.045,FP,,,,,,,
13,28,171.95,84.98,47.48,23.644,11.684,23.739,FP,,,,,,,
13,29,262.16,113.51,31.61,36.047,15.607,15.804,FP,,,,,,,
13,30,344.51,115.8,31.59,47.37,15.922,15.794,TP,19,0.909,2.819,2.962,-0.81,-0.412,2.819
13,31,266.73,117.76,95.41,36.676,16.192,47.706,FP,,,,,,,
13,32,426.41,134.32,31.45,58.631,18.469,15.727,FP,,,,,,,
13,33,77.8,141.0,31.6,10.698,19.387,15.798,FP,,,,,,,
13,34,320.52,173.18,95.53,44.072,23.812,47.765,FP,,,,,,,
13,35,340.92,174.08,9.98,46.876,23.936,4.989,FP,,,,,,,
13,36,330.09,176.61,31.62,45.388,24.284,15.809,FP,,,,,,,
13,37,323.5,177.5,47.0,44.481,24.406,23.5,FP,,,,,,,
13,38,83.46,194.18,95.44,11.476,26.7,47.72,FP,,,,,,,
13,39,248.64,207.33,31.49,34.188,28.508,15.747,FP,,,,,,,
13,40,375.53,230.58,95.68,51.635,31.704,47.84,FP,,,,,,,
13,41,377.91,232.15,110.89,51.963,31.92,55.447,FP,,,,,,,
13,42,370.57,244.35,31.48,50.953,33.598,15.739,FP,,,,,,,
13,43,20.44,268.5,31.57,2.81,36.919,15.783,TP,28,0.678,3.824,3.884,0.346,0.584,-3.824
13,44,135.94,284.51,28.56,18.692,39.12,14.279,FP,,,,,,,
13,45,278.3,306.33,30.74,38.266,42.121,15.37,FP,,,,,,,
13,46,277.41,306.68,95.5,38.144,42.168,47.748,FP,,,,,,,
13,47,278.01,305.12,15.89,38.227,41.954,7.943,TP,34,0.014,3.824,3.824,0.014,-0.005,3.824
13,48,279.93,306.85,47.6,38.49,42.192,23.8,FP,,,,,,,
13,49,277.54,305.29,7.92,38.162,41.978,3.958,FP,,,,,,,
13,50,277.1,304.95,111.24,38.101,41.93,55.622,FP,,,,,,,
13,51,174.93,313.86,95.58,24.054,43.155,47.788,TP,33,0.999,0.837,1.303,0.828,0.56,-0.837
13,52,277.36,307.39,59.21,38.138,42.266,29.605,FP,,,,,,,
13,53,281.59,306.45,159.79,38.719,42.136,79.893,FP,,,,,,,
13,54,350.89,315.86,27.82,48.247,43.43,13.908,FP,,,,,,,
13,55,167.4,315.34,31.58,23.018,43.36,15.792,FP,,,,,,,
13,56,167.92,314.7,47.64,23.089,43.271,23.82,FP,,,,,,,
13,57,350.32,315.0,7.9,48.169,43.312,3.951,FP,,,,,,,
13,58,350.0,315.12,59.17,48.124,43.329,29.586,FP,,,,,,,
13,59,167.31,313.48,59.09,23.006,43.103,29.547,FP,,,,,,,
13,60,350.62,315.85,47.23,48.211,43.429,23.615,FP,,,,,,,
13,61,172.39,313.91,111.36,23.704,43.163,55.682,FP,,,,,,,
13,62,304.57,314.57,95.45,41.878,43.253,47.724,FP,,,,,,,
13,63,340.26,320.04,95.58,46.786,44.006,47.789,FP,,,,,,,
13,64,339.0,316.5,113.5,46.612,43.519,56.75,FP,,,,,,,
13,65,87.28,324.81,31.23,12.002,44.661,15.616,FP,,,,,,,
13,66,185.0,374.5,95.25,25.438,51.494,47.625,FP,,,,,,,
13,67,322.87,377.57,31.46,44.394,51.916,15.731,FP,,,,,,,
13,68,447.97,430.74,31.5,61.595,59.226,15.751,FP,,,,,,,
13,69,195.13,439.45,31.55,26.831,60.424,15.775,FP,,,,,,,
13,70,196.4,437.63,95.57,27.005,60.174,47.786,FP,,,,,,,
13,71,444.38,433.1,95.6,61.103,59.551,47.8,FP,,,,,,,
13,72,194.99,436.3,59.19,26.812,59.991,29.593,FP,,,,,,,
13,73,195.41,438.18,47.5,26.869,60.249,23.749,FP,,,,,,,
13,74,195.6,434.81,80.65,26.896,59.787,40.327,TP,42,0.195,0.332,0.386,-0.071,-0.182,0.332
13,75,196.42,436.99,110.98,27.007,60.086,55.492,FP,,,,,,,
13,76,194.56,438.73,15.91,26.752,60.326,7.955,FP,,,,,,,
13,77,196.5,434.0,72.0,27.019,59.675,36.0,FP,,,,,,,
13,78,194.3,438.93,7.74,26.717,60.353,3.868,FP,,,,,,,
13,79,194.83,437.83,123.0,26.79,60.202,61.5,FP,,,,,,,
13,80,51.76,441.65,95.35,7.118,60.726,47.676,FP,,,,,,,
13,81,418.55,495.6,95.51,57.55,68.145,47.757,FP,,,,,,,
13,82,320.56,483.68,95.55,44.078,66.507,47.775,FP,,,,,,,
13,83,137.12,492.15,31.47,18.854,67.671,15.734,FP,,,,,,,
13,84,414.36,497.26,31.53,56.975,68.373,15.767,FP,,,,,,,
13,85,139.0,489.0,47.0,19.113,67.238,23.5,FP,,,,,,,
13,86,136.32,492.62,15.77,18.744,67.736,7.884,FP,,,,,,,
13,87,136.38,490.75,7.62,18.752,67.478,3.812,FP,,,,,,,
13,88,484.79,492.61,95.48,66.658,67.733,47.738,FP,,,,,,,
13,89,414.24,495.77,15.69,56.958,68.168,7.846,FP,,,,,,,
13,90,414.0,496.0,8.0,56.925,68.2,4.0,FP,,,,,,,
13,91,418.05,501.23,47.8,57.482,68.919,23.898,FP,,,,,,,
13,92,423.36,499.0,79.55,58.213,68.613,39.773,FP,,,,,,,
13,93,420.61,502.81,59.15,57.834,69.137,29.576,FP,,,,,,,
13,94,152.08,504.22,95.46,20.912,69.33,47.729,FP,,,,,,,
13,95,328.3,505.24,31.47,45.141,69.471,15.736,FP,,,,,,,
13,,,,,29.247,0.366,35.699,FN,0,,,,,,
13,,,,,56.519,0.961,35.256,FN,1,,,,,,
13,,,,,68.863,1.392,52.0,FN,2,,,,,,
13,,,,,10.785,2.858,74.277,FN,4,,,,,,
13,,,,,23.227,3.119,80.568,FN,5,,,,,,
13,,,,,67.236,3.87,83.82,FN,6,,,,,,
13,,,,,1.988,4.877,98.261,FN,7,,,,,,
13,,,,,64.198,5.308,22.878,FN,8,,,,,,
13,,,,,11.359,6.8,77.0,FN,9,,,,,,
13,,,,,50.261,8.328,9.538,FN,10,,,,,,
13,,,,,21.696,8.531,32.39,FN,11,,,,,,
13,,,,,63.348,10.841,94.422,FN,12,,,,,,
13,,,,,35.045,11.407,25.855,FN,13,,,,,,
13,,,,,24.005,11.71,0.725,FN,15,,,,,,
13,,,,,65.733,12.77,58.991,FN,16,,,,,,
13,,,,,47.301,15.099,7.67,FN,17,,,,,,
13,,,,,35.772,16.244,33.149,FN,18,,,,,,
13,,,,,58.36,17.949,43.405,FN,20,,,,,,
13,,,,,16.228,17.89,94.089,FN,21,,,,,,
13,,,,,10.829,18.895,61.364,FN,22,,,,,,
13,,,,,11.474,21.72,0.741,FN,23,,,,,,
13,,,,,45.11,23.493,6.919,FN,24,,,,,,
13,,,,,47.07,23.646,86.299,FN,25,,,,,,
13,,,,,34.94,28.658,21.516,FN,26,,,,,,
13,,,,,52.108,31.927,20.761,FN,27,,,,,,
13,,,,,2.764,37.114,88.5,FN,29,,,,,,
13,,,,,18.681,38.316,95.403,FN,30,,,,,,
13,,,,,18.72,39.096,78.257,FN,31,,,,,,
13,,,,,64.76,42.167,88.825,FN,32,,,,,,
13,,,,,46.764,43.515,18.385,FN,35,,,,,,
13,,,,,50.047,44.322,17.0,FN,36,,,,,,
13,,,,,12.315,44.482,76.492,FN,37,,,,,,
13,,,,,20.46,45.487,69.409,FN,38,,,,,,
13,,,,,45.691,51.648,9.292,FN,39,,,,,,
13,,,,,66.559,52.826,63.612,FN,40,,,,,,
13,,,,,61.826,58.811,0.75,FN,41,,,,,,
13,,,,,56.368,65.265,19.338,FN,43,,,,,,
13,,,,,19.378,66.964,52.869,FN,44,,,,,,
13,,,,,44.611,66.072,79.815,FN,45,,,,,,
13,,,,,66.521,66.894,71.483,FN,46,,,,,,
13,,,,,13.048,68.605,71.855,FN,47,,,,,,
13,,,,,58.022,68.962,56.709,FN,48,,,,,,
13,,,,,17.738,70.007,45.669,FN,49,,,,,,
143,0,505.96,23.1,31.53,69.569,3.177,15.765,FP,,,,,,,
143,1,412.05,52.17,31.3,56.657,7.173,15.652,FP,,,,,,,
143,2,413.74,56.75,95.53,56.89,7.803,47.767,FP,,,,,,,
143,3,112.47,42.39,31.56,15.465,5.828,15.781,FP,,,,,,,
143,4,411.87,54.85,58.79,56.632,7.542,29.393,FP,,,,,,,
143,5,120.11,44.81,95.57,16.515,6.161,47.786,FP,,,,,,,
143,6,411.92,54.74,115.32,56.64,7.527,57.66,FP,,,,,,,
143,7,411.64,49.57,141.9,56.6,6.815,70.95,FP,,,,,,,
143,8,411.56,53.22,133.03,56.59,7.317,66.515,FP,,,,,,,
143,9,414.92,52.95,162.2,57.051,7.281,81.098,FP,,,,,,,
143,10,181.48,55.44,95.45,24.953,7.623,47.726,FP,,,,,,,
143,11,13.0,58.5,95.4,1.788,8.044,47.7,FP,,,,,,,
143,12,12.02,66.21,31.57,1.653,9.103,15.784,TP,8,0.626,1.263,1.409,0.608,0.145,1.263
143,13,276.44,69.46,95.52,38.011,9.55,47.761,FP,,,,,,,
143,14,314.57,97.27,95.6,43.254,13.375,47.799,FP,,,,,,,
143,15,307.83,94.37,31.68,42.327,12.976,15.838,FP,,,,,,,
143,16,300.06,81.46,71.51,41.258,11.2,35.757,FP,,,,,,,
143,17,307.44,94.96,47.36,42.273,13.057,23.68,FP,,,,,,,
143,18,317.29,96.54,7.41,43.628,13.274,3.707,FP,,,,,,,
143,19,222.26,97.81,71.56,30.561,13.45,35.778,FP,,,,,,,
143,20,222.0,97.0,80.0,30.525,13.338,40.0,FP,,,,,,,
143,21,216.34,102.66,31.45,29.746,14.116,15.725,FP,,,,,,,
143,22,135.44,105.27,31.5,18.622,14.475,15.75,FP,,,,,,,
143,23,292.18,158.66,93.44,40.175,21.816,46.719,FP,,,,,,,
143,24,296.28,151.45,111.72,40.739,20.825,55.858,FP,,,,,,,
143,25,294.41,157.7,31.51,40.482,21.683,15.757,FP,,,,,,,
143,26,296.88,155.98,47.43,40.821,21.447,23.714,FP,,,,,,,
143,27,28.02,170.95,31.54,3.853,23.505,15.769,FP,,,,,,,
143,28,243.82,166.0,31.58,33.525,22.825,15.789,FP,,,,,,,
143,29,28.81,170.29,47.5,3.961,23.415,23.748,FP,,,,,,,
143,30,245.35,167.74,91.48,33.736,23.064,45.739,FP,,,,,,,
143,31,245.11,167.24,80.29,33.703,22.995,40.143,TP,20,0.13,3.983,3.985,0.006,0.13,3.983
143,32,20.93,177.47,95.48,2.878,24.402,47.739,FP,,,,,,,
143,33,28.5,169.0,8.0,3.919,23.238,4.0,TP,19,0.25,3.461,3.47,-0.155,0.196,-3.461
143,34,181.23,183.46,31.54,24.919,25.226,15.772,TP,21,0.938,1.453,1.729,-0.495,0.797,1.453
143,35,499.39,175.17,31.47,68.666,24.085,15.736,FP,,,,,,,
143,36,192.58,187.12,95.43,26.479,25.729,47.716,FP,,,,,,,
143,37,298.11,186.24,31.66,40.99,25.608,15.832,FP,,,,,,,
143,38,67.55,192.99,95.62,9.288,26.536,47.812,FP,,,,,,,
143,39,105.73,204.06,31.66,14.538,28.059,15.828,FP,,,,,,,
143,40,103.38,203.67,95.71,14.214,28.004,47.853,FP,,,,,,,
143,41,428.06,202.58,31.36,58.858,27.855,15.681,FP,,,,,,,
143,42,428.5,226.5,31.0,58.919,31.144,15.5,FP,,,,,,,
143,43,162.2,241.61,95.48,22.303,33.221,47.742,FP,,,,,,,
143,44,465.58,282.03,95.63,64.017,38.779,47.816,FP,,,,,,,
143,45,459.47,286.19,31.57,63.177,39.351,15.787,FP,,,,,,,
143,46,466.5,282.0,71.5,64.144,38.775,35.75,FP,,,,,,,
143,47,467.0,282.0,79.0,64.213,38.775,39.5,FP,,,,,,,
143,48,374.98,296.38,31.58,51.56,40.752,15.791,FP,,,,,,,
143,49,113.93,326.23,95.58,15.665,44.857,47.788,TP,33,0.466,4.374,4.399,0.423,0.196,-4.374
143,50,109.59,329.15,31.44,15.069,45.258,15.722,FP,,,,,,,
143,51,393.76,355.02,95.55,54.142,48.815,47.774,FP,,,,,,,
143,52,405.22,371.17,31.61,55.717,51.036,15.806,FP,,,,,,,
143,53,425.6,373.77,95.59,58.52,51.394,47.793,FP,,,,,,,
143,54,323.23,375.72,95.46,44.444,51.662,47.728,FP,,,,,,,
143,55,320.01,376.54,31.55,44.002,51.775,15.775,FP,,,,,,,
143,56,324.11,376.26,111.44,44.565,51.736,55.722,TP,35,0.288,2.841,2.855,-0.25,0.143,2.841
143,57,321.16,378.69,79.59,44.16,52.07,39.797,TP,37,0.199,3.065,3.071,-0.065,-0.188,-3.065
143,58,320.5,377.5,71.5,44.069,51.906,35.75,FP,,,,,,,
143,59,26.78,395.28,31.65,3.683,54.351,15.824,FP,,,,,,,
143,60,100.89,394.94,31.48,13.873,54.304,15.738,FP,,,,,,,
143,61,26.5,394.0,47.43,3.644,54.175,23.714,FP,,,,,,,
143,62,96.5,393.5,95.0,13.269,54.106,47.5,FP,,,,,,,
143,63,212.81,416.03,31.53,29.261,57.205,15.766,FP,,,,,,,
143,64,211.9,417.83,95.61,29.136,57.452,47.805,FP,,,,,,,
143,65,212.25,412.72,23.9,29.185,56.749,11.952,FP,,,,,,,
143,66,212.22,413.77,15.77,29.18,56.893,7.883,FP,,,,,,,
143,67,212.77,415.1,47.19,29.256,57.076,23.596,TP,41,0.219,4.471,4.476,-0.127,0.179,-4.471
143,68,214.41,414.92,111.81,29.481,57.051,55.905,FP,,,,,,,
143,69,322.89,437.36,95.59,44.397,60.138,47.795,FP,,,,,,,
143,70,439.97,452.0,95.67,60.496,62.15,47.834,FP,,,,,,,
143,71,432.54,454.56,31.59,59.474,62.502,15.795,FP,,,,,,,
143,72,497.88,458.56,95.56,68.458,63.052,47.782,TP,45,0.64,1.309,1.457,0.601,-0.22,1.309
143,73,494.78,458.39,31.62,68.033,63.029,15.809,FP,,,,,,,
143,74,498.96,455.7,79.82,68.607,62.658,39.912,FP,,,,,,,
143,75,495.47,458.28,47.51,68.128,63.013,23.753,FP,,,,,,,
143,76,59.1,468.22,31.62,8.126,64.38,15.811,FP,,,,,,,
143,77,495.5,457.5,59.0,68.131,62.906,29.5,FP,,,,,,,
143,78,494.33,458.33,16.0,67.971,63.021,8.0,FP,,,,,,,
143,79,60.22,466.67,47.33,8.281,64.167,23.667,FP,,,,,,,
143,80,11.13,480.47,159.5,1.531,66.064,79.75,FP,,,,,,,
143,81,299.89,497.87,31.54,41.235,68.458,15.772,FP,,,,,,,
143,82,53.28,502.55,95.48,7.326,69.1,47.741,FP,,,,,,,
143,83,251.12,503.94,23.06,34.53,69.291,11.531,FP,,,,,,,
143,,,,,5.543,0.758,58.208,FN,0,,,,,,
143,,,,,54.925,0.57,36.304,FN,1,,,,,,
143,,,,,53.368,3.281,2.027,FN,2,,,,,,
143,,,,,21.626,4.801,47.0,FN,3,,,,,,
143,,,,,16.225,5.965,29.0,FN,4,,,,,,
143,,,,,25.787,6.77,68.723,FN,5,,,,,,
143,,,,,56.222,7.107,2.718,FN,6,,,,,,
143,,,,,57.178,7.568,6.513,FN,7,,,,,,
143,,,,,38.439,9.293,87.939,FN,9,,,,,,
143,,,,,41.435,12.512,4.136,FN,10,,,,,,
143,,,,,30.272,13.184,20.771,FN,11,,,,,,
143,,,,,17.87,13.687,36.862,FN,12,,,,,,
143,,,,,45.665,15.505,23.906,FN,13,,,,,,
143,,,,,1.528,16.525,60.5,FN,14,,,,,,
143,,,,,40.274,17.656,65.0,FN,15,,,,,,
143,,,,,51.233,19.362,47.807,FN,16,,,,,,
143,,,,,40.891,21.104,34.12,FN,17,,,,,,
143,,,,,38.067,22.861,59.389,FN,18,,,,,,
143,,,,,69.147,24.255,28.283,FN,22,,,,,,
143,,,,,13.733,27.769,6.5,FN,23,,,,,,
143,,,,,49.377,32.701,93.983,FN,24,,,,,,
143,,,,,64.219,33.824,96.429,FN,25,,,,,,
143,,,,,69.369,33.481,62.5,FN,26,,,,,,
143,,,,,69.116,36.37,84.871,FN,27,,,,,,
143,,,,,57.13,37.147,69.045,FN,28,,,,,,
143,,,,,18.455,38.016,90.765,FN,29,,,,,,
143,,,,,63.908,38.967,63.456,FN,30,,,,,,
143,,,,,17.336,38.622,38.392,FN,31,,,,,,
143,,,,,52.732,40.968,36.08,FN,32,,,,,,
143,,,,,53.75,48.708,26.22,FN,34,,,,,,
143,,,,,58.889,51.953,11.969,FN,36,,,,,,
143,,,,,5.343,53.902,37.236,FN,38,,,,,,
143,,,,,13.418,54.248,32.551,FN,39,,,,,,
143,,,,,1.464,55.892,26.301,FN,40,,,,,,
143,,,,,24.914,59.166,84.071,FN,42,,,,,,
143,,,,,18.883,60.56,86.136,FN,43,,,,,,
143,,,,,1.272,61.668,59.87,FN,44,,,,,,
143,,,,,60.328,62.32,35.0,FN,46,,,,,,
143,,,,,7.352,63.697,1.233,FN,47,,,,,,
143,,,,,40.995,68.538,22.619,FN,48,,,,,,
143,,,,,34.712,69.173,81.885,FN,49,,,,,,
148,0,315.82,36.11,95.59,43.425,4.965,47.794,FP,,,,,,,
148,1,311.77,36.33,31.54,42.868,4.996,15.768,FP,,,,,,,
148,2,315.26,32.68,110.88,43.348,4.494,55.441,FP,,,,,,,
148,3,313.9,37.42,47.57,43.162,5.145,23.783,TP,3,0.428,0.469,0.635,-0.158,0.398,-0.469
148,4,311.23,34.1,23.93,42.795,4.689,11.967,FP,,,,,,,
148,5,313.6,33.81,79.65,43.121,4.649,39.826,FP,,,,,,,
148,6,311.0,33.0,8.0,42.763,4.537,4.0,FP,,,,,,,
148,7,310.75,34.0,16.0,42.728,4.675,8.0,FP,,,,,,,
148,8,312.94,37.94,59.29,43.029,5.217,29.646,FP,,,,,,,
148,9,313.0,35.0,72.0,43.038,4.812,36.0,FP,,,,,,,
148,10,21.78,42.94,95.53,2.994,5.905,47.765,FP,,,,,,,
148,11,23.8,40.78,31.48,3.272,5.607,15.738,FP,,,,,,,
148,12,21.03,42.47,71.83,2.892,5.839,35.917,FP,,,,,,,
148,13,21.34,42.66,79.82,2.935,5.865,39.908,FP,,,,,,,
148,14,372.5,60.2,159.6,51.219,8.278,79.8,FP,,,,,,,
148,15,459.45,97.47,95.48,63.175,13.402,47.742,FP,,,,,,,
148,16,43.5,110.93,31.61,5.982,15.253,15.805,TP,8,1.114,1.542,1.902,0.612,0.932,1.542
148,17,41.31,104.53,95.49,5.68,14.372,47.743,FP,,,,,,,
148,18,455.15,114.56,31.67,62.584,15.753,15.833,TP,10,0.266,1.964,1.982,-0.152,-0.218,1.964
148,19,459.68,117.74,95.62,63.206,16.19,47.81,FP,,,,,,,
148,20,460.2,119.18,111.55,63.278,16.387,55.775,FP,,,,,,,
148,21,492.78,121.21,32.17,67.757,16.666,16.085,FP,,,,,,,
148,22,392.5,123.0,135.0,53.969,16.913,67.5,FP,,,,,,,
148,23,26.09,164.5,31.48,3.588,22.618,15.74,FP,,,,,,,
148,24,26.3,162.82,95.56,3.616,22.387,47.781,FP,,,,,,,
148,25,26.36,162.16,47.38,3.625,22.297,23.692,FP,,,,,,,
148,26,175.83,180.27,95.44,24.177,24.788,47.721,FP,,,,,,,
148,27,351.79,184.42,16.71,48.371,25.357,8.354,FP,,,,,,,
148,28,457.81,193.82,31.52,62.949,26.65,15.758,FP,,,,,,,
148,29,353.0,184.0,31.5,48.538,25.3,15.75,FP,,,,,,,
148,30,224.03,194.38,31.57,30.804,26.727,15.787,FP,,,,,,,
148,31,225.48,194.29,93.77,31.003,26.715,46.887,FP,,,,,,,
148,32,447.48,197.03,95.69,61.529,27.091,47.844,FP,,,,,,,
148,33,457.59,192.38,47.55,62.918,26.452,23.773,FP,,,,,,,
148,34,224.76,193.53,15.82,30.904,26.61,7.912,FP,,,,,,,
148,35,226.46,193.34,47.55,31.138,26.584,23.777,FP,,,,,,,
148,36,224.78,192.6,59.27,30.908,26.483,29.636,FP,,,,,,,
148,37,450.24,192.78,15.94,61.907,26.508,7.969,FP,,,,,,,
148,38,315.55,200.94,95.66,43.388,27.63,47.83,FP,,,,,,,
148,39,450.34,193.38,7.7,61.922,26.589,3.851,FP,,,,,,,
148,40,224.49,193.21,7.75,30.868,26.566,3.873,FP,,,,,,,
148,41,225.5,194.0,122.85,31.006,26.675,61.426,FP,,,,,,,
148,42,225.8,193.7,23.7,31.048,26.634,11.85,FP,,,,,,,
148,43,229.0,194.11,167.56,31.488,26.69,83.778,FP,,,,,,,
148,44,227.5,194.5,159.5,31.281,26.744,79.75,FP,,,,,,,
148,45,320.04,196.29,7.86,44.005,26.99,3.931,FP,,,,,,,
148,46,319.55,197.9,31.0,43.938,27.212,15.5,FP,,,,,,,
148,47,352.65,235.0,95.5,48.49,32.312,47.75,FP,,,,,,,
148,48,94.2,245.36,95.65,12.953,33.737,47.825,TP,24,0.245,4.08,4.087,0.226,-0.096,4.08
148,49,91.01,246.69,31.5,12.513,33.92,15.748,FP,,,,,,,
148,50,186.09,284.72,31.6,25.587,39.149,15.801,FP,,,,,,,
148,51,184.08,281.63,7.68,25.311,38.724,3.84,TP,25,0.199,0.176,0.266,-0.189,-0.063,-0.176
148,52,185.71,286.72,95.53,25.535,39.424,47.766,FP,,,,,,,
148,53,187.06,284.42,47.55,25.721,39.108,23.775,FP,,,,,,,
148,54,184.45,282.0,134.41,25.362,38.775,67.204,FP,,,,,,,
148,55,184.0,281.87,15.71,25.3,38.758,7.856,FP,,,,,,,
148,56,185.42,282.77,159.35,25.495,38.881,79.676,FP,,,,,,,
148,57,186.09,282.93,111.15,25.588,38.903,55.575,FP,,,,,,,
148,58,184.29,282.04,23.54,25.34,38.781,11.771,FP,,,,,,,
148,59,184.52,282.32,137.76,25.372,38.819,68.88,FP,,,,,,,
148,60,186.54,285.38,79.89,25.649,39.239,39.946,FP,,,,,,,
148,61,186.6,284.11,87.87,25.657,39.065,43.936,FP,,,,,,,
148,62,186.12,285.61,71.62,25.592,39.271,35.812,FP,,,,,,,
148,63,185.0,284.0,59.0,25.438,39.05,29.5,FP,,,,,,,
148,64,83.39,306.3,31.57,11.466,42.116,15.783,FP,,,,,,,
148,65,266.17,305.7,31.67,36.599,42.034,15.835,FP,,,,,,,
148,66,69.09,301.9,95.54,9.5,41.512,47.772,FP,,,,,,,
148,67,80.87,303.67,15.87,11.12,41.754,7.934,FP,,,,,,,
148,68,80.72,303.31,7.86,11.098,41.705,3.931,FP,,,,,,,
148,69,266.63,305.81,95.55,36.662,42.049,47.774,FP,,,,,,,
148,70,82.22,305.82,47.54,11.306,42.05,23.77,FP,,,,,,,
148,71,82.53,304.89,23.82,11.348,41.923,11.911,FP,,,,,,,
148,72,79.36,305.03,59.2,10.913,41.942,29.598,FP,,,,,,,
148,73,266.71,305.88,111.45,36.673,42.059,55.726,FP,,,,,,,
148,74,92.22,320.48,95.71,12.68,44.066,47.854,FP,,,,,,,
148,75,99.24,309.24,143.83,13.645,42.52,71.917,FP,,,,,,,
148,76,99.38,310.12,159.35,13.665,42.641,79.673,FP,,,,,,,
148,77,99.33,309.56,151.44,13.658,42.564,75.722,FP,,,,,,,
148,78,272.71,330.72,95.51,37.498,45.475,47.757,FP,,,,,,,
148,79,326.01,344.18,31.53,44.826,47.325,15.767,FP,,,,,,,
148,80,327.55,340.77,95.61,45.038,46.857,47.804,FP,,,,,,,
148,81,328.11,341.08,111.46,45.115,46.899,55.731,FP,,,,,,,
148,82,326.15,342.27,47.58,44.846,47.062,23.788,FP,,,,,,,
148,83,332.81,338.34,134.94,45.762,46.522,67.469,FP,,,,,,,
148,84,326.65,341.79,79.98,44.914,46.997,39.992,TP,34,0.837,0.214,0.864,0.737,-0.396,0.214
148,85,325.5,339.0,16.0,44.756,46.612,8.0,FP,,,,,,,
148,86,326.21,343.1,71.76,44.854,47.177,35.88,FP,,,,,,,
148,87,193.32,353.02,31.54,26.581,48.54,15.77,FP,,,,,,,
148,88,325.72,343.43,59.28,44.786,47.222,29.641,FP,,,,,,,
148,89,192.21,352.19,95.61,26.429,48.426,47.806,FP,,,,,,,
148,90,194.87,352.8,47.42,26.794,48.509,23.711,FP,,,,,,,
148,91,191.76,351.41,15.79,26.367,48.318,7.896,FP,,,,,,,
148,92,193.53,352.04,59.31,26.61,48.405,29.655,FP,,,,,,,
148,93,192.56,350.36,79.48,26.477,48.174,39.74,TP,35,0.201,0.344,0.399,-0.181,-0.088,0.344
148,94,190.29,351.29,7.64,26.164,48.302,3.821,FP,,,,,,,
148,95,475.6,360.35,31.6,65.395,49.548,15.8,FP,,,,,,,
148,96,475.06,361.31,15.51,65.32,49.681,7.757,FP,,,,,,,
148,97,476.0,360.83,95.42,65.45,49.615,47.708,FP,,,,,,,
148,98,104.5,368.62,23.94,14.369,50.686,11.969,FP,,,,,,,
148,99,98.68,373.37,9.77,13.568,51.338,4.885,FP,,,,,,,
148,100,203.25,375.88,31.48,27.947,51.683,15.739,FP,,,,,,,
148,101,355.31,403.7,31.62,48.855,55.509,15.811,FP,,,,,,,
148,102,353.12,410.88,95.0,48.555,56.495,47.5,FP,,,,,,,
148,103,82.8,442.0,31.62,11.385,60.775,15.808,FP,,,,,,,
148,104,83.95,441.75,47.46,11.543,60.741,23.731,FP,,,,,,,
148,105,84.91,446.17,95.61,11.676,61.348,47.807,FP,,,,,,,
148,106,82.71,440.87,7.64,11.373,60.62,3.822,FP,,,,,,,
148,107,82.8,440.72,15.86,11.384,60.599,7.928,FP,,,,,,,
148,108,82.79,441.64,59.0,11.383,60.726,29.5,FP,,,,,,,
148,109,83.18,441.91,23.91,11.438,60.763,11.955,FP,,,,,,,
148,110,392.53,449.4,31.27,53.973,61.792,15.633,FP,,,,,,,
148,111,270.98,458.62,31.48,37.259,63.06,15.742,FP,,,,,,,
148,112,218.85,481.44,31.57,30.092,66.197,15.785,FP,,,,,,,
148,113,220.44,481.78,95.54,30.311,66.245,47.768,FP,,,,,,,
148,,,,,50.02,0.648,39.692,FN,0,,,,,,
148,,,,,14.588,1.209,90.114,FN,1,,,,,,
148,,,,,61.091,4.168,90.207,FN,2,,,,,,
148,,,,,3.796,5.26,74.228,FN,4,,,,,,
148,,,,,51.352,5.6,70.111,FN,5,,,,,,
148,,,,,1.726,6.594,69.439,FN,6,,,,,,
148,,,,,51.416,9.425,65.439,FN,7,,,,,,
148,,,,,49.56,14.573,77.408,FN,9,,,,,,
148,,,,,67.949,16.631,72.873,FN,11,,,,,,
148,,,,,53.78,17.099,6.747,FN,12,,,,,,
148,,,,,10.09,19.411,96.838,FN,13,,,,,,
148,,,,,3.808,21.813,39.192,FN,14,,,,,,
148,,,,,55.724,22.749,67.809,FN,15,,,,,,
148,,,,,48.432,25.306,85.314,FN,16,,,,,,
148,,,,,63.303,25.88,29.102,FN,17,,,,,,
148,,,,,31.154,26.44,38.484,FN,18,,,,,,
148,,,,,62.04,26.749,74.337,FN,19,,,,,,
148,,,,,69.658,27.817,9.261,FN,20,,,,,,
148,,,,,44.251,27.238,75.542,FN,21,,,,,,
148,,,,,48.191,32.24,73.937,FN,22,,,,,,
148,,,,,23.665,31.524,88.629,FN,23,,,,,,
148,,,,,9.562,40.827,6.859,FN,26,,,,,,
148,,,,,38.022,40.678,8.488,FN,27,,,,,,
148,,,,,36.465,42.415,9.242,FN,28,,,,,,
148,,,,,13.549,42.632,9.95,FN,29,,,,,,
148,,,,,37.854,46.064,62.121,FN,30,,,,,,
148,,,,,42.26,45.996,77.765,FN,31,,,,,,
148,,,,,16.139,46.393,3.444,FN,32,,,,,,
148,,,,,45.996,46.381,18.48,FN,33,,,,,,
148,,,,,54.801,48.747,48.0,FN,36,,,,,,
148,,,,,65.523,49.477,36.606,FN,37,,,,,,
148,,,,,45.794,49.943,76.76,FN,38,,,,,,
148,,,,,14.317,50.789,80.269,FN,39,,,,,,
148,,,,,13.459,51.261,89.274,FN,40,,,,,,
148,,,,,57.024,52.433,85.006,FN,41,,,,,,
148,,,,,1.912,53.458,86.214,FN,42,,,,,,
148,,,,,48.492,55.222,4.976,FN,43,,,,,,
148,,,,,11.856,59.887,33.222,FN,44,,,,,,
148,,,,,53.799,61.039,67.5,FN,45,,,,,,
148,,,,,11.712,62.023,68.649,FN,46,,,,,,
148,,,,,30.421,65.866,53.758,FN,47,,,,,,
148,,,,,48.442,66.081,82.318,FN,48,,,,,,
148,,,,,64.824,67.226,95.031,FN,49,,,,,,
149,0,299.31,28.44,95.47,41.155,3.91,47.733,FP,,,,,,,
149,1,293.8,39.99,31.6,40.397,5.498,15.799,FP,,,,,,,
149,2,296.33,31.08,47.44,40.746,4.274,23.719,FP,,,,,,,
149,3,290.54,53.28,95.45,39.949,7.326,47.724,FP,,,,,,,
149,4,201.5,52.0,31.0,27.706,7.15,15.5,FP,,,,,,,
149,5,295.73,73.26,95.58,40.663,10.073,47.788,FP,,,,,,,
149,6,243.33,71.21,32.0,33.458,9.791,16.0,FP,,,,,,,
149,7,47.21,77.49,95.56,6.491,10.655,47.779,FP,,,,,,,
149,8,47.81,82.71,31.59,6.573,11.372,15.794,FP,,,,,,,
149,9,47.83,80.55,47.45,6.577,11.075,23.723,FP,,,,,,,
149,10,46.36,79.55,59.0,6.375,10.938,29.5,FP,,,,,,,
149,11,136.0,121.0,31.0,18.7,16.638,15.5,FP,,,,,,,
149,12,195.16,142.77,31.59,26.835,19.631,15.797,FP,,,,,,,
149,13,40.67,155.8,95.62,5.592,21.422,47.811,FP,,,,,,,
149,14,38.94,158.77,31.55,5.354,21.831,15.776,FP,,,,,,,
149,15,193.87,170.5,31.62,26.657,23.443,15.809,FP,,,,,,,
149,16,431.91,161.95,95.42,59.388,22.268,47.709,FP,,,,,,,
149,17,275.93,164.86,31.57,37.94,22.668,15.787,FP,,,,,,,
149,18,430.65,164.97,31.52,59.214,22.684,15.761,FP,,,,,,,
149,19,432.28,161.56,76.72,59.439,22.214,38.358,FP,,,,,,,
149,20,273.1,163.73,95.57,37.551,22.513,47.785,FP,,,,,,,
149,21,316.14,165.68,95.58,43.47,22.781,47.789,FP,,,,,,,
149,22,276.76,164.21,47.61,38.055,22.578,23.804,FP,,,,,,,
149,23,192.68,171.85,95.43,26.494,23.63,47.716,FP,,,,,,,
149,24,313.41,169.83,31.53,43.093,23.352,15.767,FP,,,,,,,
149,25,194.28,170.37,52.25,26.713,23.426,26.126,FP,,,,,,,
149,26,195.48,169.38,71.78,26.878,23.29,35.889,FP,,,,,,,
149,27,195.26,169.44,79.91,26.848,23.299,39.954,FP,,,,,,,
149,28,194.81,171.13,159.75,26.786,23.531,79.877,FP,,,,,,,
149,29,113.47,174.96,31.57,15.602,24.058,15.785,FP,,,,,,,
149,30,114.26,173.63,95.8,15.711,23.874,47.898,FP,,,,,,,
149,31,195.0,170.83,143.54,26.812,23.49,71.771,FP,,,,,,,
149,32,194.8,170.87,167.33,26.785,23.494,83.667,FP,,,,,,,
149,33,107.16,172.11,7.63,14.734,23.664,3.816,TP,19,1.059,2.052,2.309,-1.045,-0.173,2.052
149,34,113.73,173.35,160.0,15.638,23.836,80.0,FP,,,,,,,
149,35,114.72,173.2,134.65,15.775,23.815,67.326,FP,,,,,,,
149,36,114.91,173.11,111.2,15.801,23.803,55.599,FP,,,,,,,
149,37,112.98,173.15,141.44,15.535,23.808,70.718,FP,,,,,,,
149,38,113.35,173.86,167.68,15.586,23.906,83.839,FP,,,,,,,
149,39,371.72,184.86,95.5,51.112,25.418,47.75,FP,,,,,,,
149,40,206.73,213.19,31.45,28.425,29.314,15.726,FP,,,,,,,
149,41,302.48,242.79,31.54,41.591,33.384,15.768,FP,,,,,,,
149,42,303.31,240.36,94.62,41.705,33.05,47.31,TP,23,0.357,2.007,2.039,-0.034,0.356,2.007
149,43,302.44,238.7,75.13,41.586,32.821,37.563,FP,,,,,,,
149,44,301.14,240.71,7.78,41.407,33.098,3.892,FP,,,,,,,
149,45,301.76,241.18,15.84,41.492,33.162,7.918,FP,,,,,,,
149,46,301.51,241.65,47.59,41.458,33.227,23.797,FP,,,,,,,
149,47,303.0,241.5,111.0,41.663,33.206,55.5,FP,,,,,,,
149,48,97.13,245.86,31.59,13.355,33.806,15.796,FP,,,,,,,
149,49,289.36,272.53,95.68,39.787,37.473,47.841,FP,,,,,,,
149,50,272.04,282.82,31.54,37.406,38.887,15.768,TP,26,0.775,0.008,0.775,0.702,-0.33,0.008
149,51,272.07,283.52,47.53,37.41,38.984,23.764,FP,,,,,,,
149,52,181.76,287.51,31.6,24.992,39.532,15.8,FP,,,,,,,
149,53,264.92,286.97,95.5,36.427,39.459,47.75,FP,,,,,,,
149,54,333.44,306.34,31.49,45.848,42.122,15.744,FP,,,,,,,
149,55,33.54,310.16,95.47,4.612,42.646,47.733,FP,,,,,,,
149,56,456.0,306.0,95.0,62.7,42.075,47.5,FP,,,,,,,
149,57,120.8,313.15,31.6,16.61,43.058,15.798,FP,,,,,,,
149,58,414.97,321.66,95.57,57.059,44.228,47.783,FP,,,,,,,
149,59,155.6,314.75,167.5,21.395,43.278,83.75,FP,,,,,,,
149,60,420.49,321.21,159.97,57.817,44.167,79.986,FP,,,,,,,
149,61,414.5,323.1,31.57,56.994,44.426,15.786,FP,,,,,,,
149,62,415.82,320.53,48.4,57.175,44.073,24.2,FP,,,,,,,
149,63,417.89,320.03,71.75,57.46,44.004,35.874,FP,,,,,,,
149,64,419.83,320.71,143.96,57.727,44.098,71.978,FP,,,,,,,
149,65,419.01,320.58,134.8,57.614,44.08,67.401,FP,,,,,,,
149,66,418.19,320.07,79.51,57.502,44.01,39.754,FP,,,,,,,
149,67,74.44,329.72,95.6,10.236,45.336,47.801,FP,,,,,,,
149,68,175.96,340.25,31.51,24.194,46.784,15.754,TP,34,0.634,3.799,3.851,-0.633,0.023,-3.799
149,69,175.6,340.33,47.26,24.145,46.795,23.628,FP,,,,,,,
149,70,176.89,338.56,7.67,24.322,46.551,3.833,FP,,,,,,,
149,71,292.18,367.84,31.46,40.175,50.578,15.728,FP,,,,,,,
149,72,291.39,372.92,95.57,40.066,51.276,47.786,FP,,,,,,,
149,73,173.57,373.22,95.39,23.865,51.317,47.696,FP,,,,,,,
149,74,75.43,388.57,31.29,10.371,53.429,15.643,FP,,,,,,,
149,75,224.84,399.42,31.64,30.915,54.92,15.818,TP,43,0.334,4.682,4.694,-0.1,0.319,-4.682
149,76,334.42,411.62,34.49,45.983,56.598,17.244,TP,45,0.572,4.348,4.385,-0.564,0.095,4.348
149,77,145.43,409.87,31.57,19.997,56.358,15.783,FP,,,,,,,
149,78,12.9,412.66,31.56,1.774,56.74,15.781,FP,,,,,,,
149,79,146.08,409.48,47.32,20.086,56.303,23.659,FP,,,,,,,
149,80,147.39,408.9,95.57,20.266,56.224,47.783,TP,44,0.303,0.571,0.646,-0.005,0.303,-0.571
149,81,335.3,410.0,7.82,46.104,56.375,3.91,FP,,,,,,,
149,82,14.16,411.35,47.37,1.947,56.561,23.683,FP,,,,,,,
149,83,10.46,410.72,95.55,1.439,56.474,47.774,FP,,,,,,,
149,84,335.64,417.85,95.61,46.15,57.454,47.804,FP,,,,,,,
149,85,335.32,412.66,59.22,46.106,56.741,29.612,FP,,,,,,,
149,86,336.96,410.92,159.69,46.332,56.502,79.844,FP,,,,,,,
149,87,337.24,410.0,143.55,46.371,56.375,71.776,FP,,,,,,,
149,88,336.5,409.0,135.0,46.269,56.238,67.5,FP,,,,,,,
149,89,341.03,416.14,71.8,46.891,57.22,35.899,FP,,,,,,,
149,90,339.5,416.82,79.65,46.681,57.313,39.824,FP,,,,,,,
149,91,342.42,418.53,111.34,47.083,57.548,55.67,FP,,,,,,,
149,92,464.42,426.71,31.56,63.858,58.673,15.781,FP,,,,,,,
149,93,466.83,424.67,88.77,64.19,58.392,44.383,FP,,,,,,,
149,94,467.29,423.72,159.77,64.253,58.262,79.884,FP,,,,,,,
149,95,464.22,426.18,47.45,63.831,58.6,23.723,FP,,,,,,,
149,96,461.88,425.97,59.34,63.508,58.571,29.672,FP,,,,,,,
149,97,276.8,502.72,95.47,38.059,69.125,47.734,FP,,,,,,,
149,,,,,63.441,2.17,99.0,FN,0,,,,,,
149,,,,,41.114,2.925,52.404,FN,1,,,,,,
149,,,,,22.747,3.456,98.54,FN,2,,,,,,
149,,,,,41.386,4.62,61.273,FN,3,,,,,,
149,,,,,17.416,5.759,89.424,FN,4,,,,,,
149,,,,,18.354,6.188,10.242,FN,5,,,,,,
149,,,,,39.35,8.162,11.963,FN,6,,,,,,
149,,,,,33.405,9.733,72.457,FN,7,,,,,,
149,,,,,6.548,11.168,41.909,FN,8,,,,,,
149,,,,,35.357,13.326,69.5,FN,9,,,,,,
149,,,,,18.105,16.376,43.356,FN,10,,,,,,
149,,,,,26.82,19.216,47.522,FN,11,,,,,,
149,,,,,6.377,20.977,73.884,FN,12,,,,,,
149,,,,,4.673,21.82,74.213,FN,13,,,,,,
149,,,,,38.072,22.441,59.981,FN,14,,,,,,
149,,,,,43.484,22.896,63.673,FN,15,,,,,,
149,,,,,59.344,22.31,58.09,FN,16,,,,,,
149,,,,,10.185,24.202,94.736,FN,17,,,,,,
149,,,,,26.832,23.443,57.26,FN,18,,,,,,
149,,,,,49.904,25.367,76.411,FN,20,,,,,,
149,,,,,19.03,25.501,84.913,FN,21,,,,,,
149,,,,,13.672,33.095,67.55,FN,22,,,,,,
149,,,,,39.409,36.492,12.577,FN,24,,,,,,
149,,,,,24.761,39.616,45.541,FN,25,,,,,,
149,,,,,47.359,41.603,73.688,FN,27,,,,,,
149,,,,,31.305,41.365,55.446,FN,28,,,,,,
149,,,,,54.082,41.467,89.111,FN,29,,,,,,
149,,,,,43.47,41.956,62.494,FN,30,,,,,,
149,,,,,16.143,42.757,50.511,FN,31,,,,,,
149,,,,,30.472,44.13,98.5,FN,32,,,,,,
149,,,,,57.341,44.013,61.52,FN,33,,,,,,
149,,,,,18.599,45.83,67.99,FN,35,,,,,,
149,,,,,49.621,48.032,86.775,FN,36,,,,,,
149,,,,,32.476,49.83,26.369,FN,37,,,,,,
149,,,,,42.837,49.32,41.743,FN,38,,,,,,
149,,,,,39.345,51.085,41.241,FN,39,,,,,,
149,,,,,10.406,53.108,67.545,FN,40,,,,,,
149,,,,,14.966,53.306,95.179,FN,41,,,,,,
149,,,,,61.855,53.828,57.0,FN,42,,,,,,
149,,,,,45.444,56.232,63.323,FN,46,,,,,,
149,,,,,1.53,56.404,32.205,FN,47,,,,,,
149,,,,,64.038,58.346,50.506,FN,48,,,,,,
149,,,,,17.853,65.063,98.277,FN,49,,,,,,
15,0,76.82,20.05,159.47,10.562,2.757,79.737,FP,,,,,,,
15,1,61.47,27.29,95.58,8.453,3.753,47.791,FP,,,,,,,
15,2,64.5,44.26,31.59,8.869,6.085,15.797,FP,,,,,,,
15,3,174.78,44.49,95.58,24.033,6.117,47.789,FP,,,,,,,
15,4,181.49,44.15,31.6,24.955,6.07,15.801,FP,,,,,,,
15,5,290.77,50.86,95.63,39.981,6.993,47.814,FP,,,,,,,
15,6,291.84,47.72,27.9,40.128,6.561,13.951,TP,5,0.908,2.549,2.706,-0.819,-0.393,-2.549
15,7,67.37,46.38,47.41,9.263,6.377,23.703,FP,,,,,,,
15,8,67.89,48.17,58.84,9.335,6.623,29.419,FP,,,,,,,
15,9,292.74,47.83,46.49,40.252,6.576,23.245,FP,,,,,,,
15,10,71.57,50.61,93.03,9.841,6.959,46.513,FP,,,,,,,
15,11,175.0,40.0,111.0,24.062,5.5,55.5,FP,,,,,,,
15,12,291.16,45.85,7.95,40.035,6.305,3.976,FP,,,,,,,
15,13,292.05,47.72,59.01,40.157,6.561,29.504,FP,,,,,,,
15,14,72.36,49.81,111.33,9.95,6.848,55.667,TP,6,0.42,0.689,0.807,-0.033,-0.418,0.689
15,15,70.64,52.72,163.99,9.714,7.249,81.994,FP,,,,,,,
15,16,70.47,51.71,152.14,9.69,7.11,76.069,FP,,,,,,,
15,17,71.6,50.21,72.05,9.846,6.904,36.023,FP,,,,,,,
15,18,292.42,50.96,111.35,40.208,7.008,55.675,FP,,,,,,,
15,19,70.18,51.77,143.82,9.65,7.119,71.91,FP,,,,,,,
15,20,190.0,50.6,159.48,26.125,6.957,79.74,FP,,,,,,,
15,21,69.42,51.25,135.0,9.545,7.047,67.5,FP,,,,,,,
15,22,350.57,83.53,31.58,48.203,11.486,15.792,TP,10,0.377,0.331,0.502,0.286,-0.246,-0.331
15,23,352.27,82.75,15.67,48.437,11.378,7.837,FP,,,,,,,
15,24,349.89,87.67,95.5,48.11,12.055,47.751,FP,,,,,,,
15,25,353.64,82.91,7.82,48.625,11.4,3.909,FP,,,,,,,
15,26,350.37,88.34,71.63,48.176,12.147,35.814,FP,,,,,,,
15,27,350.59,87.94,79.53,48.206,12.092,39.765,FP,,,,,,,
15,28,21.66,105.19,31.57,2.978,14.463,15.783,FP,,,,,,,
15,29,19.04,103.19,15.85,2.618,14.188,7.925,TP,12,1.087,1.651,1.977,-1.083,-0.087,-1.651
15,30,22.22,104.13,47.53,3.056,14.318,23.766,FP,,,,,,,
15,31,14.0,103.25,7.7,1.925,14.196,3.848,FP,,,,,,,
15,32,15.89,108.34,95.57,2.185,14.897,47.786,FP,,,,,,,
15,33,20.0,104.5,24.0,2.75,14.369,12.0,FP,,,,,,,
15,34,21.0,104.5,8.0,2.888,14.369,4.0,FP,,,,,,,
15,35,458.28,140.41,95.68,63.014,19.307,47.84,FP,,,,,,,
15,36,462.51,172.19,31.6,63.595,23.676,15.799,FP,,,,,,,
15,37,459.89,140.19,44.53,63.234,19.276,22.265,FP,,,,,,,
15,38,453.45,166.7,95.58,62.349,22.921,47.792,FP,,,,,,,
15,39,451.0,164.84,159.73,62.012,22.665,79.866,FP,,,,,,,
15,40,452.16,164.79,167.66,62.172,22.659,83.829,FP,,,,,,,
15,41,452.52,165.45,79.74,62.222,22.75,39.872,FP,,,,,,,
15,42,451.67,165.33,72.0,62.104,22.733,36.0,FP,,,,,,,
15,43,453.13,166.33,88.13,62.306,22.871,44.067,FP,,,,,,,
15,44,453.28,166.72,111.07,62.325,22.925,55.534,FP,,,,,,,
15,45,463.33,173.51,47.55,63.707,23.858,23.777,FP,,,,,,,
15,46,262.86,172.88,95.56,36.143,23.771,47.778,FP,,,,,,,
15,47,27.39,182.42,31.51,3.767,25.083,15.754,FP,,,,,,,
15,48,262.66,178.35,31.49,36.116,24.524,15.747,FP,,,,,,,
15,49,27.38,182.45,47.5,3.765,25.088,23.748,FP,,,,,,,
15,50,27.01,178.51,15.83,3.714,24.545,7.915,FP,,,,,,,
15,51,26.84,178.22,7.62,3.691,24.505,3.812,TP,17,0.334,2.174,2.2,0.315,-0.112,2.174
15,52,469.35,184.98,95.65,64.536,25.435,47.824,FP,,,,,,,
15,53,29.35,193.81,95.46,4.036,26.649,47.73,FP,,,,,,,
15,54,67.15,190.68,31.48,9.233,26.219,15.738,FP,,,,,,,
15,55,204.22,186.83,31.39,28.081,25.69,15.694,FP,,,,,,,
15,56,202.26,188.89,95.33,27.811,25.972,47.667,FP,,,,,,,
15,57,155.0,211.76,95.62,21.313,29.117,47.81,FP,,,,,,,
15,58,152.81,219.43,31.66,21.011,30.171,15.83,FP,,,,,,,
15,59,373.07,235.99,80.65,51.297,32.448,40.327,TP,23,0.247,0.549,0.602,-0.173,-0.177,0.549
15,60,374.32,237.01,95.66,51.47,32.589,47.832,FP,,,,,,,
15,61,374.5,235.0,72.0,51.494,32.312,36.0,FP,,,,,,,
15,62,371.16,238.89,31.47,51.035,32.847,15.736,FP,,,,,,,
15,63,152.31,245.78,31.52,20.942,33.795,15.762,FP,,,,,,,
15,64,157.0,246.5,95.0,21.587,33.894,47.5,FP,,,,,,,
15,65,406.32,248.91,31.48,55.869,34.225,15.74,FP,,,,,,,
15,66,153.94,248.06,47.53,21.167,34.108,23.765,FP,,,,,,,
15,67,273.45,249.45,95.27,37.6,34.3,47.636,FP,,,,,,,
15,68,57.5,293.75,7.38,7.906,40.391,3.688,FP,,,,,,,
15,69,464.49,307.12,34.98,63.867,42.229,17.489,FP,,,,,,,
15,70,463.84,308.38,92.76,63.777,42.402,46.382,FP,,,,,,,
15,71,468.65,309.12,111.41,64.439,42.504,55.703,FP,,,,,,,
15,72,315.77,316.68,95.6,43.418,43.543,47.799,FP,,,,,,,
15,73,463.42,309.34,71.73,63.721,42.534,35.864,FP,,,,,,,
15,74,467.02,307.99,159.73,64.215,42.349,79.864,FP,,,,,,,
15,75,466.63,307.84,167.57,64.161,42.327,83.784,FP,,,,,,,
15,76,312.39,321.72,31.57,42.954,44.237,15.787,FP,,,,,,,
15,77,313.66,313.6,111.4,43.128,43.12,55.7,FP,,,,,,,
15,78,465.78,309.5,135.0,64.044,42.556,67.5,FP,,,,,,,
15,79,311.23,314.77,159.46,42.794,43.281,79.731,FP,,,,,,,
15,80,311.63,320.8,47.52,42.85,44.11,23.76,FP,,,,,,,
15,81,309.23,318.06,7.57,42.519,43.733,3.787,TP,30,0.2,1.707,1.719,0.153,-0.128,-1.707
15,82,309.45,319.39,15.85,42.55,43.917,7.926,FP,,,,,,,
15,83,308.0,318.0,134.7,42.35,43.725,67.35,FP,,,,,,,
15,84,207.02,347.71,31.65,28.466,47.81,15.824,TP,32,0.668,0.529,0.852,-0.629,-0.227,0.529
15,85,209.0,347.74,95.56,28.737,47.814,47.778,FP,,,,,,,
15,86,207.26,347.63,15.78,28.498,47.799,7.888,FP,,,,,,,
15,87,207.48,348.02,47.46,28.528,47.853,23.73,FP,,,,,,,
15,88,205.62,344.62,59.0,28.272,47.385,29.5,FP,,,,,,,
15,89,211.3,346.47,79.53,29.054,47.64,39.764,FP,,,,,,,
15,90,207.59,347.31,7.72,28.544,47.755,3.859,FP,,,,,,,
15,91,206.98,348.8,23.71,28.46,47.959,11.855,FP,,,,,,,
15,92,332.36,404.42,31.59,45.7,55.608,15.794,FP,,,,,,,
15,93,332.89,404.31,47.47,45.772,55.593,23.737,FP,,,,,,,
15,94,334.27,405.26,95.46,45.962,55.723,47.728,FP,,,,,,,
15,95,72.88,416.64,31.58,10.021,57.288,15.792,FP,,,,,,,
15,96,149.83,433.28,31.51,20.601,59.576,15.754,FP,,,,,,,
15,97,149.61,435.79,95.53,20.571,59.921,47.766,FP,,,,,,,
15,98,149.43,433.83,47.49,20.547,59.651,23.744,FP,,,,,,,
15,99,146.72,434.24,59.05,20.173,59.708,29.525,FP,,,,,,,
15,100,150.0,433.0,111.0,20.625,59.538,55.5,FP,,,,,,,
15,101,290.86,459.18,95.48,39.993,63.138,47.741,FP,,,,,,,
15,102,291.91,450.16,159.68,40.138,61.897,79.841,FP,,,,,,,
15,103,289.86,462.69,31.64,39.856,63.62,15.818,TP,43,0.428,2.182,2.224,-0.166,0.394,-2.182
15,104,441.82,463.73,31.63,60.75,63.763,15.817,TP,44,0.366,4.134,4.151,-0.365,-0.008,4.134
15,105,444.64,461.27,95.54,61.139,63.424,47.77,FP,,,,,,,
15,106,290.09,462.28,47.62,39.888,63.563,23.811,FP,,,,,,,
15,107,289.97,463.25,59.15,39.871,63.697,29.576,FP,,,,,,,
15,108,291.67,469.25,71.96,40.105,64.522,35.981,FP,,,,,,,
15,109,292.09,469.32,79.95,40.162,64.531,39.973,FP,,,,,,,
15,110,291.1,470.3,87.8,40.026,64.666,43.9,FP,,,,,,,
15,,,,,2.829,0.41,10.367,FN,0,,,,,,
15,,,,,68.806,2.076,55.434,FN,1,,,,,,
15,,,,,8.32,5.16,23.478,FN,2,,,,,,
15,,,,,23.903,5.305,24.231,FN,3,,,,,,
15,,,,,39.115,5.401,14.547,FN,4,,,,,,
15,,,,,20.237,8.848,83.841,FN,7,,,,,,
15,,,,,57.918,10.66,95.489,FN,8,,,,,,
15,,,,,19.913,12.127,98.086,FN,9,,,,,,
15,,,,,1.697,14.028,90.934,FN,11,,,,,,
15,,,,,20.314,15.404,96.038,FN,13,,,,,,
15,,,,,63.478,19.221,66.025,FN,14,,,,,,
15,,,,,62.133,22.962,2.029,FN,15,,,,,,
15,,,,,65.578,24.737,43.556,FN,16,,,,,,
15,,,,,35.899,23.833,5.494,FN,18,,,,,,
15,,,,,28.242,25.662,90.681,FN,19,,,,,,
15,,,,,69.186,27.802,84.449,FN,20,,,,,,
15,,,,,21.09,29.588,38.689,FN,21,,,,,,
15,,,,,47.66,30.038,84.59,FN,22,,,,,,
15,,,,,21.293,34.317,59.199,FN,24,,,,,,
15,,,,,37.807,34.841,57.0,FN,25,,,,,,
15,,,,,62.541,36.049,85.704,FN,26,,,,,,
15,,,,,7.93,40.282,92.284,FN,27,,,,,,
15,,,,,64.154,41.592,27.281,FN,28,,,,,,
15,,,,,64.166,43.244,25.847,FN,29,,,,,,
15,,,,,17.398,47.204,75.095,FN,31,,,,,,
15,,,,,15.969,50.614,26.019,FN,33,,,,,,
15,,,,,62.01,52.458,53.5,FN,34,,,,,,
15,,,,,38.207,53.772,13.682,FN,35,,,,,,
15,,,,,58.542,54.2,94.033,FN,36,,,,,,
15,,,,,45.566,56.025,34.233,FN,37,,,,,,
15,,,,,31.173,56.448,66.537,FN,38,,,,,,
15,,,,,10.492,56.73,27.123,FN,39,,,,,,
15,,,,,20.106,59.231,10.254,FN,40,,,,,,
15,,,,,32.6,59.54,52.155,FN,41,,,,,,
15,,,,,40.297,61.578,68.763,FN,42,,,,,,
15,,,,,39.627,64.56,15.708,FN,45,,,,,,
15,,,,,33.388,69.027,72.208,FN,46,,,,,,
15,,,,,8.452,69.716,71.858,FN,47,,,,,,
15,,,,,45.948,69.683,92.099,FN,48,,,,,,
151,0,270.83,12.55,31.52,37.24,1.725,15.762,FP,,,,,,,
151,1,401.39,19.9,31.63,55.191,2.737,15.817,FP,,,,,,,
151,2,402.63,19.47,47.52,55.362,2.678,23.758,FP,,,,,,,
151,3,403.57,21.85,95.57,55.49,3.004,47.787,FP,,,,,,,
151,4,70.32,58.35,95.57,9.669,8.023,47.783,TP,6,0.515,0.944,1.075,-0.463,0.225,-0.944
151,5,223.45,54.25,95.7,30.724,7.46,47.848,FP,,,,,,,
151,6,73.0,58.97,31.58,10.038,8.108,15.79,FP,,,,,,,
151,7,72.99,57.32,159.7,10.036,7.881,79.848,FP,,,,,,,
151,8,219.87,56.1,31.59,30.233,7.714,15.795,FP,,,,,,,
151,9,71.89,58.04,167.68,9.885,7.98,83.838,FP,,,,,,,
151,10,75.21,57.29,111.46,10.342,7.877,55.729,FP,,,,,,,
151,11,224.0,53.0,47.0,30.8,7.288,23.5,FP,,,,,,,
151,12,74.65,56.66,143.78,10.265,7.791,71.891,FP,,,,,,,
151,13,73.99,57.43,47.33,10.174,7.897,23.665,FP,,,,,,,
151,14,75.5,56.22,135.0,10.381,7.731,67.5,FP,,,,,,,
151,15,213.33,57.18,7.72,29.333,7.863,3.858,FP,,,,,,,
151,16,134.67,64.3,31.7,18.517,8.841,15.85,FP,,,,,,,
151,17,313.83,67.24,95.67,43.151,9.246,47.834,FP,,,,,,,
151,18,180.61,62.4,31.53,24.834,8.58,15.763,FP,,,,,,,
151,19,134.41,63.0,46.93,18.482,8.663,23.467,FP,,,,,,,
151,20,313.17,70.19,31.56,43.061,9.651,15.781,FP,,,,,,,
151,21,315.31,65.5,7.54,43.356,9.006,3.771,FP,,,,,,,
151,22,170.68,88.01,95.7,23.469,12.101,47.85,FP,,,,,,,
151,23,170.18,93.45,31.58,23.399,12.849,15.788,FP,,,,,,,
151,24,447.15,112.59,95.59,61.483,15.481,47.793,FP,,,,,,,
151,25,407.73,112.0,31.48,56.063,15.401,15.738,FP,,,,,,,
151,26,441.58,116.66,31.58,60.717,16.041,15.791,FP,,,,,,,
151,27,155.57,148.79,31.56,21.391,20.459,15.781,FP,,,,,,,
151,28,13.48,146.64,31.44,1.853,20.163,15.72,TP,17,0.434,2.405,2.444,0.433,0.029,-2.405
151,29,155.38,149.86,47.39,21.364,20.606,23.697,FP,,,,,,,
151,30,156.56,169.76,95.4,21.527,23.342,47.7,FP,,,,,,,
151,31,294.9,190.72,31.54,40.549,26.224,15.772,FP,,,,,,,
151,32,297.13,192.16,95.59,40.856,26.422,47.797,FP,,,,,,,
151,33,295.66,191.61,47.43,40.653,26.346,23.715,FP,,,,,,,
151,34,298.44,183.36,159.69,41.036,25.212,79.845,FP,,,,,,,
151,35,295.86,194.74,111.47,40.68,26.776,55.735,FP,,,,,,,
151,36,299.17,182.99,167.42,41.136,25.161,83.711,FP,,,,,,,
151,37,294.51,186.49,15.94,40.495,25.643,7.97,TP,19,0.989,1.412,1.724,-0.604,0.784,-1.412
151,38,294.3,187.65,7.82,40.467,25.802,3.908,FP,,,,,,,
151,39,299.32,185.04,71.61,41.157,25.442,35.804,FP,,,,,,,
151,40,294.78,186.91,23.94,40.532,25.7,11.969,FP,,,,,,,
151,41,293.99,193.8,59.06,40.424,26.648,29.531,FP,,,,,,,
151,42,299.0,186.67,79.56,41.112,25.667,39.778,FP,,,,,,,
151,43,40.39,201.08,95.55,5.554,27.648,47.775,FP,,,,,,,
151,44,181.16,206.56,159.72,24.91,28.402,79.861,FP,,,,,,,
151,45,182.78,206.07,167.64,25.132,28.334,83.819,FP,,,,,,,
151,46,178.45,208.36,135.0,24.538,28.65,67.5,FP,,,,,,,
151,47,449.85,211.34,95.45,61.854,29.06,47.724,FP,,,,,,,
151,48,195.09,223.88,31.6,26.825,30.784,15.799,TP,24,0.377,0.294,0.478,-0.377,0.008,-0.294
151,49,195.13,222.93,91.89,26.83,30.653,45.944,FP,,,,,,,
151,50,193.3,220.79,47.68,26.578,30.358,23.839,FP,,,,,,,
151,51,191.83,219.17,59.0,26.377,30.135,29.5,FP,,,,,,,
151,52,197.45,224.22,112.76,27.149,30.831,56.38,FP,,,,,,,
151,53,195.24,224.1,71.91,26.846,30.813,35.955,FP,,,,,,,
151,54,204.85,243.37,95.52,28.167,33.463,47.761,FP,,,,,,,
151,55,487.74,243.21,31.44,67.065,33.442,15.721,FP,,,,,,,
151,56,425.89,248.53,95.56,58.56,34.173,47.78,FP,,,,,,,
151,57,421.96,249.48,31.49,58.02,34.304,15.745,FP,,,,,,,
151,58,155.33,310.52,95.56,21.358,42.697,47.779,FP,,,,,,,
151,59,164.5,317.64,31.58,22.619,43.675,15.791,FP,,,,,,,
151,60,391.6,316.31,31.5,53.845,43.493,15.751,FP,,,,,,,
151,61,224.5,320.62,95.62,30.869,44.085,47.809,FP,,,,,,,
151,62,223.97,320.13,81.15,30.796,44.017,40.577,TP,32,0.122,0.325,0.347,-0.085,0.087,0.325
151,63,224.82,324.25,31.54,30.913,44.585,15.771,FP,,,,,,,
151,64,224.01,320.87,71.95,30.802,44.12,35.976,FP,,,,,,,
151,65,170.46,320.13,15.67,23.439,44.018,7.836,FP,,,,,,,
151,66,225.57,319.88,110.85,31.015,43.983,55.423,FP,,,,,,,
151,67,170.56,320.56,7.52,23.451,44.076,3.759,FP,,,,,,,
151,68,228.06,323.02,47.4,31.358,44.415,23.702,FP,,,,,,,
151,69,185.49,331.96,95.55,25.505,45.644,47.773,FP,,,,,,,
151,70,225.58,322.89,15.55,31.017,44.398,7.776,FP,,,,,,,
151,71,86.43,374.62,95.66,11.885,51.51,47.829,FP,,,,,,,
151,72,376.23,369.2,9.04,51.731,50.765,4.518,FP,,,,,,,
151,73,85.62,376.88,31.59,11.773,51.821,15.794,FP,,,,,,,
151,74,87.0,375.5,111.0,11.963,51.631,55.5,FP,,,,,,,
151,75,390.14,404.72,30.27,53.644,55.649,15.133,FP,,,,,,,
151,76,135.64,426.5,95.52,18.651,58.644,47.761,FP,,,,,,,
151,77,135.02,428.88,31.53,18.566,58.971,15.766,FP,,,,,,,
151,78,136.5,426.89,47.51,18.769,58.698,23.755,FP,,,,,,,
151,79,39.03,481.63,95.63,5.366,66.224,47.814,FP,,,,,,,
151,80,68.86,483.65,31.6,9.469,66.502,15.798,FP,,,,,,,
151,81,176.72,493.58,31.49,24.3,67.868,15.747,FP,,,,,,,
151,82,175.61,491.97,16.14,24.147,67.646,8.07,FP,,,,,,,
151,83,177.76,498.06,95.67,24.443,68.484,47.836,FP,,,,,,,
151,84,176.0,492.0,24.0,24.2,67.65,12.0,FP,,,,,,,
151,85,176.5,493.0,25.0,24.269,67.787,12.5,FP,,,,,,,
151,86,77.99,503.07,95.48,10.723,69.172,47.741,FP,,,,,,,
151,,,,,66.45,2.288,96.093,FN,0,,,,,,
151,,,,,36.81,1.728,2.55,FN,1,,,,,,
151,,,,,55.197,2.277,29.477,FN,2,,,,,,
151,,,,,30.346,7.061,40.248,FN,3,,,,,,
151,,,,,29.287,8.447,87.792,FN,4,,,,,,
151,,,,,38.014,7.167,98.745,FN,5,,,,,,
151,,,,,18.499,8.544,63.745,FN,7,,,,,,
151,,,,,43.591,8.981,89.771,FN,8,,,,,,
151,,,,,41.856,9.969,7.723,FN,9,,,,,,
151,,,,,18.92,12.668,89.0,FN,10,,,,,,
151,,,,,23.404,12.458,41.795,FN,11,,,,,,
151,,,,,61.811,13.335,94.882,FN,12,,,,,,
151,,,,,61.527,14.939,62.055,FN,13,,,,,,
151,,,,,56.361,15.287,26.819,FN,14,,,,,,
151,,,,,10.456,16.959,97.877,FN,15,,,,,,
151,,,,,68.125,17.872,92.505,FN,16,,,,,,
151,,,,,21.35,20.111,2.551,FN,18,,,,,,
151,,,,,5.545,27.905,64.016,FN,20,,,,,,
151,,,,,39.858,28.292,36.439,FN,21,,,,,,
151,,,,,68.018,28.284,63.718,FN,22,,,,,,
151,,,,,24.04,29.075,74.682,FN,23,,,,,,
151,,,,,17.915,32.269,13.147,FN,25,,,,,,
151,,,,,66.847,32.83,55.558,FN,26,,,,,,
151,,,,,58.529,34.213,61.297,FN,27,,,,,,
151,,,,,50.439,35.282,56.169,FN,28,,,,,,
151,,,,,69.084,37.169,32.5,FN,29,,,,,,
151,,,,,21.697,42.377,18.412,FN,30,,,,,,
151,,,,,53.657,42.997,54.049,FN,31,,,,,,
151,,,,,25.531,45.51,21.84,FN,33,,,,,,
151,,,,,34.403,47.319,8.995,FN,34,,,,,,
151,,,,,48.623,51.06,70.0,FN,35,,,,,,
151,,,,,51.841,50.771,90.168,FN,36,,,,,,
151,,,,,11.965,52.31,6.956,FN,37,,,,,,
151,,,,,25.006,52.204,0.985,FN,38,,,,,,
151,,,,,53.622,55.577,77.207,FN,39,,,,,,
151,,,,,48.599,58.164,7.594,FN,40,,,,,,
151,,,,,19.034,58.554,60.337,FN,41,,,,,,
151,,,,,59.466,60.078,92.167,FN,42,,,,,,
151,,,,,48.905,63.211,74.09,FN,43,,,,,,
151,,,,,4.994,65.266,70.12,FN,44,,,,,,
151,,,,,42.95,65.433,87.389,FN,45,,,,,,
151,,,,,38.665,66.343,92.849,FN,46,,,,,,
151,,,,,10.106,66.186,0.938,FN,47,,,,,,
151,,,,,6.943,67.93,91.668,FN,48,,,,,,
151,,,,,24.263,67.619,81.131,FN,49,,,,,,
154,0,307.84,21.29,31.63,42.327,2.927,15.813,FP,,,,,,,
154,1,306.99,20.22,95.5,42.21,2.781,47.751,TP,1,0.293,2.982,2.996,0.061,-0.287,2.982
154,2,309.67,20.0,47.67,42.58,2.75,23.837,FP,,,,,,,
154,3,167.52,37.0,95.51,23.034,5.087,47.754,FP,,,,,,,
154,4,166.87,40.4,31.58,22.944,5.555,15.788,TP,4,0.549,2.403,2.465,-0.265,0.481,2.403
154,5,168.01,36.78,111.35,23.101,5.057,55.677,FP,,,,,,,
154,6,165.22,39.73,47.44,22.718,5.463,23.719,FP,,,,,,,
154,7,168.03,35.49,122.99,23.104,4.879,61.493,FP,,,,,,,
154,8,396.47,55.24,31.62,54.515,7.595,15.811,FP,,,,,,,
154,9,395.9,54.71,95.55,54.436,7.522,47.775,FP,,,,,,,
154,10,396.07,54.4,47.56,54.46,7.48,23.78,TP,5,0.128,1.839,1.844,0.059,0.113,-1.839
154,11,395.86,53.14,79.57,54.43,7.307,39.786,FP,,,,,,,
154,12,202.31,62.73,5.06,27.817,8.625,2.532,FP,,,,,,,
154,13,202.57,61.05,31.2,27.854,8.394,15.6,FP,,,,,,,
154,14,484.87,121.93,95.48,66.669,16.765,47.739,TP,11,0.993,2.979,3.14,0.411,-0.904,2.979
154,15,193.03,122.22,31.38,26.542,16.805,15.688,FP,,,,,,,
154,16,482.03,133.45,31.58,66.279,18.35,15.789,FP,,,,,,,
154,17,181.88,136.83,31.46,25.009,18.814,15.732,FP,,,,,,,
154,18,177.3,136.85,95.3,24.379,18.817,47.65,FP,,,,,,,
154,19,349.65,154.33,31.6,48.077,21.22,15.802,FP,,,,,,,
154,20,351.29,155.32,95.58,48.302,21.357,47.792,FP,,,,,,,
154,21,348.85,153.63,47.38,47.967,21.125,23.692,TP,13,0.223,0.935,0.961,-0.151,0.163,-0.935
154,22,350.99,154.73,71.7,48.262,21.275,35.852,FP,,,,,,,
154,23,351.3,154.34,79.79,48.303,21.221,39.897,FP,,,,,,,
154,24,160.93,194.4,95.54,22.127,26.731,47.772,FP,,,,,,,
154,25,440.46,193.57,31.63,60.563,26.616,15.813,FP,,,,,,,
154,26,67.15,206.91,95.63,9.233,28.45,47.817,FP,,,,,,,
154,27,61.42,206.34,159.68,8.445,28.372,79.841,TP,17,0.851,2.364,2.513,-0.85,0.035,2.364
154,28,67.07,205.91,31.2,9.222,28.313,15.599,FP,,,,,,,
154,29,61.4,206.38,151.72,8.443,28.377,75.86,FP,,,,,,,
154,30,63.83,206.78,135.0,8.776,28.432,67.5,FP,,,,,,,
154,31,61.41,205.79,143.64,8.444,28.296,71.818,FP,,,,,,,
154,32,65.61,203.96,123.0,9.021,28.044,61.5,FP,,,,,,,
154,33,68.07,205.77,47.57,9.36,28.294,23.785,FP,,,,,,,
154,34,68.37,205.8,111.51,9.401,28.297,55.755,FP,,,,,,,
154,35,66.92,205.9,16.08,9.201,28.311,8.042,FP,,,,,,,
154,36,11.71,244.78,31.44,1.611,33.657,15.72,FP,,,,,,,
154,37,284.5,249.33,95.44,39.119,34.283,47.722,FP,,,,,,,
154,38,476.72,265.69,31.47,65.548,36.533,15.735,FP,,,,,,,
154,39,423.04,282.49,31.59,58.168,38.842,15.794,FP,,,,,,,
154,40,423.54,281.47,47.38,58.237,38.702,23.689,FP,,,,,,,
154,41,424.31,281.65,95.69,58.342,38.727,47.843,FP,,,,,,,
154,42,307.78,310.15,95.65,42.319,42.646,47.827,FP,,,,,,,
154,43,312.77,303.6,111.71,43.005,41.745,55.855,FP,,,,,,,
154,44,312.43,302.62,123.16,42.959,41.61,61.581,FP,,,,,,,
154,45,303.19,313.5,31.53,41.689,43.107,15.765,FP,,,,,,,
154,46,300.12,312.61,79.71,41.267,42.985,39.854,FP,,,,,,,
154,47,307.1,312.79,159.62,42.226,43.009,79.812,FP,,,,,,,
154,48,306.83,312.26,167.75,42.189,42.935,83.877,FP,,,,,,,
154,49,300.29,311.9,71.66,41.29,42.886,35.831,FP,,,,,,,
154,50,303.76,314.13,47.25,41.767,43.193,23.625,FP,,,,,,,
154,51,302.65,312.99,15.81,41.614,43.036,7.904,FP,,,,,,,
154,52,301.77,312.92,7.77,41.493,43.027,3.885,FP,,,,,,,
154,53,174.16,322.36,31.62,23.947,44.325,15.808,FP,,,,,,,
154,54,296.82,318.09,59.09,40.812,43.738,29.545,FP,,,,,,,
154,55,154.2,356.85,31.59,21.202,49.067,15.797,TP,32,0.161,2.051,2.057,-0.12,-0.107,-2.051
154,56,155.36,356.18,95.54,21.362,48.974,47.77,FP,,,,,,,
154,57,154.95,357.23,112.19,21.306,49.12,56.094,FP,,,,,,,
154,58,156.23,358.13,47.46,21.481,49.243,23.728,FP,,,,,,,
154,59,423.25,361.51,31.64,58.197,49.707,15.821,FP,,,,,,,
154,60,425.83,360.96,95.65,58.551,49.633,47.826,FP,,,,,,,
154,61,154.63,358.33,15.79,21.261,49.271,7.896,FP,,,,,,,
154,62,154.05,356.77,79.93,21.181,49.056,39.965,FP,,,,,,,
154,63,155.04,357.64,134.74,21.318,49.175,67.372,FP,,,,,,,
154,64,423.64,359.1,47.73,58.251,49.376,23.867,FP,,,,,,,
154,65,154.68,358.15,7.76,21.268,49.245,3.882,FP,,,,,,,
154,66,154.64,358.43,71.54,21.263,49.284,35.768,FP,,,,,,,
154,67,423.0,358.0,59.0,58.163,49.225,29.5,FP,,,,,,,
154,68,427.82,360.82,111.53,58.826,49.613,55.767,FP,,,,,,,
154,69,61.27,419.02,31.48,8.425,57.615,15.739,FP,,,,,,,
154,70,61.38,425.45,95.46,8.44,58.499,47.729,FP,,,,,,,
154,71,284.41,440.84,31.59,39.106,60.615,15.795,FP,,,,,,,
154,72,284.97,440.0,95.4,39.183,60.499,47.699,FP,,,,,,,
154,73,286.11,440.79,47.64,39.341,60.609,23.821,FP,,,,,,,
154,74,283.51,435.62,7.52,38.982,59.897,3.762,FP,,,,,,,
154,75,286.15,439.82,58.88,39.346,60.475,29.438,FP,,,,,,,
154,76,283.8,436.4,15.6,39.022,60.005,7.8,TP,38,0.766,2.963,3.061,0.148,-0.752,-2.963
154,77,282.1,440.66,80.21,38.788,60.59,40.103,FP,,,,,,,
154,78,281.98,440.79,71.76,38.772,60.608,35.88,FP,,,,,,,
154,79,281.0,441.0,89.0,38.638,60.638,44.5,FP,,,,,,,
154,80,282.0,441.0,87.0,38.775,60.638,43.5,FP,,,,,,,
154,81,190.49,452.49,95.54,26.193,62.218,47.771,FP,,,,,,,
154,82,191.48,449.04,31.6,26.328,61.743,15.801,FP,,,,,,,
154,83,330.42,452.25,31.45,45.432,62.184,15.726,FP,,,,,,,
154,84,445.4,478.22,31.57,61.243,65.756,15.783,FP,,,,,,,
154,85,439.33,485.6,95.56,60.408,66.77,47.782,FP,,,,,,,
154,86,446.0,473.73,47.5,61.325,65.137,23.748,FP,,,,,,,
154,87,443.76,476.14,15.83,61.018,65.469,7.913,FP,,,,,,,
154,88,443.39,476.26,7.77,60.966,65.486,3.887,FP,,,,,,,
154,89,442.8,474.6,24.0,60.885,65.257,12.0,FP,,,,,,,
154,90,72.05,489.67,31.52,9.907,67.33,15.759,FP,,,,,,,
154,91,70.29,482.5,159.5,9.664,66.344,79.75,FP,,,,,,,
154,92,72.11,486.84,47.53,9.916,66.94,23.766,FP,,,,,,,
154,93,71.27,487.82,15.74,9.8,67.075,7.872,FP,,,,,,,
154,94,71.69,488.06,7.62,9.857,67.109,3.812,FP,,,,,,,
154,95,189.47,500.91,95.47,26.052,68.875,47.734,FP,,,,,,,
154,96,80.88,502.47,95.44,11.12,69.089,47.719,FP,,,,,,,
154,,,,,8.334,2.165,95.726,FN,0,,,,,,
154,,,,,52.893,3.811,48.03,FN,2,,,,,,
154,,,,,14.254,4.641,61.833,FN,3,,,,,,
154,,,,,27.827,8.645,94.335,FN,6,,,,,,
154,,,,,17.484,9.163,10.706,FN,7,,,,,,
154,,,,,16.92,11.119,77.531,FN,8,,,,,,
154,,,,,17.362,15.382,13.894,FN,9,,,,,,
154,,,,,27.076,16.679,65.043,FN,10,,,,,,
154,,,,,24.059,19.046,24.376,FN,12,,,,,,
154,,,,,31.559,24.355,96.914,FN,14,,,,,,
154,,,,,22.252,25.406,79.996,FN,15,,,,,,
154,,,,,22.777,26.341,82.025,FN,16,,,,,,
154,,,,,70.128,29.517,39.0,FN,18,,,,,,
154,,,,,52.773,31.248,70.487,FN,19,,,,,,
154,,,,,1.428,32.622,49.71,FN,20,,,,,,
154,,,,,55.509,33.137,93.158,FN,21,,,,,,
154,,,,,64.763,36.493,23.197,FN,22,,,,,,
154,,,,,33.959,38.493,60.803,FN,23,,,,,,
154,,,,,58.321,38.756,38.896,FN,24,,,,,,
154,,,,,50.888,40.839,89.43,FN,25,,,,,,
154,,,,,36.688,41.483,43.637,FN,26,,,,,,
154,,,,,42.591,41.374,28.711,FN,27,,,,,,
154,,,,,52.439,42.405,10.5,FN,28,,,,,,
154,,,,,43.459,43.28,58.211,FN,29,,,,,,
154,,,,,40.709,43.838,55.615,FN,30,,,,,,
154,,,,,58.237,49.369,40.721,FN,31,,,,,,
154,,,,,15.973,50.755,94.917,FN,33,,,,,,
154,,,,,63.33,55.271,87.336,FN,34,,,,,,
154,,,,,47.034,58.202,88.578,FN,35,,,,,,
154,,,,,8.506,57.757,83.424,FN,36,,,,,,
154,,,,,40.36,58.339,70.242,FN,37,,,,,,
154,,,,,26.973,62.093,86.0,FN,39,,,,,,
154,,,,,51.396,62.028,16.613,FN,40,,,,,,
154,,,,,52.097,64.992,86.54,FN,41,,,,,,
154,,,,,44.597,65.791,80.754,FN,42,,,,,,
154,,,,,63.272,65.843,2.051,FN,43,,,,,,
154,,,,,59.062,65.588,1.484,FN,44,,,,,,
154,,,,,9.956,66.191,53.604,FN,45,,,,,,
154,,,,,10.98,68.855,12.917,FN,46,,,,,,
154,,,,,0.54,68.287,41.259,FN,47,,,,,,
154,,,,,53.209,69.407,87.124,FN,48,,,,,,
154,,,,,56.277,69.746,64.233,FN,49,,,,,,
161,0,194.34,16.83,31.52,26.722,2.314,15.758,FP,,,,,,,
161,1,176.43,10.68,159.52,24.258,1.468,79.762,FP,,,,,,,
161,2,174.17,12.23,167.49,23.949,1.681,83.743,FP,,,,,,,
161,3,260.19,35.96,14.15,35.777,4.944,7.075,FP,,,,,,,
161,4,355.78,50.02,31.64,48.92,6.878,15.819,FP,,,,,,,
161,5,357.23,48.85,95.64,49.119,6.717,47.818,FP,,,,,,,
161,6,357.0,47.77,71.78,49.088,6.568,35.892,FP,,,,,,,
161,7,357.87,48.04,79.83,49.207,6.605,39.916,FP,,,,,,,
161,8,355.96,49.74,47.41,48.944,6.839,23.705,FP,,,,,,,
161,9,358.82,48.36,87.64,49.338,6.65,43.818,FP,,,,,,,
161,10,490.76,62.25,31.51,67.48,8.56,15.757,FP,,,,,,,
161,11,67.44,81.28,31.57,9.273,11.176,15.785,FP,,,,,,,
161,12,208.81,106.87,31.63,28.711,14.695,15.816,TP,11,0.294,4.12,4.13,-0.287,0.062,-4.12
161,13,134.38,103.53,95.4,18.478,14.236,47.702,FP,,,,,,,
161,14,135.42,113.03,31.73,18.62,15.541,15.866,FP,,,,,,,
161,15,211.49,109.25,95.46,29.079,15.022,47.731,FP,,,,,,,
161,16,121.67,104.67,95.5,16.729,14.392,47.75,FP,,,,,,,
161,17,208.95,109.35,47.44,28.73,15.036,23.718,FP,,,,,,,
161,18,210.79,108.28,111.41,28.984,14.888,55.707,FP,,,,,,,
161,19,211.0,106.5,7.5,29.013,14.644,3.75,FP,,,,,,,
161,20,211.28,109.76,79.81,29.051,15.092,39.904,FP,,,,,,,
161,21,211.29,110.0,71.5,29.052,15.125,35.75,FP,,,,,,,
161,22,135.25,112.0,47.0,18.597,15.4,23.5,FP,,,,,,,
161,23,458.73,119.6,31.75,63.075,16.445,15.874,FP,,,,,,,
161,24,459.37,119.46,47.73,63.163,16.426,23.865,FP,,,,,,,
161,25,457.83,118.83,59.0,62.952,16.34,29.5,FP,,,,,,,
161,26,163.73,171.72,31.58,22.513,23.611,15.788,FP,,,,,,,
161,27,167.89,169.39,85.44,23.085,23.291,42.718,FP,,,,,,,
161,28,164.59,169.5,59.0,22.632,23.306,29.502,FP,,,,,,,
161,29,163.97,170.41,47.68,22.546,23.431,23.839,FP,,,,,,,
161,30,476.31,185.48,31.57,65.492,25.504,15.785,FP,,,,,,,
161,31,475.92,184.67,47.55,65.439,25.392,23.774,TP,17,0.44,2.306,2.347,-0.249,0.362,-2.306
161,32,474.46,189.32,95.53,65.238,26.032,47.767,FP,,,,,,,
161,33,473.72,183.33,59.36,65.136,25.207,29.679,FP,,,,,,,
161,34,73.82,182.86,31.46,10.15,25.143,15.732,FP,,,,,,,
161,35,474.62,184.3,15.54,65.26,25.341,7.77,FP,,,,,,,
161,36,474.44,187.31,79.82,65.236,25.755,39.908,FP,,,,,,,
161,37,474.34,187.65,71.78,65.221,25.803,35.892,FP,,,,,,,
161,38,502.36,198.79,95.5,69.074,27.333,47.75,FP,,,,,,,
161,39,72.61,218.3,167.43,9.984,30.017,83.717,FP,,,,,,,
161,40,8.68,224.33,31.45,1.193,30.845,15.725,FP,,,,,,,
161,41,10.1,228.79,95.63,1.388,31.458,47.815,FP,,,,,,,
161,42,59.74,238.23,95.64,8.214,32.757,47.821,FP,,,,,,,
161,43,61.98,239.98,31.56,8.523,32.997,15.778,FP,,,,,,,
161,44,389.95,236.41,95.52,53.618,32.507,47.761,FP,,,,,,,
161,45,49.17,265.29,95.51,6.761,36.478,47.757,FP,,,,,,,
161,46,46.79,266.14,31.59,6.434,36.595,15.797,TP,28,0.711,2.916,3.002,0.485,-0.52,-2.916
161,47,46.96,265.58,46.5,6.457,36.517,23.25,FP,,,,,,,
161,48,46.8,265.56,59.03,6.434,36.515,29.517,FP,,,,,,,
161,49,49.0,263.5,79.62,6.738,36.231,39.812,FP,,,,,,,
161,50,47.04,265.07,24.06,6.468,36.448,12.031,FP,,,,,,,
161,51,48.86,264.43,71.71,6.718,36.359,35.857,FP,,,,,,,
161,52,479.53,281.32,31.59,65.936,38.681,15.797,FP,,,,,,,
161,53,414.85,288.35,95.56,57.042,39.648,47.782,TP,31,0.37,1.567,1.61,0.149,-0.339,-1.567
161,54,413.38,290.19,31.56,56.84,39.901,15.781,FP,,,,,,,
161,55,413.49,289.32,47.15,56.855,39.781,23.573,FP,,,,,,,
161,56,412.45,287.73,71.21,56.713,39.562,35.607,FP,,,,,,,
161,57,413.14,286.28,79.58,56.807,39.364,39.789,FP,,,,,,,
161,58,412.86,289.5,58.74,56.769,39.807,29.37,TP,29,0.913,0.348,0.977,-0.532,0.742,0.348
161,59,142.26,296.62,95.46,19.56,40.785,47.729,FP,,,,,,,
161,60,410.65,289.35,87.9,56.464,39.786,43.95,FP,,,,,,,
161,61,143.98,298.8,31.59,19.798,41.085,15.796,FP,,,,,,,
161,62,143.43,295.91,113.44,19.722,40.688,56.721,FP,,,,,,,
161,63,144.21,297.32,47.56,19.828,40.882,23.78,FP,,,,,,,
161,64,170.32,313.23,31.42,23.419,43.069,15.71,FP,,,,,,,
161,65,323.03,352.07,95.62,44.417,48.41,47.812,TP,34,0.791,0.658,1.029,0.604,0.51,0.658
161,66,316.49,350.79,31.6,43.518,48.233,15.8,FP,,,,,,,
161,67,91.55,356.55,31.42,12.588,49.025,15.71,FP,,,,,,,
161,68,54.61,357.43,31.3,7.509,49.147,15.652,FP,,,,,,,
161,69,462.91,368.39,31.56,63.65,50.654,15.782,FP,,,,,,,
161,70,463.47,365.39,47.69,63.728,50.241,23.846,FP,,,,,,,
161,71,467.61,367.7,95.09,64.297,50.558,47.546,TP,36,0.485,1.078,1.182,0.263,0.407,1.078
161,72,466.42,365.45,74.54,64.133,50.249,37.269,FP,,,,,,,
161,73,462.38,368.09,15.77,63.577,50.612,7.887,FP,,,,,,,
161,74,462.01,368.25,7.79,63.526,50.635,3.894,FP,,,,,,,
161,75,462.84,364.84,59.0,63.641,50.166,29.5,FP,,,,,,,
161,76,467.78,368.96,110.82,64.32,50.732,55.41,FP,,,,,,,
161,77,202.3,377.07,95.45,27.816,51.847,47.725,FP,,,,,,,
161,78,26.22,390.87,95.39,3.605,53.745,47.696,FP,,,,,,,
161,79,288.31,421.44,31.6,39.642,57.948,15.802,FP,,,,,,,
161,80,291.28,420.33,95.55,40.051,57.796,47.773,FP,,,,,,,
161,81,180.82,426.18,29.64,24.862,58.6,14.821,TP,39,0.618,1.117,1.277,0.26,-0.561,1.117
161,82,289.24,420.24,47.4,39.771,57.783,23.701,FP,,,,,,,
161,83,181.94,428.98,95.41,25.017,58.985,47.704,FP,,,,,,,
161,84,182.86,425.45,59.08,25.144,58.499,29.538,FP,,,,,,,
161,85,181.68,425.29,71.71,24.981,58.478,35.854,FP,,,,,,,
161,86,181.44,426.28,79.92,24.949,58.613,39.962,FP,,,,,,,
161,87,180.94,428.61,111.26,24.879,58.934,55.629,FP,,,,,,,
161,88,388.25,440.62,95.44,53.384,60.586,47.719,TP,40,0.451,2.151,2.197,0.155,-0.423,2.151
161,89,388.79,447.11,31.47,53.459,61.478,15.736,FP,,,,,,,
161,90,116.17,448.41,7.55,15.974,61.657,3.776,TP,41,0.177,1.509,1.52,0.051,0.169,1.509
161,91,117.09,449.74,15.51,16.099,61.84,7.757,FP,,,,,,,
161,92,117.72,457.46,31.67,16.186,62.901,15.837,FP,,,,,,,
161,93,120.15,461.73,91.01,16.521,63.487,45.504,FP,,,,,,,
161,94,117.43,458.81,59.31,16.147,63.086,29.655,FP,,,,,,,
161,95,117.71,458.19,47.62,16.185,63.001,23.808,FP,,,,,,,
161,96,121.33,459.58,71.79,16.683,63.192,35.897,TP,44,0.373,0.085,0.383,-0.321,-0.19,-0.085
161,97,171.39,497.01,31.58,23.566,68.338,15.792,FP,,,,,,,
161,98,172.21,495.39,7.77,23.679,68.116,3.887,FP,,,,,,,
161,99,171.74,496.12,15.84,23.614,68.217,7.918,TP,49,0.91,0.84,1.238,-0.807,-0.42,-0.84
161,100,172.78,497.09,23.78,23.758,68.35,11.891,FP,,,,,,,
161,101,178.12,502.03,95.62,24.492,69.03,47.81,FP,,,,,,,
161,102,176.5,497.0,47.0,24.269,68.338,23.5,FP,,,,,,,
161,103,180.74,502.24,111.48,24.851,69.058,55.742,FP,,,,,,,
161,,,,,0.786,0.922,56.619,FN,0,,,,,,
161,,,,,28.121,2.189,70.236,FN,1,,,,,,
161,,,,,54.016,2.487,41.67,FN,2,,,,,,
161,,,,,35.815,4.935,86.791,FN,3,,,,,,
161,,,,,13.37,6.099,57.26,FN,4,,,,,,
161,,,,,49.391,6.483,10.258,FN,5,,,,,,
161,,,,,67.428,8.583,56.803,FN,6,,,,,,
161,,,,,4.952,11.576,57.924,FN,7,,,,,,
161,,,,,10.998,11.343,4.244,FN,8,,,,,,
161,,,,,17.662,14.153,9.65,FN,9,,,,,,
161,,,,,65.599,14.294,88.969,FN,10,,,,,,
161,,,,,63.106,16.586,35.284,FN,12,,,,,,
161,,,,,21.215,18.373,59.754,FN,13,,,,,,
161,,,,,10.783,22.21,87.291,FN,14,,,,,,
161,,,,,1.532,22.393,93.789,FN,15,,,,,,
161,,,,,22.954,23.248,53.061,FN,16,,,,,,
161,,,,,13.251,26.769,81.081,FN,18,,,,,,
161,,,,,2.369,29.317,54.51,FN,19,,,,,,
161,,,,,9.923,30.667,44.248,FN,20,,,,,,
161,,,,,1.838,31.629,61.773,FN,21,,,,,,
161,,,,,42.1,32.714,89.202,FN,22,,,,,,
161,,,,,52.451,32.543,54.662,FN,23,,,,,,
161,,,,,32.955,33.598,97.111,FN,24,,,,,,
161,,,,,6.913,34.51,7.116,FN,25,,,,,,
161,,,,,56.717,33.658,25.704,FN,26,,,,,,
161,,,,,35.124,37.186,1.294,FN,27,,,,,,
161,,,,,65.383,38.407,26.297,FN,30,,,,,,
161,,,,,19.637,40.625,33.704,FN,32,,,,,,
161,,,,,14.344,41.81,78.231,FN,33,,,,,,
161,,,,,12.677,48.923,25.027,FN,35,,,,,,
161,,,,,3.57,52.94,8.5,FN,37,,,,,,
161,,,,,39.899,57.5,40.959,FN,38,,,,,,
161,,,,,37.244,62.553,35.5,FN,42,,,,,,
161,,,,,65.48,63.889,59.479,FN,43,,,,,,
161,,,,,64.951,65.259,93.75,FN,45,,,,,,
161,,,,,35.388,66.143,42.812,FN,46,,,,,,
161,,,,,21.809,66.174,15.004,FN,47,,,,,,
161,,,,,16.74,67.438,37.057,FN,48,,,,,,
195,0,159.81,15.64,31.61,21.974,2.15,15.805,FP,,,,,,,
195,1,159.0,13.0,47.0,21.863,1.788,23.5,FP,,,,,,,
195,2,151.5,14.18,95.36,20.831,1.95,47.682,FP,,,,,,,
195,3,180.08,19.73,95.47,24.761,2.713,47.736,FP,,,,,,,
195,4,467.2,25.28,31.52,64.24,3.476,15.759,FP,,,,,,,
195,5,293.64,47.68,31.62,40.375,6.557,15.808,FP,,,,,,,
195,6,337.99,52.34,31.58,46.473,7.197,15.792,FP,,,,,,,
195,7,223.51,55.33,95.69,30.733,7.607,47.844,FP,,,,,,,
195,8,220.11,53.87,31.4,30.265,7.407,15.702,FP,,,,,,,
195,9,220.93,52.16,16.17,30.377,7.172,8.085,FP,,,,,,,
195,10,221.64,54.5,71.44,30.475,7.494,35.722,FP,,,,,,,
195,11,220.5,53.5,8.0,30.319,7.356,4.0,FP,,,,,,,
195,12,221.57,54.95,79.43,30.466,7.556,39.714,FP,,,,,,,
195,13,267.18,56.0,95.27,36.738,7.7,47.636,TP,9,0.084,3.774,3.774,0.084,0.002,-3.774
195,14,317.32,75.69,95.53,43.631,10.408,47.765,FP,,,,,,,
195,15,337.92,93.16,31.6,46.464,12.81,15.8,TP,12,0.392,1.7,1.745,0.274,0.28,1.7
195,16,74.81,107.54,31.58,10.287,14.787,15.792,FP,,,,,,,
195,17,71.55,107.34,95.56,9.839,14.759,47.778,FP,,,,,,,
195,18,151.33,111.77,31.59,20.808,15.368,15.795,FP,,,,,,,
195,19,74.61,106.06,47.49,10.259,14.584,23.745,FP,,,,,,,
195,20,75.06,105.7,15.52,10.321,14.534,7.761,TP,15,0.225,0.536,0.581,0.154,0.163,-0.536
195,21,152.36,111.23,91.39,20.949,15.295,45.693,FP,,,,,,,
195,22,72.21,105.68,111.05,9.929,14.532,55.526,FP,,,,,,,
195,23,151.87,108.56,59.34,20.882,14.927,29.67,TP,17,0.377,1.148,1.209,-0.13,-0.354,-1.148
195,24,153.42,110.84,112.0,21.095,15.24,56.001,FP,,,,,,,
195,25,153.44,111.35,122.92,21.098,15.31,61.459,FP,,,,,,,
195,26,153.59,112.1,47.66,21.119,15.414,23.831,FP,,,,,,,
195,27,151.74,111.6,72.11,20.864,15.344,36.053,FP,,,,,,,
195,28,266.49,118.06,31.58,36.643,16.233,15.79,FP,,,,,,,
195,29,10.31,162.83,31.56,1.418,22.389,15.778,FP,,,,,,,
195,30,9.91,162.02,47.47,1.363,22.277,23.735,FP,,,,,,,
195,31,234.17,183.46,31.63,32.199,25.226,15.815,FP,,,,,,,
195,32,233.01,185.6,95.59,32.039,25.52,47.795,TP,22,0.751,1.574,1.744,-0.374,0.652,1.574
195,33,471.62,195.58,31.42,64.847,26.892,15.71,FP,,,,,,,
195,34,141.42,247.34,95.55,19.445,34.009,47.776,FP,,,,,,,
195,35,138.8,247.28,31.39,19.084,34.001,15.694,FP,,,,,,,
195,36,196.55,260.75,7.62,27.025,35.853,3.812,FP,,,,,,,
195,37,451.22,269.23,31.51,62.042,37.019,15.756,FP,,,,,,,
195,38,453.76,271.59,95.59,62.392,37.344,47.794,FP,,,,,,,
195,39,451.99,267.43,47.36,62.149,36.772,23.678,TP,27,0.658,2.687,2.767,-0.658,-0.005,2.687
195,40,450.94,266.65,23.91,62.004,36.665,11.956,FP,,,,,,,
195,41,450.88,267.45,15.85,61.996,36.775,7.926,TP,26,1.228,1.221,1.731,1.162,-0.395,-1.221
195,42,450.71,267.11,59.0,61.973,36.727,29.5,FP,,,,,,,
195,43,455.5,267.13,111.02,62.631,36.731,55.51,FP,,,,,,,
195,44,451.23,267.98,7.93,62.044,36.847,3.963,FP,,,,,,,
195,45,451.06,266.0,40.04,62.021,36.575,20.021,FP,,,,,,,
195,46,20.64,284.46,31.6,2.839,39.113,15.801,TP,28,0.334,4.433,4.446,0.084,0.324,-4.433
195,47,22.65,284.29,47.5,3.115,39.09,23.75,FP,,,,,,,
195,48,400.05,316.55,28.66,55.007,43.525,14.328,TP,31,0.563,4.13,4.168,-0.291,0.481,-4.13
195,49,498.82,308.29,95.47,68.588,42.39,47.735,FP,,,,,,,
195,50,400.41,317.47,47.19,55.057,43.652,23.596,FP,,,,,,,
195,51,400.03,316.47,95.51,55.004,43.514,47.755,FP,,,,,,,
195,52,498.35,313.7,31.71,68.523,43.133,15.857,FP,,,,,,,
195,53,496.18,313.4,10.66,68.225,43.092,5.33,FP,,,,,,,
195,54,400.61,314.89,111.09,55.084,43.297,55.547,FP,,,,,,,
195,55,399.26,315.18,7.98,54.899,43.337,3.989,FP,,,,,,,
195,56,400.36,314.16,80.06,55.05,43.196,40.032,FP,,,,,,,
195,57,399.76,318.75,59.08,54.967,43.828,29.54,FP,,,,,,,
195,58,402.5,313.5,135.0,55.344,43.106,67.5,FP,,,,,,,
195,59,498.08,314.71,47.0,68.486,43.272,23.5,FP,,,,,,,
195,60,243.79,333.48,31.58,33.521,45.854,15.791,FP,,,,,,,
195,61,246.74,333.67,95.57,33.927,45.88,47.787,TP,32,0.198,1.616,1.628,0.19,-0.057,1.616
195,62,244.68,334.0,73.09,33.644,45.925,36.545,FP,,,,,,,
195,63,42.48,377.22,95.49,5.84,51.868,47.746,FP,,,,,,,
195,64,201.39,396.15,31.48,27.691,54.47,15.742,FP,,,,,,,
195,65,486.26,400.15,31.69,66.86,55.02,15.844,TP,37,0.513,4.121,4.153,-0.509,0.068,4.121
195,66,485.02,397.79,95.4,66.69,54.696,47.702,FP,,,,,,,
195,67,485.1,399.13,47.45,66.701,54.881,23.725,FP,,,,,,,
195,68,486.64,398.18,23.57,66.913,54.75,11.786,FP,,,,,,,
195,69,485.0,397.5,40.0,66.688,54.656,20.0,FP,,,,,,,
195,70,399.12,409.89,31.61,54.879,56.36,15.803,FP,,,,,,,
195,71,395.26,409.0,100.53,54.349,56.238,50.267,FP,,,,,,,
195,72,400.37,410.22,47.48,55.051,56.405,23.738,TP,39,0.78,0.751,1.083,0.686,0.371,-0.751
195,73,399.57,408.05,59.0,54.941,56.107,29.5,FP,,,,,,,
195,74,396.4,408.6,123.0,54.505,56.183,61.5,FP,,,,,,,
195,75,294.11,434.03,95.48,40.441,59.68,47.738,FP,,,,,,,
195,76,467.36,470.07,95.22,64.262,64.635,47.608,FP,,,,,,,
195,77,463.81,472.34,31.24,63.774,64.947,15.622,FP,,,,,,,
195,78,462.8,469.69,59.01,63.635,64.582,29.505,FP,,,,,,,
195,79,464.7,471.41,47.26,63.897,64.819,23.629,FP,,,,,,,
195,80,463.02,469.96,71.86,63.665,64.62,35.932,TP,42,0.69,0.274,0.742,-0.687,-0.06,-0.274
195,81,464.45,469.93,79.93,63.861,64.615,39.963,FP,,,,,,,
195,82,468.78,469.49,110.92,64.457,64.555,55.462,FP,,,,,,,
195,83,463.49,472.53,15.95,63.73,64.973,7.975,FP,,,,,,,
195,84,462.51,472.43,7.85,63.595,64.96,3.923,FP,,,,,,,
195,85,468.59,470.88,123.0,64.431,64.746,61.5,FP,,,,,,,
195,86,341.26,479.68,4.74,46.923,65.955,2.372,FP,,,,,,,
195,87,270.18,495.26,31.54,37.15,68.098,15.77,FP,,,,,,,
195,88,173.24,503.75,95.63,23.82,69.266,47.817,FP,,,,,,,
195,89,164.9,505.05,31.48,22.674,69.444,15.738,FP,,,,,,,
195,,,,,41.388,2.516,84.922,FN,0,,,,,,
195,,,,,24.437,2.262,54.397,FN,1,,,,,,
195,,,,,64.43,2.916,1.5,FN,2,,,,,,
195,,,,,20.982,2.826,72.406,FN,3,,,,,,
195,,,,,40.696,5.507,53.495,FN,4,,,,,,
195,,,,,17.243,6.56,72.427,FN,5,,,,,,
195,,,,,51.325,7.496,25.117,FN,6,,,,,,
195,,,,,30.197,7.49,70.46,FN,7,,,,,,
195,,,,,30.971,7.18,70.794,FN,8,,,,,,
195,,,,,40.96,8.172,21.436,FN,10,,,,,,
195,,,,,46.43,11.23,87.175,FN,11,,,,,,
195,,,,,37.634,14.142,63.893,FN,13,,,,,,
195,,,,,39.902,15.283,89.968,FN,14,,,,,,
195,,,,,35.908,14.548,0.942,FN,16,,,,,,
195,,,,,43.766,17.698,84.26,FN,18,,,,,,
195,,,,,38.431,20.868,68.306,FN,19,,,,,,
195,,,,,1.81,22.134,52.0,FN,20,,,,,,
195,,,,,25.456,21.217,84.202,FN,21,,,,,,
195,,,,,65.261,26.6,70.403,FN,23,,,,,,
195,,,,,19.04,34.078,30.798,FN,24,,,,,,
195,,,,,27.114,35.936,90.775,FN,25,,,,,,
195,,,,,67.029,41.555,59.777,FN,29,,,,,,
195,,,,,68.284,43.272,87.992,FN,30,,,,,,
195,,,,,6.501,48.453,96.81,FN,33,,,,,,
195,,,,,50.926,51.22,67.738,FN,34,,,,,,
195,,,,,70.19,51.801,6.772,FN,35,,,,,,
195,,,,,5.114,52.65,51.788,FN,36,,,,,,
195,,,,,27.992,54.454,64.793,FN,38,,,,,,
195,,,,,26.063,58.341,74.661,FN,40,,,,,,
195,,,,,69.621,60.74,86.786,FN,41,,,,,,
195,,,,,49.911,65.406,2.21,FN,43,,,,,,
195,,,,,47.01,65.919,94.267,FN,44,,,,,,
195,,,,,42.134,67.927,78.738,FN,45,,,,,,
195,,,,,37.049,67.781,21.25,FN,46,,,,,,
195,,,,,22.532,69.05,49.617,FN,47,,,,,,
195,,,,,50.899,69.774,65.344,FN,48,,,,,,
195,,,,,42.73,69.839,96.047,FN,49,,,,,,
196,0,434.67,22.7,27.1,59.768,3.121,13.548,FP,,,,,,,
196,1,36.35,18.01,95.49,4.998,2.476,47.746,FP,,,,,,,
196,2,435.22,23.66,95.57,59.843,3.253,47.784,FP,,,,,,,
196,3,433.97,21.46,8.03,59.671,2.95,4.014,TP,3,1.087,2.767,2.973,0.871,-0.65,2.767
196,4,434.43,23.65,45.56,59.734,3.252,22.778,FP,,,,,,,
196,5,425.59,20.3,87.65,58.518,2.792,43.823,FP,,,,,,,
196,6,433.05,24.41,58.87,59.544,3.356,29.436,FP,,,,,,,
196,7,442.67,23.68,111.64,60.867,3.255,55.819,FP,,,,,,,
196,8,424.0,20.5,79.0,58.3,2.819,39.5,TP,2,0.328,0.464,0.568,-0.035,-0.326,0.464
196,9,77.06,31.61,31.63,10.595,4.347,15.817,FP,,,,,,,
196,10,78.76,35.05,95.62,10.83,4.82,47.809,FP,,,,,,,
196,11,80.44,30.26,47.34,11.061,4.161,23.669,FP,,,,,,,
196,12,157.85,79.16,31.51,21.705,10.885,15.756,TP,11,0.63,4.216,4.263,0.255,-0.576,-4.216
196,13,309.11,79.15,31.52,42.502,10.883,15.759,FP,,,,,,,
196,14,317.0,77.09,159.75,43.588,10.6,79.877,FP,,,,,,,
196,15,317.27,75.7,167.77,43.624,10.409,83.887,FP,,,,,,,
196,16,317.76,81.46,95.5,43.692,11.2,47.75,FP,,,,,,,
196,17,311.02,78.45,47.57,42.766,10.787,23.786,FP,,,,,,,
196,18,158.73,85.75,95.54,21.825,11.791,47.768,FP,,,,,,,
196,19,316.22,77.02,143.56,43.481,10.591,71.778,FP,,,,,,,
196,20,162.34,80.02,47.51,22.322,11.003,23.753,FP,,,,,,,
196,21,157.93,80.21,15.97,21.715,11.029,7.983,FP,,,,,,,
196,22,158.36,80.66,7.79,21.774,11.091,3.896,FP,,,,,,,
196,23,157.65,81.56,71.81,21.677,11.214,35.905,FP,,,,,,,
196,24,157.84,81.24,80.14,21.702,11.17,40.071,FP,,,,,,,
196,25,155.84,84.4,110.95,21.428,11.606,55.473,FP,,,,,,,
196,26,318.5,81.5,80.0,43.794,11.206,40.0,FP,,,,,,,
196,27,473.84,98.01,31.63,65.153,13.477,15.815,FP,,,,,,,
196,28,475.18,99.22,95.59,65.337,13.643,47.794,FP,,,,,,,
196,29,100.42,99.04,95.63,13.808,13.618,47.815,FP,,,,,,,
196,30,470.19,97.81,47.42,64.651,13.449,23.712,FP,,,,,,,
196,31,102.07,108.34,31.63,14.035,14.896,15.813,FP,,,,,,,
196,32,270.03,118.51,31.68,37.129,16.295,15.84,FP,,,,,,,
196,33,160.28,145.37,95.7,22.038,19.988,47.848,TP,18,0.392,0.198,0.439,-0.018,0.392,-0.198
196,34,156.84,149.01,31.59,21.566,20.489,15.797,FP,,,,,,,
196,35,157.21,149.87,47.51,21.617,20.607,23.755,FP,,,,,,,
196,36,159.42,146.65,111.27,21.921,20.165,55.635,TP,19,0.71,2.286,2.394,0.573,-0.42,2.286
196,37,156.73,148.73,59.27,21.551,20.451,29.633,FP,,,,,,,
196,38,327.84,186.41,31.25,45.079,25.631,15.625,FP,,,,,,,
196,39,299.83,201.6,31.46,41.226,27.72,15.729,FP,,,,,,,
196,40,320.74,216.51,95.55,44.102,29.77,47.773,TP,22,0.622,1.567,1.686,-0.562,0.268,1.567
196,41,81.58,216.61,95.47,11.217,29.784,47.737,FP,,,,,,,
196,42,223.99,232.58,95.62,30.798,31.98,47.809,TP,24,1.247,0.557,1.365,1.046,-0.678,0.557
196,43,219.88,234.58,31.53,30.233,32.255,15.765,FP,,,,,,,
196,44,315.16,282.08,31.63,43.334,38.787,15.813,FP,,,,,,,
196,45,313.05,285.84,95.11,43.044,39.303,47.553,FP,,,,,,,
196,46,315.13,275.65,159.74,43.33,37.901,79.87,FP,,,,,,,
196,47,313.36,276.86,134.62,43.088,38.068,67.308,FP,,,,,,,
196,48,319.18,281.07,47.53,43.888,38.647,23.766,FP,,,,,,,
196,49,315.52,275.35,167.43,43.384,37.86,83.717,FP,,,,,,,
196,50,316.0,274.0,23.5,43.45,37.675,11.75,FP,,,,,,,
196,51,314.85,281.34,110.93,43.292,38.684,55.466,FP,,,,,,,
196,52,314.45,276.99,139.97,43.236,38.087,69.987,FP,,,,,,,
196,53,31.58,285.28,95.6,4.342,39.226,47.799,FP,,,,,,,
196,54,314.55,281.06,71.79,43.25,38.646,35.897,FP,,,,,,,
196,55,315.1,280.99,79.9,43.326,38.636,39.952,FP,,,,,,,
196,56,403.56,298.12,31.57,55.49,40.992,15.784,TP,30,0.259,3.513,3.522,0.256,0.04,-3.513
196,57,402.14,297.97,95.49,55.295,40.971,47.746,FP,,,,,,,
196,58,240.58,292.54,159.5,33.08,40.224,79.75,FP,,,,,,,
196,59,397.96,297.12,47.45,54.719,40.854,23.724,FP,,,,,,,
196,60,399.13,294.75,79.85,54.881,40.528,39.925,FP,,,,,,,
196,61,403.47,298.09,111.61,55.477,40.988,55.807,FP,,,,,,,
196,62,398.82,295.18,71.64,54.838,40.588,35.818,FP,,,,,,,
196,63,460.82,312.24,95.61,63.363,42.933,47.805,FP,,,,,,,
196,64,458.26,312.74,31.66,63.011,43.002,15.832,FP,,,,,,,
196,65,460.73,312.75,111.01,63.351,43.003,55.507,FP,,,,,,,
196,66,453.38,314.5,159.64,62.34,43.244,79.819,FP,,,,,,,
196,67,454.41,314.44,167.8,62.482,43.235,83.899,FP,,,,,,,
196,68,458.5,312.12,80.0,63.044,42.917,40.0,TP,31,0.031,2.427,2.427,0.029,0.013,-2.427
196,69,208.59,332.36,31.62,28.681,45.699,15.812,TP,32,0.24,1.783,1.799,-0.072,-0.229,1.783
196,70,208.31,331.27,95.54,28.643,45.549,47.77,FP,,,,,,,
196,71,209.11,332.05,79.75,28.752,45.657,39.877,FP,,,,,,,
196,72,209.45,332.69,47.47,28.799,45.745,23.737,FP,,,,,,,
196,73,209.59,332.14,71.54,28.818,45.67,35.77,FP,,,,,,,
196,74,67.64,333.2,95.43,9.3,45.815,47.716,FP,,,,,,,
196,75,483.4,357.56,95.59,66.467,49.165,47.793,FP,,,,,,,
196,76,479.12,355.88,79.59,65.879,48.934,39.794,FP,,,,,,,
196,77,479.01,361.03,31.55,65.864,49.642,15.776,FP,,,,,,,
196,78,478.0,356.0,72.0,65.725,48.95,36.0,FP,,,,,,,
196,79,40.85,375.5,95.4,5.617,51.631,47.701,FP,,,,,,,
196,80,294.2,375.72,95.61,40.452,51.661,47.806,FP,,,,,,,
196,81,39.23,376.03,31.64,5.395,51.704,15.82,FP,,,,,,,
196,82,41.27,375.19,79.83,5.675,51.588,39.913,FP,,,,,,,
196,83,41.02,375.75,58.55,5.641,51.666,29.276,FP,,,,,,,
196,84,40.8,376.43,48.03,5.61,51.759,24.014,FP,,,,,,,
196,85,41.98,374.98,71.85,5.772,51.56,35.926,FP,,,,,,,
196,86,300.36,390.63,31.58,41.299,53.711,15.792,FP,,,,,,,
196,87,295.02,389.83,96.32,40.565,53.602,48.16,FP,,,,,,,
196,88,300.4,390.2,47.53,41.304,53.652,23.766,TP,39,0.496,3.707,3.74,0.496,-0.011,-3.707
196,89,173.02,393.83,31.45,23.79,54.152,15.723,FP,,,,,,,
196,90,189.62,427.51,95.58,26.073,58.783,47.789,FP,,,,,,,
196,91,375.33,418.17,95.47,51.608,57.498,47.733,FP,,,,,,,
196,92,365.47,428.68,31.64,50.252,58.943,15.818,FP,,,,,,,
196,93,365.27,427.4,23.77,50.225,58.767,11.887,FP,,,,,,,
196,94,366.33,426.9,47.66,50.37,58.699,23.83,FP,,,,,,,
196,95,364.44,429.26,15.84,50.11,59.024,7.919,FP,,,,,,,
196,96,364.22,429.97,7.75,50.08,59.121,3.874,FP,,,,,,,
196,97,364.82,427.32,59.11,50.162,58.756,29.553,FP,,,,,,,
196,98,360.67,436.88,95.56,49.592,60.072,47.781,FP,,,,,,,
196,99,187.23,434.76,31.56,25.745,59.78,15.778,FP,,,,,,,
196,100,456.39,444.15,31.65,62.754,61.07,15.825,FP,,,,,,,
196,101,270.29,452.68,95.54,37.165,62.244,47.77,FP,,,,,,,
196,102,270.86,454.77,31.07,37.243,62.531,15.537,TP,48,0.534,0.234,0.583,-0.334,-0.417,-0.234
196,103,490.45,446.77,95.55,67.437,61.431,47.773,FP,,,,,,,
196,104,491.86,449.61,31.63,67.63,61.821,15.814,FP,,,,,,,
196,105,271.64,455.05,47.25,37.35,62.569,23.625,FP,,,,,,,
196,106,270.2,454.54,58.76,37.153,62.499,29.38,FP,,,,,,,
196,107,268.01,453.12,15.95,36.851,62.305,7.973,FP,,,,,,,
196,108,267.46,452.13,7.89,36.776,62.168,3.947,FP,,,,,,,
196,109,273.66,458.88,111.41,37.628,63.096,55.704,FP,,,,,,,
196,110,40.4,478.23,95.62,5.555,65.756,47.808,FP,,,,,,,
196,111,37.66,498.45,31.61,5.178,68.537,15.807,FP,,,,,,,
196,,,,,4.389,1.017,29.261,FN,0,,,,,,
196,,,,,10.205,2.383,5.149,FN,1,,,,,,
196,,,,,61.421,3.543,18.696,FN,4,,,,,,
196,,,,,40.617,4.504,92.572,FN,5,,,,,,
196,,,,,67.158,5.196,98.314,FN,6,,,,,,
196,,,,,10.989,4.811,69.483,FN,7,,,,,,
196,,,,,51.451,7.225,9.314,FN,8,,,,,,
196,,,,,41.533,8.824,17.822,FN,9,,,,,,
196,,,,,43.551,11.245,58.412,FN,10,,,,,,
196,,,,,13.594,13.878,4.361,FN,12,,,,,,
196,,,,,65.373,13.297,10.006,FN,13,,,,,,
196,,,,,38.48,15.264,12.212,FN,14,,,,,,
196,,,,,16.702,16.065,74.299,FN,15,,,,,,
196,,,,,52.472,16.714,94.963,FN,16,,,,,,
196,,,,,28.474,17.543,80.493,FN,17,,,,,,
196,,,,,60.68,23.388,82.281,FN,20,,,,,,
196,,,,,47.807,24.718,78.09,FN,21,,,,,,
196,,,,,31.805,31.264,38.486,FN,23,,,,,,
196,,,,,4.547,37.188,85.379,FN,25,,,,,,
196,,,,,43.294,38.122,2.029,FN,26,,,,,,
196,,,,,68.445,38.336,13.247,FN,27,,,,,,
196,,,,,4.352,39.768,69.98,FN,28,,,,,,
196,,,,,32.426,40.224,50.68,FN,29,,,,,,
196,,,,,59.903,46.384,92.506,FN,33,,,,,,
196,,,,,18.906,47.622,13.743,FN,34,,,,,,
196,,,,,65.93,49.03,54.012,FN,35,,,,,,
196,,,,,52.397,50.0,11.853,FN,36,,,,,,
196,,,,,5.659,51.666,55.642,FN,37,,,,,,
196,,,,,23.559,52.672,22.914,FN,38,,,,,,
196,,,,,51.484,56.671,7.77,FN,40,,,,,,
196,,,,,50.767,58.193,38.519,FN,41,,,,,,
196,,,,,15.802,57.489,92.338,FN,42,,,,,,
196,,,,,63.832,57.78,50.479,FN,43,,,,,,
196,,,,,25.602,58.677,42.88,FN,44,,,,,,
196,,,,,36.287,60.022,23.616,FN,45,,,,,,
196,,,,,49.383,60.876,13.0,FN,46,,,,,,
196,,,,,67.886,61.541,27.453,FN,47,,,,,,
196,,,,,4.873,66.646,29.046,FN,49,,,,,,
21,0,34.64,10.75,31.54,4.763,1.478,15.769,FP,,,,,,,
21,1,108.88,10.23,31.56,14.971,1.406,15.781,FP,,,,,,,
21,2,314.54,67.13,95.58,43.25,9.231,47.79,FP,,,,,,,
21,3,310.03,62.6,31.48,42.629,8.608,15.74,FP,,,,,,,
21,4,189.61,73.74,95.46,26.072,10.139,47.732,FP,,,,,,,
21,5,373.9,71.2,31.6,51.411,9.79,15.8,FP,,,,,,,
21,6,149.41,108.44,95.57,20.544,14.911,47.783,FP,,,,,,,
21,7,246.68,100.59,7.66,33.919,13.83,3.829,FP,,,,,,,
21,8,145.66,111.05,31.6,20.028,15.269,15.798,FP,,,,,,,
21,9,147.0,110.62,47.56,20.212,15.21,23.78,FP,,,,,,,
21,10,407.65,119.36,31.48,56.052,16.413,15.742,TP,10,1.179,2.071,2.383,-0.907,-0.754,-2.071
21,11,412.43,120.92,95.47,56.709,16.627,47.735,FP,,,,,,,
21,12,398.94,137.79,31.58,54.854,18.946,15.79,FP,,,,,,,
21,13,70.06,168.33,31.34,9.633,23.146,15.67,FP,,,,,,,
21,14,68.1,170.18,95.51,9.364,23.399,47.755,FP,,,,,,,
21,15,71.19,165.15,47.27,9.788,22.709,23.633,FP,,,,,,,
21,16,68.59,162.87,79.84,9.431,22.395,39.922,FP,,,,,,,
21,17,69.75,164.03,7.84,9.591,22.554,3.919,FP,,,,,,,
21,18,69.92,165.07,16.02,9.614,22.698,8.011,TP,13,0.49,3.606,3.639,-0.146,0.468,-3.606
21,19,69.28,162.55,71.59,9.525,22.351,35.793,FP,,,,,,,
21,20,71.0,163.14,59.0,9.762,22.431,29.5,FP,,,,,,,
21,21,68.37,169.37,111.44,9.401,23.288,55.722,FP,,,,,,,
21,22,207.5,177.34,31.58,28.531,24.384,15.792,FP,,,,,,,
21,23,202.36,175.79,95.41,27.824,24.172,47.705,FP,,,,,,,
21,24,207.21,175.96,47.46,28.492,24.195,23.73,TP,14,0.565,2.647,2.706,0.338,0.453,-2.647
21,25,311.79,192.01,95.42,42.871,26.401,47.709,FP,,,,,,,
21,26,475.57,194.59,95.49,65.391,26.757,47.743,TP,15,0.277,4.01,4.019,0.052,-0.272,4.01
21,27,479.05,204.67,31.66,65.87,28.142,15.83,FP,,,,,,,
21,28,395.72,228.04,31.51,54.411,31.356,15.753,FP,,,,,,,
21,29,9.35,227.65,159.6,1.286,31.302,79.8,FP,,,,,,,
21,30,9.75,226.75,167.75,1.341,31.178,83.875,FP,,,,,,,
21,31,11.33,244.89,31.52,1.558,33.673,15.758,FP,,,,,,,
21,32,18.2,247.8,95.53,2.503,34.073,47.766,FP,,,,,,,
21,33,202.51,248.98,31.49,27.846,34.234,15.747,FP,,,,,,,
21,34,211.66,250.13,95.63,29.103,34.393,47.815,FP,,,,,,,
21,35,209.67,262.83,95.72,28.829,36.139,47.861,FP,,,,,,,
21,36,222.35,262.17,31.62,30.573,36.049,15.808,FP,,,,,,,
21,37,40.64,261.54,31.43,5.588,35.962,15.717,FP,,,,,,,
21,38,63.96,278.34,95.56,8.794,38.271,47.778,FP,,,,,,,
21,39,315.56,285.48,95.46,43.39,39.254,47.729,FP,,,,,,,
21,40,311.85,297.4,31.47,42.879,40.893,15.736,FP,,,,,,,
21,41,171.04,312.82,95.57,23.518,43.013,47.786,FP,,,,,,,
21,42,170.76,309.48,31.51,23.479,42.553,15.754,FP,,,,,,,
21,43,322.55,304.36,95.45,44.351,41.85,47.726,FP,,,,,,,
21,44,169.89,308.68,47.48,23.359,42.444,23.741,FP,,,,,,,
21,45,165.04,305.62,59.0,22.693,42.023,29.5,FP,,,,,,,
21,46,325.15,311.24,31.44,44.709,42.795,15.72,FP,,,,,,,
21,47,338.01,311.58,31.45,46.476,42.842,15.726,FP,,,,,,,
21,48,394.76,315.7,31.47,54.28,43.408,15.734,FP,,,,,,,
21,49,393.83,320.5,95.62,54.152,44.069,47.808,FP,,,,,,,
21,50,410.41,327.76,95.48,56.432,45.066,47.739,FP,,,,,,,
21,51,458.62,351.68,95.55,63.061,48.356,47.774,FP,,,,,,,
21,52,457.53,349.06,159.63,62.911,47.996,79.814,FP,,,,,,,
21,53,458.27,354.61,31.53,63.012,48.759,15.767,FP,,,,,,,
21,54,459.2,351.67,79.77,63.139,48.355,39.886,FP,,,,,,,
21,55,459.4,351.65,71.84,63.167,48.352,35.919,FP,,,,,,,
21,56,460.46,353.94,7.58,63.314,48.667,3.789,FP,,,,,,,
21,57,271.43,365.51,95.65,37.321,50.258,47.823,TP,33,0.146,4.42,4.423,-0.061,0.133,-4.42
21,58,479.19,358.1,95.46,65.888,49.239,47.731,FP,,,,,,,
21,59,275.16,364.45,111.5,37.835,50.112,55.75,FP,,,,,,,
21,60,267.51,371.68,22.26,36.783,51.106,11.128,FP,,,,,,,
21,61,249.7,364.6,79.7,34.334,50.133,39.85,TP,32,0.045,2.424,2.424,-0.033,-0.03,-2.424
21,62,361.47,376.18,95.68,49.702,51.725,47.838,FP,,,,,,,
21,63,365.24,373.44,123.41,50.221,51.348,61.707,FP,,,,,,,
21,64,364.0,376.38,111.46,50.05,51.753,55.731,FP,,,,,,,
21,65,72.72,395.4,95.68,9.999,54.367,47.839,FP,,,,,,,
21,66,346.83,388.74,31.56,47.69,53.452,15.782,FP,,,,,,,
21,67,75.52,391.68,111.24,10.384,53.856,55.62,FP,,,,,,,
21,68,73.2,403.59,31.55,10.065,55.493,15.775,FP,,,,,,,
21,69,70.85,395.83,79.57,9.742,54.426,39.787,FP,,,,,,,
21,70,70.12,397.31,71.68,9.641,54.63,35.842,FP,,,,,,,
21,71,74.32,401.8,46.98,10.219,55.248,23.489,FP,,,,,,,
21,72,72.12,400.66,59.21,9.917,55.09,29.605,FP,,,,,,,
21,73,72.88,402.05,24.01,10.021,55.283,12.003,FP,,,,,,,
21,74,71.5,402.0,16.0,9.831,55.275,8.0,FP,,,,,,,
21,75,265.96,451.15,31.56,36.569,62.033,15.778,FP,,,,,,,
21,76,264.27,447.27,47.64,36.337,61.5,23.821,FP,,,,,,,
21,77,324.75,451.09,95.59,44.652,62.025,47.794,TP,44,0.101,3.346,3.347,0.048,-0.089,3.346
21,78,139.06,456.27,31.56,19.121,62.738,15.779,FP,,,,,,,
21,79,325.16,453.77,31.63,44.709,62.393,15.814,FP,,,,,,,
21,80,134.57,454.45,95.52,18.503,62.486,47.759,FP,,,,,,,
21,81,264.0,448.0,59.0,36.3,61.6,29.5,FP,,,,,,,
21,82,135.41,452.22,7.67,18.618,62.18,3.836,FP,,,,,,,
21,83,457.91,465.79,31.58,62.962,64.046,15.788,FP,,,,,,,
21,84,140.86,458.45,47.56,19.368,63.036,23.781,FP,,,,,,,
21,85,326.44,452.33,47.48,44.886,62.196,23.741,FP,,,,,,,
21,86,133.3,455.2,111.35,18.329,62.59,55.675,FP,,,,,,,
21,87,283.74,462.39,95.64,39.014,63.578,47.82,FP,,,,,,,
21,88,295.49,458.69,31.46,40.63,63.07,15.729,FP,,,,,,,
21,89,463.18,463.78,89.94,63.687,63.77,44.971,FP,,,,,,,
21,90,461.2,463.46,134.89,63.415,63.726,67.446,FP,,,,,,,
21,91,43.79,462.26,95.34,6.021,63.561,47.671,FP,,,,,,,
21,92,461.33,464.65,143.85,63.433,63.89,71.926,FP,,,,,,,
21,93,461.98,464.66,111.32,63.523,63.89,55.658,TP,48,0.052,1.415,1.416,-0.048,0.02,1.415
21,94,460.85,466.71,159.72,63.367,64.173,79.861,FP,,,,,,,
21,95,461.19,465.74,151.98,63.413,64.039,75.99,FP,,,,,,,
21,96,55.19,475.67,31.62,7.589,65.405,15.81,FP,,,,,,,
21,97,459.53,465.56,47.53,63.186,64.015,23.766,FP,,,,,,,
21,98,460.58,466.48,167.48,63.329,64.14,83.738,FP,,,,,,,
21,99,48.23,500.36,95.48,6.632,68.799,47.742,FP,,,,,,,
21,100,75.52,498.72,95.45,10.384,68.574,47.727,FP,,,,,,,
21,101,201.06,504.04,31.47,27.646,69.305,15.735,FP,,,,,,,
21,,,,,5.231,0.95,45.205,FN,0,,,,,,
21,,,,,15.52,1.503,63.228,FN,1,,,,,,
21,,,,,42.678,8.429,77.348,FN,2,,,,,,
21,,,,,51.296,9.904,79.647,FN,3,,,,,,
21,,,,,63.404,11.551,96.38,FN,4,,,,,,
21,,,,,10.627,12.557,33.0,FN,5,,,,,,
21,,,,,56.218,12.549,91.335,FN,6,,,,,,
21,,,,,34.008,13.816,90.997,FN,7,,,,,,
21,,,,,20.539,14.9,58.488,FN,8,,,,,,
21,,,,,67.315,15.911,0.736,FN,9,,,,,,
21,,,,,54.117,19.807,46.832,FN,11,,,,,,
21,,,,,62.438,21.184,23.375,FN,12,,,,,,
21,,,,,69.48,27.427,81.505,FN,16,,,,,,
21,,,,,66.278,30.54,45.5,FN,17,,,,,,
21,,,,,0.759,30.828,46.442,FN,18,,,,,,
21,,,,,68.186,32.974,34.681,FN,19,,,,,,
21,,,,,29.072,35.376,24.258,FN,20,,,,,,
21,,,,,3.365,34.933,36.088,FN,21,,,,,,
21,,,,,34.266,37.336,10.0,FN,22,,,,,,
21,,,,,8.553,37.035,17.9,FN,23,,,,,,
21,,,,,23.044,41.664,52.474,FN,24,,,,,,
21,,,,,68.884,41.926,53.726,FN,25,,,,,,
21,,,,,27.273,42.07,24.404,FN,26,,,,,,
21,,,,,53.469,43.773,6.506,FN,27,,,,,,
21,,,,,31.916,46.063,79.2,FN,28,,,,,,
21,,,,,63.003,48.286,60.924,FN,29,,,,,,
21,,,,,69.452,47.737,72.0,FN,30,,,,,,
21,,,,,66.46,49.194,18.905,FN,31,,,,,,
21,,,,,36.64,51.085,27.503,FN,34,,,,,,
21,,,,,50.686,51.327,9.528,FN,35,,,,,,
21,,,,,30.269,52.359,43.157,FN,36,,,,,,
21,,,,,9.98,53.332,19.031,FN,37,,,,,,
21,,,,,14.208,52.657,73.0,FN,38,,,,,,
21,,,,,46.964,53.603,46.641,FN,39,,,,,,
21,,,,,29.82,57.038,76.0,FN,40,,,,,,
21,,,,,10.251,57.38,12.608,FN,41,,,,,,
21,,,,,35.177,59.769,13.493,FN,42,,,,,,
21,,,,,69.573,62.095,53.258,FN,43,,,,,,
21,,,,,18.413,62.688,11.062,FN,45,,,,,,
21,,,,,6.09,63.791,29.876,FN,46,,,,,,
21,,,,,38.385,64.144,11.021,FN,47,,,,,,
21,,,,,11.046,65.889,15.539,FN,49,,,,,,
35,0,63.05,21.7,31.55,8.669,2.984,15.774,FP,,,,,,,
35,1,67.75,24.5,95.62,9.316,3.369,47.808,FP,,,,,,,
35,2,66.25,21.0,47.44,9.11,2.887,23.718,FP,,,,,,,
35,3,68.38,20.66,110.86,9.402,2.841,55.428,FP,,,,,,,
35,4,62.2,19.06,23.81,8.552,2.62,11.904,FP,,,,,,,
35,5,61.67,19.59,15.88,8.48,2.694,7.94,TP,2,1.096,0.32,1.142,-1.025,-0.389,-0.32
35,6,61.63,19.75,7.81,8.474,2.716,3.903,FP,,,,,,,
35,7,474.85,25.37,31.61,65.292,3.489,15.804,FP,,,,,,,
35,8,477.64,22.49,95.58,65.675,3.092,47.79,FP,,,,,,,
35,9,68.34,23.58,87.91,9.397,3.242,43.956,FP,,,,,,,
35,10,69.0,25.05,79.67,9.488,3.445,39.833,FP,,,,,,,
35,11,473.12,26.0,71.59,65.054,3.575,35.794,TP,1,0.373,0.609,0.714,-0.03,0.371,0.609
35,12,151.16,36.07,95.56,20.784,4.96,47.782,FP,,,,,,,
35,13,145.73,36.54,31.61,20.038,5.024,15.803,FP,,,,,,,
35,14,144.99,36.09,47.48,19.936,4.962,23.74,FP,,,,,,,
35,15,154.4,34.14,111.45,21.23,4.694,55.724,FP,,,,,,,
35,16,141.42,36.75,59.0,19.445,5.053,29.5,FP,,,,,,,
35,17,484.27,44.63,31.5,66.587,6.137,15.749,FP,,,,,,,
35,18,492.18,49.88,95.6,67.674,6.859,47.798,FP,,,,,,,
35,19,332.48,54.48,88.71,45.716,7.491,44.353,FP,,,,,,,
35,20,330.45,57.84,31.5,45.437,7.954,15.752,FP,,,,,,,
35,21,331.22,53.4,159.78,45.543,7.343,79.892,FP,,,,,,,
35,22,331.18,52.76,167.81,45.537,7.254,83.905,FP,,,,,,,
35,23,489.26,50.05,71.47,67.274,6.882,35.737,FP,,,,,,,
35,24,331.49,54.32,143.78,45.58,7.469,71.888,FP,,,,,,,
35,25,331.24,53.74,151.84,45.545,7.389,75.922,FP,,,,,,,
35,26,490.0,50.0,80.0,67.375,6.875,40.0,FP,,,,,,,
35,27,330.83,55.53,47.71,45.488,7.636,23.854,FP,,,,,,,
35,28,330.02,56.94,59.23,45.378,7.829,29.613,FP,,,,,,,
35,29,332.03,56.2,110.97,45.654,7.727,55.487,TP,8,0.231,3.7,3.708,-0.147,0.178,3.7
35,30,412.69,94.76,95.51,56.745,13.03,47.754,FP,,,,,,,
35,31,408.53,97.78,31.57,56.173,13.444,15.786,FP,,,,,,,
35,32,410.44,94.76,71.92,56.435,13.029,35.962,FP,,,,,,,
35,33,409.79,96.98,47.6,56.346,13.335,23.798,FP,,,,,,,
35,34,410.82,94.93,79.58,56.488,13.053,39.791,TP,9,0.109,2.473,2.476,-0.066,-0.087,-2.473
35,35,412.69,96.2,110.95,56.744,13.228,55.476,FP,,,,,,,
35,36,408.79,97.32,59.23,56.209,13.382,29.613,FP,,,,,,,
35,37,477.39,101.61,31.61,65.642,13.971,15.805,FP,,,,,,,
35,38,481.65,101.41,95.49,66.227,13.943,47.743,FP,,,,,,,
35,39,211.59,137.24,95.54,29.094,18.87,47.772,FP,,,,,,,
35,40,214.24,136.32,31.59,29.458,18.744,15.797,FP,,,,,,,
35,41,215.24,135.96,47.48,29.596,18.695,23.74,FP,,,,,,,
35,42,88.71,147.65,31.55,12.198,20.301,15.777,FP,,,,,,,
35,43,89.48,146.69,95.69,12.303,20.17,47.845,FP,,,,,,,
35,44,90.86,146.29,80.43,12.493,20.114,40.214,TP,13,0.065,1.281,1.283,0.046,0.046,-1.281
35,45,425.9,172.13,31.62,58.562,23.668,15.812,FP,,,,,,,
35,46,485.19,167.97,95.54,66.713,23.096,47.772,FP,,,,,,,
35,47,485.21,168.87,31.54,66.716,23.22,15.77,FP,,,,,,,
35,48,484.29,165.0,135.0,66.589,22.688,67.5,FP,,,,,,,
35,49,484.5,167.11,79.56,66.619,22.978,39.778,FP,,,,,,,
35,50,484.54,167.39,87.75,66.624,23.017,43.875,FP,,,,,,,
35,51,262.5,170.5,95.25,36.094,23.444,47.625,FP,,,,,,,
35,52,439.08,189.17,95.59,60.374,26.011,47.796,FP,,,,,,,
35,53,19.02,190.85,31.47,2.615,26.242,15.736,FP,,,,,,,
35,54,303.32,207.46,95.7,41.707,28.526,47.85,FP,,,,,,,
35,55,390.56,199.11,167.67,53.701,27.378,83.833,FP,,,,,,,
35,56,297.59,207.31,31.59,40.918,28.504,15.797,FP,,,,,,,
35,57,376.53,208.25,31.46,51.773,28.635,15.73,FP,,,,,,,
35,58,299.65,207.84,47.41,41.202,28.578,23.703,TP,20,0.581,1.777,1.87,-0.45,-0.368,-1.777
35,59,389.25,223.62,95.46,53.522,30.748,47.729,FP,,,,,,,
35,60,202.71,279.2,31.59,27.872,38.39,15.795,FP,,,,,,,
35,61,204.22,278.33,95.63,28.08,38.27,47.817,TP,25,0.154,2.893,2.898,-0.154,-0.002,2.893
35,62,203.5,279.0,47.47,27.981,38.362,23.735,FP,,,,,,,
35,63,486.33,285.61,31.58,66.87,39.272,15.788,FP,,,,,,,
35,64,488.28,286.24,95.6,67.139,39.358,47.798,FP,,,,,,,
35,65,490.8,283.0,159.5,67.485,38.913,79.75,FP,,,,,,,
35,66,486.78,287.33,71.67,66.932,39.508,35.833,FP,,,,,,,
35,67,66.11,315.13,31.59,9.09,43.331,15.797,FP,,,,,,,
35,68,74.52,314.39,95.54,10.246,43.228,47.769,FP,,,,,,,
35,69,302.09,313.92,31.49,41.537,43.164,15.747,FP,,,,,,,
35,70,83.54,308.3,47.39,11.487,42.391,23.693,FP,,,,,,,
35,71,81.69,307.53,59.16,11.232,42.286,29.578,TP,29,0.206,0.806,0.832,-0.206,-0.017,0.806
35,72,303.54,314.69,95.56,41.736,43.271,47.78,FP,,,,,,,
35,73,301.62,312.79,47.41,41.472,43.008,23.703,FP,,,,,,,
35,74,81.7,308.21,79.88,11.234,42.379,39.94,FP,,,,,,,
35,75,81.55,309.23,71.78,11.213,42.518,35.892,FP,,,,,,,
35,76,82.52,309.44,111.66,11.346,42.548,55.829,FP,,,,,,,
35,77,302.57,312.89,111.41,41.603,43.023,55.704,FP,,,,,,,
35,78,300.75,314.29,7.85,41.353,43.215,3.923,FP,,,,,,,
35,79,300.47,313.33,15.89,41.315,43.083,7.943,TP,30,0.634,3.284,3.345,-0.062,0.631,-3.284
35,80,300.5,313.0,59.0,41.319,43.038,29.5,FP,,,,,,,
35,81,306.32,315.42,159.39,42.118,43.37,79.693,FP,,,,,,,
35,82,188.5,326.59,95.57,25.919,44.906,47.784,FP,,,,,,,
35,83,414.89,350.8,31.47,57.047,48.234,15.735,FP,,,,,,,
35,84,437.01,375.61,95.58,60.089,51.647,47.791,FP,,,,,,,
35,85,270.67,372.0,95.22,37.217,51.15,47.611,FP,,,,,,,
35,86,274.42,375.8,31.74,37.733,51.672,15.869,FP,,,,,,,
35,87,276.31,374.09,41.37,37.993,51.437,20.686,FP,,,,,,,
35,88,73.47,408.46,31.57,10.103,56.164,15.783,FP,,,,,,,
35,89,73.4,408.41,47.5,10.092,56.156,23.75,TP,36,0.721,3.695,3.765,0.596,-0.405,3.695
35,90,68.59,414.13,95.47,9.431,56.942,47.734,FP,,,,,,,
35,91,398.56,409.56,87.67,54.801,56.314,43.833,FP,,,,,,,
35,92,399.16,413.05,95.36,54.885,56.794,47.68,FP,,,,,,,
35,93,399.11,411.11,111.11,54.878,56.528,55.556,FP,,,,,,,
35,94,370.26,426.4,31.65,50.91,58.63,15.827,FP,,,,,,,
35,95,335.75,430.71,31.56,46.165,59.223,15.779,FP,,,,,,,
35,96,354.65,429.72,95.64,48.764,59.086,47.82,FP,,,,,,,
35,97,356.21,427.43,112.1,48.979,58.771,56.049,FP,,,,,,,
35,98,31.5,449.2,95.63,4.331,61.765,47.816,FP,,,,,,,
35,99,27.01,453.19,30.91,3.713,62.314,15.453,FP,,,,,,,
35,100,28.71,453.28,47.39,3.948,62.325,23.693,TP,44,0.531,0.382,0.654,-0.385,0.365,0.382
35,101,24.53,452.38,15.97,3.373,62.202,7.985,FP,,,,,,,
35,102,190.65,455.45,159.76,26.215,62.625,79.879,FP,,,,,,,
35,103,191.27,455.18,167.84,26.299,62.588,83.92,FP,,,,,,,
35,104,24.61,452.39,7.85,3.384,62.204,3.925,FP,,,,,,,
35,105,28.32,453.02,59.16,3.894,62.29,29.58,FP,,,,,,,
35,106,186.46,463.33,31.32,25.638,63.708,15.66,FP,,,,,,,
35,107,185.25,464.79,95.6,25.472,63.909,47.801,TP,45,1.266,0.96,1.589,-0.381,1.208,-0.96
35,108,186.99,460.86,7.86,25.711,63.368,3.928,FP,,,,,,,
35,109,186.45,460.9,15.85,25.637,63.374,7.924,FP,,,,,,,
35,110,187.77,462.56,47.53,25.819,63.602,23.764,FP,,,,,,,
35,111,185.65,460.44,59.31,25.527,63.311,29.654,FP,,,,,,,
35,112,187.55,464.09,71.55,25.788,63.812,35.773,FP,,,,,,,
35,113,328.82,490.39,95.58,45.213,67.428,47.79,FP,,,,,,,
35,114,329.0,491.0,31.0,45.237,67.513,15.5,FP,,,,,,,
35,115,273.33,502.74,95.44,37.583,69.126,47.721,FP,,,,,,,
35,116,406.56,503.94,31.48,55.902,69.292,15.738,FP,,,,,,,
35,,,,,51.663,0.717,85.207,FN,0,,,,,,
35,,,,,21.879,4.41,10.283,FN,3,,,,,,
35,,,,,18.786,5.316,47.749,FN,4,,,,,,
35,,,,,16.629,6.38,21.0,FN,5,,,,,,
35,,,,,2.491,6.226,95.836,FN,6,,,,,,
35,,,,,66.832,7.025,68.944,FN,7,,,,,,
35,,,,,17.032,13.277,16.651,FN,10,,,,,,
35,,,,,65.853,13.568,26.267,FN,11,,,,,,
35,,,,,29.467,18.722,37.0,FN,12,,,,,,
35,,,,,66.581,22.962,54.272,FN,14,,,,,,
35,,,,,36.122,23.3,63.599,FN,15,,,,,,
35,,,,,58.197,23.777,24.756,FN,16,,,,,,
35,,,,,5.87,25.404,0.5,FN,17,,,,,,
35,,,,,50.519,26.948,4.724,FN,18,,,,,,
35,,,,,41.519,27.939,63.243,FN,19,,,,,,
35,,,,,37.013,29.921,57.631,FN,21,,,,,,
35,,,,,53.297,31.055,14.784,FN,22,,,,,,
35,,,,,37.716,34.994,7.863,FN,23,,,,,,
35,,,,,44.836,35.899,72.116,FN,24,,,,,,
35,,,,,58.691,38.724,72.389,FN,26,,,,,,
35,,,,,67.364,39.056,8.244,FN,27,,,,,,
35,,,,,53.032,41.114,33.033,FN,28,,,,,,
35,,,,,5.56,44.315,25.954,FN,31,,,,,,
35,,,,,56.672,46.71,0.727,FN,32,,,,,,
35,,,,,38.09,51.411,69.072,FN,33,,,,,,
35,,,,,40.67,54.246,79.276,FN,34,,,,,,
35,,,,,50.603,55.359,45.625,FN,35,,,,,,
35,,,,,39.423,56.743,81.986,FN,37,,,,,,
35,,,,,54.885,56.332,36.215,FN,38,,,,,,
35,,,,,29.208,57.303,95.258,FN,39,,,,,,
35,,,,,45.017,58.901,55.604,FN,40,,,,,,
35,,,,,53.182,59.242,70.763,FN,41,,,,,,
35,,,,,49.425,59.216,14.482,FN,42,,,,,,
35,,,,,35.784,61.213,57.5,FN,43,,,,,,
35,,,,,26.896,63.118,0.5,FN,46,,,,,,
35,,,,,26.395,66.693,1.891,FN,47,,,,,,
35,,,,,45.28,67.181,77.212,FN,48,,,,,,
35,,,,,56.391,69.186,75.361,FN,49,,,,,,
44,0,44.38,44.07,95.61,6.102,6.06,47.803,TP,4,0.747,3.484,3.563,0.569,0.483,3.484
44,1,37.89,45.04,31.56,5.209,6.194,15.78,FP,,,,,,,
44,2,38.37,43.39,47.6,5.276,5.967,23.798,FP,,,,,,,
44,3,38.66,42.44,159.47,5.316,5.835,79.734,FP,,,,,,,
44,4,42.47,42.82,111.51,5.84,5.887,55.756,FP,,,,,,,
44,5,447.95,67.13,31.52,61.593,9.23,15.759,FP,,,,,,,
44,6,407.38,72.81,95.59,56.015,10.012,47.797,FP,,,,,,,
44,7,295.86,66.77,22.34,40.681,9.181,11.169,FP,,,,,,,
44,8,412.77,70.37,31.42,56.756,9.676,15.71,FP,,,,,,,
44,9,444.71,72.27,95.41,61.147,9.937,47.707,FP,,,,,,,
44,10,352.6,95.04,95.72,48.483,13.067,47.859,FP,,,,,,,
44,11,351.74,95.89,31.64,48.364,13.186,15.819,FP,,,,,,,
44,12,364.12,87.12,135.0,50.067,11.98,67.5,FP,,,,,,,
44,13,354.47,93.76,111.88,48.74,12.892,55.941,FP,,,,,,,
44,14,356.0,90.5,159.5,48.95,12.444,79.75,FP,,,,,,,
44,15,352.51,97.14,71.64,48.469,13.357,35.82,FP,,,,,,,
44,16,352.42,97.48,79.63,48.457,13.403,39.815,FP,,,,,,,
44,17,350.8,98.4,123.0,48.235,13.53,61.5,FP,,,,,,,
44,18,135.22,116.83,95.32,18.592,16.065,47.66,TP,12,0.293,1.138,1.175,0.231,-0.18,1.138
44,19,133.58,117.83,72.66,18.367,16.202,36.331,FP,,,,,,,
44,20,38.2,149.13,31.51,5.253,20.506,15.756,FP,,,,,,,
44,21,38.91,149.05,47.34,5.35,20.494,23.669,FP,,,,,,,
44,22,167.23,145.15,32.35,22.994,19.958,16.177,FP,,,,,,,
44,23,38.32,151.83,95.55,5.269,20.877,47.773,FP,,,,,,,
44,24,37.51,145.6,23.84,5.158,20.02,11.92,FP,,,,,,,
44,25,168.17,143.67,47.54,23.123,19.754,23.771,FP,,,,,,,
44,26,40.8,145.75,159.71,5.61,20.041,79.853,FP,,,,,,,
44,27,37.61,146.49,15.93,5.171,20.143,7.963,FP,,,,,,,
44,28,38.61,146.33,7.84,5.309,20.12,3.918,TP,16,0.227,1.936,1.949,-0.2,0.106,1.936
44,29,38.03,149.71,75.61,5.229,20.585,37.804,TP,17,0.097,4.961,4.962,0.0,-0.097,-4.961
44,30,40.33,146.13,167.4,5.546,20.093,83.7,FP,,,,,,,
44,31,192.33,190.47,95.47,26.445,26.19,47.733,FP,,,,,,,
44,32,213.91,204.3,31.61,29.413,28.091,15.805,TP,18,0.216,4.181,4.186,0.059,0.208,-4.181
44,33,211.04,202.17,95.61,29.018,27.798,47.805,FP,,,,,,,
44,34,326.45,196.6,95.4,44.887,27.033,47.699,FP,,,,,,,
44,35,212.97,202.28,15.7,29.283,27.813,7.852,FP,,,,,,,
44,36,213.86,204.49,47.2,29.406,28.117,23.599,FP,,,,,,,
44,37,213.44,202.85,111.75,29.348,27.892,55.875,FP,,,,,,,
44,38,424.77,225.4,95.61,58.406,30.992,47.804,FP,,,,,,,
44,39,424.79,224.57,31.1,58.409,30.879,15.551,FP,,,,,,,
44,40,425.73,225.13,7.8,58.538,30.956,3.9,FP,,,,,,,
44,41,54.46,242.45,32.31,7.489,33.337,16.156,FP,,,,,,,
44,42,56.44,245.86,95.63,7.76,33.806,47.817,FP,,,,,,,
44,43,338.83,243.62,31.04,46.589,33.498,15.521,FP,,,,,,,
44,44,53.89,247.44,47.56,7.41,34.024,23.778,FP,,,,,,,
44,45,336.67,247.33,95.0,46.292,34.008,47.5,FP,,,,,,,
44,46,72.15,274.5,95.54,9.921,37.743,47.77,TP,26,0.106,4.645,4.646,0.106,0.003,-4.645
44,47,57.0,261.0,71.5,7.838,35.888,35.75,FP,,,,,,,
44,48,63.9,268.83,31.57,8.786,36.964,15.783,FP,,,,,,,
44,49,62.04,265.89,47.36,8.53,36.56,23.679,FP,,,,,,,
44,50,170.91,292.5,31.52,23.5,40.219,15.762,FP,,,,,,,
44,51,177.59,293.59,95.42,24.419,40.368,47.709,TP,28,0.603,1.215,1.357,0.513,0.318,-1.215
44,52,175.51,288.73,159.79,24.132,39.701,79.895,FP,,,,,,,
44,53,171.27,291.55,47.08,23.55,40.088,23.539,FP,,,,,,,
44,54,173.42,290.28,71.23,23.845,39.914,35.613,FP,,,,,,,
44,55,173.5,289.5,80.5,23.856,39.806,40.25,FP,,,,,,,
44,56,300.41,314.8,31.57,41.307,43.285,15.785,FP,,,,,,,
44,57,453.44,315.02,95.41,62.348,43.315,47.703,FP,,,,,,,
44,58,245.12,323.23,31.61,33.704,44.444,15.807,FP,,,,,,,
44,59,73.37,324.57,95.47,10.089,44.628,47.736,FP,,,,,,,
44,60,280.9,333.5,95.51,38.624,45.857,47.756,TP,31,0.254,1.256,1.281,0.087,-0.239,1.256
44,61,279.85,337.45,31.59,38.479,46.399,15.797,FP,,,,,,,
44,62,278.36,334.7,72.24,38.275,46.021,36.12,FP,,,,,,,
44,63,38.18,351.82,31.53,5.249,48.376,15.765,FP,,,,,,,
44,64,37.32,356.29,95.53,5.131,48.99,47.767,FP,,,,,,,
44,65,41.6,349.43,15.69,5.72,48.046,7.843,FP,,,,,,,
44,66,38.32,350.81,46.34,5.27,48.236,23.169,FP,,,,,,,
44,67,41.4,350.68,7.68,5.693,48.218,3.84,FP,,,,,,,
44,68,38.14,353.64,79.7,5.244,48.626,39.848,FP,,,,,,,
44,69,38.42,353.07,71.88,5.283,48.547,35.941,FP,,,,,,,
44,70,37.76,356.51,111.44,5.192,49.02,55.718,FP,,,,,,,
44,71,225.92,390.5,31.68,31.065,53.694,15.839,FP,,,,,,,
44,72,326.61,409.23,95.59,44.909,56.269,47.796,FP,,,,,,,
44,73,462.33,400.49,31.52,63.571,55.068,15.759,FP,,,,,,,
44,74,318.75,415.83,31.63,43.828,57.177,15.815,FP,,,,,,,
44,75,461.6,402.34,95.53,63.47,55.321,47.767,FP,,,,,,,
44,76,327.57,409.67,111.43,45.041,56.329,55.714,FP,,,,,,,
44,77,303.6,430.02,95.59,41.746,59.127,47.794,FP,,,,,,,
44,78,181.08,446.0,95.63,24.898,61.325,47.813,FP,,,,,,,
44,79,178.85,449.08,31.55,24.592,61.748,15.775,FP,,,,,,,
44,80,188.13,439.34,159.57,25.868,60.41,79.787,FP,,,,,,,
44,81,186.78,441.88,167.57,25.682,60.759,83.786,FP,,,,,,,
44,82,178.13,446.33,7.74,24.493,61.37,3.872,TP,43,0.876,1.867,2.062,0.575,-0.66,-1.867
44,83,180.1,449.69,47.54,24.764,61.833,23.772,FP,,,,,,,
44,84,177.86,446.1,15.88,24.456,61.338,7.941,FP,,,,,,,
44,85,177.0,442.4,24.1,24.337,60.83,12.05,FP,,,,,,,
44,86,303.18,450.29,95.53,41.687,61.915,47.765,FP,,,,,,,
44,87,416.33,471.98,31.61,57.246,64.897,15.807,TP,45,0.254,4.867,4.874,-0.211,0.142,4.867
44,88,181.5,452.0,59.0,24.956,62.15,29.5,FP,,,,,,,
44,89,419.75,478.95,95.54,57.716,65.856,47.772,FP,,,,,,,
44,90,416.81,472.15,47.46,57.311,64.921,23.731,FP,,,,,,,
44,91,116.16,493.88,31.47,15.972,67.908,15.735,FP,,,,,,,
44,92,338.47,501.34,31.59,46.54,68.934,15.796,FP,,,,,,,
44,93,467.89,498.96,95.48,64.335,68.607,47.739,FP,,,,,,,
44,94,317.13,501.33,95.44,43.605,68.933,47.718,FP,,,,,,,
44,,,,,63.644,0.234,46.827,FN,0,,,,,,
44,,,,,37.544,1.306,3.475,FN,1,,,,,,
44,,,,,32.326,5.35,42.332,FN,2,,,,,,
44,,,,,42.933,4.422,87.797,FN,3,,,,,,
44,,,,,2.572,7.838,89.077,FN,5,,,,,,
44,,,,,40.765,9.191,81.166,FN,6,,,,,,
44,,,,,56.464,10.155,71.649,FN,7,,,,,,
44,,,,,49.096,12.172,10.07,FN,8,,,,,,
44,,,,,48.124,14.021,27.495,FN,9,,,,,,
44,,,,,29.967,15.516,78.143,FN,10,,,,,,
44,,,,,4.939,16.156,24.952,FN,11,,,,,,
44,,,,,69.152,18.839,29.5,FN,13,,,,,,
44,,,,,0.18,20.257,91.512,FN,14,,,,,,
44,,,,,23.032,19.869,72.319,FN,15,,,,,,
44,,,,,25.878,31.852,85.871,FN,19,,,,,,
44,,,,,58.417,30.509,77.313,FN,20,,,,,,
44,,,,,58.621,31.321,69.701,FN,21,,,,,,
44,,,,,7.846,32.907,70.237,FN,22,,,,,,
44,,,,,46.847,33.236,78.736,FN,23,,,,,,
44,,,,,7.744,35.755,43.428,FN,24,,,,,,
44,,,,,34.319,35.412,96.755,FN,25,,,,,,
44,,,,,50.748,38.777,74.0,FN,27,,,,,,
44,,,,,34.438,42.37,75.083,FN,29,,,,,,
44,,,,,33.396,45.222,39.03,FN,30,,,,,,
44,,,,,5.325,48.194,66.282,FN,32,,,,,,
44,,,,,18.439,52.666,93.5,FN,33,,,,,,
44,,,,,31.098,53.598,56.953,FN,34,,,,,,
44,,,,,19.413,55.001,5.068,FN,35,,,,,,
44,,,,,63.565,55.05,65.374,FN,36,,,,,,
44,,,,,2.586,54.713,57.607,FN,37,,,,,,
44,,,,,45.022,54.831,25.424,FN,38,,,,,,
44,,,,,49.015,56.081,0.745,FN,39,,,,,,
44,,,,,54.939,58.303,9.57,FN,40,,,,,,
44,,,,,41.806,59.2,16.007,FN,41,,,,,,
44,,,,,24.943,59.977,71.462,FN,42,,,,,,
44,,,,,35.207,62.909,44.662,FN,44,,,,,,
44,,,,,64.196,67.635,79.098,FN,46,,,,,,
44,,,,,16.837,67.749,27.624,FN,47,,,,,,
44,,,,,46.578,68.035,48.854,FN,48,,,,,,
44,,,,,10.144,69.763,43.786,FN,49,,,,,,
48,0,99.57,15.34,31.59,13.69,2.109,15.793,FP,,,,,,,
48,1,103.54,12.8,79.75,14.237,1.76,39.874,FP,,,,,,,
48,2,103.77,15.3,95.57,14.268,2.104,47.784,TP,2,0.212,2.475,2.484,0.191,-0.093,2.475
48,3,102.27,15.68,71.82,14.062,2.156,35.911,FP,,,,,,,
48,4,103.4,16.2,87.6,14.218,2.228,43.8,FP,,,,,,,
48,5,418.76,50.35,31.53,57.579,6.923,15.763,FP,,,,,,,
48,6,418.61,50.38,95.51,57.558,6.928,47.753,FP,,,,,,,
48,7,419.96,50.83,47.4,57.745,6.99,23.698,FP,,,,,,,
48,8,419.66,52.28,58.53,57.703,7.189,29.264,TP,4,0.3,0.833,0.885,0.166,0.25,-0.833
48,9,421.96,51.41,111.61,58.019,7.068,55.803,FP,,,,,,,
48,10,416.78,47.95,15.8,57.308,6.594,7.9,FP,,,,,,,
48,11,166.69,67.93,31.37,22.919,9.34,15.686,FP,,,,,,,
48,12,164.47,70.12,95.62,22.614,9.642,47.81,FP,,,,,,,
48,13,167.06,68.69,47.44,22.971,9.445,23.719,FP,,,,,,,
48,14,224.41,77.72,95.62,30.856,10.686,47.812,TP,6,0.146,2.82,2.823,0.016,-0.145,2.82
48,15,221.96,79.94,31.57,30.519,10.992,15.787,FP,,,,,,,
48,16,224.79,77.11,111.46,30.909,10.603,55.731,FP,,,,,,,
48,17,225.53,77.74,71.5,31.01,10.689,35.75,FP,,,,,,,
48,18,223.55,79.34,47.45,30.738,10.909,23.726,FP,,,,,,,
48,19,432.9,146.53,31.55,59.524,20.148,15.774,FP,,,,,,,
48,20,433.16,147.41,97.75,59.56,20.269,48.875,FP,,,,,,,
48,21,433.84,146.01,47.47,59.653,20.077,23.735,FP,,,,,,,
48,22,433.11,144.8,59.1,59.553,19.91,29.552,TP,11,0.008,0.424,0.424,-0.008,0.001,-0.424
48,23,432.65,144.2,80.08,59.489,19.828,40.038,FP,,,,,,,
48,24,433.06,144.88,71.78,59.546,19.922,35.889,FP,,,,,,,
48,25,434.43,144.54,122.72,59.735,19.874,61.362,FP,,,,,,,
48,26,430.47,144.67,15.53,59.189,19.892,7.767,FP,,,,,,,
48,27,218.3,186.29,95.68,30.017,25.615,47.838,FP,,,,,,,
48,28,211.95,187.78,31.51,29.144,25.82,15.757,FP,,,,,,,
48,29,213.26,184.47,7.84,29.323,25.365,3.921,FP,,,,,,,
48,30,213.92,184.04,15.78,29.414,25.306,7.888,FP,,,,,,,
48,31,107.91,192.96,31.62,14.837,26.532,15.811,FP,,,,,,,
48,32,104.77,191.46,95.62,14.406,26.326,47.81,FP,,,,,,,
48,33,107.22,192.64,47.47,14.743,26.487,23.736,FP,,,,,,,
48,34,322.56,198.2,95.58,44.352,27.253,47.792,FP,,,,,,,
48,35,344.5,212.67,31.58,47.368,29.242,15.788,FP,,,,,,,
48,36,350.35,216.24,95.57,48.174,29.733,47.783,FP,,,,,,,
48,37,350.25,219.75,143.75,48.159,30.216,71.875,FP,,,,,,,
48,38,146.9,243.73,95.45,20.198,33.513,47.727,FP,,,,,,,
48,39,397.21,245.17,95.59,54.616,33.711,47.793,FP,,,,,,,
48,40,148.98,241.89,71.89,20.485,33.26,35.946,FP,,,,,,,
48,41,148.83,242.13,79.83,20.464,33.293,39.916,FP,,,,,,,
48,42,144.53,246.98,31.61,19.873,33.959,15.805,FP,,,,,,,
48,43,396.65,246.73,31.62,54.54,33.925,15.811,FP,,,,,,,
48,44,70.59,269.61,95.52,9.706,37.072,47.76,FP,,,,,,,
48,45,73.29,269.38,31.59,10.077,37.04,15.794,TP,20,0.549,4.145,4.181,0.02,0.549,-4.145
48,46,288.51,264.79,47.46,39.671,36.409,23.731,FP,,,,,,,
48,47,74.04,268.34,47.45,10.181,36.897,23.726,FP,,,,,,,
48,48,297.29,292.94,95.47,40.878,40.279,47.734,FP,,,,,,,
48,49,208.06,306.44,31.08,28.608,42.136,15.542,TP,25,0.545,4.33,4.364,-0.544,-0.026,-4.33
48,50,209.65,306.57,46.86,28.826,42.153,23.428,FP,,,,,,,
48,51,207.45,304.63,15.93,28.525,41.887,7.967,FP,,,,,,,
48,52,207.49,307.16,59.12,28.53,42.235,29.561,FP,,,,,,,
48,53,205.26,314.42,95.54,28.223,43.233,47.768,FP,,,,,,,
48,54,208.89,304.65,7.82,28.723,41.889,3.91,FP,,,,,,,
48,55,207.81,308.32,111.31,28.574,42.394,55.653,FP,,,,,,,
48,56,208.81,308.7,71.64,28.711,42.447,35.822,FP,,,,,,,
48,57,208.8,307.4,80.0,28.71,42.268,40.0,FP,,,,,,,
48,58,478.23,321.84,95.54,65.756,44.252,47.772,FP,,,,,,,
48,59,472.93,321.44,31.61,65.028,44.197,15.803,FP,,,,,,,
48,60,479.43,320.03,71.82,65.921,44.004,35.912,FP,,,,,,,
48,61,16.68,316.19,95.42,2.293,43.476,47.712,TP,27,0.183,3.011,3.017,0.16,-0.089,-3.011
48,62,480.46,319.98,79.91,66.063,43.997,39.953,FP,,,,,,,
48,63,13.61,317.37,31.43,1.871,43.639,15.716,FP,,,,,,,
48,64,488.26,319.09,111.29,67.136,43.875,55.645,FP,,,,,,,
48,65,471.32,321.62,46.96,64.807,44.222,23.482,FP,,,,,,,
48,66,471.74,321.58,59.16,64.864,44.217,29.578,FP,,,,,,,
48,67,482.56,319.5,87.69,66.352,43.931,43.844,FP,,,,,,,
48,68,464.97,321.16,15.55,63.934,44.159,7.776,FP,,,,,,,
48,69,44.47,373.13,31.64,6.115,51.305,15.82,FP,,,,,,,
48,70,45.4,373.96,95.56,6.243,51.419,47.782,FP,,,,,,,
48,71,46.71,371.73,159.7,6.422,51.113,79.851,FP,,,,,,,
48,72,47.8,371.54,167.74,6.573,51.087,83.871,FP,,,,,,,
48,73,314.39,376.32,10.66,43.228,51.744,5.328,FP,,,,,,,
48,74,316.41,375.88,31.41,43.507,51.684,15.706,FP,,,,,,,
48,75,442.27,399.6,95.55,60.812,54.945,47.776,FP,,,,,,,
48,76,446.1,401.46,31.57,61.339,55.201,15.787,FP,,,,,,,
48,77,446.58,399.88,47.42,61.405,54.984,23.708,TP,36,0.255,2.675,2.687,-0.06,0.248,2.675
48,78,446.32,398.41,23.88,61.369,54.781,11.94,FP,,,,,,,
48,79,445.76,398.09,40.02,61.292,54.738,20.009,FP,,,,,,,
48,80,443.16,398.16,79.5,60.934,54.747,39.75,FP,,,,,,,
48,81,444.94,400.72,59.17,61.179,55.099,29.585,FP,,,,,,,
48,82,65.08,399.32,95.48,8.948,54.906,47.742,FP,,,,,,,
48,83,446.12,399.63,15.72,61.342,54.949,7.86,FP,,,,,,,
48,84,443.17,399.92,111.0,60.935,54.989,55.5,FP,,,,,,,
48,85,445.84,400.16,7.58,61.303,55.022,3.789,FP,,,,,,,
48,86,21.69,464.31,31.61,2.983,63.843,15.803,FP,,,,,,,
48,87,16.08,442.38,47.47,2.211,60.827,23.733,FP,,,,,,,
48,88,240.23,450.8,31.6,33.032,61.985,15.801,FP,,,,,,,
48,89,102.42,451.78,31.56,14.083,62.12,15.779,FP,,,,,,,
48,90,242.67,450.39,93.74,33.367,61.929,46.87,FP,,,,,,,
48,91,239.52,450.06,15.89,32.934,61.883,7.946,FP,,,,,,,
48,92,241.42,449.51,59.25,33.195,61.808,29.626,FP,,,,,,,
48,93,242.45,450.67,47.5,33.337,61.967,23.752,FP,,,,,,,
48,94,240.35,450.03,23.9,33.048,61.879,11.951,FP,,,,,,,
48,95,242.92,448.95,80.2,33.402,61.73,40.098,TP,43,0.177,3.622,3.626,0.089,-0.153,3.622
48,96,238.69,449.74,7.83,32.82,61.839,3.917,FP,,,,,,,
48,97,243.14,448.93,71.71,33.432,61.728,35.857,FP,,,,,,,
48,98,196.37,454.72,95.46,27.001,62.524,47.73,FP,,,,,,,
48,99,242.19,450.35,39.95,33.301,61.923,19.973,FP,,,,,,,
48,100,242.26,450.45,110.29,33.311,61.937,55.145,FP,,,,,,,
48,101,102.75,453.2,95.52,14.128,62.315,47.758,FP,,,,,,,
48,102,12.5,465.58,95.29,1.719,64.018,47.646,FP,,,,,,,
48,103,401.45,481.7,31.58,55.199,66.234,15.789,TP,47,0.157,2.717,2.721,0.149,-0.049,-2.717
48,104,122.85,473.88,31.58,16.891,65.158,15.792,FP,,,,,,,
48,105,399.62,479.35,59.28,54.948,65.911,29.64,FP,,,,,,,
48,106,403.22,488.42,95.49,55.442,67.158,47.743,FP,,,,,,,
48,107,397.85,480.94,15.86,54.704,66.129,7.928,FP,,,,,,,
48,108,402.14,481.26,47.58,55.294,66.174,23.791,FP,,,,,,,
48,109,401.01,482.92,111.71,55.139,66.401,55.855,FP,,,,,,,
48,110,398.25,481.89,7.68,54.759,66.259,3.841,FP,,,,,,,
48,111,402.0,489.0,123.0,55.275,67.238,61.5,FP,,,,,,,
48,112,35.14,493.16,47.43,4.831,67.809,23.716,FP,,,,,,,
48,113,188.86,502.48,31.58,25.968,69.091,15.788,FP,,,,,,,
48,114,192.84,502.11,95.59,26.515,69.04,47.795,TP,48,0.127,4.626,4.628,0.076,0.102,-4.626
48,115,190.82,503.94,47.5,26.238,69.292,23.75,FP,,,,,,,
48,,,,,40.195,1.162,29.246,FN,0,,,,,,
48,,,,,57.964,1.796,9.525,FN,1,,,,,,
48,,,,,68.928,2.364,11.495,FN,3,,,,,,
48,,,,,22.959,9.323,78.673,FN,5,,,,,,
48,,,,,43.131,11.463,96.453,FN,7,,,,,,
48,,,,,11.495,12.29,55.902,FN,8,,,,,,
48,,,,,23.699,14.965,96.735,FN,9,,,,,,
48,,,,,1.981,18.36,80.574,FN,10,,,,,,
48,,,,,29.773,25.307,67.922,FN,12,,,,,,
48,,,,,44.742,26.505,73.725,FN,13,,,,,,
48,,,,,14.589,26.545,1.5,FN,14,,,,,,
48,,,,,48.053,30.241,12.15,FN,15,,,,,,
48,,,,,20.511,33.572,59.463,FN,16,,,,,,
48,,,,,54.085,34.023,24.906,FN,17,,,,,,
48,,,,,41.64,34.772,79.917,FN,18,,,,,,
48,,,,,38.038,35.164,9.437,FN,19,,,,,,
48,,,,,41.994,36.296,0.973,FN,21,,,,,,
48,,,,,69.748,38.351,59.691,FN,22,,,,,,
48,,,,,49.869,38.348,82.719,FN,23,,,,,,
48,,,,,40.808,39.913,69.522,FN,24,,,,,,
48,,,,,63.372,44.551,75.874,FN,26,,,,,,
48,,,,,65.89,43.808,10.374,FN,28,,,,,,
48,,,,,37.272,46.048,64.198,FN,29,,,,,,
48,,,,,35.62,45.691,99.108,FN,30,,,,,,
48,,,,,17.317,49.042,98.349,FN,31,,,,,,
48,,,,,6.299,50.747,30.06,FN,32,,,,,,
48,,,,,39.901,52.337,83.141,FN,33,,,,,,
48,,,,,43.259,51.824,87.98,FN,34,,,,,,
48,,,,,16.148,52.438,75.239,FN,35,,,,,,
48,,,,,9.081,54.759,41.946,FN,37,,,,,,
48,,,,,16.355,54.802,82.351,FN,38,,,,,,
48,,,,,1.093,58.585,17.418,FN,39,,,,,,
48,,,,,7.512,58.84,52.484,FN,40,,,,,,
48,,,,,1.718,60.097,28.056,FN,41,,,,,,
48,,,,,13.767,62.228,25.5,FN,42,,,,,,
48,,,,,48.05,64.354,84.5,FN,44,,,,,,
48,,,,,4.336,65.41,1.955,FN,45,,,,,,
48,,,,,14.381,66.002,95.162,FN,46,,,,,,
48,,,,,15.678,69.679,27.678,FN,49,,,,,,
55,0,26.25,23.5,95.47,3.61,3.231,47.737,FP,,,,,,,
55,1,9.01,31.41,31.56,1.238,4.319,15.781,FP,,,,,,,
55,2,320.77,53.49,95.62,44.106,7.355,47.809,FP,,,,,,,
55,3,8.51,31.01,47.51,1.17,4.264,23.755,FP,,,,,,,
55,4,313.31,32.57,111.38,43.08,4.479,55.69,FP,,,,,,,
55,5,318.82,52.82,31.81,43.838,7.262,15.906,FP,,,,,,,
55,6,317.45,51.45,59.07,43.649,7.074,29.533,FP,,,,,,,
55,7,315.05,41.3,111.4,43.319,5.679,55.7,FP,,,,,,,
55,8,319.84,45.58,71.5,43.978,6.267,35.75,FP,,,,,,,
55,9,181.9,54.13,31.63,25.011,7.443,15.814,FP,,,,,,,
55,10,179.87,54.47,95.62,24.732,7.49,47.808,FP,,,,,,,
55,11,455.24,70.72,34.44,62.596,9.724,17.222,FP,,,,,,,
55,12,327.4,63.15,162.36,45.017,8.684,81.179,FP,,,,,,,
55,13,456.22,70.41,95.98,62.73,9.682,47.991,FP,,,,,,,
55,14,326.75,64.16,111.37,44.929,8.823,55.683,FP,,,,,,,
55,15,327.49,61.41,143.24,45.03,8.444,71.62,FP,,,,,,,
55,16,324.18,65.17,134.69,44.575,8.961,67.346,FP,,,,,,,
55,17,326.24,64.02,123.08,44.858,8.802,61.542,FP,,,,,,,
55,18,323.18,65.28,71.51,44.437,8.976,35.754,FP,,,,,,,
55,19,323.64,66.18,79.64,44.5,9.1,39.818,FP,,,,,,,
55,20,60.8,87.75,95.5,8.36,12.065,47.748,FP,,,,,,,
55,21,91.56,98.3,31.64,12.59,13.516,15.82,FP,,,,,,,
55,22,100.68,102.13,95.45,13.844,14.043,47.723,FP,,,,,,,
55,23,82.82,163.49,31.55,11.387,22.48,15.773,FP,,,,,,,
55,24,44.58,172.2,95.47,6.129,23.677,47.736,FP,,,,,,,
55,25,33.14,186.62,31.57,4.556,25.661,15.787,FP,,,,,,,
55,26,439.37,178.2,95.47,60.414,24.502,47.735,FP,,,,,,,
55,27,35.74,190.17,47.52,4.915,26.148,23.76,FP,,,,,,,
55,28,37.32,194.47,99.4,5.132,26.74,49.699,FP,,,,,,,
55,29,30.05,186.97,7.51,4.132,25.709,3.756,FP,,,,,,,
55,30,38.92,189.88,167.61,5.351,26.108,83.804,FP,,,,,,,
55,31,38.39,191.85,159.61,5.279,26.379,79.805,FP,,,,,,,
55,32,36.47,194.63,79.41,5.014,26.761,39.705,TP,13,0.309,4.583,4.593,-0.07,-0.3,-4.583
55,33,36.56,195.01,122.63,5.027,26.815,61.316,FP,,,,,,,
55,34,37.43,194.57,72.43,5.146,26.754,36.214,FP,,,,,,,
55,35,321.74,225.82,95.63,44.24,31.05,47.815,FP,,,,,,,
55,36,212.94,230.23,95.63,29.28,31.657,47.813,FP,,,,,,,
55,37,438.72,239.09,31.66,60.325,32.875,15.828,FP,,,,,,,
55,38,422.25,238.8,95.61,58.06,32.835,47.806,FP,,,,,,,
55,39,448.8,242.16,95.6,61.71,33.297,47.798,FP,,,,,,,
55,40,423.39,236.5,15.46,58.217,32.519,7.732,FP,,,,,,,
55,41,447.34,240.85,159.44,61.509,33.117,79.721,FP,,,,,,,
55,42,40.91,245.91,95.56,5.625,33.813,47.782,FP,,,,,,,
55,43,445.29,240.71,47.71,61.227,33.098,23.857,FP,,,,,,,
55,44,449.51,241.51,111.11,61.808,33.208,55.557,FP,,,,,,,
55,45,42.0,246.2,31.46,5.775,33.852,15.729,FP,,,,,,,
55,46,445.0,246.0,79.67,61.188,33.825,39.833,FP,,,,,,,
55,47,190.45,307.73,28.98,26.187,42.313,14.491,TP,23,0.15,3.498,3.501,0.147,0.029,3.498
55,48,189.21,310.06,92.16,26.016,42.633,46.08,FP,,,,,,,
55,49,189.03,308.44,71.81,25.991,42.41,35.907,FP,,,,,,,
55,50,189.98,305.47,7.86,26.122,42.002,3.931,FP,,,,,,,
55,51,190.97,307.98,46.87,26.259,42.347,23.434,FP,,,,,,,
55,52,189.28,308.68,114.78,26.025,42.443,57.39,FP,,,,,,,
55,53,191.65,309.33,59.14,26.352,42.532,29.568,FP,,,,,,,
55,54,274.34,312.65,95.57,37.722,42.989,47.784,FP,,,,,,,
55,55,190.6,306.54,143.96,26.207,42.15,71.979,FP,,,,,,,
55,56,190.12,306.41,135.0,26.141,42.132,67.5,FP,,,,,,,
55,57,270.96,315.74,31.57,37.258,43.414,15.786,FP,,,,,,,
55,58,191.0,307.0,151.0,26.263,42.213,75.5,FP,,,,,,,
55,59,462.6,319.88,31.53,63.607,43.983,15.763,FP,,,,,,,
55,60,463.82,320.74,95.61,63.776,44.101,47.803,FP,,,,,,,
55,61,463.43,318.08,47.47,63.721,43.736,23.737,FP,,,,,,,
55,62,270.27,316.06,47.49,37.163,43.458,23.746,FP,,,,,,,
55,63,460.83,318.59,15.85,63.363,43.806,7.925,FP,,,,,,,
55,64,462.68,317.09,59.34,63.619,43.601,29.672,FP,,,,,,,
55,65,464.02,317.11,111.66,63.802,43.602,55.829,FP,,,,,,,
55,66,461.71,319.64,7.81,63.485,43.951,3.907,FP,,,,,,,
55,67,466.22,321.07,71.73,64.106,44.148,35.863,TP,25,0.429,3.164,3.193,0.032,0.428,-3.164
55,68,467.76,320.97,79.7,64.317,44.133,39.851,FP,,,,,,,
55,69,95.11,333.31,95.56,13.077,45.83,47.781,FP,,,,,,,
55,70,95.58,334.3,31.56,13.142,45.966,15.78,FP,,,,,,,
55,71,179.57,354.39,92.8,24.691,48.728,46.398,TP,28,0.149,3.575,3.579,0.131,0.071,-3.575
55,72,178.31,353.94,69.66,24.518,48.666,34.832,FP,,,,,,,
55,73,177.86,357.32,31.6,24.455,49.131,15.802,FP,,,,,,,
55,74,178.39,354.7,159.55,24.528,48.772,79.773,FP,,,,,,,
55,75,334.92,371.42,95.61,46.051,51.07,47.803,FP,,,,,,,
55,76,333.14,373.0,31.58,45.806,51.288,15.788,FP,,,,,,,
55,77,334.17,370.34,47.29,45.948,50.922,23.644,FP,,,,,,,
55,78,12.58,374.75,95.48,1.73,51.528,47.738,FP,,,,,,,
55,79,425.21,405.06,95.52,58.466,55.696,47.762,FP,,,,,,,
55,80,425.55,413.47,31.53,58.513,56.852,15.765,FP,,,,,,,
55,81,394.93,420.89,95.67,54.303,57.873,47.833,FP,,,,,,,
55,82,321.36,432.21,163.07,44.187,59.429,81.534,FP,,,,,,,
55,83,321.14,431.64,134.35,44.157,59.351,67.176,FP,,,,,,,
55,84,317.68,434.83,93.61,43.68,59.789,46.805,FP,,,,,,,
55,85,316.48,437.35,31.61,43.516,60.136,15.807,FP,,,,,,,
55,86,321.1,432.36,137.33,44.151,59.449,68.663,FP,,,,,,,
55,87,318.42,435.26,50.68,43.783,59.849,25.342,FP,,,,,,,
55,88,19.92,444.09,95.5,2.739,61.062,47.75,TP,38,0.275,4.742,4.75,-0.232,-0.147,-4.742
55,89,16.01,444.14,31.59,2.201,61.069,15.793,FP,,,,,,,
55,90,19.49,442.64,111.22,2.679,60.863,55.611,FP,,,,,,,
55,91,20.5,445.5,80.0,2.819,61.256,40.0,FP,,,,,,,
55,92,204.46,459.5,31.55,28.113,63.181,15.775,FP,,,,,,,
55,93,211.24,458.99,95.65,29.046,63.111,47.825,FP,,,,,,,
55,94,121.43,466.52,95.61,16.697,64.146,47.806,FP,,,,,,,
55,95,122.49,466.76,79.77,16.842,64.179,39.884,FP,,,,,,,
55,96,122.05,468.08,71.85,16.781,64.362,35.926,FP,,,,,,,
55,97,122.61,466.55,87.39,16.858,64.15,43.697,FP,,,,,,,
55,98,142.96,473.54,31.48,19.657,65.111,15.738,FP,,,,,,,
55,99,143.83,472.85,47.41,19.776,65.017,23.707,FP,,,,,,,
55,100,228.35,485.1,31.64,31.398,66.701,15.822,FP,,,,,,,
55,101,142.44,474.19,15.66,19.585,65.201,7.828,FP,,,,,,,
55,102,142.57,474.22,7.61,19.603,65.205,3.804,FP,,,,,,,
55,103,231.13,483.58,95.61,31.78,66.492,47.807,FP,,,,,,,
55,104,230.1,481.48,80.29,31.638,66.203,40.143,TP,43,0.106,1.096,1.101,-0.08,-0.07,-1.096
55,105,24.53,493.75,95.55,3.372,67.891,47.775,FP,,,,,,,
55,106,22.1,497.69,31.62,3.039,68.432,15.809,FP,,,,,,,
55,107,25.69,490.57,79.81,3.532,67.454,39.905,FP,,,,,,,
55,108,25.6,490.3,71.6,3.52,67.416,35.8,FP,,,,,,,
55,109,229.58,493.38,15.5,31.568,67.839,7.75,FP,,,,,,,
55,110,24.68,494.36,111.48,3.394,67.975,55.742,FP,,,,,,,
55,111,230.22,493.43,23.49,31.655,67.847,11.743,FP,,,,,,,
55,112,23.23,497.85,47.49,3.194,68.454,23.744,FP,,,,,,,
55,113,432.53,505.66,95.56,59.472,69.529,47.78,FP,,,,,,,
55,,,,,17.185,3.361,68.112,FN,0,,,,,,
55,,,,,1.509,4.065,55.481,FN,1,,,,,,
55,,,,,43.112,4.81,20.24,FN,2,,,,,,
55,,,,,58.883,4.958,68.418,FN,3,,,,,,
55,,,,,25.302,7.025,56.915,FN,4,,,,,,
55,,,,,44.747,8.92,2.831,FN,5,,,,,,
55,,,,,62.764,9.803,31.98,FN,6,,,,,,
55,,,,,8.357,12.662,8.401,FN,7,,,,,,
55,,,,,14.228,13.736,19.17,FN,8,,,,,,
55,,,,,58.222,14.974,77.451,FN,9,,,,,,
55,,,,,11.42,21.942,24.322,FN,10,,,,,,
55,,,,,5.422,23.005,10.0,FN,11,,,,,,
55,,,,,69.606,24.88,72.5,FN,12,,,,,,
55,,,,,44.063,30.514,85.5,FN,14,,,,,,
55,,,,,69.325,29.649,98.679,FN,15,,,,,,
55,,,,,28.997,30.925,75.624,FN,16,,,,,,
55,,,,,58.943,32.249,75.984,FN,17,,,,,,
55,,,,,5.867,33.103,67.489,FN,18,,,,,,
55,,,,,61.792,32.753,13.232,FN,19,,,,,,
55,,,,,57.036,32.597,79.24,FN,20,,,,,,
55,,,,,69.014,36.734,62.5,FN,21,,,,,,
55,,,,,13.091,39.207,82.955,FN,22,,,,,,
55,,,,,37.679,42.968,33.493,FN,24,,,,,,
55,,,,,13.646,45.862,65.976,FN,26,,,,,,
55,,,,,68.651,47.851,48.262,FN,27,,,,,,
55,,,,,46.356,50.447,60.134,FN,29,,,,,,
55,,,,,11.491,54.502,88.5,FN,30,,,,,,
55,,,,,30.925,53.695,36.454,FN,31,,,,,,
55,,,,,37.078,54.778,40.254,FN,32,,,,,,
55,,,,,59.027,56.408,75.026,FN,33,,,,,,
55,,,,,54.705,58.033,1.916,FN,34,,,,,,
55,,,,,43.402,59.108,51.406,FN,35,,,,,,
55,,,,,19.008,58.863,52.667,FN,36,,,,,,
55,,,,,44.536,59.972,56.538,FN,37,,,,,,
55,,,,,28.665,62.602,1.223,FN,39,,,,,,
55,,,,,21.756,64.633,38.914,FN,40,,,,,,
55,,,,,17.211,65.045,2.339,FN,41,,,,,,
55,,,,,63.889,66.683,76.723,FN,42,,,,,,
55,,,,,3.801,67.134,60.445,FN,44,,,,,,
55,,,,,0.387,67.652,87.769,FN,45,,,,,,
55,,,,,3.511,68.268,64.246,FN,46,,,,,,
55,,,,,25.8,68.1,98.114,FN,47,,,,,,
55,,,,,32.223,69.13,25.916,FN,48,,,,,,
55,,,,,58.463,69.258,15.639,FN,49,,,,,,
58,0,306.78,10.48,31.51,42.182,1.441,15.757,FP,,,,,,,
58,1,439.46,12.02,31.54,60.426,1.653,15.77,FP,,,,,,,
58,2,438.08,83.53,95.51,60.235,11.486,47.757,FP,,,,,,,
58,3,299.22,75.43,31.69,41.143,10.372,15.844,FP,,,,,,,
58,4,437.39,84.44,31.55,60.141,11.61,15.773,TP,6,0.187,1.578,1.589,-0.082,0.168,-1.578
58,5,439.29,77.0,135.0,60.402,10.588,67.5,FP,,,,,,,
58,6,439.29,77.86,143.69,60.402,10.705,71.843,FP,,,,,,,
58,7,437.68,84.57,47.45,60.181,11.629,23.723,FP,,,,,,,
58,8,439.31,80.21,159.42,60.405,11.029,79.711,FP,,,,,,,
58,9,436.97,83.37,15.91,60.084,11.463,7.956,FP,,,,,,,
58,10,437.99,84.1,79.87,60.224,11.564,39.937,FP,,,,,,,
58,11,436.6,84.54,59.31,60.033,11.625,29.654,FP,,,,,,,
58,12,436.76,83.09,7.91,60.054,11.425,3.954,FP,,,,,,,
58,13,438.11,85.32,111.34,60.241,11.731,55.668,FP,,,,,,,
58,14,436.43,83.33,23.92,60.009,11.458,11.96,FP,,,,,,,
58,15,438.09,84.05,71.88,60.237,11.557,35.938,FP,,,,,,,
58,16,42.02,99.47,95.58,5.777,13.678,47.79,FP,,,,,,,
58,17,45.74,102.74,31.55,6.29,14.127,15.774,FP,,,,,,,
58,18,42.45,99.91,15.62,5.837,13.737,7.811,FP,,,,,,,
58,19,49.0,99.67,159.22,6.738,13.704,79.611,FP,,,,,,,
58,20,48.03,101.61,47.45,6.604,13.972,23.726,FP,,,,,,,
58,21,374.75,143.89,31.53,51.529,19.786,15.763,FP,,,,,,,
58,22,375.24,146.61,52.21,51.595,20.159,26.106,FP,,,,,,,
58,23,373.44,152.13,95.46,51.349,20.917,47.73,FP,,,,,,,
58,24,192.08,164.96,31.6,26.41,22.682,15.802,FP,,,,,,,
58,25,190.13,160.77,159.74,26.144,22.105,79.868,FP,,,,,,,
58,26,190.46,160.67,167.78,26.188,22.092,83.889,FP,,,,,,,
58,27,190.38,165.03,95.58,26.177,22.692,47.788,TP,12,0.283,3.075,3.088,-0.03,0.281,3.075
58,28,192.28,163.09,47.46,26.439,22.425,23.729,FP,,,,,,,
58,29,192.36,162.09,59.0,26.45,22.288,29.5,FP,,,,,,,
58,30,139.61,186.26,86.42,19.196,25.61,43.208,TP,13,0.648,2.309,2.398,0.446,-0.47,-2.309
58,31,135.63,191.2,31.45,18.649,26.291,15.727,FP,,,,,,,
58,32,139.37,186.41,167.92,19.163,25.632,83.958,FP,,,,,,,
58,33,138.71,186.7,159.79,19.072,25.672,79.897,FP,,,,,,,
58,34,140.47,186.68,183.69,19.314,25.668,91.844,FP,,,,,,,
58,35,135.53,189.93,47.52,18.636,26.115,23.758,FP,,,,,,,
58,36,139.76,187.38,111.15,19.217,25.765,55.577,FP,,,,,,,
58,37,139.9,186.7,175.3,19.236,25.671,87.65,FP,,,,,,,
58,38,135.17,188.17,59.0,18.585,25.873,29.5,FP,,,,,,,
58,39,485.98,199.84,95.56,66.823,27.478,47.78,FP,,,,,,,
58,40,474.96,207.45,31.63,65.307,28.525,15.814,FP,,,,,,,
58,41,480.6,205.53,7.53,66.083,28.261,3.767,FP,,,,,,,
58,42,466.49,213.0,95.74,64.142,29.288,47.872,FP,,,,,,,
58,43,285.5,223.5,31.5,39.256,30.731,15.75,FP,,,,,,,
58,44,343.65,246.54,95.57,47.252,33.899,47.787,FP,,,,,,,
58,45,58.36,245.39,95.63,8.025,33.741,47.815,FP,,,,,,,
58,46,444.55,315.12,31.4,61.125,43.329,15.702,FP,,,,,,,
58,47,154.83,346.08,95.59,21.289,47.586,47.796,FP,,,,,,,
58,48,419.41,350.03,31.59,57.669,48.129,15.793,TP,25,0.318,0.718,0.785,-0.121,0.294,0.718
58,49,421.9,348.72,95.48,58.011,47.949,47.738,FP,,,,,,,
58,50,157.33,344.96,43.55,21.632,47.432,21.776,FP,,,,,,,
58,51,155.64,349.25,31.63,21.4,48.022,15.815,FP,,,,,,,
58,52,421.38,350.94,47.44,57.939,48.255,23.719,FP,,,,,,,
58,53,242.36,350.58,31.5,33.324,48.204,15.748,FP,,,,,,,
58,54,420.33,349.04,79.85,57.796,47.993,39.926,FP,,,,,,,
58,55,420.5,346.88,111.38,57.819,47.695,55.688,FP,,,,,,,
58,56,419.48,349.8,71.52,57.678,48.097,35.761,FP,,,,,,,
58,57,271.92,356.7,95.64,37.388,49.046,47.818,TP,26,0.169,0.909,0.924,-0.136,0.1,0.909
58,58,319.25,370.25,95.25,43.897,50.909,47.625,FP,,,,,,,
58,59,362.5,394.35,95.5,49.844,54.223,47.748,TP,29,0.09,0.819,0.824,0.087,-0.024,-0.819
58,60,361.7,394.84,71.36,49.734,54.291,35.678,FP,,,,,,,
58,61,151.87,398.85,31.52,20.882,54.842,15.759,FP,,,,,,,
58,62,288.87,406.17,31.59,39.719,55.849,15.796,FP,,,,,,,
58,63,290.5,405.06,47.37,39.943,55.695,23.683,FP,,,,,,,
58,64,408.52,422.87,95.57,56.171,58.145,47.783,TP,32,0.164,4.533,4.536,0.03,0.161,4.533
58,65,375.35,421.76,31.41,51.611,57.992,15.703,FP,,,,,,,
58,66,77.76,456.21,95.61,10.692,62.73,47.807,FP,,,,,,,
58,67,360.83,444.33,31.17,49.615,61.096,15.583,FP,,,,,,,
58,68,85.21,456.68,31.6,11.716,62.794,15.799,FP,,,,,,,
58,69,62.91,453.48,111.35,8.651,62.353,55.674,FP,,,,,,,
58,70,85.0,456.0,15.5,11.688,62.7,7.75,FP,,,,,,,
58,71,84.38,456.38,7.5,11.603,62.753,3.75,FP,,,,,,,
58,72,93.17,457.87,47.44,12.81,62.956,23.718,FP,,,,,,,
58,73,436.83,470.0,95.43,60.064,64.625,47.714,FP,,,,,,,
58,74,191.89,478.64,31.56,26.384,65.814,15.782,FP,,,,,,,
58,75,418.44,485.92,31.31,57.536,66.814,15.654,FP,,,,,,,
58,76,190.29,477.71,7.71,26.164,65.686,3.857,FP,,,,,,,
58,77,194.86,478.33,47.38,26.793,65.771,23.69,FP,,,,,,,
58,78,414.35,481.22,7.87,56.973,66.168,3.935,FP,,,,,,,
58,79,415.16,482.05,16.15,57.085,66.283,8.077,FP,,,,,,,
58,80,421.67,483.23,47.47,57.98,66.444,23.733,FP,,,,,,,
58,81,309.64,486.63,31.34,42.576,66.912,15.671,FP,,,,,,,
58,82,429.69,500.32,95.66,59.082,68.794,47.832,FP,,,,,,,
58,83,269.32,502.79,95.58,37.031,69.134,47.788,FP,,,,,,,
58,,,,,42.246,1.187,60.648,FN,0,,,,,,
58,,,,,61.486,1.569,79.056,FN,1,,,,,,
58,,,,,34.759,2.809,94.379,FN,2,,,,,,
58,,,,,57.954,3.109,38.876,FN,3,,,,,,
58,,,,,1.505,5.103,60.982,FN,4,,,,,,
58,,,,,41.148,10.538,83.19,FN,5,,,,,,
58,,,,,7.485,14.11,35.818,FN,7,,,,,,
58,,,,,4.09,13.403,44.694,FN,8,,,,,,
58,,,,,52.009,18.676,29.162,FN,9,,,,,,
58,,,,,53.863,19.915,83.5,FN,10,,,,,,
58,,,,,51.728,20.474,58.236,FN,11,,,,,,
58,,,,,19.276,25.531,49.24,FN,14,,,,,,
58,,,,,66.672,27.428,60.472,FN,15,,,,,,
58,,,,,64.387,29.32,27.5,FN,16,,,,,,
58,,,,,39.383,30.585,80.887,FN,17,,,,,,
58,,,,,20.586,32.244,27.5,FN,18,,,,,,
58,,,,,14.653,32.811,49.562,FN,19,,,,,,
58,,,,,46.673,34.865,3.504,FN,20,,,,,,
58,,,,,53.627,35.487,86.073,FN,21,,,,,,
58,,,,,17.928,38.066,4.016,FN,22,,,,,,
58,,,,,21.716,47.417,67.693,FN,23,,,,,,
58,,,,,33.049,48.14,28.277,FN,24,,,,,,
58,,,,,21.298,53.564,9.704,FN,27,,,,,,
58,,,,,39.849,55.376,52.713,FN,28,,,,,,
58,,,,,64.276,58.11,77.909,FN,30,,,,,,
58,,,,,12.574,58.195,75.118,FN,31,,,,,,
58,,,,,64.185,58.603,73.48,FN,33,,,,,,
58,,,,,52.707,58.892,95.02,FN,34,,,,,,
58,,,,,49.503,60.499,33.851,FN,35,,,,,,
58,,,,,1.281,60.577,1.648,FN,36,,,,,,
58,,,,,13.382,62.221,51.373,FN,37,,,,,,
58,,,,,66.652,61.705,69.739,FN,38,,,,,,
58,,,,,8.485,62.109,43.003,FN,39,,,,,,
58,,,,,13.908,64.29,41.677,FN,40,,,,,,
58,,,,,26.6,65.511,52.494,FN,41,,,,,,
58,,,,,56.984,66.243,71.0,FN,42,,,,,,
58,,,,,63.951,64.736,89.982,FN,43,,,,,,
58,,,,,69.792,65.409,46.838,FN,44,,,,,,
58,,,,,59.126,66.262,5.582,FN,45,,,,,,
58,,,,,68.828,66.511,23.49,FN,46,,,,,,
58,,,,,42.739,66.603,80.038,FN,47,,,,,,
58,,,,,46.714,67.257,93.122,FN,48,,,,,,
58,,,,,68.797,69.557,20.243,FN,49,,,,,,
66,0,206.56,7.75,95.61,28.401,1.066,47.805,FP,,,,,,,
66,1,206.53,9.67,31.65,28.397,1.329,15.823,FP,,,,,,,
66,2,28.06,11.78,31.53,3.858,1.619,15.767,FP,,,,,,,
66,3,208.35,8.06,47.4,28.648,1.109,23.701,FP,,,,,,,
66,4,276.71,16.55,31.63,38.047,2.275,15.813,FP,,,,,,,
66,5,280.67,10.88,95.43,38.592,1.497,47.717,FP,,,,,,,
66,6,278.75,17.57,47.45,38.328,2.416,23.724,FP,,,,,,,
66,7,478.38,41.34,31.56,65.777,5.684,15.779,FP,,,,,,,
66,8,477.9,43.76,95.57,65.712,6.017,47.783,FP,,,,,,,
66,9,478.4,40.4,47.64,65.779,5.555,23.82,FP,,,,,,,
66,10,479.98,41.51,71.76,65.997,5.708,35.879,TP,5,0.537,1.874,1.95,0.233,0.484,-1.874
66,11,479.92,41.53,79.73,65.989,5.711,39.867,FP,,,,,,,
66,12,477.5,40.0,59.0,65.656,5.5,29.5,FP,,,,,,,
66,13,478.4,40.8,15.6,65.78,5.61,7.8,FP,,,,,,,
66,14,362.6,46.52,95.56,49.858,6.397,47.78,FP,,,,,,,
66,15,352.74,52.91,31.58,48.502,7.275,15.792,FP,,,,,,,
66,16,355.5,52.0,47.0,48.881,7.15,23.5,FP,,,,,,,
66,17,61.53,72.49,95.65,8.46,9.967,47.824,FP,,,,,,,
66,18,61.81,75.06,31.55,8.499,10.32,15.775,FP,,,,,,,
66,19,63.45,73.8,47.49,8.724,10.148,23.743,FP,,,,,,,
66,20,64.47,71.06,111.56,8.864,9.771,55.781,FP,,,,,,,
66,21,62.74,72.94,59.17,8.627,10.029,29.583,TP,8,0.301,3.876,3.888,-0.281,0.109,-3.876
66,22,60.98,74.05,7.51,8.384,10.182,3.756,FP,,,,,,,
66,23,61.3,73.74,15.8,8.429,10.139,7.902,FP,,,,,,,
66,24,312.94,96.52,31.59,43.029,13.272,15.797,TP,9,0.647,1.418,1.559,-0.334,0.554,1.418
66,25,310.25,91.91,15.79,42.659,12.638,7.895,FP,,,,,,,
66,26,315.73,93.93,95.54,43.413,12.915,47.771,FP,,,,,,,
66,27,310.67,92.33,8.0,42.717,12.696,4.0,FP,,,,,,,
66,28,314.51,96.0,47.4,43.245,13.2,23.698,FP,,,,,,,
66,29,136.37,102.01,95.59,18.751,14.026,47.796,FP,,,,,,,
66,30,139.26,115.96,31.55,19.148,15.944,15.777,FP,,,,,,,
66,31,333.0,117.5,95.17,45.788,16.156,47.583,FP,,,,,,,
66,32,243.9,165.65,7.72,33.536,22.777,3.862,FP,,,,,,,
66,33,143.46,182.33,31.58,19.725,25.07,15.79,TP,19,0.834,1.29,1.536,-0.618,-0.559,1.29
66,34,141.79,183.44,95.55,19.497,25.223,47.776,FP,,,,,,,
66,35,143.86,182.31,47.54,19.78,25.068,23.769,FP,,,,,,,
66,36,142.18,181.18,111.0,19.55,24.913,55.5,FP,,,,,,,
66,37,375.76,185.6,95.64,51.667,25.52,47.821,TP,20,0.271,0.667,0.72,0.173,-0.209,-0.667
66,38,376.58,185.06,31.49,51.78,25.445,15.743,FP,,,,,,,
66,39,374.78,187.07,71.51,51.532,25.722,35.753,FP,,,,,,,
66,40,26.46,204.75,95.55,3.639,28.153,47.777,FP,,,,,,,
66,41,56.36,200.13,31.47,7.75,27.518,15.734,FP,,,,,,,
66,42,25.14,207.77,31.56,3.457,28.569,15.782,FP,,,,,,,
66,43,26.4,207.81,47.59,3.63,28.573,23.797,TP,21,0.209,2.14,2.15,0.204,0.043,-2.14
66,44,25.0,205.0,59.0,3.438,28.188,29.5,FP,,,,,,,
66,45,77.33,209.19,95.47,10.633,28.764,47.733,FP,,,,,,,
66,46,21.04,206.43,15.52,2.893,28.385,7.761,FP,,,,,,,
66,47,18.68,208.71,111.39,2.568,28.698,55.696,FP,,,,,,,
66,48,23.5,208.0,72.0,3.231,28.6,36.0,FP,,,,,,,
66,49,197.66,239.82,95.44,27.178,32.976,47.719,TP,24,0.358,3.963,3.979,0.338,-0.12,3.963
66,50,193.58,243.06,31.52,26.617,33.421,15.76,FP,,,,,,,
66,51,194.32,239.85,167.79,26.719,32.979,83.896,FP,,,,,,,
66,52,193.93,240.24,159.74,26.665,33.033,79.871,FP,,,,,,,
66,53,195.27,240.97,75.9,26.849,33.134,37.949,FP,,,,,,,
66,54,192.2,242.68,15.77,26.428,33.369,7.883,FP,,,,,,,
66,55,193.7,241.65,47.67,26.633,33.227,23.833,FP,,,,,,,
66,56,190.99,242.01,7.77,26.261,33.276,3.885,FP,,,,,,,
66,57,193.96,242.01,59.26,26.669,33.277,29.63,FP,,,,,,,
66,58,196.83,241.26,110.83,27.065,33.173,55.413,FP,,,,,,,
66,59,332.04,264.18,31.55,45.656,36.325,15.775,FP,,,,,,,
66,60,335.73,269.92,89.88,46.162,37.114,44.941,FP,,,,,,,
66,61,333.87,269.38,70.68,45.907,37.04,35.338,FP,,,,,,,
66,62,392.88,276.04,31.53,54.021,37.955,15.763,FP,,,,,,,
66,63,396.67,274.12,91.2,54.542,37.692,45.601,FP,,,,,,,
66,64,399.31,273.09,111.38,54.906,37.55,55.69,FP,,,,,,,
66,65,394.43,277.29,47.0,54.234,38.127,23.5,TP,26,1.278,1.185,1.743,1.278,0.045,1.185
66,66,40.44,292.66,31.53,5.56,40.24,15.767,TP,29,0.632,3.758,3.81,-0.462,0.432,-3.758
66,67,506.78,285.35,95.49,69.683,39.236,47.743,FP,,,,,,,
66,68,39.73,292.17,47.46,5.463,40.173,23.728,FP,,,,,,,
66,69,98.56,287.67,159.44,13.551,39.554,79.722,FP,,,,,,,
66,70,498.7,294.01,31.46,68.572,40.426,15.731,FP,,,,,,,
66,71,43.0,290.0,7.5,5.912,39.875,3.75,FP,,,,,,,
66,72,16.72,301.13,95.6,2.299,41.406,47.802,FP,,,,,,,
66,73,46.19,304.44,95.58,6.351,41.861,47.788,FP,,,,,,,
66,74,184.86,321.22,31.61,25.419,44.168,15.805,FP,,,,,,,
66,75,188.59,310.71,95.46,25.931,42.723,47.73,FP,,,,,,,
66,76,405.88,318.68,95.6,55.808,43.818,47.799,FP,,,,,,,
66,77,185.83,316.61,47.3,25.551,43.534,23.652,FP,,,,,,,
66,78,196.09,325.07,95.43,26.963,44.696,47.716,FP,,,,,,,
66,79,105.64,350.32,30.96,14.526,48.169,15.48,FP,,,,,,,
66,80,433.67,354.33,31.0,59.629,48.721,15.5,FP,,,,,,,
66,81,439.32,372.29,95.44,60.407,51.191,47.719,FP,,,,,,,
66,82,217.75,376.51,31.59,29.94,51.77,15.794,FP,,,,,,,
66,83,221.67,376.63,93.75,30.479,51.787,46.875,FP,,,,,,,
66,84,222.52,375.75,111.38,30.597,51.666,55.688,FP,,,,,,,
66,85,221.0,388.0,95.25,30.388,53.35,47.625,FP,,,,,,,
66,86,130.91,391.18,47.09,18.0,53.788,23.545,FP,,,,,,,
66,87,416.42,402.75,31.66,57.258,55.378,15.828,FP,,,,,,,
66,88,478.83,447.74,31.65,65.839,61.564,15.825,FP,,,,,,,
66,89,44.47,445.37,95.54,6.115,61.238,47.77,FP,,,,,,,
66,90,479.09,450.7,95.61,65.875,61.971,47.804,FP,,,,,,,
66,91,316.11,441.89,95.61,43.466,60.759,47.807,FP,,,,,,,
66,92,42.36,446.99,31.54,5.825,61.461,15.771,FP,,,,,,,
66,93,42.56,443.98,159.6,5.851,61.047,79.801,FP,,,,,,,
66,94,476.31,447.51,79.7,65.492,61.533,39.85,FP,,,,,,,
66,95,42.53,444.74,167.67,5.848,61.151,83.835,FP,,,,,,,
66,96,475.67,448.88,71.84,65.405,61.721,35.921,FP,,,,,,,
66,97,478.68,445.28,15.5,65.819,61.225,7.75,TP,44,0.296,1.75,1.775,-0.291,-0.054,1.75
66,98,44.0,445.0,111.0,6.05,61.188,55.5,TP,45,0.389,0.191,0.433,-0.381,0.074,0.191
66,99,481.68,452.19,111.5,66.231,62.176,55.75,FP,,,,,,,
66,100,471.43,453.63,47.47,64.821,62.374,23.733,FP,,,,,,,
66,101,475.56,449.2,159.44,65.389,61.765,79.722,FP,,,,,,,
66,102,476.0,448.94,23.56,65.45,61.73,11.778,TP,46,0.453,4.642,4.664,0.167,-0.421,4.642
66,103,155.59,461.3,31.6,21.394,63.429,15.798,FP,,,,,,,
66,104,476.71,449.07,87.57,65.548,61.747,43.786,FP,,,,,,,
66,105,155.56,460.47,95.53,21.389,63.315,47.763,FP,,,,,,,
66,106,472.87,453.19,59.12,65.02,62.313,29.559,FP,,,,,,,
66,107,479.58,451.96,123.04,65.942,62.145,61.519,FP,,,,,,,
66,108,153.76,459.72,15.76,21.142,63.211,7.882,TP,47,0.493,0.912,1.037,-0.09,-0.484,-0.912
66,109,155.44,461.49,59.0,21.373,63.455,29.5,FP,,,,,,,
66,110,154.37,460.22,7.55,21.226,63.281,3.776,FP,,,,,,,
66,111,152.71,459.82,159.42,20.998,63.225,79.711,FP,,,,,,,
66,112,157.43,462.92,47.59,21.647,63.652,23.796,FP,,,,,,,
66,113,155.17,461.33,111.34,21.336,63.433,55.672,FP,,,,,,,
66,114,154.29,460.29,123.29,21.214,63.289,61.643,FP,,,,,,,
66,115,294.44,491.47,95.56,40.485,67.577,47.781,FP,,,,,,,
66,116,294.6,497.08,31.64,40.508,68.348,15.822,FP,,,,,,,
66,,,,,28.619,0.524,30.725,FN,0,,,,,,
66,,,,,56.146,1.052,12.423,FN,1,,,,,,
66,,,,,37.814,1.387,8.731,FN,2,,,,,,
66,,,,,4.547,1.773,48.479,FN,3,,,,,,
66,,,,,12.957,4.101,73.858,FN,4,,,,,,
66,,,,,49.945,5.912,4.522,FN,6,,,,,,
66,,,,,47.442,8.307,62.588,FN,7,,,,,,
66,,,,,61.403,13.103,93.0,FN,10,,,,,,
66,,,,,17.633,15.106,2.252,FN,11,,,,,,
66,,,,,31.998,17.213,48.395,FN,12,,,,,,
66,,,,,47.392,17.396,64.328,FN,13,,,,,,
66,,,,,69.798,18.01,36.523,FN,14,,,,,,
66,,,,,52.8,20.494,9.362,FN,15,,,,,,
66,,,,,60.253,20.386,20.753,FN,16,,,,,,
66,,,,,33.552,22.821,91.233,FN,17,,,,,,
66,,,,,18.808,24.234,21.0,FN,18,,,,,,
66,,,,,10.805,29.27,77.111,FN,22,,,,,,
66,,,,,9.296,31.749,95.5,FN,23,,,,,,
66,,,,,45.973,37.065,51.0,FN,25,,,,,,
66,,,,,54.635,37.589,33.772,FN,27,,,,,,
66,,,,,69.174,39.066,2.5,FN,28,,,,,,
66,,,,,13.214,40.033,49.609,FN,30,,,,,,
66,,,,,68.634,40.47,76.421,FN,31,,,,,,
66,,,,,25.653,42.247,28.35,FN,32,,,,,,
66,,,,,55.849,43.673,38.899,FN,33,,,,,,
66,,,,,16.203,43.638,71.058,FN,34,,,,,,
66,,,,,31.457,45.597,95.989,FN,35,,,,,,
66,,,,,24.896,45.653,27.25,FN,36,,,,,,
66,,,,,14.612,48.096,76.201,FN,37,,,,,,
66,,,,,30.522,51.945,33.764,FN,38,,,,,,
66,,,,,18.033,53.814,65.323,FN,39,,,,,,
66,,,,,12.535,55.718,6.343,FN,40,,,,,,
66,,,,,57.48,55.846,39.987,FN,41,,,,,,
66,,,,,69.828,57.932,11.005,FN,42,,,,,,
66,,,,,58.539,60.091,94.37,FN,43,,,,,,
66,,,,,59.811,66.251,28.06,FN,48,,,,,,
66,,,,,40.693,67.146,25.961,FN,49,,,,,,
69,0,316.98,52.82,95.56,43.585,7.263,47.781,FP,,,,,,,
69,1,319.38,31.68,79.85,43.914,4.356,39.926,FP,,,,,,,
69,2,319.32,31.42,71.5,43.906,4.32,35.75,TP,1,0.433,2.993,3.024,-0.174,0.396,2.993
69,3,322.71,31.38,111.38,44.372,4.315,55.691,FP,,,,,,,
69,4,310.71,57.69,31.66,42.723,7.933,15.831,FP,,,,,,,
69,5,210.55,57.25,95.61,28.951,7.871,47.807,FP,,,,,,,
69,6,209.35,57.79,31.63,28.785,7.945,15.815,FP,,,,,,,
69,7,206.45,54.42,159.68,28.387,7.483,79.839,FP,,,,,,,
69,8,210.59,54.65,135.0,28.956,7.514,67.5,TP,3,0.101,1.473,1.477,-0.094,-0.037,-1.473
69,9,209.02,55.12,143.54,28.741,7.579,71.768,FP,,,,,,,
69,10,210.2,55.35,41.53,28.903,7.61,20.765,FP,,,,,,,
69,11,211.82,56.71,7.59,29.126,7.797,3.794,FP,,,,,,,
69,12,212.0,56.0,15.5,29.15,7.7,7.75,FP,,,,,,,
69,13,311.31,61.02,47.46,42.805,8.39,23.732,FP,,,,,,,
69,14,448.81,58.91,31.65,61.711,8.101,15.824,FP,,,,,,,
69,15,425.8,58.56,95.44,58.548,8.052,47.72,FP,,,,,,,
69,16,311.76,66.6,79.91,42.867,9.158,39.953,FP,,,,,,,
69,17,311.82,65.12,159.49,42.876,8.954,79.747,FP,,,,,,,
69,18,313.18,69.54,111.19,43.062,9.562,55.594,FP,,,,,,,
69,19,312.39,66.81,71.84,42.953,9.187,35.919,FP,,,,,,,
69,20,311.78,66.74,87.96,42.87,9.177,43.98,FP,,,,,,,
69,21,310.38,66.9,167.43,42.677,9.199,83.714,FP,,,,,,,
69,22,318.45,115.24,95.42,43.787,15.846,47.71,FP,,,,,,,
69,23,320.5,116.72,31.68,44.069,16.049,15.838,FP,,,,,,,
69,24,317.09,114.75,79.88,43.6,15.778,39.938,FP,,,,,,,
69,25,317.4,114.4,71.8,43.643,15.73,35.9,FP,,,,,,,
69,26,320.0,114.5,111.0,44.0,15.744,55.5,FP,,,,,,,
69,27,317.33,115.33,89.0,43.633,15.858,44.5,FP,,,,,,,
69,28,322.0,115.5,47.0,44.275,15.881,23.5,FP,,,,,,,
69,29,266.86,182.5,95.53,36.693,25.094,47.763,FP,,,,,,,
69,30,275.03,182.31,31.6,37.816,25.068,15.801,FP,,,,,,,
69,31,117.6,184.61,31.67,16.171,25.384,15.836,FP,,,,,,,
69,32,279.34,183.15,47.64,38.409,25.184,23.819,FP,,,,,,,
69,33,277.04,181.96,59.0,38.093,25.02,29.5,FP,,,,,,,
69,34,449.58,192.69,95.57,61.817,26.496,47.787,FP,,,,,,,
69,35,121.16,187.18,96.76,16.659,25.738,48.381,FP,,,,,,,
69,36,120.45,184.06,47.48,16.562,25.308,23.742,TP,11,0.546,3.527,3.569,-0.343,-0.425,-3.527
69,37,446.14,196.52,31.55,61.344,27.021,15.775,FP,,,,,,,
69,38,445.72,193.4,71.78,61.287,26.593,35.892,TP,10,0.237,2.881,2.891,-0.117,-0.206,-2.881
69,39,446.82,192.96,79.84,61.437,26.531,39.922,FP,,,,,,,
69,40,298.58,193.64,95.57,41.055,26.625,47.787,FP,,,,,,,
69,41,310.38,193.8,31.58,42.678,26.648,15.792,FP,,,,,,,
69,42,447.03,196.04,47.22,61.466,26.955,23.608,FP,,,,,,,
69,43,450.43,192.98,111.41,61.934,26.535,55.704,FP,,,,,,,
69,44,445.51,195.15,15.87,61.258,26.833,7.937,FP,,,,,,,
69,45,445.92,195.4,59.25,61.315,26.867,29.623,FP,,,,,,,
69,46,444.65,194.41,7.51,61.139,26.731,3.757,FP,,,,,,,
69,47,172.68,219.59,95.63,23.744,30.193,47.817,FP,,,,,,,
69,48,177.99,223.03,31.56,24.474,30.667,15.782,FP,,,,,,,
69,49,184.37,246.18,31.52,25.351,33.849,15.761,FP,,,,,,,
69,50,300.04,262.73,31.46,41.255,36.126,15.731,FP,,,,,,,
69,51,308.61,262.12,95.49,42.433,36.041,47.747,FP,,,,,,,
69,52,201.03,264.9,8.93,27.642,36.424,4.467,FP,,,,,,,
69,53,209.46,306.05,31.62,28.801,42.081,15.808,FP,,,,,,,
69,54,206.99,308.86,95.53,28.462,42.468,47.766,FP,,,,,,,
69,55,83.4,312.42,90.36,11.467,42.957,45.179,TP,25,0.346,3.21,3.229,-0.322,0.127,-3.21
69,56,85.31,310.99,159.89,11.73,42.762,79.947,FP,,,,,,,
69,57,210.5,304.5,111.5,28.944,41.869,55.75,FP,,,,,,,
69,58,84.98,311.17,167.96,11.685,42.786,83.979,FP,,,,,,,
69,59,84.82,316.96,31.63,11.663,43.582,15.813,FP,,,,,,,
69,60,460.99,321.27,95.63,63.387,44.174,47.815,FP,,,,,,,
69,61,85.16,311.42,175.47,11.709,42.82,87.737,FP,,,,,,,
69,62,463.47,324.59,31.56,63.727,44.631,15.779,FP,,,,,,,
69,63,16.46,319.84,31.49,2.264,43.978,15.747,FP,,,,,,,
69,64,464.81,322.33,47.46,63.911,44.32,23.731,FP,,,,,,,
69,65,293.99,341.19,31.6,40.424,46.914,15.799,FP,,,,,,,
69,66,293.71,338.59,49.2,40.385,46.557,24.601,FP,,,,,,,
69,67,297.77,342.79,95.4,40.944,47.134,47.702,FP,,,,,,,
69,68,296.48,339.93,77.9,40.766,46.741,38.95,FP,,,,,,,
69,69,112.56,339.62,31.52,15.477,46.698,15.76,FP,,,,,,,
69,70,86.09,346.52,95.73,11.837,47.647,47.863,FP,,,,,,,
69,71,137.99,376.1,95.56,18.973,51.713,47.782,FP,,,,,,,
69,72,134.34,376.3,31.75,18.472,51.742,15.873,FP,,,,,,,
69,73,301.28,409.97,27.93,41.426,56.371,13.966,FP,,,,,,,
69,74,299.45,406.45,7.88,41.175,55.887,3.942,FP,,,,,,,
69,75,302.41,409.61,47.42,41.582,56.321,23.708,FP,,,,,,,
69,76,496.28,399.41,8.13,68.239,54.919,4.064,FP,,,,,,,
69,77,299.02,403.67,59.24,41.116,55.504,29.622,FP,,,,,,,
69,78,230.98,425.4,31.65,31.759,58.493,15.824,FP,,,,,,,
69,79,307.82,419.46,95.08,42.325,57.676,47.538,FP,,,,,,,
69,80,308.51,416.23,71.8,42.42,57.232,35.901,FP,,,,,,,
69,81,227.98,423.81,71.85,31.348,58.274,35.927,TP,41,0.406,3.932,3.953,-0.366,-0.176,3.932
69,82,309.38,417.06,79.95,42.54,57.346,39.973,FP,,,,,,,
69,83,227.92,423.98,79.94,31.34,58.297,39.972,FP,,,,,,,
69,84,226.61,426.38,93.98,31.159,58.628,46.988,FP,,,,,,,
69,85,232.33,424.6,47.71,31.946,58.383,23.855,FP,,,,,,,
69,86,230.2,425.55,59.29,31.652,58.513,29.644,FP,,,,,,,
69,87,229.04,427.62,111.33,31.493,58.798,55.667,FP,,,,,,,
69,88,493.93,431.57,31.54,67.915,59.341,15.768,TP,42,0.467,1.596,1.663,-0.441,0.152,-1.596
69,89,330.28,435.67,95.54,45.414,59.905,47.77,FP,,,,,,,
69,90,499.84,431.87,95.51,68.728,59.382,47.755,FP,,,,,,,
69,91,35.72,464.53,95.55,4.912,63.873,47.773,FP,,,,,,,
69,92,32.38,466.81,31.63,4.453,64.187,15.814,FP,,,,,,,
69,93,33.14,465.44,47.64,4.556,63.997,23.822,FP,,,,,,,
69,94,69.2,504.3,95.41,9.516,69.341,47.704,FP,,,,,,,
69,,,,,35.785,4.364,71.186,FN,0,,,,,,
69,,,,,49.559,7.943,11.116,FN,2,,,,,,
69,,,,,41.985,8.586,5.044,FN,4,,,,,,
69,,,,,61.433,8.047,85.33,FN,5,,,,,,
69,,,,,43.762,10.549,9.965,FN,6,,,,,,
69,,,,,44.036,15.988,30.054,FN,7,,,,,,
69,,,,,36.143,22.584,7.066,FN,8,,,,,,
69,,,,,39.4,25.2,62.421,FN,9,,,,,,
69,,,,,42.296,26.802,70.695,FN,12,,,,,,
69,,,,,53.605,27.003,84.205,FN,13,,,,,,
69,,,,,36.153,27.506,25.255,FN,14,,,,,,
69,,,,,24.588,30.575,40.87,FN,15,,,,,,
69,,,,,37.911,33.996,12.573,FN,16,,,,,,
69,,,,,69.247,34.898,89.238,FN,17,,,,,,
69,,,,,42.468,35.65,27.062,FN,18,,,,,,
69,,,,,14.619,35.409,3.21,FN,19,,,,,,
69,,,,,27.752,36.434,89.508,FN,20,,,,,,
69,,,,,57.868,37.071,88.505,FN,21,,,,,,
69,,,,,35.321,39.303,2.488,FN,22,,,,,,
69,,,,,28.87,41.525,35.873,FN,23,,,,,,
69,,,,,2.579,43.145,59.096,FN,24,,,,,,
69,,,,,63.539,44.047,1.718,FN,26,,,,,,
69,,,,,55.936,45.629,28.0,FN,27,,,,,,
69,,,,,16.052,46.455,68.231,FN,28,,,,,,
69,,,,,40.53,46.467,59.723,FN,29,,,,,,
69,,,,,42.801,47.864,78.948,FN,30,,,,,,
69,,,,,12.051,47.959,30.101,FN,31,,,,,,
69,,,,,18.713,51.853,72.395,FN,32,,,,,,
69,,,,,68.341,54.834,88.148,FN,33,,,,,,
69,,,,,32.887,54.661,58.766,FN,34,,,,,,
69,,,,,40.157,54.419,39.022,FN,35,,,,,,
69,,,,,41.634,55.917,40.429,FN,36,,,,,,
69,,,,,68.754,56.587,48.699,FN,37,,,,,,
69,,,,,17.395,56.784,32.017,FN,38,,,,,,
69,,,,,42.223,57.831,15.84,FN,39,,,,,,
69,,,,,31.727,58.763,2.071,FN,40,,,,,,
69,,,,,45.762,59.773,78.256,FN,43,,,,,,
69,,,,,4.692,64.208,34.532,FN,44,,,,,,
69,,,,,31.728,63.85,94.389,FN,45,,,,,,
69,,,,,0.791,69.108,2.362,FN,46,,,,,,
69,,,,,10.361,69.405,62.592,FN,47,,,,,,
69,,,,,22.199,69.391,82.615,FN,48,,,,,,
75,0,62.62,29.78,36.69,8.61,4.095,18.346,TP,2,0.549,2.639,2.695,0.294,0.464,2.639
75,1,60.2,33.4,95.52,8.278,4.593,47.761,FP,,,,,,,
75,2,56.35,30.18,87.63,7.748,4.149,43.815,FP,,,,,,,
75,3,59.68,29.85,71.81,8.206,4.104,35.906,FP,,,,,,,
75,4,58.34,30.48,80.02,8.022,4.191,40.01,FP,,,,,,,
75,5,70.12,34.14,163.29,9.642,4.695,81.647,FP,,,,,,,
75,6,70.06,32.16,143.87,9.633,4.422,71.935,FP,,,,,,,
75,7,64.58,37.3,111.54,8.88,5.129,55.768,FP,,,,,,,
75,8,69.71,35.65,183.29,9.585,4.901,91.647,FP,,,,,,,
75,9,455.96,42.7,159.41,62.694,5.871,79.707,FP,,,,,,,
75,10,263.22,47.51,31.67,36.193,6.533,15.837,FP,,,,,,,
75,11,364.11,59.95,31.72,50.065,8.243,15.862,FP,,,,,,,
75,12,135.9,64.08,95.57,18.686,8.811,47.787,FP,,,,,,,
75,13,478.67,71.23,95.62,65.818,9.795,47.809,FP,,,,,,,
75,14,450.06,71.89,95.57,61.883,9.885,47.785,FP,,,,,,,
75,15,463.2,73.59,31.66,63.69,10.118,15.828,FP,,,,,,,
75,16,312.81,78.43,95.48,43.012,10.785,47.738,FP,,,,,,,
75,17,299.92,99.22,31.62,41.238,13.643,15.812,FP,,,,,,,
75,18,65.53,113.75,31.12,9.011,15.64,15.562,TP,16,1.162,0.289,1.197,0.567,1.014,0.289
75,19,55.49,116.28,95.56,7.629,15.989,47.779,FP,,,,,,,
75,20,65.33,113.02,47.48,8.983,15.541,23.738,FP,,,,,,,
75,21,63.26,111.69,59.15,8.698,15.357,29.574,FP,,,,,,,
75,22,66.31,113.22,15.9,9.118,15.568,7.951,FP,,,,,,,
75,23,67.32,112.37,7.77,9.257,15.451,3.885,FP,,,,,,,
75,24,118.5,137.0,31.5,16.294,18.837,15.75,FP,,,,,,,
75,25,190.53,141.34,31.48,26.198,19.434,15.738,FP,,,,,,,
75,26,356.33,154.33,31.59,48.996,21.221,15.795,FP,,,,,,,
75,27,356.0,154.67,14.5,48.95,21.267,7.25,FP,,,,,,,
75,28,41.8,218.82,95.59,5.747,30.087,47.794,FP,,,,,,,
75,29,43.64,214.31,31.72,6.001,29.468,15.862,FP,,,,,,,
75,30,42.42,215.03,16.62,5.833,29.566,8.31,FP,,,,,,,
75,31,343.67,236.07,31.64,47.254,32.459,15.82,FP,,,,,,,
75,32,343.27,236.36,8.99,47.199,32.5,4.494,FP,,,,,,,
75,33,466.29,261.68,95.43,64.114,35.981,47.714,FP,,,,,,,
75,34,223.0,261.5,31.5,30.663,35.956,15.75,FP,,,,,,,
75,35,472.7,272.67,31.6,64.996,37.493,15.802,FP,,,,,,,
75,36,484.03,280.27,95.61,66.554,38.538,47.805,FP,,,,,,,
75,37,291.66,302.95,31.58,40.103,41.655,15.791,FP,,,,,,,
75,38,289.84,303.94,95.55,39.853,41.792,47.775,FP,,,,,,,
75,39,292.15,300.83,46.89,40.171,41.364,23.444,FP,,,,,,,
75,40,117.48,302.97,31.6,16.154,41.659,15.798,FP,,,,,,,
75,41,122.87,307.78,95.48,16.895,42.32,47.739,TP,30,0.284,2.98,2.994,-0.105,0.264,-2.98
75,42,334.91,315.56,31.25,46.05,43.39,15.625,FP,,,,,,,
75,43,149.89,339.33,95.58,20.609,46.657,47.789,TP,32,0.045,2.086,2.087,-0.03,-0.033,-2.086
75,44,149.11,353.87,31.51,20.503,48.657,15.756,FP,,,,,,,
75,45,151.77,354.9,47.57,20.868,48.798,23.785,FP,,,,,,,
75,46,147.62,351.95,15.81,20.298,48.393,7.903,FP,,,,,,,
75,47,149.18,353.29,7.53,20.512,48.578,3.765,FP,,,,,,,
75,48,152.38,361.42,95.59,20.952,49.695,47.797,FP,,,,,,,
75,49,226.01,365.82,31.58,31.076,50.301,15.79,FP,,,,,,,
75,50,241.12,361.56,95.7,33.153,49.715,47.851,FP,,,,,,,
75,51,84.32,370.08,31.52,11.594,50.886,15.759,FP,,,,,,,
75,52,176.41,376.07,95.43,24.257,51.709,47.717,FP,,,,,,,
75,53,162.19,446.96,95.63,22.301,61.456,47.817,FP,,,,,,,
75,54,418.07,435.95,95.54,57.484,59.943,47.768,TP,41,0.377,1.723,1.763,-0.208,0.314,1.723
75,55,323.73,442.69,95.61,44.513,60.87,47.803,FP,,,,,,,
75,56,269.72,437.99,95.6,37.087,60.224,47.802,FP,,,,,,,
75,57,300.49,433.82,95.4,41.317,59.651,47.7,FP,,,,,,,
75,58,324.44,438.93,159.69,44.611,60.353,79.843,TP,40,0.366,3.675,3.693,-0.364,0.045,-3.675
75,59,408.19,441.31,31.55,56.126,60.68,15.776,FP,,,,,,,
75,60,418.13,433.2,72.13,57.493,59.565,36.067,FP,,,,,,,
75,61,417.82,434.65,111.08,57.45,59.764,55.54,FP,,,,,,,
75,62,151.72,444.01,31.69,20.861,61.051,15.845,FP,,,,,,,
75,63,325.11,440.07,143.84,44.702,60.51,71.922,TP,42,0.633,0.821,1.037,0.621,-0.119,-0.821
75,64,326.76,440.39,111.46,44.929,60.554,55.73,FP,,,,,,,
75,65,155.82,444.13,47.66,21.425,61.068,23.831,FP,,,,,,,
75,66,325.68,442.14,135.0,44.78,60.794,67.5,FP,,,,,,,
75,67,324.22,440.04,167.43,44.58,60.506,83.717,FP,,,,,,,
75,68,408.57,439.9,47.4,56.178,60.486,23.7,FP,,,,,,,
75,69,320.63,439.7,79.52,44.087,60.459,39.759,FP,,,,,,,
75,70,324.67,439.33,152.0,44.642,60.408,76.0,FP,,,,,,,
75,71,320.0,441.57,31.3,44.0,60.715,15.652,FP,,,,,,,
75,72,392.26,445.95,95.41,53.936,61.318,47.704,FP,,,,,,,
75,73,193.13,447.41,31.46,26.556,61.519,15.73,FP,,,,,,,
75,74,74.59,458.0,95.41,10.256,62.975,47.707,FP,,,,,,,
75,75,227.99,465.73,95.62,31.349,64.038,47.811,FP,,,,,,,
75,76,225.28,468.73,31.51,30.976,64.451,15.756,FP,,,,,,,
75,77,113.54,477.86,31.61,15.611,65.706,15.805,FP,,,,,,,
75,,,,,69.089,0.831,4.085,FN,0,,,,,,
75,,,,,19.505,2.47,80.536,FN,1,,,,,,
75,,,,,9.647,4.74,50.997,FN,3,,,,,,
75,,,,,65.292,4.103,51.573,FN,4,,,,,,
75,,,,,41.419,5.02,64.095,FN,5,,,,,,
75,,,,,36.148,6.203,40.576,FN,6,,,,,,
75,,,,,48.05,6.867,1.265,FN,7,,,,,,
75,,,,,17.368,9.107,18.978,FN,8,,,,,,
75,,,,,51.144,8.552,36.195,FN,9,,,,,,
75,,,,,14.479,9.18,72.686,FN,10,,,,,,
75,,,,,65.904,9.255,66.488,FN,11,,,,,,
75,,,,,62.542,10.536,55.739,FN,12,,,,,,
75,,,,,42.903,10.613,76.748,FN,13,,,,,,
75,,,,,14.033,10.951,97.451,FN,14,,,,,,
75,,,,,40.643,13.657,27.177,FN,15,,,,,,
75,,,,,34.564,17.347,41.746,FN,17,,,,,,
75,,,,,11.206,16.301,1.447,FN,18,,,,,,
75,,,,,26.812,18.494,31.333,FN,19,,,,,,
75,,,,,16.727,19.023,45.699,FN,20,,,,,,
75,,,,,48.991,21.258,87.575,FN,21,,,,,,
75,,,,,24.827,23.075,79.051,FN,22,,,,,,
75,,,,,69.505,28.976,84.273,FN,23,,,,,,
75,,,,,5.964,29.541,84.447,FN,24,,,,,,
75,,,,,69.692,31.699,38.852,FN,25,,,,,,
75,,,,,47.248,32.47,89.414,FN,26,,,,,,
75,,,,,64.015,35.377,16.642,FN,27,,,,,,
75,,,,,30.934,35.777,70.159,FN,28,,,,,,
75,,,,,66.4,38.575,69.619,FN,29,,,,,,
75,,,,,40.201,41.256,65.514,FN,31,,,,,,
75,,,,,20.618,50.281,7.404,FN,33,,,,,,
75,,,,,12.234,50.024,57.309,FN,34,,,,,,
75,,,,,30.422,49.952,54.951,FN,35,,,,,,
75,,,,,33.054,49.976,13.02,FN,36,,,,,,
75,,,,,55.536,53.986,36.516,FN,37,,,,,,
75,,,,,37.472,59.21,80.776,FN,38,,,,,,
75,,,,,19.496,58.853,13.625,FN,39,,,,,,
75,,,,,23.673,61.319,80.409,FN,43,,,,,,
75,,,,,53.973,61.51,26.825,FN,44,,,,,,
75,,,,,22.886,62.744,62.377,FN,45,,,,,,
75,,,,,31.157,64.177,57.582,FN,46,,,,,,
75,,,,,45.524,63.137,96.495,FN,47,,,,,,
75,,,,,16.126,65.118,23.224,FN,48,,,,,,
75,,,,,69.263,68.995,5.25,FN,49,,,,,,
89,0,323.39,9.12,95.62,44.466,1.254,47.808,FP,,,,,,,
89,1,321.65,10.68,31.47,44.227,1.468,15.737,FP,,,,,,,
89,2,134.66,16.84,95.57,18.515,2.315,47.786,FP,,,,,,,
89,3,115.91,18.54,31.74,15.938,2.55,15.87,FP,,,,,,,
89,4,117.17,19.4,49.35,16.111,2.667,24.673,FP,,,,,,,
89,5,134.61,16.35,111.31,18.509,2.248,55.653,FP,,,,,,,
89,6,117.75,23.49,95.7,16.19,3.23,47.852,FP,,,,,,,
89,7,115.71,25.07,159.51,15.91,3.447,79.754,FP,,,,,,,
89,8,67.56,91.78,31.38,9.289,12.62,15.691,FP,,,,,,,
89,9,66.56,97.38,95.54,9.153,13.389,47.768,FP,,,,,,,
89,10,67.74,91.38,7.79,9.314,12.565,3.895,FP,,,,,,,
89,11,67.41,91.82,15.8,9.269,12.625,7.902,FP,,,,,,,
89,12,66.77,97.22,111.51,9.181,13.368,55.756,FP,,,,,,,
89,13,69.33,94.92,79.5,9.533,13.051,39.75,FP,,,,,,,
89,14,203.0,98.59,95.18,27.913,13.556,47.588,FP,,,,,,,
89,15,89.8,105.64,95.57,12.347,14.525,47.783,FP,,,,,,,
89,16,300.38,111.39,31.75,41.302,15.316,15.876,FP,,,,,,,
89,17,300.91,115.43,95.69,41.375,15.871,47.844,FP,,,,,,,
89,18,300.62,111.12,11.68,41.335,15.28,5.839,FP,,,,,,,
89,19,299.5,112.25,47.12,41.181,15.434,23.562,FP,,,,,,,
89,20,103.97,139.98,31.58,14.296,19.247,15.792,FP,,,,,,,
89,21,323.84,172.35,31.59,44.527,23.698,15.793,FP,,,,,,,
89,22,328.25,171.9,95.57,45.134,23.636,47.786,FP,,,,,,,
89,23,328.6,170.32,159.5,45.183,23.419,79.752,FP,,,,,,,
89,24,327.21,170.58,134.54,44.991,23.455,67.271,FP,,,,,,,
89,25,447.0,169.5,95.0,61.463,23.306,47.5,FP,,,,,,,
89,26,327.0,170.0,144.0,44.963,23.375,72.0,FP,,,,,,,
89,27,329.5,170.5,167.0,45.306,23.444,83.5,FP,,,,,,,
89,28,24.52,196.05,95.58,3.372,26.957,47.792,FP,,,,,,,
89,29,166.4,186.11,95.57,22.88,25.59,47.785,FP,,,,,,,
89,30,167.33,183.92,31.6,23.008,25.289,15.8,FP,,,,,,,
89,31,23.24,192.92,31.58,3.196,26.526,15.792,FP,,,,,,,
89,32,20.85,193.73,47.6,2.868,26.638,23.801,FP,,,,,,,
89,33,25.43,197.59,111.46,3.496,27.169,55.732,TP,18,0.914,2.629,2.784,0.875,-0.266,2.629
89,34,428.71,207.05,159.48,58.948,28.469,79.738,TP,21,1.117,2.095,2.375,0.008,-1.117,-2.095
89,35,425.64,216.22,95.62,58.526,29.731,47.812,FP,,,,,,,
89,36,427.63,214.1,31.67,58.799,29.439,15.837,FP,,,,,,,
89,37,427.32,215.78,14.13,58.756,29.67,7.065,FP,,,,,,,
89,38,427.64,215.82,47.36,58.8,29.675,23.682,FP,,,,,,,
89,39,453.73,262.08,95.57,62.388,36.035,47.783,FP,,,,,,,
89,40,457.16,264.78,31.6,62.86,36.407,15.799,FP,,,,,,,
89,41,457.02,263.15,47.55,62.841,36.183,23.775,FP,,,,,,,
89,42,340.84,286.29,31.68,46.865,39.365,15.838,FP,,,,,,,
89,43,343.14,284.71,95.61,47.181,39.148,47.805,FP,,,,,,,
89,44,346.0,278.0,143.76,47.575,38.225,71.882,FP,,,,,,,
89,45,346.87,278.13,151.79,47.695,38.243,75.894,FP,,,,,,,
89,46,346.81,279.5,159.49,47.687,38.431,79.743,FP,,,,,,,
89,47,48.0,297.62,95.59,6.599,40.923,47.795,FP,,,,,,,
89,48,45.41,296.37,31.01,6.243,40.751,15.503,FP,,,,,,,
89,49,46.13,295.61,47.08,6.342,40.646,23.539,FP,,,,,,,
89,50,51.28,293.02,111.49,7.051,40.291,55.747,FP,,,,,,,
89,51,45.6,295.62,58.5,6.27,40.647,29.252,FP,,,,,,,
89,52,44.84,295.69,15.99,6.165,40.657,7.996,FP,,,,,,,
89,53,43.85,295.48,7.91,6.03,40.628,3.953,FP,,,,,,,
89,54,46.0,296.67,159.44,6.325,40.792,79.722,FP,,,,,,,
89,55,239.55,318.13,31.71,32.938,43.743,15.857,FP,,,,,,,
89,56,247.39,321.25,95.69,34.016,44.171,47.843,FP,,,,,,,
89,57,268.96,355.33,95.56,36.981,48.858,47.778,TP,31,0.456,4.146,4.171,0.354,0.288,4.146
89,58,265.43,357.28,31.57,36.496,49.127,15.783,FP,,,,,,,
89,59,265.75,356.09,47.62,36.541,48.963,23.808,FP,,,,,,,
89,60,268.26,355.21,79.47,36.886,48.841,39.737,FP,,,,,,,
89,61,269.59,356.23,111.35,37.069,48.982,55.673,FP,,,,,,,
89,62,267.33,355.5,71.67,36.758,48.881,35.833,FP,,,,,,,
89,63,205.99,409.88,31.6,28.323,56.359,15.801,FP,,,,,,,
89,64,204.27,410.94,17.28,28.086,56.504,8.638,FP,,,,,,,
89,65,57.43,420.25,31.56,7.897,57.784,15.781,TP,37,0.327,3.73,3.744,-0.131,0.299,-3.73
89,66,57.83,418.52,47.48,7.952,57.547,23.738,FP,,,,,,,
89,67,444.49,457.38,95.6,61.117,62.89,47.802,FP,,,,,,,
89,68,439.33,452.97,27.46,60.409,62.283,13.731,FP,,,,,,,
89,69,434.66,439.6,123.36,59.766,60.445,61.68,FP,,,,,,,
89,70,436.96,440.6,111.66,60.083,60.583,55.83,FP,,,,,,,
89,71,438.91,451.53,7.91,60.351,62.085,3.953,FP,,,,,,,
89,72,441.04,441.47,79.51,60.643,60.702,39.755,FP,,,,,,,
89,73,440.32,442.45,159.66,60.544,60.837,79.828,FP,,,,,,,
89,74,440.61,454.65,46.76,60.584,62.514,23.38,FP,,,,,,,
89,75,440.67,443.47,135.0,60.592,60.977,67.5,FP,,,,,,,
89,76,442.64,443.36,167.36,60.862,60.963,83.682,FP,,,,,,,
89,77,440.22,455.96,59.0,60.53,62.695,29.498,FP,,,,,,,
89,78,444.32,458.33,79.62,61.095,63.02,39.812,FP,,,,,,,
89,79,444.27,459.02,71.53,61.087,63.115,35.763,FP,,,,,,,
89,80,140.05,471.49,31.56,19.257,64.83,15.779,FP,,,,,,,
89,81,205.27,471.6,95.66,28.224,64.844,47.829,FP,,,,,,,
89,82,137.82,474.8,95.56,18.95,65.285,47.782,FP,,,,,,,
89,83,449.2,468.45,135.0,61.765,64.412,67.5,FP,,,,,,,
89,84,209.31,479.01,31.58,28.78,65.864,15.791,FP,,,,,,,
89,85,138.84,473.73,47.62,19.09,65.138,23.808,FP,,,,,,,
89,86,451.79,472.04,111.44,62.121,64.905,55.719,FP,,,,,,,
89,87,208.18,477.62,7.56,28.625,65.672,3.782,FP,,,,,,,
89,88,304.96,500.22,5.46,41.932,68.78,2.73,FP,,,,,,,
89,89,309.19,499.95,31.46,42.514,68.743,15.73,FP,,,,,,,
89,,,,,11.708,0.782,34.5,FN,0,,,,,,
89,,,,,44.417,0.565,4.602,FN,1,,,,,,
89,,,,,18.011,1.751,8.496,FN,2,,,,,,
89,,,,,8.599,2.569,95.208,FN,3,,,,,,
89,,,,,16.183,2.97,58.952,FN,4,,,,,,
89,,,,,52.693,10.481,12.947,FN,5,,,,,,
89,,,,,15.447,11.327,96.552,FN,6,,,,,,
89,,,,,9.681,11.684,71.927,FN,7,,,,,,
89,,,,,14.282,12.072,54.171,FN,8,,,,,,
89,,,,,9.071,13.808,65.254,FN,9,,,,,,
89,,,,,41.535,15.285,86.812,FN,10,,,,,,
89,,,,,21.447,17.844,73.425,FN,11,,,,,,
89,,,,,14.337,18.978,55.09,FN,12,,,,,,
89,,,,,44.057,19.007,78.26,FN,13,,,,,,
89,,,,,1.317,21.793,98.109,FN,14,,,,,,
89,,,,,45.059,23.308,5.9,FN,15,,,,,,
89,,,,,4.482,23.869,12.5,FN,16,,,,,,
89,,,,,23.079,25.173,72.256,FN,17,,,,,,
89,,,,,11.685,28.321,98.985,FN,19,,,,,,
89,,,,,50.057,29.769,34.988,FN,20,,,,,,
89,,,,,62.843,36.015,35.223,FN,22,,,,,,
89,,,,,47.439,38.108,9.075,FN,23,,,,,,
89,,,,,56.365,39.549,71.033,FN,24,,,,,,
89,,,,,6.325,40.427,38.504,FN,25,,,,,,
89,,,,,46.905,41.127,78.0,FN,26,,,,,,
89,,,,,32.851,43.809,80.242,FN,27,,,,,,
89,,,,,41.522,44.741,98.511,FN,28,,,,,,
89,,,,,69.477,46.653,59.97,FN,29,,,,,,
89,,,,,29.888,47.1,0.5,FN,30,,,,,,
89,,,,,69.49,51.256,90.91,FN,32,,,,,,
89,,,,,68.184,51.721,78.53,FN,33,,,,,,
89,,,,,14.37,55.817,24.5,FN,34,,,,,,
89,,,,,59.269,56.024,97.166,FN,35,,,,,,
89,,,,,28.253,56.498,84.154,FN,36,,,,,,
89,,,,,36.414,56.931,93.8,FN,38,,,,,,
89,,,,,60.202,60.273,9.531,FN,39,,,,,,
89,,,,,21.389,62.28,36.021,FN,40,,,,,,
89,,,,,54.527,63.132,89.869,FN,41,,,,,,
89,,,,,15.47,64.199,41.723,FN,42,,,,,,
89,,,,,60.671,64.031,26.34,FN,43,,,,,,
89,,,,,28.661,64.831,36.036,FN,44,,,,,,
89,,,,,19.5,66.017,9.114,FN,45,,,,,,
89,,,,,61.788,64.925,16.565,FN,46,,,,,,
89,,,,,28.301,66.606,30.391,FN,47,,,,,,
89,,,,,11.487,67.062,70.917,FN,48,,,,,,
89,,,,,41.963,68.678,93.492,FN,49,,,,,,
9,0,311.61,13.56,95.57,42.847,1.865,47.783,FP,,,,,,,
9,1,312.84,12.0,31.61,43.016,1.65,15.803,FP,,,,,,,
9,2,314.2,10.0,47.5,43.203,1.375,23.75,FP,,,,,,,
9,3,43.99,37.82,31.58,6.048,5.201,15.788,FP,,,,,,,
9,4,43.96,39.38,47.55,6.044,5.415,23.776,FP,,,,,,,
9,5,41.5,39.56,95.12,5.706,5.44,47.562,FP,,,,,,,
9,6,155.74,50.07,31.48,21.414,6.885,15.74,TP,5,0.275,2.571,2.586,0.034,0.273,2.571
9,7,157.23,49.66,47.47,21.62,6.828,23.733,FP,,,,,,,
9,8,158.29,57.67,95.58,21.765,7.929,47.79,FP,,,,,,,
9,9,154.87,49.21,15.85,21.295,6.766,7.926,FP,,,,,,,
9,10,155.76,49.4,7.78,21.418,6.793,3.889,FP,,,,,,,
9,11,155.64,49.05,23.95,21.4,6.744,11.977,FP,,,,,,,
9,12,263.54,57.77,31.54,36.237,7.943,15.77,FP,,,,,,,
9,13,153.21,53.0,111.36,21.066,7.288,55.679,FP,,,,,,,
9,14,263.73,56.34,47.03,36.263,7.747,23.514,FP,,,,,,,
9,15,345.37,60.81,95.62,47.488,8.362,47.809,FP,,,,,,,
9,16,45.91,57.65,95.63,6.312,7.926,47.813,FP,,,,,,,
9,17,344.4,60.12,30.2,47.355,8.266,15.098,FP,,,,,,,
9,18,345.99,58.3,16.06,47.574,8.016,8.032,FP,,,,,,,
9,19,346.11,58.76,7.86,47.589,8.079,3.928,FP,,,,,,,
9,20,162.11,60.67,111.0,22.29,8.342,55.5,FP,,,,,,,
9,21,197.12,90.88,3.17,27.105,12.495,1.583,FP,,,,,,,
9,22,80.23,110.18,95.6,11.031,15.149,47.798,FP,,,,,,,
9,23,79.22,110.54,31.63,10.892,15.2,15.813,FP,,,,,,,
9,24,330.46,156.2,31.48,45.438,21.477,15.741,FP,,,,,,,
9,25,336.11,155.33,95.56,46.216,21.357,47.78,FP,,,,,,,
9,26,160.99,158.36,95.66,22.136,21.774,47.831,FP,,,,,,,
9,27,160.45,161.38,31.56,22.062,22.189,15.781,FP,,,,,,,
9,28,160.09,160.39,47.34,22.013,22.054,23.669,FP,,,,,,,
9,29,157.0,157.0,72.0,21.587,21.587,36.0,FP,,,,,,,
9,30,391.75,178.94,31.55,53.865,24.604,15.773,FP,,,,,,,
9,31,378.56,182.88,95.5,52.052,25.146,47.75,FP,,,,,,,
9,32,369.74,238.47,95.8,50.839,32.79,47.899,FP,,,,,,,
9,33,368.76,237.02,105.64,50.705,32.591,52.821,FP,,,,,,,
9,34,407.11,261.85,94.39,55.978,36.004,47.196,FP,,,,,,,
9,35,469.41,273.63,31.56,64.544,37.625,15.781,FP,,,,,,,
9,36,461.24,270.25,95.71,63.421,37.159,47.855,TP,24,0.522,0.645,0.83,-0.108,-0.511,-0.645
9,37,321.96,314.02,31.63,44.269,43.177,15.815,FP,,,,,,,
9,38,296.04,303.64,95.54,40.705,41.751,47.77,TP,26,0.613,0.252,0.662,-0.318,0.524,-0.252
9,39,317.85,313.46,47.46,43.704,43.101,23.731,FP,,,,,,,
9,40,70.08,325.57,95.56,9.636,44.766,47.778,FP,,,,,,,
9,41,341.9,326.65,95.59,47.011,44.914,47.793,FP,,,,,,,
9,42,347.7,324.03,47.45,47.809,44.554,23.726,FP,,,,,,,
9,43,75.12,323.24,159.5,10.329,44.445,79.75,FP,,,,,,,
9,44,343.04,327.31,71.51,47.168,45.006,35.755,FP,,,,,,,
9,45,342.25,327.25,79.75,47.059,44.997,39.875,FP,,,,,,,
9,46,28.13,350.35,95.65,3.868,48.173,47.825,FP,,,,,,,
9,47,25.18,360.16,31.62,3.463,49.522,15.808,FP,,,,,,,
9,48,189.27,361.93,31.56,26.025,49.766,15.778,FP,,,,,,,
9,49,43.85,352.81,159.63,6.029,48.511,79.816,FP,,,,,,,
9,50,20.61,353.97,47.45,2.833,48.671,23.727,FP,,,,,,,
9,51,22.41,357.65,15.77,3.081,49.177,7.885,TP,37,0.746,3.226,3.311,0.17,-0.726,3.226
9,52,194.31,362.09,95.61,26.717,49.788,47.804,FP,,,,,,,
9,53,23.51,358.53,7.59,3.233,49.297,3.795,FP,,,,,,,
9,54,189.33,363.35,47.54,26.033,49.96,23.768,FP,,,,,,,
9,55,447.79,367.0,95.59,61.572,50.462,47.793,FP,,,,,,,
9,56,446.26,367.56,31.62,61.361,50.539,15.812,TP,38,0.386,1.551,1.598,-0.363,-0.132,1.551
9,57,193.22,362.42,155.13,26.568,49.833,77.565,FP,,,,,,,
9,58,191.67,361.72,15.76,26.354,49.736,7.882,TP,35,0.294,0.364,0.468,-0.28,-0.089,0.364
9,59,191.9,361.5,7.58,26.387,49.706,3.79,FP,,,,,,,
9,60,192.78,362.57,132.8,26.507,49.853,66.398,FP,,,,,,,
9,61,192.34,363.17,167.46,26.447,49.937,83.728,FP,,,,,,,
9,62,194.11,362.28,111.53,26.69,49.813,55.763,FP,,,,,,,
9,63,451.85,366.87,111.43,62.129,50.445,55.717,FP,,,,,,,
9,64,451.17,369.83,159.5,62.035,50.852,79.75,FP,,,,,,,
9,65,235.28,419.58,31.57,32.351,57.692,15.787,FP,,,,,,,
9,66,237.61,417.68,95.8,32.671,57.432,47.898,FP,,,,,,,
9,67,43.35,428.47,95.54,5.96,58.915,47.771,FP,,,,,,,
9,68,39.05,428.0,31.6,5.369,58.849,15.798,FP,,,,,,,
9,69,40.0,426.25,47.0,5.5,58.609,23.5,FP,,,,,,,
9,70,419.86,430.66,31.41,57.731,59.215,15.703,FP,,,,,,,
9,71,293.75,472.55,31.4,40.391,64.976,15.702,FP,,,,,,,
9,72,47.21,481.86,15.84,6.492,66.256,7.92,FP,,,,,,,
9,73,49.44,486.25,95.65,6.798,66.859,47.824,FP,,,,,,,
9,74,47.59,481.94,31.47,6.543,66.267,15.735,FP,,,,,,,
9,75,186.88,483.0,31.44,25.695,66.412,15.719,FP,,,,,,,
9,76,95.65,501.33,95.46,13.151,68.933,47.732,FP,,,,,,,
9,77,99.68,502.35,31.38,13.705,69.073,15.689,FP,,,,,,,
9,,,,,14.831,0.986,2.0,FN,0,,,,,,
9,,,,,37.994,0.869,81.04,FN,1,,,,,,
9,,,,,42.883,1.692,33.361,FN,2,,,,,,
9,,,,,6.122,4.763,0.927,FN,3,,,,,,
9,,,,,36.598,7.075,46.537,FN,4,,,,,,
9,,,,,47.206,8.029,74.319,FN,6,,,,,,
9,,,,,50.121,10.056,51.108,FN,7,,,,,,
9,,,,,62.651,12.315,97.5,FN,8,,,,,,
9,,,,,27.038,12.385,95.941,FN,9,,,,,,
9,,,,,34.004,12.89,97.786,FN,10,,,,,,
9,,,,,11.424,13.71,63.014,FN,11,,,,,,
9,,,,,10.973,15.935,28.493,FN,12,,,,,,
9,,,,,33.763,16.565,89.096,FN,13,,,,,,
9,,,,,21.936,22.003,42.604,FN,14,,,,,,
9,,,,,46.119,21.322,39.412,FN,15,,,,,,
9,,,,,17.192,23.742,65.354,FN,16,,,,,,
9,,,,,52.614,24.96,20.138,FN,17,,,,,,
9,,,,,17.689,28.782,31.235,FN,18,,,,,,
9,,,,,50.169,28.86,85.976,FN,19,,,,,,
9,,,,,50.735,32.518,24.868,FN,20,,,,,,
9,,,,,56.449,34.196,86.871,FN,21,,,,,,
9,,,,,56.114,35.863,33.711,FN,22,,,,,,
9,,,,,51.598,36.909,69.568,FN,23,,,,,,
9,,,,,68.018,37.617,19.992,FN,25,,,,,,
9,,,,,13.074,42.417,95.011,FN,27,,,,,,
9,,,,,49.291,43.051,79.209,FN,28,,,,,,
9,,,,,9.879,45.224,63.186,FN,29,,,,,,
9,,,,,47.171,44.828,29.657,FN,30,,,,,,
9,,,,,3.111,46.792,43.02,FN,31,,,,,,
9,,,,,66.121,47.362,80.622,FN,32,,,,,,
9,,,,,16.42,48.33,88.171,FN,33,,,,,,
9,,,,,33.856,48.471,52.438,FN,34,,,,,,
9,,,,,28.024,51.107,96.057,FN,36,,,,,,
9,,,,,6.248,51.393,13.635,FN,39,,,,,,
9,,,,,28.823,54.411,71.526,FN,40,,,,,,
9,,,,,52.124,56.706,89.604,FN,41,,,,,,
9,,,,,32.323,57.497,40.555,FN,42,,,,,,
9,,,,,5.223,57.777,35.011,FN,43,,,,,,
9,,,,,57.881,58.302,33.677,FN,44,,,,,,
9,,,,,30.063,63.538,66.077,FN,45,,,,,,
9,,,,,40.453,64.704,79.731,FN,46,,,,,,
9,,,,,6.594,66.25,85.263,FN,47,,,,,,
9,,,,,36.493,68.473,84.011,FN,48,,,,,,
9,,,,,14.082,68.409,79.603,FN,49,,,,,,
91,0,354.75,32.23,31.66,48.778,4.432,15.831,FP,,,,,,,
91,1,317.18,47.96,167.76,43.612,6.594,83.88,FP,,,,,,,
91,2,317.31,49.2,159.7,43.63,6.765,79.852,FP,,,,,,,
91,3,302.27,76.92,31.57,41.562,10.576,15.784,FP,,,,,,,
91,4,307.37,70.89,95.57,42.263,9.747,47.784,FP,,,,,,,
91,5,304.78,76.25,47.5,41.907,10.485,23.751,FP,,,,,,,
91,6,305.67,74.0,79.67,42.029,10.175,39.833,TP,2,0.643,2.655,2.732,0.569,0.299,2.655
91,7,301.83,75.67,15.83,41.502,10.404,7.917,FP,,,,,,,
91,8,303.18,76.64,7.64,41.688,10.537,3.818,FP,,,,,,,
91,9,231.73,97.81,31.68,31.863,13.449,15.842,FP,,,,,,,
91,10,232.54,99.75,95.28,31.975,13.715,47.638,FP,,,,,,,
91,11,233.14,98.14,47.14,32.057,13.495,23.571,FP,,,,,,,
91,12,233.32,98.6,79.52,32.082,13.557,39.76,FP,,,,,,,
91,13,281.33,132.67,31.0,38.683,18.242,15.5,FP,,,,,,,
91,14,78.61,140.49,7.82,10.808,19.317,3.91,TP,13,1.053,1.358,1.718,-0.213,-1.031,-1.358
91,15,78.82,140.5,16.01,10.838,19.318,8.005,FP,,,,,,,
91,16,76.41,146.85,31.56,10.506,20.192,15.779,FP,,,,,,,
91,17,79.51,141.81,23.08,10.933,19.499,11.541,FP,,,,,,,
91,18,78.49,150.76,95.62,10.793,20.73,47.811,FP,,,,,,,
91,19,481.18,154.88,95.55,66.162,21.296,47.773,FP,,,,,,,
91,20,471.48,155.9,31.43,64.829,21.436,15.713,FP,,,,,,,
91,21,479.5,154.0,79.5,65.931,21.175,39.75,FP,,,,,,,
91,22,473.43,155.29,7.54,65.096,21.352,3.768,FP,,,,,,,
91,23,280.41,243.86,95.58,38.556,33.531,47.79,FP,,,,,,,
91,24,274.45,246.88,31.56,37.737,33.946,15.78,TP,18,1.182,1.193,1.679,-1.149,0.281,-1.193
91,25,245.01,246.33,95.6,33.689,33.87,47.799,FP,,,,,,,
91,26,246.0,247.0,123.0,33.825,33.963,61.5,FP,,,,,,,
91,27,390.47,298.13,95.59,53.69,40.993,47.794,FP,,,,,,,
91,28,395.1,295.91,46.22,54.326,40.687,23.111,FP,,,,,,,
91,29,393.8,297.57,31.55,54.147,40.916,15.776,FP,,,,,,,
91,30,200.4,314.99,31.61,27.555,43.311,15.806,FP,,,,,,,
91,31,477.36,318.64,26.69,65.636,43.813,13.347,FP,,,,,,,
91,32,485.74,321.28,95.61,66.79,44.176,47.807,FP,,,,,,,
91,33,475.18,317.84,7.9,65.337,43.704,3.948,FP,,,,,,,
91,34,478.22,318.31,59.15,65.755,43.767,29.573,FP,,,,,,,
91,35,478.88,319.1,45.82,65.847,43.876,22.912,FP,,,,,,,
91,36,484.4,316.26,79.63,66.605,43.486,39.815,FP,,,,,,,
91,37,457.03,319.72,95.65,62.841,43.961,47.825,FP,,,,,,,
91,38,287.45,326.67,31.53,39.524,44.917,15.763,FP,,,,,,,
91,39,290.64,325.26,95.56,39.962,44.723,47.782,FP,,,,,,,
91,40,484.23,317.11,71.53,66.582,43.602,35.766,FP,,,,,,,
91,41,451.95,318.16,71.51,62.143,43.747,35.754,FP,,,,,,,
91,42,452.18,318.68,79.69,62.175,43.818,39.844,FP,,,,,,,
91,43,496.7,317.54,135.0,68.297,43.662,67.5,FP,,,,,,,
91,44,499.68,318.49,141.87,68.706,43.792,70.935,FP,,,,,,,
91,45,57.4,330.74,95.64,7.893,45.477,47.82,FP,,,,,,,
91,46,287.81,325.37,15.82,39.573,44.738,7.909,TP,27,0.24,1.191,1.215,0.167,-0.172,-1.191
91,47,288.09,327.84,47.54,39.612,45.078,23.771,FP,,,,,,,
91,48,41.24,333.58,31.57,5.671,45.868,15.783,FP,,,,,,,
91,49,289.59,325.47,7.72,39.819,44.752,3.86,FP,,,,,,,
91,50,285.71,326.82,59.0,39.285,44.938,29.5,FP,,,,,,,
91,51,286.98,325.64,123.47,39.46,44.776,61.736,FP,,,,,,,
91,52,288.28,327.11,110.96,39.638,44.978,55.479,FP,,,,,,,
91,53,362.5,325.0,95.5,49.844,44.688,47.75,FP,,,,,,,
91,54,21.02,333.31,95.64,2.89,45.829,47.82,FP,,,,,,,
91,55,287.78,326.36,71.55,39.569,44.875,35.776,FP,,,,,,,
91,56,286.45,327.49,130.64,39.388,45.03,65.318,FP,,,,,,,
91,57,288.67,326.71,159.33,39.692,44.923,79.667,FP,,,,,,,
91,58,42.74,333.06,47.53,5.876,45.795,23.767,FP,,,,,,,
91,59,114.22,337.95,31.69,15.706,46.468,15.845,FP,,,,,,,
91,60,110.59,335.86,94.83,15.206,46.181,47.416,FP,,,,,,,
91,61,21.0,333.62,111.38,2.888,45.873,55.688,FP,,,,,,,
91,62,116.48,337.79,47.67,16.016,46.447,23.836,FP,,,,,,,
91,63,183.0,417.87,31.54,25.162,57.457,15.768,FP,,,,,,,
91,64,183.47,417.13,47.39,25.227,57.355,23.695,FP,,,,,,,
91,65,406.79,422.51,95.53,55.934,58.095,47.765,FP,,,,,,,
91,66,183.99,421.92,95.58,25.298,58.014,47.788,FP,,,,,,,
91,67,406.89,424.16,30.83,55.947,58.322,15.415,FP,,,,,,,
91,68,31.39,423.69,31.58,4.316,58.257,15.789,FP,,,,,,,
91,69,116.75,418.26,31.75,16.053,57.511,15.875,FP,,,,,,,
91,70,116.57,418.05,42.32,16.028,57.482,21.159,FP,,,,,,,
91,71,407.88,423.74,46.81,56.083,58.265,23.406,FP,,,,,,,
91,72,413.12,417.24,111.47,56.804,57.37,55.735,FP,,,,,,,
91,73,405.39,423.07,15.94,55.742,58.172,7.971,TP,38,0.527,1.443,1.537,0.525,-0.047,-1.443
91,74,407.51,419.35,80.09,56.032,57.66,40.047,TP,37,0.279,4.656,4.664,-0.276,-0.043,4.656
91,75,407.2,420.03,71.92,55.99,57.753,35.962,FP,,,,,,,
91,76,157.9,419.87,95.46,21.711,57.732,47.731,FP,,,,,,,
91,77,407.88,423.6,58.64,56.084,58.246,29.321,FP,,,,,,,
91,78,407.5,419.5,87.5,56.031,57.681,43.75,FP,,,,,,,
91,79,185.0,419.71,111.0,25.438,57.711,55.5,FP,,,,,,,
91,80,404.61,422.42,7.7,55.633,58.083,3.848,FP,,,,,,,
91,81,28.32,427.89,95.48,3.894,58.835,47.741,FP,,,,,,,
91,82,69.12,446.55,31.65,9.504,61.4,15.825,FP,,,,,,,
91,83,66.92,436.27,95.65,9.201,59.987,47.824,FP,,,,,,,
91,84,398.0,426.25,111.0,54.725,58.609,55.5,FP,,,,,,,
91,85,61.96,433.75,159.57,8.52,59.641,79.785,FP,,,,,,,
91,86,61.52,433.94,167.62,8.459,59.666,83.81,FP,,,,,,,
91,87,63.62,433.2,143.52,8.748,59.565,71.759,FP,,,,,,,
91,88,67.36,433.09,123.0,9.263,59.55,61.5,TP,43,1.009,2.659,2.843,-0.968,0.284,-2.659
91,89,70.5,434.0,111.5,9.694,59.675,55.75,FP,,,,,,,
91,90,333.94,456.65,95.63,45.917,62.789,47.817,FP,,,,,,,
91,91,340.65,454.79,31.56,46.839,62.534,15.782,FP,,,,,,,
91,92,344.5,453.3,47.54,47.369,62.329,23.768,FP,,,,,,,
91,93,340.79,451.49,15.91,46.858,62.079,7.954,FP,,,,,,,
91,94,339.9,452.77,7.81,46.736,62.256,3.903,FP,,,,,,,
91,95,348.67,454.11,59.0,47.942,62.44,29.5,FP,,,,,,,
91,96,77.23,466.41,95.51,10.62,64.131,47.754,FP,,,,,,,
91,97,183.33,498.17,30.81,25.208,68.499,15.406,FP,,,,,,,
91,98,184.11,499.08,95.64,25.315,68.623,47.819,FP,,,,,,,
91,99,184.33,494.67,15.78,25.346,68.017,7.889,FP,,,,,,,
91,,,,,12.018,3.895,75.376,FN,0,,,,,,
91,,,,,48.689,4.369,53.492,FN,1,,,,,,
91,,,,,45.66,11.573,73.046,FN,3,,,,,,
91,,,,,41.649,12.896,86.703,FN,4,,,,,,
91,,,,,17.558,12.517,65.898,FN,5,,,,,,
91,,,,,53.465,12.511,33.384,FN,6,,,,,,
91,,,,,32.0,13.547,33.218,FN,7,,,,,,
91,,,,,38.803,18.481,76.726,FN,8,,,,,,
91,,,,,10.934,19.119,81.536,FN,9,,,,,,
91,,,,,60.78,18.828,83.919,FN,10,,,,,,
91,,,,,51.573,19.358,0.5,FN,11,,,,,,
91,,,,,52.34,19.628,85.329,FN,12,,,,,,
91,,,,,65.208,21.175,62.701,FN,14,,,,,,
91,,,,,57.11,28.15,87.608,FN,15,,,,,,
91,,,,,6.042,28.338,95.089,FN,16,,,,,,
91,,,,,7.12,31.707,95.057,FN,17,,,,,,
91,,,,,33.887,33.916,13.233,FN,19,,,,,,
91,,,,,18.783,35.538,27.988,FN,20,,,,,,
91,,,,,15.723,39.483,98.67,FN,21,,,,,,
91,,,,,54.449,40.603,65.664,FN,22,,,,,,
91,,,,,16.559,43.306,84.332,FN,23,,,,,,
91,,,,,67.973,43.613,4.277,FN,24,,,,,,
91,,,,,63.371,43.83,9.175,FN,25,,,,,,
91,,,,,49.337,44.659,78.307,FN,26,,,,,,
91,,,,,7.224,45.747,17.214,FN,28,,,,,,
91,,,,,15.33,46.148,31.984,FN,29,,,,,,
91,,,,,2.303,46.227,38.56,FN,30,,,,,,
91,,,,,3.177,46.777,87.538,FN,31,,,,,,
91,,,,,54.767,47.46,98.361,FN,32,,,,,,
91,,,,,18.208,48.811,8.042,FN,33,,,,,,
91,,,,,22.779,51.226,65.241,FN,34,,,,,,
91,,,,,36.651,51.411,98.517,FN,35,,,,,,
91,,,,,24.944,57.323,2.764,FN,36,,,,,,
91,,,,,3.329,58.322,38.877,FN,39,,,,,,
91,,,,,16.044,57.493,67.993,FN,40,,,,,,
91,,,,,8.041,58.859,31.769,FN,41,,,,,,
91,,,,,63.711,59.015,18.0,FN,42,,,,,,
91,,,,,47.581,60.918,10.324,FN,44,,,,,,
91,,,,,49.21,63.336,41.426,FN,45,,,,,,
91,,,,,10.878,63.971,24.739,FN,46,,,,,,
91,,,,,43.536,63.583,41.055,FN,47,,,,,,
91,,,,,23.837,64.217,94.903,FN,48,,,,,,
91,,,,,25.385,67.787,80.769,FN,49,,,,,,
97,0,343.1,28.02,95.58,47.176,3.853,47.79,FP,,,,,,,
97,1,359.62,33.29,31.57,49.448,4.578,15.785,FP,,,,,,,
97,2,368.45,35.15,95.46,50.662,4.834,47.732,FP,,,,,,,
97,3,433.35,60.96,95.59,59.585,8.382,47.794,FP,,,,,,,
97,4,436.75,63.03,31.48,60.054,8.667,15.742,FP,,,,,,,
97,5,170.73,70.37,31.59,23.476,9.677,15.796,FP,,,,,,,
97,6,436.78,61.09,15.84,60.058,8.4,7.92,FP,,,,,,,
97,7,436.49,62.8,47.3,60.018,8.635,23.65,FP,,,,,,,
97,8,434.56,60.19,111.41,59.751,8.275,55.704,FP,,,,,,,
97,9,436.57,61.04,7.57,60.029,8.392,3.786,FP,,,,,,,
97,10,436.0,63.0,59.0,59.95,8.663,29.5,FP,,,,,,,
97,11,466.0,65.0,31.0,64.075,8.938,15.5,FP,,,,,,,
97,12,183.71,73.72,95.53,25.26,10.136,47.763,FP,,,,,,,
97,13,186.67,74.34,167.56,25.667,10.222,83.781,FP,,,,,,,
97,14,186.26,74.94,159.65,25.611,10.304,79.827,FP,,,,,,,
97,15,181.44,74.12,47.19,24.948,10.192,23.594,FP,,,,,,,
97,16,307.1,94.2,31.57,42.227,12.952,15.783,TP,6,0.626,1.759,1.867,0.168,0.603,1.759
97,17,308.34,90.16,95.59,42.397,12.396,47.796,FP,,,,,,,
97,18,307.54,91.49,47.44,42.286,12.58,23.72,FP,,,,,,,
97,19,219.09,117.65,17.43,30.125,16.177,8.716,FP,,,,,,,
97,20,319.83,118.56,95.44,43.977,16.302,47.721,FP,,,,,,,
97,21,220.0,117.0,31.5,30.25,16.087,15.75,FP,,,,,,,
97,22,218.43,119.54,7.89,30.034,16.436,3.946,FP,,,,,,,
97,23,221.67,121.69,95.52,30.48,16.732,47.76,FP,,,,,,,
97,24,70.27,144.6,31.56,9.663,19.883,15.779,FP,,,,,,,
97,25,68.05,145.17,95.62,9.358,19.96,47.811,FP,,,,,,,
97,26,465.16,148.4,95.47,63.96,20.405,47.734,FP,,,,,,,
97,27,473.19,157.99,31.62,65.063,21.724,15.812,FP,,,,,,,
97,28,366.64,150.16,31.6,50.413,20.646,15.801,FP,,,,,,,
97,29,475.45,167.77,95.64,65.375,23.069,47.819,FP,,,,,,,
97,30,476.31,165.94,111.36,65.492,22.817,55.681,FP,,,,,,,
97,31,293.12,175.5,31.53,40.304,24.131,15.765,FP,,,,,,,
97,32,323.31,178.69,95.43,44.456,24.569,47.714,FP,,,,,,,
97,33,151.19,190.86,95.57,20.789,26.243,47.783,FP,,,,,,,
97,34,374.02,218.63,10.81,51.428,30.061,5.407,FP,,,,,,,
97,35,184.01,233.82,95.6,25.302,32.15,47.8,FP,,,,,,,
97,36,249.58,227.27,95.96,34.317,31.249,47.981,FP,,,,,,,
97,37,249.88,227.72,87.55,34.358,31.312,43.776,FP,,,,,,,
97,38,185.39,238.27,31.56,25.491,32.762,15.778,FP,,,,,,,
97,39,185.82,237.03,47.57,25.55,32.592,23.785,FP,,,,,,,
97,40,183.71,234.5,59.0,25.261,32.244,29.5,FP,,,,,,,
97,41,184.07,238.99,15.72,25.309,32.861,7.858,FP,,,,,,,
97,42,452.18,249.32,31.59,62.175,34.282,15.796,FP,,,,,,,
97,43,448.5,250.02,95.51,61.669,34.378,47.756,FP,,,,,,,
97,44,451.61,259.32,112.2,62.097,35.656,56.102,FP,,,,,,,
97,45,446.47,268.12,95.74,61.389,36.866,47.869,FP,,,,,,,
97,46,446.41,265.41,79.5,61.381,36.493,39.75,FP,,,,,,,
97,47,444.7,276.77,31.6,61.146,38.057,15.801,FP,,,,,,,
97,48,445.44,265.56,71.52,61.249,36.514,35.759,FP,,,,,,,
97,49,447.9,268.65,47.46,61.586,36.939,23.729,FP,,,,,,,
97,50,446.09,267.36,111.18,61.338,36.763,55.591,FP,,,,,,,
97,51,52.27,290.11,95.62,7.187,39.89,47.812,FP,,,,,,,
97,52,49.81,292.57,31.56,6.849,40.229,15.781,FP,,,,,,,
97,53,100.29,280.57,95.14,13.789,38.579,47.571,FP,,,,,,,
97,54,101.06,282.45,31.44,13.896,38.837,15.72,FP,,,,,,,
97,55,49.87,291.63,47.51,6.857,40.099,23.756,TP,30,0.554,3.02,3.07,-0.106,0.544,-3.02
97,56,453.36,314.42,95.54,62.337,43.233,47.769,FP,,,,,,,
97,57,49.18,289.18,71.5,6.763,39.763,35.75,FP,,,,,,,
97,58,454.38,316.51,159.63,62.477,43.521,79.816,FP,,,,,,,
97,59,453.94,314.87,167.53,62.416,43.294,83.767,FP,,,,,,,
97,60,449.5,316.96,31.67,61.807,43.583,15.833,FP,,,,,,,
97,61,454.99,316.3,143.9,62.561,43.491,71.949,FP,,,,,,,
97,62,454.31,315.34,135.0,62.468,43.36,67.5,FP,,,,,,,
97,63,450.19,315.07,47.45,61.901,43.322,23.725,FP,,,,,,,
97,64,455.12,315.44,71.92,62.579,43.373,35.959,FP,,,,,,,
97,65,455.08,316.37,79.84,62.574,43.5,39.918,FP,,,,,,,
97,66,454.84,317.62,111.42,62.541,43.673,55.71,TP,32,0.432,1.877,1.926,0.116,0.416,-1.877
97,67,454.12,316.61,152.04,62.442,43.534,76.018,FP,,,,,,,
97,68,454.84,316.26,88.21,62.541,43.486,44.105,FP,,,,,,,
97,69,188.79,322.63,31.36,25.959,44.362,15.679,FP,,,,,,,
97,70,308.54,330.41,31.54,42.425,45.431,15.768,FP,,,,,,,
97,71,311.56,334.83,95.55,42.84,46.039,47.773,FP,,,,,,,
97,72,27.46,374.01,31.58,3.776,51.426,15.79,FP,,,,,,,
97,73,30.91,375.94,95.58,4.251,51.691,47.789,FP,,,,,,,
97,74,106.45,373.79,31.65,14.637,51.396,15.827,TP,34,0.266,3.349,3.36,-0.039,-0.263,3.349
97,75,108.1,375.42,95.55,14.863,51.62,47.774,FP,,,,,,,
97,76,28.0,374.94,47.42,3.85,51.554,23.71,FP,,,,,,,
97,77,356.35,390.82,31.61,48.998,53.738,15.806,TP,37,0.676,4.05,4.107,-0.451,0.504,-4.05
97,78,35.1,392.37,95.42,4.826,53.95,47.709,FP,,,,,,,
97,79,272.77,429.11,92.94,37.506,59.002,46.469,TP,41,0.034,2.281,2.281,-0.031,0.015,-2.281
97,80,271.67,432.17,31.41,37.355,59.423,15.707,FP,,,,,,,
97,81,271.1,430.65,47.32,37.277,59.214,23.658,FP,,,,,,,
97,82,272.56,428.5,71.1,37.477,58.919,35.548,FP,,,,,,,
97,83,272.11,428.89,111.21,37.415,58.972,55.606,FP,,,,,,,
97,84,269.03,430.66,15.53,36.992,59.215,7.766,FP,,,,,,,
97,85,356.82,453.73,31.56,49.063,62.388,15.779,FP,,,,,,,
97,86,70.4,468.35,31.37,9.68,64.398,15.686,FP,,,,,,,
97,87,494.81,457.6,3.9,68.037,62.92,1.95,FP,,,,,,,
97,88,74.47,470.3,95.57,10.24,64.666,47.787,TP,45,1.138,1.444,1.839,-0.438,-1.05,-1.444
97,89,73.89,464.33,159.83,10.159,63.845,79.914,FP,,,,,,,
97,90,71.86,467.01,47.66,9.881,64.214,23.831,FP,,,,,,,
97,91,74.57,464.37,168.03,10.253,63.851,84.015,FP,,,,,,,
97,92,70.97,464.28,59.18,9.759,63.838,29.59,FP,,,,,,,
97,93,75.43,465.4,71.78,10.372,63.993,35.891,FP,,,,,,,
97,94,70.75,467.19,15.87,9.729,64.239,7.934,FP,,,,,,,
97,95,71.6,466.45,7.92,9.845,64.137,3.96,FP,,,,,,,
97,96,75.76,467.48,79.58,10.418,64.279,39.792,FP,,,,,,,
97,97,75.25,464.82,175.91,10.347,63.913,87.955,FP,,,,,,,
97,98,74.66,465.59,111.42,10.265,64.019,55.712,FP,,,,,,,
97,99,454.13,478.1,31.68,62.443,65.739,15.839,FP,,,,,,,
97,100,443.12,477.08,95.55,60.929,65.598,47.777,FP,,,,,,,
97,101,455.09,480.48,47.63,62.575,66.067,23.815,TP,46,0.52,1.185,1.295,-0.381,0.354,-1.185
97,102,446.7,499.94,95.46,61.421,68.742,47.731,FP,,,,,,,
97,,,,,8.571,1.019,42.827,FN,0,,,,,,
97,,,,,47.435,3.91,23.582,FN,1,,,,,,
97,,,,,51.11,5.274,57.301,FN,2,,,,,,
97,,,,,19.798,8.443,8.0,FN,3,,,,,,
97,,,,,60.112,8.575,76.845,FN,4,,,,,,
97,,,,,25.72,10.391,17.504,FN,5,,,,,,
97,,,,,30.159,16.006,84.024,FN,7,,,,,,
97,,,,,11.236,16.052,98.097,FN,8,,,,,,
97,,,,,64.634,19.52,36.689,FN,9,,,,,,
97,,,,,55.426,19.828,51.769,FN,10,,,,,,
97,,,,,10.106,19.975,35.581,FN,11,,,,,,
97,,,,,50.228,20.913,43.634,FN,12,,,,,,
97,,,,,66.104,20.729,0.719,FN,13,,,,,,
97,,,,,16.686,21.957,68.85,FN,14,,,,,,
97,,,,,65.063,23.758,26.269,FN,15,,,,,,
97,,,,,41.282,24.108,82.585,FN,16,,,,,,
97,,,,,68.854,23.138,92.557,FN,17,,,,,,
97,,,,,68.294,26.169,67.238,FN,18,,,,,,
97,,,,,21.064,26.516,33.886,FN,19,,,,,,
97,,,,,33.443,30.339,73.836,FN,20,,,,,,
97,,,,,51.514,30.095,87.764,FN,21,,,,,,
97,,,,,34.383,31.256,37.439,FN,22,,,,,,
97,,,,,25.208,32.136,39.899,FN,23,,,,,,
97,,,,,45.326,32.693,91.195,FN,24,,,,,,
97,,,,,27.358,32.533,5.938,FN,25,,,,,,
97,,,,,30.429,33.742,98.214,FN,26,,,,,,
97,,,,,62.077,35.332,20.769,FN,27,,,,,,
97,,,,,13.792,38.665,57.17,FN,28,,,,,,
97,,,,,60.372,39.462,76.051,FN,29,,,,,,
97,,,,,61.325,39.851,8.274,FN,31,,,,,,
97,,,,,42.679,45.39,68.019,FN,33,,,,,,
97,,,,,31.149,53.174,92.489,FN,35,,,,,,
97,,,,,4.281,52.484,11.081,FN,36,,,,,,
97,,,,,19.113,55.138,0.75,FN,38,,,,,,
97,,,,,58.566,55.62,97.162,FN,39,,,,,,
97,,,,,5.3,58.874,97.441,FN,40,,,,,,
97,,,,,49.461,61.838,7.129,FN,42,,,,,,
97,,,,,68.105,62.867,94.994,FN,43,,,,,,
97,,,,,10.248,63.16,46.688,FN,44,,,,,,
97,,,,,7.252,65.888,79.938,FN,47,,,,,,
97,,,,,47.173,69.151,80.359,FN,48,,,,,,
97,,,,,27.567,69.413,88.0,FN,49,,,,,,
