vol_idx,pred_id,x_px,y_px,z_plane,x_um,y_um,z_um,status,gt_id,err_xy_um,err_z_um,err_um,dx_um,dy_um,dz_um
103,0,60.91,14.19,95.66,8.375,1.952,47.828,FP,,,,,,,
103,1,58.28,18.9,30.73,8.013,2.599,15.365,FP,,,,,,,
103,2,57.86,20.39,20.28,7.956,2.804,10.138,FP,,,,,,,
103,3,57.38,18.12,12.25,7.889,2.492,6.125,FP,,,,,,,
103,4,61.0,17.0,40.0,8.387,2.338,20.0,TP,0,0.518,3.497,3.535,0.367,0.366,-3.497
103,5,58.0,22.0,13.0,7.975,3.025,6.5,FP,,,,,,,
103,6,57.0,23.0,13.0,7.838,3.163,6.5,FP,,,,,,,
103,7,62.03,28.1,95.82,8.529,3.864,47.91,FP,,,,,,,
103,8,439.63,43.18,20.25,60.448,5.938,10.126,TP,4,0.168,3.571,3.575,-0.068,-0.153,-3.571
103,9,439.88,44.59,31.39,60.483,6.131,15.693,FP,,,,,,,
103,10,148.39,45.16,26.54,20.404,6.209,13.268,FP,,,,,,,
103,11,438.63,42.18,12.18,60.312,5.8,6.092,FP,,,,,,,
103,12,443.75,45.3,95.61,61.016,6.228,47.807,FP,,,,,,,
103,13,140.38,46.55,95.54,19.302,6.401,47.768,FP,,,,,,,
103,14,145.71,42.88,52.24,20.035,5.896,26.118,FP,,,,,,,
103,15,438.5,43.0,40.0,60.294,5.912,20.0,FP,,,,,,,
103,16,147.77,45.08,52.85,20.318,6.198,26.423,FP,,,,,,,
103,17,158.89,47.26,95.66,21.848,6.498,47.831,FP,,,,,,,
103,18,444.0,44.0,11.0,61.05,6.05,5.5,FP,,,,,,,
103,19,444.0,44.0,13.0,61.05,6.05,6.5,FP,,,,,,,
103,20,448.33,44.5,14.33,61.646,6.119,7.167,FP,,,,,,,
103,21,433.0,45.0,38.0,59.538,6.188,19.0,FP,,,,,,,
103,22,143.0,46.5,27.0,19.663,6.394,13.5,FP,,,,,,,
103,23,433.0,47.0,39.0,59.538,6.463,19.5,FP,,,,,,,
103,24,436.67,48.0,40.33,60.042,6.6,20.167,FP,,,,,,,
103,25,280.32,60.56,17.23,38.543,8.328,8.613,TP,5,0.516,0.332,0.613,-0.304,0.417,0.332
103,26,280.59,61.75,31.63,38.581,8.491,15.815,FP,,,,,,,
103,27,283.9,62.87,95.61,39.036,8.644,47.805,FP,,,,,,,
103,28,274.5,58.75,36.75,37.744,8.078,18.375,FP,,,,,,,
103,29,270.05,64.1,95.6,37.132,8.814,47.8,FP,,,,,,,
103,30,63.58,110.86,31.76,8.742,15.243,15.88,FP,,,,,,,
103,31,419.63,116.48,31.54,57.699,16.016,15.772,TP,6,0.58,3.918,3.961,-0.275,-0.511,3.918
103,32,418.1,115.8,20.44,57.489,15.923,10.22,FP,,,,,,,
103,33,417.0,114.0,13.0,57.338,15.675,6.5,FP,,,,,,,
103,34,420.83,116.67,42.83,57.865,16.042,21.417,FP,,,,,,,
103,35,190.85,124.87,31.83,26.242,17.17,15.915,FP,,,,,,,
103,36,13.42,171.99,31.41,1.845,23.648,15.704,FP,,,,,,,
103,37,330.5,211.57,27.91,45.444,29.091,13.954,TP,11,0.384,2.145,2.179,-0.234,-0.304,-2.145
103,38,330.34,211.4,95.53,45.421,29.068,47.766,FP,,,,,,,
103,39,327.0,207.0,14.0,44.963,28.463,7.0,FP,,,,,,,
103,40,327.0,211.0,40.0,44.963,29.013,20.0,FP,,,,,,,
103,41,340.0,212.0,14.0,46.75,29.15,7.0,FP,,,,,,,
103,42,336.0,216.0,43.5,46.2,29.7,21.75,FP,,,,,,,
103,43,62.4,252.45,95.77,8.581,34.712,47.885,FP,,,,,,,
103,44,60.76,263.5,95.44,8.354,36.231,47.721,FP,,,,,,,
103,45,60.04,261.57,31.53,8.255,35.966,15.765,FP,,,,,,,
103,46,144.73,303.05,30.93,19.9,41.669,15.464,TP,14,0.2,2.732,2.74,0.007,-0.2,2.732
103,47,142.08,303.81,95.55,19.536,41.774,47.773,FP,,,,,,,
103,48,144.79,304.02,16.68,19.909,41.802,8.341,FP,,,,,,,
103,49,319.42,318.33,31.76,43.92,43.771,15.878,FP,,,,,,,
103,50,319.51,319.9,95.7,43.933,43.987,47.85,FP,,,,,,,
103,51,351.23,318.93,95.58,48.294,43.853,47.791,FP,,,,,,,
103,52,344.8,319.0,95.67,47.41,43.862,47.833,FP,,,,,,,
103,53,17.03,447.92,95.78,2.342,61.589,47.89,FP,,,,,,,
103,54,189.92,447.22,95.7,26.114,61.493,47.85,FP,,,,,,,
103,55,319.06,447.11,31.59,43.87,61.478,15.795,FP,,,,,,,
103,56,31.86,447.52,31.9,4.38,61.535,15.952,FP,,,,,,,
103,,,,,8.142,4.615,63.47,FN,1,,,,,,
103,,,,,21.626,6.094,41.094,FN,2,,,,,,
103,,,,,19.091,6.284,6.531,FN,3,,,,,,
103,,,,,50.02,18.403,85.762,FN,7,,,,,,
103,,,,,42.474,20.71,95.03,FN,8,,,,,,
103,,,,,2.124,23.42,46.724,FN,9,,,,,,
103,,,,,68.353,30.128,80.078,FN,10,,,,,,
103,,,,,8.427,35.402,40.764,FN,12,,,,,,
103,,,,,36.641,37.144,83.254,FN,13,,,,,,
103,,,,,24.363,48.061,75.46,FN,15,,,,,,
103,,,,,11.912,51.002,46.481,FN,16,,,,,,
103,,,,,13.635,53.628,74.304,FN,17,,,,,,
103,,,,,60.357,67.677,93.097,FN,18,,,,,,
103,,,,,15.006,69.535,95.506,FN,19,,,,,,
104,0,288.72,68.06,95.57,39.699,9.358,47.783,FP,,,,,,,
104,1,447.5,62.5,96.0,61.531,8.594,48.0,FP,,,,,,,
104,2,289.04,69.79,31.27,39.743,9.596,15.633,FP,,,,,,,
104,3,462.09,124.33,95.69,63.537,17.096,47.845,FP,,,,,,,
104,4,389.0,141.0,31.0,53.488,19.388,15.5,FP,,,,,,,
104,5,390.81,147.34,31.21,53.736,20.259,15.606,FP,,,,,,,
104,6,388.75,148.67,94.39,53.453,20.443,47.195,FP,,,,,,,
104,7,457.54,190.45,31.59,62.912,26.187,15.797,FP,,,,,,,
104,8,445.33,189.0,167.67,61.233,25.988,83.833,FP,,,,,,,
104,9,459.61,190.11,96.0,63.197,26.14,48.0,FP,,,,,,,
104,10,98.11,230.71,28.04,13.49,31.723,14.019,FP,,,,,,,
104,11,97.45,228.58,95.31,13.399,31.429,47.655,FP,,,,,,,
104,12,97.67,231.0,52.38,13.43,31.763,26.189,FP,,,,,,,
104,13,95.0,236.0,11.0,13.062,32.45,5.5,FP,,,,,,,
104,14,100.0,236.0,11.0,13.75,32.45,5.5,TP,7,0.566,3.48,3.525,-0.262,0.502,3.48
104,15,100.0,236.0,14.0,13.75,32.45,7.0,FP,,,,,,,
104,16,184.71,318.57,96.0,25.398,43.804,48.0,FP,,,,,,,
104,17,64.69,321.0,95.56,8.895,44.138,47.781,FP,,,,,,,
104,18,320.33,320.67,96.0,44.046,44.092,48.0,FP,,,,,,,
104,19,499.14,348.36,31.28,68.632,47.9,15.64,FP,,,,,,,
104,20,324.18,424.64,30.64,44.575,58.388,15.318,FP,,,,,,,
104,21,319.81,429.79,95.61,43.973,59.096,47.806,FP,,,,,,,
104,22,276.56,436.5,20.34,38.026,60.019,10.172,FP,,,,,,,
104,23,281.13,437.77,95.57,38.656,60.194,47.786,FP,,,,,,,
104,24,275.64,435.41,12.73,37.9,59.868,6.367,FP,,,,,,,
104,25,276.39,438.21,31.59,38.004,60.254,15.797,TP,15,0.558,2.456,2.519,-0.481,0.283,-2.456
104,26,276.5,433.0,11.0,38.019,59.538,5.5,FP,,,,,,,
104,27,288.5,433.0,20.0,39.669,59.538,10.0,FP,,,,,,,
104,28,288.0,433.0,30.5,39.6,59.538,15.25,FP,,,,,,,
104,29,279.0,437.5,43.0,38.362,60.156,21.5,FP,,,,,,,
104,30,175.03,497.13,159.23,24.067,68.356,79.617,FP,,,,,,,
104,31,175.73,496.49,167.56,24.163,68.267,83.78,FP,,,,,,,
104,32,180.32,507.44,95.72,24.794,69.773,47.862,FP,,,,,,,
104,,,,,4.344,1.153,93.823,FN,0,,,,,,
104,,,,,39.8,9.67,40.881,FN,1,,,,,,
104,,,,,35.572,12.351,86.909,FN,2,,,,,,
104,,,,,63.452,16.675,53.565,FN,3,,,,,,
104,,,,,53.139,20.502,28.82,FN,4,,,,,,
104,,,,,63.377,25.695,66.21,FN,5,,,,,,
104,,,,,54.652,29.586,81.081,FN,6,,,,,,
104,,,,,30.44,37.641,90.326,FN,8,,,,,,
104,,,,,65.933,39.17,85.692,FN,9,,,,,,
104,,,,,55.683,39.988,81.655,FN,10,,,,,,
104,,,,,69.063,47.858,38.458,FN,11,,,,,,
104,,,,,16.608,54.912,47.633,FN,12,,,,,,
104,,,,,66.034,55.829,76.576,FN,13,,,,,,
104,,,,,44.9,58.626,9.523,FN,14,,,,,,
104,,,,,57.11,60.682,85.744,FN,16,,,,,,
104,,,,,51.804,61.417,68.222,FN,17,,,,,,
104,,,,,30.66,65.604,89.36,FN,18,,,,,,
104,,,,,24.451,69.505,60.626,FN,19,,,,,,
105,0,366.34,42.8,30.79,50.372,5.885,15.396,FP,,,,,,,
105,1,366.43,40.79,20.35,50.384,5.608,10.174,FP,,,,,,,
105,2,239.28,47.03,31.35,32.901,6.467,15.673,FP,,,,,,,
105,3,365.0,41.0,27.0,50.188,5.638,13.5,FP,,,,,,,
105,4,235.33,48.63,95.14,32.357,6.687,47.571,TP,1,0.793,0.209,0.82,-0.242,0.755,0.209
105,5,239.25,46.5,20.75,32.897,6.394,10.375,FP,,,,,,,
105,6,7.78,63.31,95.58,1.069,8.705,47.788,FP,,,,,,,
105,7,14.7,143.43,95.52,2.021,19.722,47.758,FP,,,,,,,
105,8,17.22,144.79,27.12,2.367,19.908,13.558,TP,4,0.147,1.143,1.153,0.008,0.147,1.143
105,9,20.0,148.0,22.0,2.75,20.35,11.0,FP,,,,,,,
105,10,286.27,191.37,31.69,39.363,26.314,15.843,FP,,,,,,,
105,11,62.88,210.28,26.6,8.646,28.913,13.299,FP,,,,,,,
105,12,63.42,210.49,95.48,8.721,28.943,47.739,FP,,,,,,,
105,13,416.87,222.0,95.54,57.32,30.525,47.771,FP,,,,,,,
105,14,190.88,239.12,168.0,26.245,32.88,84.0,FP,,,,,,,
105,15,190.5,240.0,167.0,26.194,33.0,83.5,FP,,,,,,,
105,16,140.67,274.58,95.82,19.342,37.754,47.909,FP,,,,,,,
105,17,137.35,273.1,30.3,18.886,37.551,15.15,FP,,,,,,,
105,18,307.13,307.09,31.09,42.23,42.225,15.546,FP,,,,,,,
105,19,51.04,313.05,95.48,7.018,43.045,47.738,FP,,,,,,,
105,20,54.91,313.62,31.28,7.549,43.122,15.639,FP,,,,,,,
105,21,303.0,311.0,32.0,41.663,42.763,16.0,FP,,,,,,,
105,22,305.9,317.27,95.61,42.061,43.625,47.807,FP,,,,,,,
105,23,244.33,330.21,31.5,33.596,45.404,15.752,FP,,,,,,,
105,24,250.0,322.5,96.0,34.375,44.344,48.0,FP,,,,,,,
105,25,161.24,334.31,32.83,22.17,45.968,16.417,FP,,,,,,,
105,26,249.69,329.69,95.69,34.332,45.332,47.844,FP,,,,,,,
105,27,159.68,334.12,95.37,21.955,45.941,47.684,FP,,,,,,,
105,28,477.8,335.33,31.17,65.697,46.108,15.587,FP,,,,,,,
105,29,478.16,333.05,95.51,65.746,45.795,47.756,FP,,,,,,,
105,30,159.84,335.29,17.5,21.978,46.102,8.748,TP,13,0.486,2.523,2.57,0.074,0.481,2.523
105,31,164.0,333.0,18.5,22.55,45.788,9.25,FP,,,,,,,
105,32,478.54,335.24,20.08,65.8,46.096,10.042,FP,,,,,,,
105,33,164.0,334.67,16.67,22.55,46.017,8.333,FP,,,,,,,
105,34,480.0,336.5,14.0,66.0,46.269,7.0,FP,,,,,,,
105,35,323.79,365.28,95.43,44.521,50.226,47.717,FP,,,,,,,
105,36,324.45,367.49,31.84,44.612,50.53,15.918,FP,,,,,,,
105,37,323.0,363.0,20.0,44.413,49.913,10.0,TP,15,0.589,2.669,2.733,-0.576,-0.126,2.669
105,38,323.99,367.55,18.45,44.548,50.538,9.227,FP,,,,,,,
105,39,323.29,367.29,43.85,44.453,50.503,21.923,FP,,,,,,,
105,40,336.0,368.33,30.33,46.2,50.646,15.167,FP,,,,,,,
105,41,92.8,382.0,95.6,12.76,52.525,47.8,FP,,,,,,,
105,42,321.02,459.83,31.71,44.14,63.226,15.855,FP,,,,,,,
105,43,320.34,460.99,95.54,44.047,63.386,47.768,FP,,,,,,,
105,44,317.0,461.0,159.0,43.588,63.388,79.5,FP,,,,,,,
105,45,318.78,463.56,159.44,43.832,63.739,79.722,FP,,,,,,,
105,46,193.57,480.22,31.6,26.616,66.03,15.8,FP,,,,,,,
105,47,192.54,479.54,95.51,26.474,65.937,47.757,FP,,,,,,,
105,48,331.46,505.24,31.19,45.576,69.471,15.595,FP,,,,,,,
105,49,324.3,508.57,95.9,44.591,69.928,47.95,FP,,,,,,,
105,,,,,50.943,5.579,21.46,FN,0,,,,,,
105,,,,,33.055,6.577,36.149,FN,2,,,,,,
105,,,,,1.227,8.231,71.087,FN,3,,,,,,
105,,,,,8.53,29.248,6.747,FN,5,,,,,,
105,,,,,57.544,30.519,66.853,FN,6,,,,,,
105,,,,,26.402,34.922,71.253,FN,7,,,,,,
105,,,,,19.155,37.923,20.731,FN,8,,,,,,
105,,,,,42.734,38.894,52.061,FN,9,,,,,,
105,,,,,42.29,42.938,31.914,FN,10,,,,,,
105,,,,,7.29,42.538,73.009,FN,11,,,,,,
105,,,,,35.168,45.427,6.431,FN,12,,,,,,
105,,,,,65.513,45.927,33.242,FN,14,,,,,,
105,,,,,11.956,52.783,71.273,FN,16,,,,,,
105,,,,,44.245,63.35,70.25,FN,17,,,,,,
105,,,,,27.306,66.153,77.669,FN,18,,,,,,
105,,,,,45.474,69.197,74.677,FN,19,,,,,,
118,0,495.11,14.33,31.22,68.078,1.971,15.611,FP,,,,,,,
118,1,289.0,65.0,96.0,39.737,8.938,48.0,FP,,,,,,,
118,2,76.14,75.08,31.47,10.469,10.323,15.733,FP,,,,,,,
118,3,77.67,75.36,95.46,10.68,10.362,47.728,FP,,,,,,,
118,4,77.88,77.69,159.27,10.709,10.683,79.635,FP,,,,,,,
118,5,77.82,77.68,167.73,10.701,10.68,83.863,FP,,,,,,,
118,6,417.55,188.86,95.61,57.412,25.969,47.804,FP,,,,,,,
118,7,417.99,189.23,31.66,57.473,26.019,15.829,FP,,,,,,,
118,8,30.87,190.86,31.51,4.245,26.243,15.753,FP,,,,,,,
118,9,418.51,191.71,159.39,57.545,26.361,79.694,FP,,,,,,,
118,10,431.26,271.46,95.59,59.299,37.326,47.797,FP,,,,,,,
118,11,432.04,273.24,30.62,59.406,37.571,15.311,TP,8,0.409,0.214,0.462,0.117,0.392,-0.214
118,12,431.71,272.47,20.3,59.36,37.464,10.151,FP,,,,,,,
118,13,430.5,271.0,40.0,59.194,37.263,20.0,FP,,,,,,,
118,14,432.5,272.11,12.67,59.469,37.415,6.333,FP,,,,,,,
118,15,431.88,272.75,39.25,59.383,37.503,19.625,FP,,,,,,,
118,16,365.12,282.08,31.72,50.204,38.786,15.86,FP,,,,,,,
118,17,227.0,291.0,95.0,31.213,40.013,47.5,FP,,,,,,,
118,18,228.47,296.14,95.53,31.414,40.719,47.766,FP,,,,,,,
118,19,232.12,301.0,31.12,31.917,41.388,15.562,FP,,,,,,,
118,20,189.59,320.41,95.76,26.068,44.057,47.881,FP,,,,,,,
118,21,347.46,324.65,30.35,47.776,44.639,15.174,FP,,,,,,,
118,22,337.81,330.45,95.77,46.448,45.437,47.887,FP,,,,,,,
118,23,431.85,373.88,95.67,59.38,51.409,47.833,FP,,,,,,,
118,24,415.33,419.32,36.07,57.108,57.656,18.034,FP,,,,,,,
118,25,72.27,483.02,26.06,9.937,66.415,13.028,FP,,,,,,,
118,26,63.94,483.2,95.18,8.791,66.44,47.591,FP,,,,,,,
118,27,59.0,475.0,95.0,8.113,65.312,47.5,FP,,,,,,,
118,28,65.34,481.0,84.36,8.984,66.138,42.179,FP,,,,,,,
118,29,72.88,481.46,44.27,10.022,66.201,22.135,FP,,,,,,,
118,30,73.7,482.03,51.97,10.133,66.279,25.985,FP,,,,,,,
118,31,73.0,489.0,43.0,10.038,67.238,21.5,FP,,,,,,,
118,32,74.0,490.0,13.0,10.175,67.375,6.5,FP,,,,,,,
118,,,,,69.338,1.353,19.792,FN,0,,,,,,
118,,,,,60.683,2.849,95.0,FN,1,,,,,,
118,,,,,39.351,9.533,88.0,FN,2,,,,,,
118,,,,,10.669,10.401,54.829,FN,3,,,,,,
118,,,,,68.067,17.238,84.191,FN,4,,,,,,
118,,,,,57.425,25.653,70.375,FN,5,,,,,,
118,,,,,69.168,31.753,94.012,FN,6,,,,,,
118,,,,,4.427,35.387,63.524,FN,7,,,,,,
118,,,,,50.019,38.981,59.941,FN,9,,,,,,
118,,,,,31.715,40.459,42.291,FN,10,,,,,,
118,,,,,32.418,42.01,87.988,FN,11,,,,,,
118,,,,,47.807,44.51,74.069,FN,12,,,,,,
118,,,,,45.699,47.397,75.702,FN,13,,,,,,
118,,,,,59.398,51.433,30.506,FN,14,,,,,,
118,,,,,57.007,57.622,67.087,FN,15,,,,,,
118,,,,,10.756,65.57,16.817,FN,16,,,,,,
118,,,,,14.547,66.149,94.628,FN,17,,,,,,
118,,,,,10.79,67.429,45.569,FN,18,,,,,,
118,,,,,33.173,69.352,51.041,FN,19,,,,,,
119,0,30.76,29.61,31.44,4.23,4.071,15.719,FP,,,,,,,
119,1,24.44,30.46,95.56,3.361,4.189,47.778,FP,,,,,,,
119,2,445.54,62.06,95.87,61.262,8.533,47.934,FP,,,,,,,
119,3,339.25,178.39,31.69,46.647,24.529,15.846,FP,,,,,,,
119,4,339.78,177.89,20.11,46.72,24.46,10.054,TP,7,0.278,1.707,1.73,-0.243,-0.134,1.707
119,5,337.87,176.81,12.44,46.457,24.311,6.219,FP,,,,,,,
119,6,344.0,176.0,13.0,47.3,24.2,6.5,FP,,,,,,,
119,7,348.0,176.5,27.0,47.85,24.269,13.5,FP,,,,,,,
119,8,190.45,191.52,31.65,26.187,26.333,15.823,FP,,,,,,,
119,9,328.46,192.56,95.65,45.164,26.477,47.826,FP,,,,,,,
119,10,446.11,191.79,31.61,61.34,26.371,15.804,FP,,,,,,,
119,11,446.29,190.57,96.0,61.364,26.204,48.0,FP,,,,,,,
119,12,64.0,192.23,95.77,8.8,26.432,47.885,FP,,,,,,,
119,13,446.0,192.0,95.0,61.325,26.4,47.5,FP,,,,,,,
119,14,30.0,193.2,31.4,4.125,26.565,15.7,FP,,,,,,,
119,15,300.85,320.95,27.23,41.367,44.131,13.616,FP,,,,,,,
119,16,303.32,320.46,95.59,41.706,44.063,47.797,FP,,,,,,,
119,17,63.25,318.4,31.74,8.696,43.781,15.871,FP,,,,,,,
119,18,297.0,317.0,11.0,40.838,43.588,5.5,TP,10,1.133,2.64,2.873,-0.909,-0.676,-2.64
119,19,308.0,317.0,11.0,42.35,43.588,5.5,FP,,,,,,,
119,20,305.3,320.3,167.59,41.978,44.041,83.796,FP,,,,,,,
119,21,191.0,319.0,96.0,26.263,43.862,48.0,FP,,,,,,,
119,22,303.0,319.0,52.0,41.663,43.862,26.0,FP,,,,,,,
119,23,305.3,320.42,159.48,41.979,44.058,79.742,FP,,,,,,,
119,24,192.33,320.67,96.0,26.446,44.092,48.0,FP,,,,,,,
119,25,297.0,321.0,52.0,40.838,44.138,26.0,FP,,,,,,,
119,26,468.99,348.8,95.48,64.487,47.96,47.739,FP,,,,,,,
119,27,470.44,350.44,31.44,64.686,48.186,15.722,FP,,,,,,,
119,28,366.72,368.56,30.9,50.424,50.677,15.45,FP,,,,,,,
119,29,366.42,368.62,20.56,50.382,50.685,10.28,FP,,,,,,,
119,30,366.54,372.43,95.4,50.4,51.209,47.7,FP,,,,,,,
119,31,447.83,446.8,95.73,61.577,61.435,47.863,FP,,,,,,,
119,32,444.71,446.0,32.0,61.148,61.325,16.0,FP,,,,,,,
119,33,467.56,446.38,96.0,64.29,61.377,48.0,FP,,,,,,,
119,34,156.0,461.12,31.38,21.45,63.405,15.688,FP,,,,,,,
119,35,416.21,465.14,95.66,57.229,63.957,47.832,TP,17,0.491,4.239,4.268,0.099,-0.481,4.239
119,36,415.32,469.32,30.84,57.107,64.531,15.419,FP,,,,,,,
119,37,416.35,467.59,20.45,57.249,64.294,10.224,FP,,,,,,,
119,38,139.15,478.41,31.17,19.133,65.781,15.586,FP,,,,,,,
119,39,50.72,489.23,25.35,6.974,67.269,12.674,FP,,,,,,,
119,40,45.0,485.0,14.0,6.188,66.688,7.0,TP,19,1.041,0.985,1.433,-0.509,-0.908,0.985
119,41,51.65,489.54,43.86,7.102,67.311,21.93,FP,,,,,,,
119,42,43.0,487.0,14.0,5.912,66.963,7.0,FP,,,,,,,
119,43,49.29,489.32,52.29,6.777,67.282,26.145,FP,,,,,,,
119,44,52.0,489.0,51.0,7.15,67.238,25.5,FP,,,,,,,
119,45,48.19,495.4,95.19,6.626,68.117,47.595,FP,,,,,,,
119,,,,,23.824,0.881,88.768,FN,0,,,,,,
119,,,,,26.787,0.254,41.175,FN,1,,,,,,
119,,,,,60.217,0.435,38.5,FN,2,,,,,,
119,,,,,7.107,1.685,53.298,FN,3,,,,,,
119,,,,,3.748,4.318,60.5,FN,4,,,,,,
119,,,,,24.108,14.128,66.469,FN,5,,,,,,
119,,,,,20.704,20.334,72.871,FN,6,,,,,,
119,,,,,11.823,33.45,89.558,FN,8,,,,,,
119,,,,,45.953,37.022,92.905,FN,9,,,,,,
119,,,,,30.695,46.183,97.907,FN,11,,,,,,
119,,,,,64.559,48.098,52.715,FN,12,,,,,,
119,,,,,30.223,48.766,63.225,FN,13,,,,,,
119,,,,,50.642,51.246,2.252,FN,14,,,,,,
119,,,,,53.78,57.065,84.52,FN,15,,,,,,
119,,,,,20.975,63.875,22.496,FN,16,,,,,,
119,,,,,17.894,66.484,54.067,FN,18,,,,,,
121,0,295.75,5.75,31.5,40.666,0.791,15.75,FP,,,,,,,
121,1,24.0,17.0,31.0,3.3,2.338,15.5,TP,1,0.568,0.413,0.702,-0.203,-0.53,-0.413
121,2,19.55,24.68,30.41,2.689,3.394,15.207,FP,,,,,,,
121,3,20.33,20.67,19.0,2.796,2.842,9.5,FP,,,,,,,
121,4,24.25,23.85,20.75,3.334,3.279,10.375,FP,,,,,,,
121,5,18.5,23.0,21.0,2.544,3.163,10.5,FP,,,,,,,
121,6,21.0,23.0,20.0,2.888,3.163,10.0,FP,,,,,,,
121,7,17.4,25.4,20.45,2.392,3.493,10.225,FP,,,,,,,
121,8,21.0,25.0,20.0,2.888,3.438,10.0,FP,,,,,,,
121,9,16.93,30.86,95.48,2.328,4.244,47.741,FP,,,,,,,
121,10,445.71,62.0,95.65,61.285,8.525,47.824,FP,,,,,,,
121,11,96.63,65.0,31.59,13.287,8.938,15.793,FP,,,,,,,
121,12,335.24,104.6,95.39,46.095,14.383,47.696,FP,,,,,,,
121,13,338.14,98.57,30.14,46.495,13.554,15.071,FP,,,,,,,
121,14,340.0,100.0,31.0,46.75,13.75,15.5,FP,,,,,,,
121,15,341.5,101.0,31.0,46.956,13.888,15.5,FP,,,,,,,
121,16,322.31,105.62,31.31,44.318,14.523,15.656,FP,,,,,,,
121,17,328.0,104.0,31.0,45.1,14.3,15.5,FP,,,,,,,
121,18,339.74,106.86,17.6,46.714,14.693,8.801,TP,4,0.618,3.016,3.078,0.574,-0.231,3.016
121,19,338.43,106.36,29.56,46.534,14.624,14.781,FP,,,,,,,
121,20,330.5,105.0,19.0,45.444,14.438,9.5,FP,,,,,,,
121,21,328.8,106.4,20.0,45.21,14.63,10.0,FP,,,,,,,
121,22,324.0,108.5,31.0,44.55,14.919,15.5,FP,,,,,,,
121,23,321.0,112.0,31.0,44.138,15.4,15.5,FP,,,,,,,
121,24,441.31,124.99,95.6,60.68,17.187,47.798,FP,,,,,,,
121,25,320.5,164.5,95.0,44.069,22.619,47.5,FP,,,,,,,
121,26,315.93,190.4,31.2,43.441,26.18,15.598,FP,,,,,,,
121,27,318.33,190.26,19.38,43.771,26.161,9.691,TP,9,0.088,4.785,4.786,0.083,0.027,4.785
121,28,319.0,191.12,95.62,43.863,26.278,47.808,FP,,,,,,,
121,29,61.44,190.33,32.0,8.449,26.171,16.0,FP,,,,,,,
121,30,32.5,221.14,95.86,4.469,30.407,47.929,FP,,,,,,,
121,31,37.03,264.67,31.41,5.092,36.393,15.707,FP,,,,,,,
121,32,143.23,321.3,31.29,19.693,44.178,15.647,TP,14,0.621,2.596,2.669,-0.387,0.486,2.596
121,33,447.43,319.07,32.0,61.521,43.872,16.0,FP,,,,,,,
121,34,446.2,320.4,31.0,61.353,44.055,15.5,FP,,,,,,,
121,35,447.16,393.61,31.4,61.485,54.121,15.701,FP,,,,,,,
121,36,12.5,396.5,95.0,1.719,54.519,47.5,FP,,,,,,,
121,37,159.57,415.56,95.68,21.941,57.139,47.842,FP,,,,,,,
121,38,158.81,416.44,31.34,21.836,57.261,15.668,FP,,,,,,,
121,39,159.35,416.35,20.4,21.911,57.248,10.2,FP,,,,,,,
121,40,502.13,429.77,31.6,69.043,59.094,15.801,FP,,,,,,,
121,41,79.89,447.26,95.59,10.985,61.499,47.797,FP,,,,,,,
121,42,81.58,447.77,31.81,11.217,61.568,15.904,FP,,,,,,,
121,,,,,40.956,0.908,53.976,FN,0,,,,,,
121,,,,,24.948,2.519,87.412,FN,2,,,,,,
121,,,,,21.906,5.645,96.983,FN,3,,,,,,
121,,,,,20.347,16.422,68.554,FN,5,,,,,,
121,,,,,60.312,17.596,52.621,FN,6,,,,,,
121,,,,,44.134,22.355,61.248,FN,7,,,,,,
121,,,,,50.425,25.853,9.66,FN,8,,,,,,
121,,,,,4.61,29.985,76.433,FN,10,,,,,,
121,,,,,27.044,31.594,88.747,FN,11,,,,,,
121,,,,,5.391,35.101,4.596,FN,12,,,,,,
121,,,,,23.982,36.074,38.198,FN,13,,,,,,
121,,,,,2.154,52.516,60.944,FN,15,,,,,,
121,,,,,2.889,52.946,13.011,FN,16,,,,,,
121,,,,,61.787,54.271,47.609,FN,17,,,,,,
121,,,,,21.736,57.171,35.111,FN,18,,,,,,
121,,,,,69.347,58.98,40.65,FN,19,,,,,,
123,0,158.36,15.97,30.73,21.774,2.196,15.364,TP,1,0.346,4.636,4.649,0.076,0.337,-4.636
123,1,159.0,15.44,95.53,21.863,2.123,47.766,FP,,,,,,,
123,2,158.71,16.15,19.65,21.823,2.22,9.824,FP,,,,,,,
123,3,160.0,16.5,39.21,22.0,2.269,19.607,FP,,,,,,,
123,4,445.35,46.29,15.45,61.236,6.365,7.726,FP,,,,,,,
123,5,182.22,193.43,95.54,25.055,26.596,47.77,FP,,,,,,,
123,6,64.5,189.57,95.86,8.869,26.066,47.929,FP,,,,,,,
123,7,188.21,192.17,159.38,25.879,26.424,79.691,FP,,,,,,,
123,8,187.85,192.64,167.62,25.829,26.488,83.808,FP,,,,,,,
123,9,180.56,197.77,30.73,24.827,27.193,15.364,FP,,,,,,,
123,10,265.67,198.44,95.55,36.53,27.285,47.776,FP,,,,,,,
123,11,180.93,197.47,20.32,24.878,27.152,10.158,FP,,,,,,,
123,12,179.0,195.0,12.0,24.613,26.812,6.0,FP,,,,,,,
123,13,180.8,196.4,11.0,24.86,27.005,5.5,FP,,,,,,,
123,14,184.0,196.0,159.0,25.3,26.95,79.5,FP,,,,,,,
123,15,267.0,202.2,31.38,36.713,27.802,15.691,TP,7,0.95,1.334,1.637,0.945,-0.099,-1.334
123,16,264.5,200.75,38.75,36.369,27.603,19.375,FP,,,,,,,
123,17,265.0,201.0,27.0,36.438,27.638,13.5,FP,,,,,,,
123,18,64.0,254.0,96.0,8.8,34.925,48.0,FP,,,,,,,
123,19,249.1,289.8,95.8,34.251,39.847,47.9,FP,,,,,,,
123,20,100.08,318.65,31.21,13.761,43.814,15.603,FP,,,,,,,
123,21,101.33,317.99,95.31,13.933,43.724,47.657,FP,,,,,,,
123,22,99.65,316.86,20.14,13.702,43.569,10.072,FP,,,,,,,
123,23,446.75,318.28,32.0,61.428,43.764,16.0,FP,,,,,,,
123,24,449.54,322.54,95.71,61.812,44.35,47.857,FP,,,,,,,
123,25,15.08,319.98,31.59,2.074,43.998,15.797,FP,,,,,,,
123,26,206.91,320.18,167.55,28.45,44.025,83.773,FP,,,,,,,
123,27,205.8,320.6,159.0,28.298,44.083,79.5,FP,,,,,,,
123,,,,,68.724,0.472,59.533,FN,0,,,,,,
123,,,,,66.303,2.064,72.763,FN,2,,,,,,
123,,,,,61.092,6.355,82.167,FN,3,,,,,,
123,,,,,16.792,14.959,80.539,FN,4,,,,,,
123,,,,,59.639,19.017,66.292,FN,5,,,,,,
123,,,,,24.944,27.214,37.026,FN,6,,,,,,
123,,,,,63.051,31.481,62.752,FN,8,,,,,,
123,,,,,10.497,34.571,5.284,FN,9,,,,,,
123,,,,,29.318,35.058,43.172,FN,10,,,,,,
123,,,,,65.249,37.624,90.222,FN,11,,,,,,
123,,,,,3.935,38.617,62.301,FN,12,,,,,,
123,,,,,58.753,38.967,52.932,FN,13,,,,,,
123,,,,,34.774,40.065,12.104,FN,14,,,,,,
123,,,,,20.6,43.098,25.345,FN,15,,,,,,
123,,,,,14.091,43.45,31.07,FN,16,,,,,,
123,,,,,16.359,49.609,42.411,FN,17,,,,,,
123,,,,,17.709,55.625,72.967,FN,18,,,,,,
123,,,,,35.774,57.746,44.81,FN,19,,,,,,
13,0,159.86,45.46,30.74,21.981,6.25,15.371,FP,,,,,,,
13,1,160.3,45.09,17.32,22.042,6.199,8.661,FP,,,,,,,
13,2,160.14,47.91,95.47,22.019,6.588,47.733,FP,,,,,,,
13,3,479.34,71.19,95.39,65.909,9.788,47.696,FP,,,,,,,
13,4,287.0,63.0,32.0,39.463,8.663,16.0,FP,,,,,,,
13,5,287.59,64.91,31.32,39.544,8.925,15.659,FP,,,,,,,
13,6,487.54,79.78,30.97,67.037,10.969,15.487,FP,,,,,,,
13,7,486.76,79.71,20.29,66.93,10.96,10.145,FP,,,,,,,
13,8,18.57,95.56,95.46,2.554,13.139,47.729,TP,2,0.696,2.836,2.92,-0.658,-0.227,-2.836
13,9,11.0,91.0,95.0,1.513,12.512,47.5,FP,,,,,,,
13,10,17.12,96.41,31.0,2.354,13.256,15.498,FP,,,,,,,
13,11,18.37,96.63,19.66,2.526,13.287,9.832,FP,,,,,,,
13,12,16.67,97.0,38.67,2.292,13.338,19.333,FP,,,,,,,
13,13,17.0,97.0,14.5,2.338,13.338,7.25,FP,,,,,,,
13,14,222.85,189.5,95.59,30.642,26.057,47.797,TP,4,0.298,4.756,4.765,-0.286,0.085,-4.756
13,15,221.87,189.97,31.64,30.507,26.12,15.818,FP,,,,,,,
13,16,61.5,190.5,96.0,8.456,26.194,48.0,FP,,,,,,,
13,17,62.0,191.0,32.0,8.525,26.263,16.0,FP,,,,,,,
13,18,277.96,211.69,95.68,38.219,29.108,47.838,FP,,,,,,,
13,19,277.21,215.49,28.26,38.117,29.63,14.13,FP,,,,,,,
13,20,277.0,213.0,43.0,38.088,29.288,21.5,TP,5,0.069,2.073,2.074,-0.047,0.05,-2.073
13,21,267.0,219.0,31.0,36.713,30.113,15.5,FP,,,,,,,
13,22,357.0,249.0,31.0,49.088,34.237,15.5,FP,,,,,,,
13,23,359.1,249.6,31.5,49.376,34.32,15.75,FP,,,,,,,
13,24,359.67,260.79,95.79,49.454,35.858,47.893,FP,,,,,,,
13,25,357.23,263.92,31.31,49.119,36.289,15.655,FP,,,,,,,
13,26,191.09,269.93,95.77,26.276,37.116,47.885,FP,,,,,,,
13,27,297.78,313.89,34.06,40.945,43.16,17.03,FP,,,,,,,
13,28,297.1,314.44,20.43,40.851,43.236,10.217,FP,,,,,,,
13,29,295.23,318.15,95.56,40.595,43.746,47.78,FP,,,,,,,
13,30,297.07,314.21,52.61,40.847,43.204,26.307,FP,,,,,,,
13,31,447.05,317.84,95.72,61.469,43.703,47.858,FP,,,,,,,
13,32,296.0,316.5,15.0,40.7,43.519,7.5,FP,,,,,,,
13,33,100.73,346.04,18.28,13.85,47.58,9.14,FP,,,,,,,
13,34,102.71,346.46,30.29,14.122,47.638,15.143,FP,,,,,,,
13,35,98.31,342.31,37.46,13.517,47.067,18.731,FP,,,,,,,
13,36,103.0,343.0,35.0,14.163,47.163,17.5,FP,,,,,,,
13,37,103.0,343.0,37.5,14.163,47.163,18.75,FP,,,,,,,
13,38,107.67,344.26,37.26,14.805,47.336,18.63,FP,,,,,,,
13,39,103.85,345.62,43.77,14.279,47.522,21.885,FP,,,,,,,
13,40,243.55,357.4,94.36,33.488,49.142,47.182,FP,,,,,,,
13,41,240.54,363.8,30.95,33.075,50.022,15.475,FP,,,,,,,
13,42,240.86,362.99,18.96,33.118,49.911,9.479,FP,,,,,,,
13,43,249.6,369.4,117.0,34.32,50.792,58.5,FP,,,,,,,
13,44,480.62,416.67,31.45,66.085,57.293,15.727,FP,,,,,,,
13,45,480.72,415.9,17.36,66.099,57.187,8.681,FP,,,,,,,
13,46,493.67,414.54,95.42,67.879,56.999,47.708,FP,,,,,,,
13,47,64.76,449.53,31.1,8.904,61.811,15.552,TP,17,0.415,2.359,2.396,0.074,-0.409,-2.359
13,48,65.3,448.3,95.61,8.979,61.642,47.804,FP,,,,,,,
13,49,319.05,447.55,95.68,43.87,61.538,47.842,FP,,,,,,,
13,50,65.12,448.69,20.25,8.954,61.694,10.127,FP,,,,,,,
13,51,81.5,447.4,96.0,11.206,61.518,48.0,FP,,,,,,,
13,52,190.11,448.67,95.79,26.141,61.692,47.896,FP,,,,,,,
13,53,64.35,449.24,159.26,8.848,61.77,79.632,FP,,,,,,,
13,54,65.17,449.12,167.5,8.96,61.755,83.75,FP,,,,,,,
13,55,445.5,449.17,95.44,61.256,61.76,47.722,FP,,,,,,,
13,56,192.0,449.0,167.0,26.4,61.738,83.5,FP,,,,,,,
13,57,11.25,461.06,95.7,1.546,63.395,47.849,FP,,,,,,,
13,,,,,22.177,5.969,29.511,FN,0,,,,,,
13,,,,,67.133,10.993,32.607,FN,1,,,,,,
13,,,,,36.453,17.511,97.954,FN,3,,,,,,
13,,,,,2.264,35.488,83.474,FN,6,,,,,,
13,,,,,49.397,35.323,22.474,FN,7,,,,,,
13,,,,,41.255,43.073,67.79,FN,8,,,,,,
13,,,,,39.956,43.033,1.233,FN,9,,,,,,
13,,,,,70.055,43.987,43.406,FN,10,,,,,,
13,,,,,14.767,47.332,5.032,FN,11,,,,,,
13,,,,,4.822,48.676,75.515,FN,12,,,,,,
13,,,,,33.291,48.951,28.767,FN,13,,,,,,
13,,,,,34.614,50.977,11.983,FN,14,,,,,,
13,,,,,57.398,55.112,76.312,FN,15,,,,,,
13,,,,,67.095,57.096,2.567,FN,16,,,,,,
13,,,,,1.093,63.993,34.571,FN,18,,,,,,
13,,,,,55.379,67.478,91.04,FN,19,,,,,,
143,0,41.52,45.24,31.17,5.709,6.22,15.583,FP,,,,,,,
143,1,318.39,61.45,95.67,43.779,8.45,47.833,FP,,,,,,,
143,2,318.5,95.0,31.0,43.794,13.062,15.5,FP,,,,,,,
143,3,141.23,142.12,31.4,19.419,19.541,15.702,FP,,,,,,,
143,4,313.73,192.76,95.46,43.139,26.505,47.73,FP,,,,,,,
143,5,445.73,192.1,31.59,61.287,26.413,15.794,FP,,,,,,,
143,6,319.15,192.48,167.61,43.882,26.467,83.806,FP,,,,,,,
143,7,190.82,192.09,168.0,26.237,26.413,84.0,FP,,,,,,,
143,8,433.41,192.55,95.64,59.594,26.475,47.818,FP,,,,,,,
143,9,310.79,199.03,35.94,42.734,27.367,17.971,FP,,,,,,,
143,10,319.0,193.32,159.18,43.862,26.581,79.591,FP,,,,,,,
143,11,112.86,193.93,95.79,15.518,26.665,47.893,FP,,,,,,,
143,12,110.26,202.16,31.4,15.161,27.797,15.702,FP,,,,,,,
143,13,310.96,200.1,20.41,42.757,27.514,10.204,FP,,,,,,,
143,14,302.5,199.0,96.0,41.594,27.363,48.0,FP,,,,,,,
143,15,303.14,200.57,95.29,41.682,27.579,47.643,FP,,,,,,,
143,16,157.19,248.45,95.7,21.614,34.162,47.849,FP,,,,,,,
143,17,158.8,247.34,31.14,21.835,34.009,15.568,FP,,,,,,,
143,18,160.0,246.0,21.0,22.0,33.825,10.5,FP,,,,,,,
143,19,318.35,280.45,31.76,43.774,38.562,15.88,FP,,,,,,,
143,20,320.56,284.33,95.54,44.077,39.096,47.771,FP,,,,,,,
143,21,318.5,281.25,40.75,43.794,38.672,20.375,FP,,,,,,,
143,22,319.0,281.0,43.0,43.862,38.638,21.5,FP,,,,,,,
143,23,320.5,281.0,44.0,44.069,38.638,22.0,FP,,,,,,,
143,24,192.33,321.33,32.0,26.446,44.183,16.0,FP,,,,,,,
143,25,138.41,443.4,40.3,19.031,60.968,20.151,FP,,,,,,,
143,26,136.58,443.47,20.42,18.78,60.978,10.211,FP,,,,,,,
143,27,138.3,445.17,95.63,19.016,61.211,47.816,FP,,,,,,,
143,28,216.24,447.66,25.7,29.733,61.553,12.851,TP,15,0.131,2.857,2.86,-0.113,0.067,2.857
143,29,214.44,447.23,95.59,29.486,61.494,47.795,FP,,,,,,,
143,30,218.67,443.0,12.67,30.067,60.913,6.333,FP,,,,,,,
143,31,444.55,452.6,31.48,61.126,62.232,15.738,FP,,,,,,,
143,32,445.98,450.71,95.56,61.322,61.972,47.781,TP,16,0.606,3.262,3.318,0.353,-0.493,3.262
143,33,190.67,447.72,167.67,26.217,61.562,83.833,FP,,,,,,,
143,34,213.56,447.64,40.0,29.365,61.551,20.0,FP,,,,,,,
143,35,222.52,447.9,39.48,30.597,61.587,19.738,FP,,,,,,,
143,36,189.0,447.0,96.0,25.988,61.463,48.0,FP,,,,,,,
143,37,189.25,447.75,159.0,26.022,61.566,79.5,FP,,,,,,,
143,38,445.9,448.81,167.57,61.312,61.711,83.786,FP,,,,,,,
143,39,211.0,448.5,39.0,29.013,61.669,19.5,FP,,,,,,,
143,40,216.57,448.43,38.57,29.779,61.659,19.286,FP,,,,,,,
143,41,271.58,496.92,31.4,37.342,68.327,15.7,TP,19,0.756,0.774,1.082,0.474,-0.589,-0.774
143,,,,,34.554,2.578,68.169,FN,0,,,,,,
143,,,,,29.292,3.273,80.859,FN,1,,,,,,
143,,,,,5.76,6.217,39.966,FN,2,,,,,,
143,,,,,30.323,9.583,81.468,FN,3,,,,,,
143,,,,,20.592,14.467,68.514,FN,4,,,,,,
143,,,,,19.71,19.602,55.763,FN,5,,,,,,
143,,,,,43.175,20.212,0.5,FN,6,,,,,,
143,,,,,43.125,26.763,57.33,FN,7,,,,,,
143,,,,,42.595,28.104,32.336,FN,8,,,,,,
143,,,,,15.499,27.775,32.836,FN,9,,,,,,
143,,,,,21.368,34.416,25.821,FN,10,,,,,,
143,,,,,39.704,35.466,91.0,FN,11,,,,,,
143,,,,,42.781,37.366,2.016,FN,12,,,,,,
143,,,,,44.381,38.539,62.289,FN,13,,,,,,
143,,,,,19.588,60.775,55.489,FN,14,,,,,,
143,,,,,0.588,67.768,35.476,FN,17,,,,,,
143,,,,,14.918,69.321,44.62,FN,18,,,,,,
148,0,396.76,11.28,95.41,54.555,1.551,47.703,FP,,,,,,,
148,1,487.58,11.97,95.45,67.043,1.645,47.725,FP,,,,,,,
148,2,372.38,13.89,31.36,51.203,1.91,15.681,FP,,,,,,,
148,3,396.28,15.67,31.36,54.488,2.155,15.68,FP,,,,,,,
148,4,489.15,16.76,31.42,67.258,2.304,15.712,FP,,,,,,,
148,5,305.38,64.22,31.66,41.989,8.83,15.828,FP,,,,,,,
148,6,67.69,92.62,31.05,9.307,12.735,15.526,FP,,,,,,,
148,7,435.84,93.96,25.4,59.927,12.919,12.701,FP,,,,,,,
148,8,67.31,89.15,43.08,9.255,12.259,21.538,FP,,,,,,,
148,9,72.0,88.0,37.0,9.9,12.1,18.5,FP,,,,,,,
148,10,72.67,89.2,44.13,9.992,12.265,22.067,FP,,,,,,,
148,11,441.13,94.46,95.55,60.656,12.988,47.777,FP,,,,,,,
148,12,65.0,89.0,37.0,8.938,12.238,18.5,FP,,,,,,,
148,13,69.47,92.44,19.64,9.552,12.711,9.819,FP,,,,,,,
148,14,69.58,92.57,95.5,9.568,12.728,47.75,FP,,,,,,,
148,15,67.0,91.0,37.0,9.213,12.512,18.5,FP,,,,,,,
148,16,68.0,92.0,37.0,9.35,12.65,18.5,FP,,,,,,,
148,17,436.75,92.5,42.75,60.053,12.719,21.375,TP,6,0.378,2.915,2.939,-0.362,-0.109,-2.915
148,18,438.0,94.0,41.0,60.225,12.925,20.5,FP,,,,,,,
148,19,494.75,109.83,31.63,68.028,15.102,15.817,FP,,,,,,,
148,20,496.5,109.0,38.0,68.269,14.988,19.0,FP,,,,,,,
148,21,446.61,191.76,31.65,61.409,26.367,15.823,FP,,,,,,,
148,22,219.04,252.9,95.54,30.118,34.774,47.769,TP,11,0.492,4.441,4.469,-0.084,-0.485,-4.441
148,23,216.5,261.0,95.0,29.769,35.888,47.5,FP,,,,,,,
148,24,220.2,261.0,95.6,30.278,35.888,47.8,FP,,,,,,,
148,25,64.09,320.3,95.62,8.812,44.041,47.809,FP,,,,,,,
148,26,304.5,319.0,96.0,41.869,43.862,48.0,FP,,,,,,,
148,27,96.33,320.67,32.0,13.246,44.092,16.0,FP,,,,,,,
148,28,408.09,341.97,30.71,56.112,47.021,15.354,FP,,,,,,,
148,29,415.31,338.38,95.44,57.105,46.527,47.718,FP,,,,,,,
148,30,420.5,337.0,14.0,57.819,46.338,7.0,FP,,,,,,,
148,31,404.5,340.5,54.0,55.619,46.819,27.0,FP,,,,,,,
148,32,412.0,340.0,11.0,56.65,46.75,5.5,TP,14,0.263,3.219,3.229,0.047,-0.258,3.219
148,33,416.46,344.31,13.77,57.263,47.342,6.885,FP,,,,,,,
148,34,412.0,348.0,11.0,56.65,47.85,5.5,FP,,,,,,,
148,35,412.0,348.0,14.0,56.65,47.85,7.0,FP,,,,,,,
148,36,420.0,348.0,20.0,57.75,47.85,10.0,FP,,,,,,,
148,37,416.0,352.0,20.0,57.2,48.4,10.0,FP,,,,,,,
148,38,159.54,368.76,95.46,21.936,50.704,47.73,FP,,,,,,,
148,39,159.32,368.41,28.69,21.906,50.656,14.346,TP,15,0.482,1.306,1.392,-0.151,-0.457,1.306
148,40,164.0,372.0,38.0,22.55,51.15,19.0,FP,,,,,,,
148,41,190.73,449.25,31.49,26.225,61.773,15.745,FP,,,,,,,
148,42,224.5,449.0,96.0,30.869,61.738,48.0,FP,,,,,,,
148,43,319.07,473.86,95.48,43.873,65.156,47.741,FP,,,,,,,
148,,,,,6.606,1.366,92.845,FN,0,,,,,,
148,,,,,68.054,1.293,1.25,FN,1,,,,,,
148,,,,,52.551,1.892,13.512,FN,2,,,,,,
148,,,,,22.748,2.557,81.151,FN,3,,,,,,
148,,,,,69.205,3.071,58.083,FN,4,,,,,,
148,,,,,9.723,12.173,3.108,FN,5,,,,,,
148,,,,,67.316,14.534,24.609,FN,7,,,,,,
148,,,,,8.538,16.545,75.0,FN,8,,,,,,
148,,,,,68.744,21.401,45.824,FN,9,,,,,,
148,,,,,30.253,35.885,89.489,FN,10,,,,,,
148,,,,,19.611,38.75,97.69,FN,12,,,,,,
148,,,,,60.613,46.46,95.116,FN,13,,,,,,
148,,,,,20.96,56.432,97.757,FN,16,,,,,,
148,,,,,43.986,65.072,59.974,FN,17,,,,,,
148,,,,,17.574,67.33,42.68,FN,18,,,,,,
148,,,,,24.126,69.695,75.176,FN,19,,,,,,
149,0,341.64,16.78,31.2,46.976,2.307,15.6,FP,,,,,,,
149,1,339.98,18.19,95.51,46.747,2.501,47.754,TP,0,0.474,2.521,2.565,-0.421,-0.219,2.521
149,2,343.38,15.93,20.2,47.215,2.19,10.1,FP,,,,,,,
149,3,33.3,45.6,95.4,4.579,6.27,47.7,FP,,,,,,,
149,4,35.3,50.27,30.75,4.854,6.912,15.374,FP,,,,,,,
149,5,36.0,45.0,95.0,4.95,6.188,47.5,FP,,,,,,,
149,6,37.18,49.12,17.52,5.112,6.754,8.762,FP,,,,,,,
149,7,33.0,49.0,38.5,4.537,6.738,19.25,FP,,,,,,,
149,8,31.3,61.75,95.52,4.303,8.491,47.758,FP,,,,,,,
149,9,190.61,62.12,95.75,26.21,8.542,47.875,FP,,,,,,,
149,10,446.19,62.77,95.76,61.351,8.631,47.881,FP,,,,,,,
149,11,159.55,108.02,95.51,21.938,14.853,47.755,FP,,,,,,,
149,12,158.12,109.48,28.32,21.741,15.053,14.162,FP,,,,,,,
149,13,299.35,111.9,95.48,41.16,15.387,47.738,FP,,,,,,,
149,14,297.62,114.39,25.5,40.923,15.729,12.748,FP,,,,,,,
149,15,302.0,114.0,12.5,41.525,15.675,6.25,FP,,,,,,,
149,16,300.0,116.0,14.0,41.25,15.95,7.0,FP,,,,,,,
149,17,37.0,117.0,30.5,5.088,16.087,15.25,TP,4,0.248,4.75,4.756,-0.245,0.038,4.75
149,18,39.14,118.36,31.14,5.382,16.274,15.571,FP,,,,,,,
149,19,293.0,117.0,38.5,40.288,16.087,19.25,FP,,,,,,,
149,20,293.0,117.0,43.0,40.288,16.087,21.5,FP,,,,,,,
149,21,296.67,117.0,52.67,40.792,16.087,26.333,FP,,,,,,,
149,22,297.0,117.0,43.0,40.838,16.087,21.5,FP,,,,,,,
149,23,301.0,117.0,43.0,41.388,16.087,21.5,FP,,,,,,,
149,24,34.4,118.6,14.2,4.73,16.308,7.1,FP,,,,,,,
149,25,192.03,136.41,95.33,26.404,18.757,47.664,FP,,,,,,,
149,26,193.23,139.3,31.43,26.569,19.154,15.716,FP,,,,,,,
149,27,368.7,182.59,31.67,50.696,25.107,15.833,FP,,,,,,,
149,28,371.08,179.96,95.42,51.023,24.745,47.709,FP,,,,,,,
149,29,318.65,191.49,31.65,43.814,26.329,15.824,FP,,,,,,,
149,30,334.5,193.2,31.58,45.993,26.565,15.789,FP,,,,,,,
149,31,25.58,206.87,31.25,3.517,28.445,15.626,FP,,,,,,,
149,32,30.66,206.36,95.34,4.215,28.375,47.67,TP,8,0.166,0.577,0.6,0.156,-0.056,-0.577
149,33,13.32,205.32,95.53,1.831,28.231,47.763,FP,,,,,,,
149,34,27.46,206.46,20.2,3.776,28.388,10.101,FP,,,,,,,
149,35,29.54,206.5,52.84,4.061,28.394,26.42,FP,,,,,,,
149,36,29.64,206.24,65.2,4.076,28.358,32.6,FP,,,,,,,
149,37,30.81,205.38,159.06,4.237,28.239,79.531,FP,,,,,,,
149,38,31.97,206.03,167.59,4.396,28.329,83.797,FP,,,,,,,
149,39,29.5,206.0,85.0,4.056,28.325,42.5,FP,,,,,,,
149,40,31.0,207.0,85.0,4.263,28.463,42.5,FP,,,,,,,
149,41,447.06,223.76,31.47,61.471,30.767,15.734,FP,,,,,,,
149,42,239.31,317.61,31.17,32.906,43.672,15.583,FP,,,,,,,
149,43,239.18,316.09,20.14,32.888,43.463,10.068,FP,,,,,,,
149,44,240.88,319.12,95.63,33.121,43.879,47.813,FP,,,,,,,
149,45,235.0,315.0,20.0,32.312,43.312,10.0,FP,,,,,,,
149,46,65.0,321.0,31.75,8.938,44.138,15.875,FP,,,,,,,
149,47,144.0,374.0,30.0,19.8,51.425,15.0,FP,,,,,,,
149,48,144.0,376.0,30.5,19.8,51.7,15.25,FP,,,,,,,
149,49,63.53,413.43,95.55,8.735,56.847,47.774,FP,,,,,,,
149,50,64.03,414.69,31.46,8.804,57.019,15.729,FP,,,,,,,
149,51,374.14,423.38,26.97,51.445,58.215,13.486,FP,,,,,,,
149,52,201.7,429.2,31.32,27.734,59.016,15.66,FP,,,,,,,
149,53,374.0,424.6,16.4,51.425,58.383,8.2,FP,,,,,,,
149,54,202.32,430.28,95.42,27.819,59.164,47.71,TP,18,0.172,1.817,1.826,-0.115,0.128,-1.817
149,55,190.0,442.0,95.0,26.125,60.775,47.5,FP,,,,,,,
149,56,189.96,447.08,31.85,26.12,61.473,15.923,FP,,,,,,,
149,,,,,5.418,7.146,32.438,FN,1,,,,,,
149,,,,,21.823,14.771,23.534,FN,2,,,,,,
149,,,,,41.13,15.703,32.112,FN,3,,,,,,
149,,,,,26.542,18.568,31.5,FN,5,,,,,,
149,,,,,50.731,24.809,60.536,FN,6,,,,,,
149,,,,,11.331,27.363,89.067,FN,7,,,,,,
149,,,,,37.707,34.855,65.241,FN,9,,,,,,
149,,,,,25.236,42.368,82.175,FN,10,,,,,,
149,,,,,49.891,42.544,95.243,FN,11,,,,,,
149,,,,,33.881,43.143,5.611,FN,12,,,,,,
149,,,,,24.121,43.854,88.004,FN,13,,,,,,
149,,,,,19.117,51.934,7.719,FN,14,,,,,,
149,,,,,9.034,56.602,55.986,FN,15,,,,,,
149,,,,,52.235,58.302,25.5,FN,16,,,,,,
149,,,,,50.969,58.096,77.067,FN,17,,,,,,
149,,,,,69.338,67.317,50.959,FN,19,,,,,,
15,0,303.4,13.93,31.32,41.718,1.915,15.662,FP,,,,,,,
15,1,306.0,11.0,96.0,42.075,1.513,48.0,FP,,,,,,,
15,2,304.31,16.05,95.81,41.842,2.207,47.904,FP,,,,,,,
15,3,451.34,44.3,31.53,62.059,6.092,15.767,FP,,,,,,,
15,4,450.64,44.29,95.48,61.963,6.089,47.738,FP,,,,,,,
15,5,62.34,62.43,95.63,8.572,8.584,47.814,FP,,,,,,,
15,6,14.81,96.74,95.34,2.037,13.302,47.67,FP,,,,,,,
15,7,16.68,97.42,30.99,2.294,13.395,15.493,FP,,,,,,,
15,8,16.91,96.82,20.23,2.325,13.313,10.113,FP,,,,,,,
15,9,16.87,96.44,13.36,2.32,13.26,6.679,FP,,,,,,,
15,10,16.42,96.83,44.0,2.257,13.315,22.0,FP,,,,,,,
15,11,207.76,160.05,95.54,28.567,22.007,47.772,TP,6,0.277,0.547,0.613,-0.189,-0.202,0.547
15,12,62.5,191.0,96.0,8.594,26.263,48.0,FP,,,,,,,
15,13,61.0,192.5,95.0,8.387,26.469,47.5,FP,,,,,,,
15,14,64.33,192.67,96.0,8.846,26.492,48.0,FP,,,,,,,
15,15,398.34,286.34,17.65,54.772,39.372,8.825,FP,,,,,,,
15,16,398.0,286.15,24.31,54.725,39.346,12.154,FP,,,,,,,
15,17,319.0,319.83,31.79,43.862,43.977,15.894,FP,,,,,,,
15,18,447.14,320.27,31.81,61.482,44.037,15.906,FP,,,,,,,
15,19,189.0,318.75,96.0,25.988,43.828,48.0,FP,,,,,,,
15,20,169.25,323.85,95.51,23.272,44.53,47.753,TP,9,0.612,3.75,3.799,-0.236,-0.565,3.75
15,21,187.64,320.91,95.64,25.8,44.125,47.818,FP,,,,,,,
15,22,166.89,327.7,31.24,22.948,45.058,15.618,FP,,,,,,,
15,23,241.59,375.14,31.37,33.219,51.582,15.684,FP,,,,,,,
15,24,84.37,441.6,95.61,11.601,60.719,47.803,FP,,,,,,,
15,25,87.28,440.38,31.43,12.001,60.552,15.716,FP,,,,,,,
15,26,190.1,447.7,95.72,26.139,61.559,47.859,FP,,,,,,,
15,27,79.26,447.13,167.78,10.898,61.48,83.891,FP,,,,,,,
15,28,317.25,445.5,31.75,43.622,61.256,15.875,FP,,,,,,,
15,29,446.45,447.55,95.58,61.388,61.537,47.788,FP,,,,,,,
15,30,349.17,469.78,31.24,48.011,64.594,15.62,TP,17,0.076,0.34,0.348,-0.059,0.048,-0.34
15,31,348.8,469.27,20.37,47.96,64.525,10.187,FP,,,,,,,
15,32,347.53,469.17,12.25,47.785,64.511,6.126,FP,,,,,,,
15,33,348.5,465.0,11.0,47.919,63.938,5.5,FP,,,,,,,
15,34,352.0,465.0,14.0,48.4,63.938,7.0,FP,,,,,,,
15,35,352.0,465.0,38.0,48.4,63.938,19.0,FP,,,,,,,
15,36,347.0,467.0,44.0,47.713,64.213,22.0,FP,,,,,,,
15,37,351.0,467.0,13.0,48.263,64.213,6.5,FP,,,,,,,
15,38,352.0,467.0,12.0,48.4,64.213,6.0,FP,,,,,,,
15,39,348.88,468.88,43.0,47.97,64.47,21.5,FP,,,,,,,
15,40,352.0,472.0,14.0,48.4,64.9,7.0,FP,,,,,,,
15,41,352.0,480.0,32.0,48.4,66.0,16.0,FP,,,,,,,
15,,,,,41.899,1.452,32.494,FN,0,,,,,,
15,,,,,62.417,5.991,56.005,FN,1,,,,,,
15,,,,,1.565,13.652,0.568,FN,2,,,,,,
15,,,,,47.408,16.45,30.0,FN,3,,,,,,
15,,,,,29.673,17.236,56.163,FN,4,,,,,,
15,,,,,38.112,20.919,75.276,FN,5,,,,,,
15,,,,,19.28,28.994,65.961,FN,7,,,,,,
15,,,,,54.675,39.299,79.062,FN,8,,,,,,
15,,,,,29.349,46.189,69.472,FN,10,,,,,,
15,,,,,31.096,47.914,6.033,FN,11,,,,,,
15,,,,,35.325,51.842,35.963,FN,12,,,,,,
15,,,,,65.37,51.942,85.985,FN,13,,,,,,
15,,,,,32.751,51.933,37.374,FN,14,,,,,,
15,,,,,5.844,54.842,56.015,FN,15,,,,,,
15,,,,,11.823,60.291,72.68,FN,16,,,,,,
15,,,,,23.98,66.248,97.544,FN,18,,,,,,
15,,,,,68.416,68.84,91.722,FN,19,,,,,,
151,0,93.82,5.55,31.49,12.901,0.763,15.745,FP,,,,,,,
151,1,220.75,62.62,95.66,30.354,8.611,47.829,FP,,,,,,,
151,2,319.71,63.15,31.56,43.96,8.684,15.778,FP,,,,,,,
151,3,320.38,63.01,95.76,44.053,8.663,47.879,FP,,,,,,,
151,4,221.04,64.0,31.64,30.393,8.8,15.82,FP,,,,,,,
151,5,337.0,62.0,96.0,46.338,8.525,48.0,FP,,,,,,,
151,6,167.11,92.63,95.5,22.978,12.737,47.752,FP,,,,,,,
151,7,138.42,182.67,95.53,19.033,25.117,47.766,FP,,,,,,,
151,8,138.5,170.0,21.0,19.044,23.375,10.5,TP,5,0.71,3.297,3.373,0.138,-0.696,3.297
151,9,140.53,176.65,32.21,19.323,24.289,16.105,FP,,,,,,,
151,10,138.0,171.0,20.0,18.975,23.513,10.0,FP,,,,,,,
151,11,142.44,174.07,19.87,19.585,23.935,9.936,FP,,,,,,,
151,12,137.0,173.0,19.5,18.837,23.788,9.75,FP,,,,,,,
151,13,133.5,188.0,32.0,18.356,25.85,16.0,FP,,,,,,,
151,14,447.53,192.49,31.56,61.535,26.468,15.782,FP,,,,,,,
151,15,105.54,239.81,33.27,14.512,32.974,16.633,FP,,,,,,,
151,16,110.0,241.5,95.0,15.125,33.206,47.5,FP,,,,,,,
151,17,103.29,244.79,30.86,14.202,33.658,15.429,FP,,,,,,,
151,18,481.39,267.03,31.45,66.191,36.717,15.727,FP,,,,,,,
151,19,404.91,318.53,31.47,55.676,43.798,15.733,FP,,,,,,,
151,20,402.5,315.0,20.0,55.344,43.312,10.0,FP,,,,,,,
151,21,407.12,318.61,95.82,55.978,43.809,47.908,FP,,,,,,,
151,22,406.59,316.81,19.44,55.906,43.562,9.722,FP,,,,,,,
151,23,401.0,317.0,20.0,55.138,43.588,10.0,FP,,,,,,,
151,24,304.75,318.75,95.75,41.903,43.828,47.875,FP,,,,,,,
151,25,447.19,320.43,95.67,61.489,44.059,47.833,FP,,,,,,,
151,26,246.04,326.15,31.31,33.83,44.846,15.655,TP,12,1.199,1.067,1.605,-1.14,-0.37,-1.067
151,27,249.89,324.33,95.67,34.36,44.595,47.836,FP,,,,,,,
151,28,261.4,327.71,95.48,35.942,45.061,47.738,FP,,,,,,,
151,29,263.84,331.53,31.47,36.278,45.585,15.737,FP,,,,,,,
151,30,331.88,420.14,24.9,45.633,57.769,12.452,TP,15,0.662,0.997,1.197,-0.626,-0.216,0.997
151,31,332.21,419.76,93.34,45.679,57.717,46.671,FP,,,,,,,
151,32,331.97,419.81,52.6,45.646,57.724,26.299,FP,,,,,,,
151,33,335.0,423.0,41.0,46.062,58.163,20.5,FP,,,,,,,
151,34,329.91,424.82,37.18,45.362,58.413,18.591,FP,,,,,,,
151,35,337.0,425.0,38.0,46.338,58.438,19.0,FP,,,,,,,
151,36,40.91,448.71,95.4,5.625,61.698,47.698,FP,,,,,,,
151,37,142.03,449.15,95.45,19.529,61.758,47.723,FP,,,,,,,
151,38,140.44,450.77,26.03,19.311,61.981,13.014,TP,16,1.254,1.631,2.057,1.224,0.27,-1.631
151,39,446.21,447.53,95.74,61.353,61.536,47.871,FP,,,,,,,
151,40,46.99,453.81,30.82,6.461,62.398,15.408,FP,,,,,,,
151,41,47.22,453.38,17.32,6.493,62.34,8.661,FP,,,,,,,
151,42,318.9,448.2,159.0,43.849,61.628,79.5,FP,,,,,,,
151,43,318.5,447.0,168.0,43.794,61.463,84.0,FP,,,,,,,
151,44,47.47,449.32,84.16,6.528,61.781,42.079,FP,,,,,,,
151,45,319.58,449.0,167.58,43.943,61.738,83.792,FP,,,,,,,
151,46,52.33,452.67,14.0,7.196,62.242,7.0,FP,,,,,,,
151,47,48.0,456.0,38.5,6.6,62.7,19.25,FP,,,,,,,
151,48,356.67,485.33,32.0,49.042,66.733,16.0,FP,,,,,,,
151,,,,,13.062,0.567,47.245,FN,0,,,,,,
151,,,,,34.346,1.882,67.631,FN,1,,,,,,
151,,,,,30.453,8.688,54.767,FN,2,,,,,,
151,,,,,0.688,12.338,66.022,FN,3,,,,,,
151,,,,,22.916,12.919,67.699,FN,4,,,,,,
151,,,,,18.013,30.37,63.142,FN,6,,,,,,
151,,,,,14.881,33.456,3.219,FN,7,,,,,,
151,,,,,52.381,35.497,77.889,FN,8,,,,,,
151,,,,,65.935,36.128,21.31,FN,9,,,,,,
151,,,,,60.681,37.461,90.252,FN,10,,,,,,
151,,,,,56.134,42.938,27.25,FN,11,,,,,,
151,,,,,25.544,50.457,64.711,FN,13,,,,,,
151,,,,,45.477,57.427,36.057,FN,14,,,,,,
151,,,,,6.472,62.32,28.658,FN,17,,,,,,
151,,,,,19.697,62.311,30.666,FN,18,,,,,,
151,,,,,48.801,66.649,71.25,FN,19,,,,,,
154,0,75.02,16.18,31.35,10.315,2.225,15.675,FP,,,,,,,
154,1,74.0,24.5,32.0,10.175,3.369,16.0,FP,,,,,,,
154,2,320.56,56.57,31.02,44.077,7.778,15.51,FP,,,,,,,
154,3,321.29,49.57,20.29,44.177,6.816,10.143,FP,,,,,,,
154,4,326.0,50.0,27.0,44.825,6.875,13.5,FP,,,,,,,
154,5,320.67,56.33,20.5,44.092,7.746,10.25,FP,,,,,,,
154,6,320.08,63.15,95.58,44.011,8.683,47.791,FP,,,,,,,
154,7,68.88,112.91,27.22,9.472,15.526,13.611,FP,,,,,,,
154,8,63.2,110.99,159.23,8.69,15.261,79.614,FP,,,,,,,
154,9,64.29,109.88,167.18,8.84,15.109,83.588,FP,,,,,,,
154,10,66.0,111.0,96.0,9.075,15.263,48.0,FP,,,,,,,
154,11,66.82,119.95,95.71,9.188,16.494,47.853,FP,,,,,,,
154,12,68.33,117.0,106.33,9.396,16.087,53.167,FP,,,,,,,
154,13,67.0,118.0,105.0,9.213,16.225,52.5,FP,,,,,,,
154,14,5.22,191.27,95.65,0.717,26.3,47.824,FP,,,,,,,
154,15,318.74,193.35,31.63,43.826,26.586,15.813,FP,,,,,,,
154,16,12.33,205.09,31.22,1.695,28.199,15.609,FP,,,,,,,
154,17,445.34,209.74,95.42,61.234,28.839,47.708,TP,9,0.523,0.519,0.737,0.276,-0.444,-0.519
154,18,446.74,208.87,167.74,61.426,28.719,83.868,FP,,,,,,,
154,19,442.04,214.08,31.27,60.78,29.436,15.636,FP,,,,,,,
154,20,445.0,211.0,65.0,61.188,29.013,32.5,FP,,,,,,,
154,21,448.56,317.12,95.78,61.677,43.605,47.891,FP,,,,,,,
154,22,32.26,347.39,95.52,4.436,47.766,47.762,FP,,,,,,,
154,23,318.84,446.72,31.64,43.841,61.424,15.819,FP,,,,,,,
154,24,29.5,446.0,96.0,4.056,61.325,48.0,FP,,,,,,,
154,25,235.43,460.81,31.28,32.372,63.362,15.64,FP,,,,,,,
154,26,232.58,458.25,95.47,31.98,63.01,47.736,FP,,,,,,,
154,27,235.5,460.04,20.16,32.381,63.256,10.08,FP,,,,,,,
154,28,236.2,460.6,11.0,32.478,63.333,5.5,FP,,,,,,,
154,29,391.0,495.0,19.0,53.763,68.062,9.5,FP,,,,,,,
154,30,395.18,499.33,29.83,54.338,68.658,14.916,FP,,,,,,,
154,31,395.42,498.39,20.43,54.371,68.529,10.214,FP,,,,,,,
154,32,393.91,497.58,13.67,54.163,68.417,6.833,FP,,,,,,,
154,33,398.79,502.43,95.5,54.834,69.085,47.75,FP,,,,,,,
154,34,393.41,498.59,36.95,54.094,68.556,18.477,FP,,,,,,,
154,,,,,10.69,2.934,63.218,FN,0,,,,,,
154,,,,,45.544,7.556,7.017,FN,1,,,,,,
154,,,,,28.531,9.779,94.038,FN,2,,,,,,
154,,,,,50.451,11.802,78.771,FN,3,,,,,,
154,,,,,9.3,15.31,72.769,FN,4,,,,,,
154,,,,,11.952,18.784,19.947,FN,5,,,,,,
154,,,,,16.967,19.735,60.331,FN,6,,,,,,
154,,,,,43.84,27.236,92.059,FN,7,,,,,,
154,,,,,0.55,28.483,6.25,FN,8,,,,,,
154,,,,,7.007,31.462,84.418,FN,10,,,,,,
154,,,,,34.323,35.404,12.044,FN,11,,,,,,
154,,,,,40.924,38.037,75.618,FN,12,,,,,,
154,,,,,4.702,47.605,69.08,FN,13,,,,,,
154,,,,,52.243,51.76,45.723,FN,14,,,,,,
154,,,,,28.596,52.342,4.086,FN,15,,,,,,
154,,,,,43.406,57.713,90.93,FN,16,,,,,,
154,,,,,32.5,63.2,39.229,FN,17,,,,,,
154,,,,,52.449,68.122,29.44,FN,18,,,,,,
154,,,,,55.163,69.757,5.767,FN,19,,,,,,
161,0,95.92,12.73,31.86,13.189,1.751,15.932,FP,,,,,,,
161,1,164.75,64.2,28.56,22.653,8.828,14.278,FP,,,,,,,
161,2,165.94,64.23,95.56,22.817,8.832,47.779,FP,,,,,,,
161,3,488.23,109.8,95.38,67.132,15.098,47.69,FP,,,,,,,
161,4,492.41,112.83,31.12,67.707,15.514,15.559,FP,,,,,,,
161,5,492.69,113.07,20.28,67.745,15.547,10.138,FP,,,,,,,
161,6,84.07,136.44,31.48,11.559,18.761,15.739,FP,,,,,,,
161,7,321.83,148.14,30.62,44.251,20.369,15.309,TP,5,0.61,3.657,3.707,-0.552,0.261,-3.657
161,8,322.19,145.79,95.65,44.301,20.047,47.827,FP,,,,,,,
161,9,322.13,145.59,20.27,44.293,20.019,10.136,FP,,,,,,,
161,10,321.46,144.68,12.34,44.201,19.894,6.171,FP,,,,,,,
161,11,321.0,144.57,38.29,44.138,19.879,19.143,FP,,,,,,,
161,12,289.5,243.37,31.24,39.806,33.464,15.618,FP,,,,,,,
161,13,287.91,244.04,95.57,39.588,33.556,47.784,FP,,,,,,,
161,14,291.0,235.0,31.0,40.013,32.312,15.5,FP,,,,,,,
161,15,290.55,238.76,167.58,39.951,32.83,83.788,FP,,,,,,,
161,16,288.12,238.44,159.36,39.617,32.785,79.68,FP,,,,,,,
161,17,292.0,240.0,159.0,40.15,33.0,79.5,FP,,,,,,,
161,18,276.0,249.0,31.0,37.95,34.237,15.5,FP,,,,,,,
161,19,15.96,269.52,31.32,2.195,37.058,15.659,FP,,,,,,,
161,20,144.59,323.67,95.28,19.881,44.504,47.642,FP,,,,,,,
161,21,63.8,319.7,31.8,8.773,43.959,15.901,FP,,,,,,,
161,22,143.67,324.1,24.56,19.754,44.563,12.278,FP,,,,,,,
161,23,317.67,318.33,32.0,43.679,43.771,16.0,FP,,,,,,,
161,24,351.5,318.5,96.0,48.331,43.794,48.0,FP,,,,,,,
161,25,56.49,443.0,95.37,7.767,60.913,47.686,FP,,,,,,,
161,26,69.23,445.25,31.46,9.519,61.222,15.728,FP,,,,,,,
161,27,56.33,440.67,84.0,7.746,60.592,42.0,FP,,,,,,,
161,28,85.46,443.51,20.13,11.751,60.982,10.066,TP,16,0.895,2.937,3.07,0.821,0.355,2.937
161,29,272.31,447.67,26.54,37.442,61.554,13.269,FP,,,,,,,
161,30,271.79,447.35,95.57,37.371,61.511,47.784,FP,,,,,,,
161,31,80.57,445.86,95.86,11.079,61.305,47.929,FP,,,,,,,
161,32,192.46,447.93,31.8,26.463,61.591,15.902,FP,,,,,,,
161,33,76.33,448.67,95.0,10.496,61.692,47.5,FP,,,,,,,
161,34,272.67,448.78,39.0,37.492,61.707,19.5,FP,,,,,,,
161,,,,,13.365,2.493,66.05,FN,0,,,,,,
161,,,,,17.82,3.855,90.064,FN,1,,,,,,
161,,,,,22.896,8.444,1.512,FN,2,,,,,,
161,,,,,67.306,15.2,54.264,FN,3,,,,,,
161,,,,,11.795,18.614,41.163,FN,4,,,,,,
161,,,,,40.455,33.05,63.843,FN,6,,,,,,
161,,,,,38.272,32.627,80.806,FN,7,,,,,,
161,,,,,39.624,34.762,1.523,FN,8,,,,,,
161,,,,,1.861,35.614,3.046,FN,9,,,,,,
161,,,,,20.661,43.543,87.583,FN,10,,,,,,
161,,,,,19.933,44.697,31.324,FN,11,,,,,,
161,,,,,62.473,51.37,75.533,FN,12,,,,,,
161,,,,,31.42,59.43,64.5,FN,13,,,,,,
161,,,,,38.03,60.022,49.917,FN,14,,,,,,
161,,,,,7.231,60.578,63.507,FN,15,,,,,,
161,,,,,52.504,62.561,78.611,FN,17,,,,,,
161,,,,,37.804,62.894,42.778,FN,18,,,,,,
195,0,61.5,38.0,32.0,8.456,5.225,16.0,FP,,,,,,,
195,1,66.81,63.66,31.58,9.186,8.753,15.79,FP,,,,,,,
195,2,190.54,62.68,31.81,26.199,8.619,15.905,FP,,,,,,,
195,3,222.69,63.39,31.72,30.619,8.716,15.861,FP,,,,,,,
195,4,209.79,62.7,95.67,28.846,8.621,47.833,FP,,,,,,,
195,5,62.55,62.45,95.73,8.6,8.587,47.864,FP,,,,,,,
195,6,22.89,138.59,31.26,3.148,19.057,15.629,FP,,,,,,,
195,7,227.01,148.01,95.47,31.213,20.351,47.735,TP,4,0.433,4.168,4.19,-0.427,-0.073,-4.168
195,8,228.24,150.96,31.46,31.383,20.757,15.732,FP,,,,,,,
195,9,232.0,145.0,32.0,31.9,19.938,16.0,FP,,,,,,,
195,10,50.72,192.18,95.58,6.974,26.425,47.792,FP,,,,,,,
195,11,64.0,192.4,167.7,8.8,26.455,83.85,FP,,,,,,,
195,12,64.5,192.5,159.0,8.869,26.469,79.5,FP,,,,,,,
195,13,51.78,199.35,31.55,7.12,27.41,15.776,FP,,,,,,,
195,14,337.71,205.93,26.95,46.435,28.315,13.476,FP,,,,,,,
195,15,337.78,206.35,95.41,46.445,28.374,47.705,FP,,,,,,,
195,16,344.2,202.4,12.6,47.328,27.83,6.3,TP,7,0.715,1.484,1.647,0.613,-0.369,-1.484
195,17,336.86,206.92,52.19,46.318,28.451,26.097,FP,,,,,,,
195,18,344.0,208.0,14.0,47.3,28.6,7.0,FP,,,,,,,
195,19,169.03,239.13,95.55,23.242,32.881,47.777,FP,,,,,,,
195,20,168.92,240.65,31.0,23.226,33.089,15.502,FP,,,,,,,
195,21,169.45,240.43,19.1,23.299,33.059,9.55,FP,,,,,,,
195,22,167.0,239.0,11.0,22.962,32.862,5.5,FP,,,,,,,
195,23,168.75,240.92,44.42,23.203,33.126,22.208,TP,8,0.332,1.725,1.756,-0.164,-0.289,-1.725
195,24,152.13,328.15,27.51,20.917,45.12,13.754,FP,,,,,,,
195,25,156.66,325.85,95.53,21.541,44.805,47.767,FP,,,,,,,
195,26,154.0,322.0,13.0,21.175,44.275,6.5,FP,,,,,,,
195,27,155.0,323.0,12.5,21.312,44.413,6.25,FP,,,,,,,
195,28,156.33,324.67,11.0,21.496,44.642,5.5,FP,,,,,,,
195,29,164.0,324.5,31.0,22.55,44.619,15.5,FP,,,,,,,
195,30,152.52,328.15,12.33,20.971,45.12,6.167,FP,,,,,,,
195,31,270.76,397.31,95.61,37.229,54.63,47.806,FP,,,,,,,
195,32,270.53,398.72,31.34,37.198,54.825,15.672,FP,,,,,,,
195,33,272.5,399.0,20.5,37.469,54.863,10.25,FP,,,,,,,
195,34,31.88,403.01,95.5,4.384,55.414,47.75,FP,,,,,,,
195,35,425.48,430.52,95.6,58.503,59.197,47.799,FP,,,,,,,
195,36,238.31,478.62,31.16,32.768,65.811,15.578,FP,,,,,,,
195,37,238.1,477.52,19.33,32.738,65.659,9.666,TP,16,0.672,1.409,1.561,-0.671,0.044,1.409
195,38,116.7,476.98,31.99,16.047,65.585,15.996,FP,,,,,,,
195,39,318.67,480.9,95.47,43.818,66.124,47.734,FP,,,,,,,
195,40,120.81,477.74,95.87,16.612,65.689,47.935,FP,,,,,,,
195,41,237.0,477.0,11.0,32.588,65.588,5.5,FP,,,,,,,
195,42,315.88,484.8,30.97,43.434,66.66,15.483,FP,,,,,,,
195,43,239.0,479.0,40.0,32.862,65.863,20.0,FP,,,,,,,
195,44,315.83,484.74,20.32,43.427,66.652,10.162,TP,18,0.651,2.643,2.722,0.315,-0.57,2.643
195,45,318.5,479.0,19.0,43.794,65.863,9.5,FP,,,,,,,
195,46,240.67,481.0,95.67,33.092,66.138,47.833,FP,,,,,,,
195,47,314.2,484.06,12.28,43.203,66.559,6.141,FP,,,,,,,
195,48,314.67,482.33,44.0,43.267,66.321,22.0,FP,,,,,,,
195,49,316.56,484.56,42.33,43.526,66.626,21.167,FP,,,,,,,
195,50,440.05,495.06,24.27,60.507,68.071,12.134,FP,,,,,,,
195,51,442.91,495.83,95.54,60.901,68.176,47.768,FP,,,,,,,
195,52,439.0,495.0,40.0,60.363,68.062,20.0,TP,19,0.138,2.106,2.11,-0.029,-0.134,-2.106
195,53,441.0,497.0,44.0,60.638,68.338,22.0,FP,,,,,,,
195,54,434.5,498.0,37.0,59.744,68.475,18.5,FP,,,,,,,
195,,,,,19.666,1.098,53.984,FN,0,,,,,,
195,,,,,13.27,4.952,50.504,FN,1,,,,,,
195,,,,,8.1,5.162,63.768,FN,2,,,,,,
195,,,,,4.024,19.175,52.512,FN,3,,,,,,
195,,,,,21.667,22.838,98.0,FN,5,,,,,,
195,,,,,6.725,26.954,72.044,FN,6,,,,,,
195,,,,,21.514,45.329,18.256,FN,9,,,,,,
195,,,,,27.722,49.469,91.086,FN,10,,,,,,
195,,,,,30.212,49.312,55.758,FN,11,,,,,,
195,,,,,36.417,53.829,7.095,FN,12,,,,,,
195,,,,,4.341,55.559,58.231,FN,13,,,,,,
195,,,,,58.219,59.119,63.012,FN,14,,,,,,
195,,,,,17.257,63.6,69.256,FN,15,,,,,,
195,,,,,15.859,65.624,71.405,FN,17,,,,,,
196,0,442.61,31.21,31.31,60.859,4.292,15.653,FP,,,,,,,
196,1,447.22,31.98,95.72,61.493,4.398,47.859,FP,,,,,,,
196,2,440.0,30.5,20.0,60.5,4.194,10.0,FP,,,,,,,
196,3,445.0,30.67,20.33,61.188,4.217,10.167,FP,,,,,,,
196,4,441.0,31.0,21.0,60.638,4.263,10.5,FP,,,,,,,
196,5,169.48,55.99,31.18,23.304,7.699,15.589,FP,,,,,,,
196,6,173.58,51.2,20.34,23.867,7.04,10.171,FP,,,,,,,
196,7,176.64,48.86,38.71,24.288,6.718,19.357,FP,,,,,,,
196,8,176.0,49.0,11.0,24.2,6.738,5.5,FP,,,,,,,
196,9,176.5,49.0,14.0,24.269,6.738,7.0,FP,,,,,,,
196,10,172.9,51.3,12.8,23.774,7.054,6.4,FP,,,,,,,
196,11,165.0,61.95,95.65,22.688,8.518,47.827,FP,,,,,,,
196,12,173.29,52.43,11.0,23.827,7.209,5.5,FP,,,,,,,
196,13,319.4,63.7,95.88,43.918,8.758,47.939,FP,,,,,,,
196,14,136.76,79.79,95.55,18.805,10.971,47.774,FP,,,,,,,
196,15,142.5,79.0,32.0,19.594,10.863,16.0,FP,,,,,,,
196,16,141.87,80.93,31.33,19.507,11.128,15.667,FP,,,,,,,
196,17,449.35,140.42,31.42,61.786,19.308,15.712,FP,,,,,,,
196,18,450.0,138.29,96.0,61.875,19.014,48.0,TP,3,0.392,3.475,3.497,-0.387,0.065,3.475
196,19,263.37,151.41,39.75,36.213,20.819,19.875,FP,,,,,,,
196,20,160.04,157.63,31.62,22.005,21.674,15.811,FP,,,,,,,
196,21,82.04,197.59,95.45,11.281,27.169,47.726,FP,,,,,,,
196,22,319.77,193.65,95.72,43.968,26.627,47.858,FP,,,,,,,
196,23,91.87,191.77,31.4,12.632,26.368,15.7,FP,,,,,,,
196,24,62.67,191.47,159.13,8.617,26.327,79.567,FP,,,,,,,
196,25,62.4,190.4,167.8,8.58,26.18,83.9,FP,,,,,,,
196,26,88.75,196.75,30.75,12.203,27.053,15.375,FP,,,,,,,
196,27,81.29,207.67,31.14,11.177,28.555,15.568,FP,,,,,,,
196,28,83.0,203.0,44.0,11.413,27.913,22.0,FP,,,,,,,
196,29,80.41,208.5,20.22,11.057,28.669,10.111,FP,,,,,,,
196,30,80.43,208.57,14.43,11.059,28.679,7.214,FP,,,,,,,
196,31,77.0,209.0,11.0,10.588,28.738,5.5,FP,,,,,,,
196,32,434.23,232.57,95.6,59.706,31.978,47.801,FP,,,,,,,
196,33,59.27,287.14,30.85,8.149,39.482,15.426,FP,,,,,,,
196,34,59.0,283.0,20.0,8.113,38.913,10.0,FP,,,,,,,
196,35,60.18,286.08,95.74,8.275,39.336,47.872,FP,,,,,,,
196,36,60.5,285.0,19.0,8.319,39.188,9.5,FP,,,,,,,
196,37,57.58,287.04,21.08,7.918,39.468,10.542,FP,,,,,,,
196,38,60.83,288.67,21.67,8.365,39.692,10.833,FP,,,,,,,
196,39,267.44,302.7,31.7,36.773,41.621,15.852,TP,14,0.527,4.212,4.244,0.092,0.519,-4.212
196,40,266.73,300.38,95.59,36.675,41.303,47.794,FP,,,,,,,
196,41,268.62,300.38,42.15,36.935,41.303,21.077,FP,,,,,,,
196,42,370.23,442.4,95.66,50.906,60.831,47.828,FP,,,,,,,
196,43,368.48,443.38,32.55,50.666,60.965,16.276,FP,,,,,,,
196,44,365.07,446.98,159.4,50.197,61.459,79.698,FP,,,,,,,
196,45,365.21,446.7,167.57,50.217,61.421,83.786,FP,,,,,,,
196,,,,,60.714,4.278,31.3,FN,0,,,,,,
196,,,,,23.845,7.036,26.888,FN,1,,,,,,
196,,,,,18.712,11.832,9.768,FN,2,,,,,,
196,,,,,21.784,20.796,21.154,FN,4,,,,,,
196,,,,,36.207,20.862,62.994,FN,5,,,,,,
196,,,,,19.234,21.013,98.859,FN,6,,,,,,
196,,,,,44.44,24.153,77.292,FN,7,,,,,,
196,,,,,13.113,25.316,50.778,FN,8,,,,,,
196,,,,,11.239,28.973,32.808,FN,9,,,,,,
196,,,,,42.246,31.852,83.777,FN,10,,,,,,
196,,,,,59.528,31.772,64.264,FN,11,,,,,,
196,,,,,38.962,35.941,50.024,FN,12,,,,,,
196,,,,,8.034,39.222,29.769,FN,13,,,,,,
196,,,,,50.868,59.433,59.151,FN,15,,,,,,
196,,,,,50.551,61.141,68.553,FN,16,,,,,,
196,,,,,27.992,65.174,63.469,FN,17,,,,,,
196,,,,,35.042,64.245,48.092,FN,18,,,,,,
196,,,,,37.861,66.091,68.208,FN,19,,,,,,
21,0,447.33,30.99,31.21,61.509,4.261,15.606,FP,,,,,,,
21,1,446.93,30.74,95.57,61.453,4.227,47.783,FP,,,,,,,
21,2,448.1,30.71,20.19,61.613,4.223,10.096,FP,,,,,,,
21,3,447.78,32.41,39.78,61.57,4.456,19.891,FP,,,,,,,
21,4,190.2,62.35,31.7,26.152,8.573,15.848,FP,,,,,,,
21,5,286.48,62.94,95.62,39.391,8.655,47.808,FP,,,,,,,
21,6,89.35,143.38,30.74,12.285,19.715,15.371,FP,,,,,,,
21,7,86.43,143.95,20.5,11.884,19.793,10.25,TP,3,0.557,1.307,1.421,-0.436,-0.346,1.307
21,8,92.5,144.0,27.0,12.719,19.8,13.5,FP,,,,,,,
21,9,30.54,193.23,31.68,4.199,26.569,15.841,FP,,,,,,,
21,10,110.65,208.01,31.24,15.214,28.601,15.622,FP,,,,,,,
21,11,110.71,207.71,20.29,15.222,28.56,10.146,FP,,,,,,,
21,12,109.0,209.0,20.0,14.988,28.738,10.0,FP,,,,,,,
21,13,206.72,222.97,95.62,28.424,30.658,47.81,FP,,,,,,,
21,14,205.92,224.28,31.4,28.314,30.838,15.698,FP,,,,,,,
21,15,206.5,224.5,21.0,28.394,30.869,10.5,FP,,,,,,,
21,16,48.53,263.4,95.71,6.673,36.217,47.857,TP,6,0.558,4.475,4.509,0.035,-0.557,4.475
21,17,47.99,267.16,31.51,6.598,36.734,15.757,FP,,,,,,,
21,18,207.38,318.95,31.79,28.515,43.855,15.896,FP,,,,,,,
21,19,63.18,318.0,168.09,8.688,43.725,84.045,FP,,,,,,,
21,20,318.0,318.0,96.0,43.725,43.725,48.0,FP,,,,,,,
21,21,212.0,320.0,31.0,29.15,44.0,15.5,FP,,,,,,,
21,22,116.66,349.15,31.48,16.041,48.008,15.74,TP,9,1.102,2.88,3.083,-1.054,0.322,-2.88
21,23,121.74,347.05,95.68,16.74,47.72,47.838,FP,,,,,,,
21,24,132.55,347.57,95.57,18.226,47.791,47.786,FP,,,,,,,
21,25,14.36,352.83,95.48,1.974,48.514,47.739,FP,,,,,,,
21,26,15.36,354.31,27.85,2.112,48.718,13.927,FP,,,,,,,
21,27,295.99,359.64,19.09,40.699,49.451,9.543,FP,,,,,,,
21,28,295.97,360.75,33.87,40.696,49.603,16.934,FP,,,,,,,
21,29,296.5,355.0,13.0,40.769,48.812,6.5,FP,,,,,,,
21,30,12.0,356.0,11.0,1.65,48.95,5.5,FP,,,,,,,
21,31,292.5,356.5,11.0,40.219,49.019,5.5,FP,,,,,,,
21,32,13.0,357.0,11.0,1.788,49.088,5.5,FP,,,,,,,
21,33,296.46,359.89,52.19,40.763,49.485,26.095,FP,,,,,,,
21,34,304.0,357.0,30.0,41.8,49.088,15.0,FP,,,,,,,
21,35,14.0,358.0,12.0,1.925,49.225,6.0,FP,,,,,,,
21,36,291.0,359.0,13.0,40.013,49.362,6.5,FP,,,,,,,
21,37,299.94,364.56,95.05,41.242,50.127,47.525,FP,,,,,,,
21,38,290.8,362.2,12.8,39.985,49.803,6.4,FP,,,,,,,
21,39,292.5,361.0,14.0,40.219,49.638,7.0,FP,,,,,,,
21,40,293.0,361.0,51.0,40.288,49.638,25.5,FP,,,,,,,
21,41,160.25,447.38,31.75,22.034,61.514,15.875,FP,,,,,,,
21,42,13.95,465.02,95.67,1.918,63.94,47.836,FP,,,,,,,
21,43,10.51,467.05,30.16,1.445,64.219,15.08,FP,,,,,,,
21,44,12.05,466.44,20.22,1.656,64.135,10.109,FP,,,,,,,
21,45,231.4,494.68,95.3,31.817,68.019,47.65,FP,,,,,,,
21,46,245.0,487.0,96.0,33.688,66.963,48.0,FP,,,,,,,
21,47,228.67,494.09,25.63,31.442,67.937,12.817,FP,,,,,,,
21,48,226.2,493.01,83.67,31.102,67.789,41.835,TP,17,0.704,0.621,0.939,0.487,0.508,0.621
21,49,321.1,496.68,31.29,44.152,68.294,15.647,FP,,,,,,,
21,50,353.57,495.73,31.33,48.616,68.163,15.664,FP,,,,,,,
21,51,227.0,491.0,36.5,31.213,67.513,18.25,FP,,,,,,,
21,52,317.92,495.39,95.56,43.715,68.116,47.778,FP,,,,,,,
21,53,321.21,495.66,47.66,44.166,68.153,23.829,FP,,,,,,,
21,54,355.43,495.28,17.61,48.872,68.101,8.807,FP,,,,,,,
21,55,229.0,493.0,42.5,31.488,67.787,21.25,FP,,,,,,,
21,56,230.67,493.67,43.0,31.717,67.879,21.5,FP,,,,,,,
21,57,341.67,494.33,96.0,46.979,67.971,48.0,FP,,,,,,,
21,58,230.0,494.0,41.0,31.625,67.925,20.5,FP,,,,,,,
21,59,354.27,496.56,44.44,48.713,68.278,22.218,FP,,,,,,,
21,60,321.5,497.73,20.27,44.206,68.438,10.136,FP,,,,,,,
21,61,360.0,496.0,35.0,49.5,68.2,17.5,FP,,,,,,,
21,62,353.0,497.0,52.5,48.538,68.338,26.25,FP,,,,,,,
21,,,,,61.604,3.111,1.014,FN,0,,,,,,
21,,,,,57.02,4.97,88.625,FN,1,,,,,,
21,,,,,60.757,13.208,96.622,FN,2,,,,,,
21,,,,,15.089,28.226,28.389,FN,4,,,,,,
21,,,,,28.47,30.642,42.5,FN,5,,,,,,
21,,,,,41.307,37.123,89.524,FN,7,,,,,,
21,,,,,29.398,42.09,98.78,FN,8,,,,,,
21,,,,,2.23,48.669,36.225,FN,10,,,,,,
21,,,,,41.435,49.922,1.979,FN,11,,,,,,
21,,,,,46.962,53.573,69.543,FN,12,,,,,,
21,,,,,53.347,58.889,50.028,FN,13,,,,,,
21,,,,,1.775,64.294,42.778,FN,14,,,,,,
21,,,,,49.218,67.601,37.914,FN,15,,,,,,
21,,,,,43.816,67.789,58.487,FN,16,,,,,,
21,,,,,33.755,67.81,4.691,FN,18,,,,,,
21,,,,,6.866,68.819,29.161,FN,19,,,,,,
35,0,463.11,49.53,25.5,63.678,6.81,12.751,FP,,,,,,,
35,1,458.57,55.0,95.4,63.053,7.563,47.698,FP,,,,,,,
35,2,27.7,64.39,30.78,3.808,8.854,15.391,FP,,,,,,,
35,3,27.93,63.46,20.06,3.841,8.726,10.03,TP,1,0.529,0.993,1.125,-0.141,-0.51,0.993
35,4,28.26,64.43,95.38,3.885,8.859,47.69,FP,,,,,,,
35,5,29.0,61.0,11.0,3.988,8.387,5.5,FP,,,,,,,
35,6,26.5,63.0,13.0,3.644,8.663,6.5,FP,,,,,,,
35,7,30.29,64.18,38.96,4.164,8.825,19.482,FP,,,,,,,
35,8,24.6,64.6,13.8,3.383,8.882,6.9,FP,,,,,,,
35,9,32.0,64.0,22.0,4.4,8.8,11.0,FP,,,,,,,
35,10,25.0,65.0,38.0,3.438,8.938,19.0,FP,,,,,,,
35,11,17.0,69.0,31.0,2.338,9.488,15.5,FP,,,,,,,
35,12,77.68,108.37,27.46,10.681,14.9,13.732,FP,,,,,,,
35,13,78.12,108.94,51.99,10.742,14.98,25.993,FP,,,,,,,
35,14,77.91,109.82,95.27,10.712,15.1,47.636,FP,,,,,,,
35,15,77.0,112.0,95.0,10.588,15.4,47.5,FP,,,,,,,
35,16,481.06,134.7,31.54,66.146,18.521,15.772,FP,,,,,,,
35,17,445.65,189.31,95.72,61.276,26.03,47.861,FP,,,,,,,
35,18,421.82,194.64,32.53,58.0,26.763,16.265,FP,,,,,,,
35,19,425.56,193.39,95.56,58.514,26.591,47.779,FP,,,,,,,
35,20,192.43,193.39,95.56,26.459,26.591,47.779,FP,,,,,,,
35,21,418.66,193.02,20.1,57.566,26.54,10.049,TP,6,0.662,2.273,2.368,-0.432,-0.501,2.273
35,22,209.0,192.0,32.0,28.738,26.4,16.0,FP,,,,,,,
35,23,420.0,191.0,17.0,57.75,26.263,8.5,FP,,,,,,,
35,24,435.04,191.88,19.54,59.818,26.384,9.769,FP,,,,,,,
35,25,438.67,191.0,16.67,60.317,26.263,8.333,FP,,,,,,,
35,26,417.47,192.93,12.42,57.403,26.528,6.209,FP,,,,,,,
35,27,417.0,192.0,53.0,57.338,26.4,26.5,FP,,,,,,,
35,28,421.51,193.26,159.44,57.958,26.573,79.721,FP,,,,,,,
35,29,421.95,192.86,167.41,58.019,26.519,83.705,FP,,,,,,,
35,30,440.0,192.0,15.0,60.5,26.4,7.5,FP,,,,,,,
35,31,440.0,192.0,19.5,60.5,26.4,9.75,FP,,,,,,,
35,32,189.96,206.0,31.48,26.119,28.325,15.739,FP,,,,,,,
35,33,408.37,287.51,25.68,56.151,39.532,12.841,FP,,,,,,,
35,34,413.91,288.21,95.61,56.913,39.629,47.807,FP,,,,,,,
35,35,224.09,289.77,31.16,30.812,39.844,15.578,FP,,,,,,,
35,36,224.67,289.07,20.6,30.892,39.747,10.3,FP,,,,,,,
35,37,226.76,290.36,95.75,31.18,39.924,47.873,FP,,,,,,,
35,38,400.6,288.6,38.8,55.083,39.683,19.4,FP,,,,,,,
35,39,403.0,288.5,39.0,55.413,39.669,19.5,FP,,,,,,,
35,40,411.0,289.0,44.0,56.513,39.737,22.0,TP,8,0.168,0.975,0.989,-0.16,0.049,-0.975
35,41,37.98,319.46,95.52,5.222,43.926,47.758,FP,,,,,,,
35,42,39.85,321.16,31.6,5.479,44.159,15.799,FP,,,,,,,
35,43,190.46,319.88,31.9,26.189,43.984,15.95,FP,,,,,,,
35,44,191.34,319.76,95.87,26.31,43.967,47.934,FP,,,,,,,
35,45,41.76,319.58,167.59,5.743,43.942,83.794,FP,,,,,,,
35,46,39.76,319.62,159.48,5.467,43.947,79.742,FP,,,,,,,
35,47,496.3,320.12,31.77,68.241,44.017,15.883,FP,,,,,,,
35,48,367.49,358.98,29.24,50.53,49.36,14.622,FP,,,,,,,
35,49,366.67,360.56,16.44,50.417,49.576,8.222,FP,,,,,,,
35,50,115.04,366.26,31.79,15.818,50.36,15.895,FP,,,,,,,
35,51,118.21,365.97,95.71,16.254,50.32,47.856,FP,,,,,,,
35,52,448.68,380.93,95.68,61.693,52.377,47.838,FP,,,,,,,
35,53,450.37,392.65,31.58,61.926,53.99,15.791,FP,,,,,,,
35,54,372.17,447.9,31.57,51.174,61.586,15.787,FP,,,,,,,
35,55,390.55,446.92,95.71,53.701,61.452,47.857,FP,,,,,,,
35,56,375.01,448.6,95.69,51.565,61.682,47.847,FP,,,,,,,
35,57,318.2,446.5,31.85,43.753,61.394,15.925,FP,,,,,,,
35,58,342.0,446.0,32.0,47.025,61.325,16.0,FP,,,,,,,
35,59,160.0,447.0,32.0,22.0,61.463,16.0,FP,,,,,,,
35,60,377.0,448.67,80.33,51.838,61.692,40.167,TP,17,0.02,1.365,1.365,-0.014,0.014,1.365
35,,,,,63.826,6.638,24.372,FN,0,,,,,,
35,,,,,10.633,14.782,7.179,FN,2,,,,,,
35,,,,,66.593,17.664,28.988,FN,3,,,,,,
35,,,,,23.702,21.247,95.744,FN,4,,,,,,
35,,,,,61.933,25.966,56.387,FN,5,,,,,,
35,,,,,38.571,31.342,51.909,FN,7,,,,,,
35,,,,,31.371,39.968,28.54,FN,9,,,,,,
35,,,,,38.246,40.49,85.095,FN,10,,,,,,
35,,,,,5.474,44.148,59.855,FN,11,,,,,,
35,,,,,50.717,49.324,70.352,FN,12,,,,,,
35,,,,,49.689,49.556,63.759,FN,13,,,,,,
35,,,,,15.688,50.168,63.276,FN,14,,,,,,
35,,,,,44.805,50.8,85.19,FN,15,,,,,,
35,,,,,62.283,54.039,64.347,FN,16,,,,,,
35,,,,,33.979,67.617,50.313,FN,18,,,,,,
35,,,,,0.903,68.517,61.723,FN,19,,,,,,
44,0,349.63,28.1,29.91,48.074,3.864,14.954,TP,2,0.333,1.238,1.282,0.228,0.243,-1.238
44,1,348.15,27.62,20.46,47.871,3.797,10.231,FP,,,,,,,
44,2,346.67,26.33,36.5,47.667,3.621,18.25,FP,,,,,,,
44,3,344.4,30.04,11.68,47.355,4.131,5.84,FP,,,,,,,
44,4,317.8,32.83,158.94,43.697,4.514,79.471,FP,,,,,,,
44,5,316.67,32.83,167.17,43.542,4.515,83.583,FP,,,,,,,
44,6,214.06,54.96,95.29,29.433,7.557,47.643,FP,,,,,,,
44,7,214.62,53.71,30.75,29.511,7.385,15.376,FP,,,,,,,
44,8,214.56,52.23,20.3,29.502,7.181,10.149,FP,,,,,,,
44,9,214.36,50.57,11.74,29.474,6.954,5.869,FP,,,,,,,
44,10,215.24,50.61,39.6,29.595,6.958,19.798,FP,,,,,,,
44,11,215.83,50.04,84.52,29.676,6.881,42.261,FP,,,,,,,
44,12,215.0,50.0,91.0,29.562,6.875,45.5,FP,,,,,,,
44,13,216.0,56.0,39.0,29.7,7.7,19.5,FP,,,,,,,
44,14,320.03,63.92,95.7,44.004,8.789,47.851,FP,,,,,,,
44,15,62.28,63.81,95.67,8.564,8.773,47.833,FP,,,,,,,
44,16,457.31,90.94,31.5,62.879,12.505,15.752,FP,,,,,,,
44,17,453.62,89.64,20.16,62.373,12.325,10.078,TP,5,0.056,4.078,4.078,-0.056,-0.007,4.078
44,18,465.88,88.93,20.54,64.058,12.227,10.268,FP,,,,,,,
44,19,455.0,87.0,35.0,62.562,11.963,17.5,FP,,,,,,,
44,20,458.33,88.88,52.27,63.02,12.222,26.135,FP,,,,,,,
44,21,457.0,89.0,44.0,62.838,12.238,22.0,FP,,,,,,,
44,22,464.5,90.0,44.5,63.869,12.375,22.25,FP,,,,,,,
44,23,458.2,90.8,44.2,63.003,12.485,22.1,FP,,,,,,,
44,24,460.5,92.5,19.0,63.319,12.719,9.5,FP,,,,,,,
44,25,460.0,92.0,43.0,63.25,12.65,21.5,FP,,,,,,,
44,26,456.0,93.0,43.0,62.7,12.788,21.5,FP,,,,,,,
44,27,463.0,93.0,27.0,63.663,12.788,13.5,FP,,,,,,,
44,28,456.67,94.33,44.5,62.792,12.971,22.25,FP,,,,,,,
44,29,458.0,94.0,43.0,62.975,12.925,21.5,FP,,,,,,,
44,30,147.17,106.08,26.72,20.236,14.585,13.36,TP,7,0.023,4.36,4.36,-0.021,-0.009,4.36
44,31,147.0,99.0,13.0,20.212,13.613,6.5,FP,,,,,,,
44,32,146.21,107.22,46.56,20.104,14.743,23.282,FP,,,,,,,
44,33,145.8,109.23,95.27,20.047,15.019,47.637,FP,,,,,,,
44,34,139.0,107.0,20.0,19.113,14.713,10.0,FP,,,,,,,
44,35,96.26,145.2,31.31,13.236,19.965,15.656,FP,,,,,,,
44,36,97.53,143.35,95.4,13.41,19.71,47.701,FP,,,,,,,
44,37,96.3,145.04,20.57,13.241,19.943,10.287,FP,,,,,,,
44,38,319.74,159.75,26.99,43.965,21.966,13.494,FP,,,,,,,
44,39,319.22,159.9,95.49,43.893,21.986,47.743,FP,,,,,,,
44,40,320.1,160.1,52.58,44.014,22.014,26.288,FP,,,,,,,
44,41,320.5,161.0,167.0,44.069,22.138,83.5,FP,,,,,,,
44,42,189.11,191.71,31.65,26.003,26.36,15.827,FP,,,,,,,
44,43,337.07,270.9,31.59,46.347,37.248,15.795,FP,,,,,,,
44,44,446.87,319.48,95.62,61.445,43.929,47.812,FP,,,,,,,
44,45,84.9,325.15,95.65,11.673,44.708,47.826,FP,,,,,,,
44,46,63.0,319.0,168.0,8.663,43.862,84.0,FP,,,,,,,
44,47,64.14,320.57,167.71,8.82,44.079,83.857,FP,,,,,,,
44,48,84.24,331.25,30.95,11.583,45.547,15.473,TP,12,0.884,1.053,1.375,-0.883,-0.052,-1.053
44,49,84.88,329.94,20.34,11.671,45.367,10.169,FP,,,,,,,
44,50,135.0,341.5,41.0,18.562,46.956,20.5,FP,,,,,,,
44,51,317.0,349.29,95.65,43.588,48.028,47.824,FP,,,,,,,
44,52,418.45,355.2,95.15,57.537,48.84,47.575,TP,15,0.306,0.735,0.796,0.048,-0.302,0.735
44,53,417.68,358.64,31.12,57.431,49.312,15.561,FP,,,,,,,
44,54,221.85,381.77,96.08,30.504,52.493,48.038,FP,,,,,,,
44,55,229.71,389.28,95.87,31.585,53.526,47.935,FP,,,,,,,
44,56,493.54,403.4,31.48,67.862,55.468,15.74,FP,,,,,,,
44,57,453.27,446.06,95.78,62.324,61.333,47.892,FP,,,,,,,
44,58,456.11,447.54,31.7,62.715,61.536,15.848,FP,,,,,,,
44,59,61.47,445.87,96.13,8.452,61.307,48.067,FP,,,,,,,
44,60,320.15,448.15,31.54,44.021,61.621,15.769,FP,,,,,,,
44,61,389.31,491.81,31.62,53.53,67.624,15.812,FP,,,,,,,
44,,,,,63.491,1.525,91.283,FN,0,,,,,,
44,,,,,40.933,2.478,37.768,FN,1,,,,,,
44,,,,,29.686,7.151,34.462,FN,3,,,,,,
44,,,,,45.172,8.385,57.687,FN,4,,,,,,
44,,,,,64.258,12.607,5.5,FN,6,,,,,,
44,,,,,14.249,19.461,3.676,FN,8,,,,,,
44,,,,,44.183,21.973,6.202,FN,9,,,,,,
44,,,,,46.573,37.512,59.426,FN,10,,,,,,
44,,,,,4.593,39.625,87.235,FN,11,,,,,,
44,,,,,42.851,46.876,84.915,FN,13,,,,,,
44,,,,,18.434,46.962,66.9,FN,14,,,,,,
44,,,,,31.763,52.861,32.481,FN,16,,,,,,
44,,,,,67.527,55.561,57.43,FN,17,,,,,,
44,,,,,55.678,56.384,63.509,FN,18,,,,,,
44,,,,,63.63,59.395,53.854,FN,19,,,,,,
44,,,,,53.111,67.506,64.039,FN,20,,,,,,
48,0,335.59,64.62,31.62,46.143,8.885,15.809,FP,,,,,,,
48,1,192.8,101.13,95.52,26.511,13.905,47.761,FP,,,,,,,
48,2,194.48,103.05,30.89,26.741,14.169,15.446,TP,1,0.211,3.642,3.648,-0.102,-0.185,-3.642
48,3,195.28,101.35,20.34,26.851,13.935,10.17,FP,,,,,,,
48,4,194.4,99.58,12.51,26.73,13.692,6.254,FP,,,,,,,
48,5,400.87,104.91,95.58,55.12,14.425,47.788,TP,2,0.076,2.969,2.97,-0.028,-0.07,2.969
48,6,199.0,103.0,13.0,27.363,14.163,6.5,FP,,,,,,,
48,7,192.67,104.67,44.0,26.492,14.392,22.0,FP,,,,,,,
48,8,396.68,108.17,30.33,54.544,14.873,15.164,FP,,,,,,,
48,9,398.29,108.47,18.07,54.764,14.914,9.033,FP,,,,,,,
48,10,395.0,107.0,12.5,54.312,14.713,6.25,FP,,,,,,,
48,11,322.74,158.85,95.61,44.377,21.842,47.806,FP,,,,,,,
48,12,319.38,173.31,31.69,43.915,23.83,15.845,FP,,,,,,,
48,13,479.25,177.34,95.43,65.897,24.384,47.714,FP,,,,,,,
48,14,480.1,178.81,36.54,66.014,24.587,18.268,FP,,,,,,,
48,15,484.0,178.0,52.0,66.55,24.475,26.0,FP,,,,,,,
48,16,300.76,192.81,31.43,41.354,26.511,15.713,FP,,,,,,,
48,17,302.74,191.96,95.54,41.626,26.394,47.769,FP,,,,,,,
48,18,190.44,191.65,31.77,26.186,26.352,15.884,FP,,,,,,,
48,19,62.0,190.25,32.0,8.525,26.159,16.0,FP,,,,,,,
48,20,462.8,191.35,95.75,63.635,26.311,47.875,FP,,,,,,,
48,21,292.5,192.5,159.0,40.219,26.469,79.5,FP,,,,,,,
48,22,394.71,239.04,95.42,54.273,32.868,47.711,FP,,,,,,,
48,23,398.16,238.51,26.51,54.747,32.795,13.254,TP,8,0.529,1.946,2.017,0.525,0.064,-1.946
48,24,395.0,235.0,13.5,54.312,32.312,6.75,FP,,,,,,,
48,25,442.56,319.17,31.63,60.852,43.886,15.813,FP,,,,,,,
48,26,447.38,321.23,95.56,61.515,44.17,47.781,FP,,,,,,,
48,27,47.93,335.54,95.58,6.59,46.137,47.791,FP,,,,,,,
48,28,48.17,335.5,167.67,6.623,46.131,83.833,FP,,,,,,,
48,29,208.73,349.05,95.58,28.701,47.994,47.791,FP,,,,,,,
48,30,209.52,349.23,16.62,28.81,48.019,8.311,FP,,,,,,,
48,31,209.16,349.96,31.53,28.759,48.12,15.763,TP,13,0.467,4.101,4.128,-0.118,0.452,-4.101
48,32,208.7,350.0,44.3,28.696,48.125,22.15,FP,,,,,,,
48,33,405.21,419.22,31.03,55.716,57.643,15.517,FP,,,,,,,
48,34,410.93,419.67,95.91,56.503,57.704,47.955,FP,,,,,,,
48,35,462.27,442.64,17.37,63.562,60.863,8.687,TP,15,0.696,0.1,0.703,-0.015,0.696,-0.1
48,36,462.25,443.28,31.52,63.56,60.951,15.761,FP,,,,,,,
48,37,463.95,441.36,43.77,63.793,60.687,21.885,FP,,,,,,,
48,38,458.88,445.97,95.48,63.096,61.321,47.742,FP,,,,,,,
48,39,459.0,442.5,44.0,63.113,60.844,22.0,FP,,,,,,,
48,40,460.5,444.0,43.0,63.319,61.05,21.5,FP,,,,,,,
48,41,235.43,453.45,31.63,32.371,62.349,15.816,FP,,,,,,,
48,42,235.2,454.32,95.38,32.34,62.469,47.689,FP,,,,,,,
48,43,98.03,489.47,20.15,13.479,67.302,10.073,FP,,,,,,,
48,44,97.54,489.47,12.8,13.411,67.302,6.402,FP,,,,,,,
48,45,97.02,491.28,31.07,13.34,67.551,15.536,FP,,,,,,,
48,46,100.0,492.0,14.0,13.75,67.65,7.0,FP,,,,,,,
48,,,,,69.05,8.681,68.037,FN,0,,,,,,
48,,,,,19.323,17.612,50.043,FN,3,,,,,,
48,,,,,45.188,22.076,54.505,FN,4,,,,,,
48,,,,,57.114,22.691,88.065,FN,5,,,,,,
48,,,,,65.936,24.477,61.0,FN,6,,,,,,
48,,,,,41.308,26.68,34.454,FN,7,,,,,,
48,,,,,16.642,37.558,96.807,FN,9,,,,,,
48,,,,,60.431,43.871,88.061,FN,10,,,,,,
48,,,,,6.315,46.445,71.85,FN,11,,,,,,
48,,,,,23.254,46.859,98.283,FN,12,,,,,,
48,,,,,56.341,57.762,28.425,FN,14,,,,,,
48,,,,,19.014,60.219,83.839,FN,16,,,,,,
48,,,,,32.377,62.632,57.996,FN,17,,,,,,
48,,,,,13.749,66.874,34.474,FN,18,,,,,,
48,,,,,25.997,69.541,45.0,FN,19,,,,,,
55,0,423.31,19.78,30.57,58.206,2.72,15.287,FP,,,,,,,
55,1,426.99,14.57,95.46,58.711,2.003,47.729,FP,,,,,,,
55,2,423.44,19.97,20.31,58.223,2.745,10.153,FP,,,,,,,
55,3,422.68,20.16,12.17,58.119,2.773,6.086,FP,,,,,,,
55,4,425.96,26.44,95.65,58.569,3.635,47.824,FP,,,,,,,
55,5,414.55,30.81,95.54,57.001,4.236,47.769,FP,,,,,,,
55,6,433.14,32.68,95.86,59.556,4.494,47.932,FP,,,,,,,
55,7,247.93,68.51,95.53,34.09,9.421,47.765,FP,,,,,,,
55,8,241.0,65.0,167.0,33.138,8.938,83.5,FP,,,,,,,
55,9,249.92,72.54,32.08,34.364,9.974,16.042,FP,,,,,,,
55,10,250.4,71.2,44.0,34.43,9.79,22.0,FP,,,,,,,
55,11,141.48,82.71,95.5,19.453,11.373,47.749,FP,,,,,,,
55,12,51.21,82.62,95.3,7.041,11.361,47.651,TP,3,0.345,3.289,3.307,-0.131,-0.319,-3.289
55,13,51.31,84.95,30.96,7.056,11.681,15.482,FP,,,,,,,
55,14,51.1,85.3,20.36,7.026,11.729,10.181,FP,,,,,,,
55,15,138.08,91.3,31.45,18.986,12.554,15.723,FP,,,,,,,
55,16,319.34,94.83,31.58,43.91,13.04,15.791,FP,,,,,,,
55,17,318.75,93.45,95.73,43.827,12.849,47.864,FP,,,,,,,
55,18,400.52,156.43,31.06,55.072,21.51,15.529,FP,,,,,,,
55,19,265.43,191.06,31.3,36.496,26.27,15.65,FP,,,,,,,
55,20,447.1,191.25,26.81,61.476,26.297,13.406,FP,,,,,,,
55,21,447.33,191.2,95.58,61.508,26.29,47.79,FP,,,,,,,
55,22,265.34,191.5,95.61,36.485,26.332,47.803,FP,,,,,,,
55,23,266.54,190.38,20.1,36.65,26.177,10.052,TP,10,1.064,0.56,1.203,1.063,0.06,0.56
55,24,159.31,191.08,31.75,21.905,26.274,15.875,FP,,,,,,,
55,25,247.3,191.51,31.53,34.004,26.333,15.763,FP,,,,,,,
55,26,447.4,191.35,167.68,61.517,26.31,83.842,FP,,,,,,,
55,27,447.63,191.45,159.25,61.549,26.324,79.626,FP,,,,,,,
55,28,63.07,190.95,95.77,8.672,26.256,47.885,FP,,,,,,,
55,29,249.43,192.73,95.75,34.297,26.5,47.875,FP,,,,,,,
55,30,263.0,191.0,19.0,36.163,26.263,9.5,FP,,,,,,,
55,31,352.9,248.25,95.66,48.524,34.135,47.831,FP,,,,,,,
55,32,350.0,254.0,96.0,48.125,34.925,48.0,FP,,,,,,,
55,33,110.44,287.75,28.85,15.185,39.566,14.425,TP,12,0.536,3.738,3.776,-0.519,0.133,-3.738
55,34,112.29,288.66,95.56,15.44,39.69,47.782,FP,,,,,,,
55,35,112.0,288.5,39.0,15.4,39.669,19.5,FP,,,,,,,
55,36,80.56,369.61,95.55,11.077,50.821,47.776,FP,,,,,,,
55,37,80.02,371.59,31.06,11.003,51.094,15.528,FP,,,,,,,
55,38,117.21,425.36,31.21,16.117,58.487,15.607,FP,,,,,,,
55,39,140.76,429.09,31.38,19.354,58.999,15.692,FP,,,,,,,
55,40,222.76,438.24,8.88,30.63,60.257,4.441,FP,,,,,,,
55,41,224.0,440.5,12.0,30.8,60.569,6.0,FP,,,,,,,
55,42,336.15,451.09,95.4,46.221,62.025,47.699,FP,,,,,,,
55,43,32.67,446.67,32.0,4.492,61.417,16.0,FP,,,,,,,
55,44,338.92,455.41,24.67,46.601,62.619,12.337,FP,,,,,,,
55,45,339.0,451.0,44.0,46.612,62.013,22.0,TP,18,0.394,3.796,3.816,-0.271,-0.287,3.796
55,46,336.91,456.45,43.73,46.325,62.763,21.864,FP,,,,,,,
55,47,337.0,456.25,52.75,46.338,62.734,26.375,FP,,,,,,,
55,48,189.75,493.75,31.62,26.091,67.891,15.812,FP,,,,,,,
55,,,,,58.487,3.09,26.817,FN,0,,,,,,
55,,,,,16.85,9.36,59.994,FN,1,,,,,,
55,,,,,34.626,9.801,64.311,FN,2,,,,,,
55,,,,,5.629,11.874,0.71,FN,4,,,,,,
55,,,,,19.094,12.082,4.768,FN,5,,,,,,
55,,,,,43.928,12.824,61.284,FN,6,,,,,,
55,,,,,4.881,19.627,53.767,FN,7,,,,,,
55,,,,,56.074,21.608,24.0,FN,8,,,,,,
55,,,,,61.526,26.024,30.556,FN,9,,,,,,
55,,,,,48.439,34.426,69.025,FN,11,,,,,,
55,,,,,11.2,50.565,56.282,FN,13,,,,,,
55,,,,,47.061,52.894,4.211,FN,14,,,,,,
55,,,,,48.931,57.241,75.761,FN,15,,,,,,
55,,,,,17.497,58.357,9.745,FN,16,,,,,,
55,,,,,30.686,60.231,87.252,FN,17,,,,,,
55,,,,,30.318,65.717,89.528,FN,19,,,,,,
58,0,193.9,51.0,28.33,26.661,7.013,14.163,TP,1,0.293,3.796,3.807,-0.183,0.228,3.796
58,1,187.0,43.0,20.0,25.712,5.912,10.0,FP,,,,,,,
58,2,187.0,43.0,30.0,25.712,5.912,15.0,FP,,,,,,,
58,3,191.08,46.41,95.54,26.273,6.381,47.769,FP,,,,,,,
58,4,193.51,49.78,52.22,26.608,6.845,26.108,FP,,,,,,,
58,5,191.37,61.29,95.68,26.313,8.428,47.841,FP,,,,,,,
58,6,21.92,92.31,31.39,3.014,12.693,15.695,FP,,,,,,,
58,7,30.22,92.38,95.59,4.156,12.702,47.795,TP,2,0.562,3.205,3.254,0.521,0.211,-3.205
58,8,282.79,106.72,18.06,38.884,14.674,9.032,FP,,,,,,,
58,9,283.5,107.39,30.66,38.981,14.766,15.328,FP,,,,,,,
58,10,285.0,105.0,96.0,39.188,14.438,48.0,FP,,,,,,,
58,11,288.0,105.0,14.0,39.6,14.438,7.0,FP,,,,,,,
58,12,275.0,107.0,31.0,37.812,14.713,15.5,FP,,,,,,,
58,13,455.72,153.68,31.06,62.661,21.131,15.528,FP,,,,,,,
58,14,454.17,153.83,24.67,62.448,21.152,12.333,FP,,,,,,,
58,15,407.21,189.42,36.96,55.991,26.045,18.478,FP,,,,,,,
58,16,402.55,190.89,95.66,55.351,26.247,47.828,FP,,,,,,,
58,17,62.78,191.57,31.63,8.632,26.341,15.816,FP,,,,,,,
58,18,319.11,190.89,31.92,43.877,26.248,15.959,FP,,,,,,,
58,19,403.0,190.5,47.0,55.413,26.194,23.5,FP,,,,,,,
58,20,473.91,218.29,31.11,65.163,30.015,15.555,FP,,,,,,,
58,21,473.49,215.95,20.26,65.105,29.693,10.131,FP,,,,,,,
58,22,49.37,274.3,95.67,6.788,37.717,47.836,FP,,,,,,,
58,23,443.07,292.89,21.7,60.922,40.272,10.852,FP,,,,,,,
58,24,356.32,318.54,35.19,48.994,43.799,17.597,FP,,,,,,,
58,25,355.46,317.78,95.53,48.875,43.694,47.764,FP,,,,,,,
58,26,350.23,319.14,159.22,48.157,43.882,79.608,FP,,,,,,,
58,27,348.8,319.5,167.53,47.96,43.931,83.766,FP,,,,,,,
58,28,189.3,375.14,31.19,26.029,51.581,15.595,FP,,,,,,,
58,29,190.28,377.88,95.83,26.164,51.959,47.916,FP,,,,,,,
58,30,188.94,389.68,31.47,25.979,53.581,15.735,FP,,,,,,,
58,31,189.0,389.0,95.5,25.988,53.488,47.75,FP,,,,,,,
58,32,315.8,431.0,31.35,43.422,59.263,15.674,FP,,,,,,,
58,33,317.74,430.57,95.52,43.689,59.203,47.759,TP,13,0.387,3.698,3.719,0.35,0.167,3.698
58,34,503.69,435.83,95.48,69.257,59.926,47.741,FP,,,,,,,
58,35,244.95,446.85,31.71,33.681,61.442,15.854,FP,,,,,,,
58,36,237.51,477.51,95.41,32.658,65.658,47.705,FP,,,,,,,
58,,,,,22.248,1.205,13.0,FN,0,,,,,,
58,,,,,39.03,14.457,31.041,FN,3,,,,,,
58,,,,,66.799,20.906,16.425,FN,4,,,,,,
58,,,,,62.306,21.053,74.034,FN,5,,,,,,
58,,,,,54.732,26.139,55.638,FN,6,,,,,,
58,,,,,56.16,26.096,64.289,FN,7,,,,,,
58,,,,,65.119,29.353,44.414,FN,8,,,,,,
58,,,,,6.857,38.095,61.561,FN,9,,,,,,
58,,,,,60.786,40.188,77.967,FN,10,,,,,,
58,,,,,48.927,43.777,64.617,FN,11,,,,,,
58,,,,,25.846,52.47,20.984,FN,12,,,,,,
58,,,,,68.479,59.955,80.891,FN,14,,,,,,
58,,,,,32.642,66.019,61.767,FN,15,,,,,,
58,,,,,6.825,68.089,95.854,FN,16,,,,,,
58,,,,,15.232,69.225,20.185,FN,17,,,,,,
66,0,317.0,65.0,95.0,43.588,8.938,47.5,FP,,,,,,,
66,1,318.0,66.0,96.0,43.725,9.075,48.0,FP,,,,,,,
66,2,16.79,110.95,26.61,2.309,15.256,13.303,FP,,,,,,,
66,3,11.0,107.0,96.0,1.513,14.713,48.0,FP,,,,,,,
66,4,12.5,109.0,95.0,1.719,14.988,47.5,FP,,,,,,,
66,5,437.58,190.65,31.33,60.167,26.214,15.663,FP,,,,,,,
66,6,245.08,190.54,95.72,33.698,26.199,47.862,FP,,,,,,,
66,7,244.54,191.74,31.66,33.625,26.364,15.829,FP,,,,,,,
66,8,440.94,191.18,95.65,60.629,26.287,47.826,FP,,,,,,,
66,9,351.67,191.71,31.72,48.354,26.36,15.862,FP,,,,,,,
66,10,447.0,190.5,167.5,61.463,26.194,83.75,FP,,,,,,,
66,11,446.0,191.59,159.14,61.325,26.344,79.568,FP,,,,,,,
66,12,238.63,192.09,167.46,32.812,26.412,83.728,FP,,,,,,,
66,13,238.72,191.89,159.17,32.824,26.385,79.583,FP,,,,,,,
66,14,440.0,190.0,20.0,60.5,26.125,10.0,FP,,,,,,,
66,15,356.0,192.0,31.0,48.95,26.4,15.5,FP,,,,,,,
66,16,340.28,217.09,95.65,46.789,29.85,47.826,FP,,,,,,,
66,17,337.42,221.18,31.49,46.395,30.412,15.745,FP,,,,,,,
66,18,339.0,219.0,20.0,46.612,30.113,10.0,FP,,,,,,,
66,19,24.5,249.0,32.0,3.369,34.237,16.0,FP,,,,,,,
66,20,25.7,252.86,95.78,3.533,34.768,47.892,FP,,,,,,,
66,21,28.0,249.0,95.0,3.85,34.237,47.5,FP,,,,,,,
66,22,13.85,351.81,95.72,1.904,48.374,47.86,FP,,,,,,,
66,23,14.46,360.29,30.32,1.989,49.54,15.16,FP,,,,,,,
66,24,14.36,359.97,19.07,1.974,49.497,9.536,FP,,,,,,,
66,25,11.0,355.0,20.5,1.513,48.812,10.25,FP,,,,,,,
66,26,13.0,360.5,11.0,1.788,49.569,5.5,FP,,,,,,,
66,27,159.8,428.52,31.49,21.973,58.922,15.746,TP,15,0.216,0.319,0.385,-0.197,0.09,-0.319
66,28,159.56,430.58,95.62,21.94,59.205,47.812,FP,,,,,,,
66,29,288.51,436.8,95.68,39.67,60.06,47.842,FP,,,,,,,
66,30,162.53,444.8,31.23,22.348,61.16,15.617,FP,,,,,,,
66,31,164.86,444.55,16.59,22.668,61.125,8.296,FP,,,,,,,
66,32,297.71,443.64,95.86,40.936,61.001,47.929,FP,,,,,,,
66,33,399.86,447.46,26.84,54.981,61.525,13.42,FP,,,,,,,
66,34,399.12,447.41,95.47,54.879,61.519,47.737,FP,,,,,,,
66,35,301.67,446.44,31.72,41.48,61.385,15.862,FP,,,,,,,
66,36,61.83,446.89,31.74,8.502,61.448,15.872,FP,,,,,,,
66,37,62.24,446.65,95.71,8.558,61.415,47.853,FP,,,,,,,
66,38,398.96,446.59,167.7,54.858,61.406,83.848,FP,,,,,,,
66,39,398.0,447.0,159.0,54.725,61.463,79.5,FP,,,,,,,
66,40,400.0,447.0,53.0,55.0,61.463,26.5,FP,,,,,,,
66,41,397.5,448.0,160.0,54.656,61.6,80.0,FP,,,,,,,
66,,,,,49.686,7.119,89.5,FN,0,,,,,,
66,,,,,3.061,15.079,41.867,FN,1,,,,,,
66,,,,,46.517,14.78,94.299,FN,2,,,,,,
66,,,,,55.028,22.138,0.5,FN,3,,,,,,
66,,,,,1.406,22.715,73.936,FN,4,,,,,,
66,,,,,40.33,23.217,33.284,FN,5,,,,,,
66,,,,,33.607,26.342,59.293,FN,6,,,,,,
66,,,,,60.281,25.934,38.689,FN,7,,,,,,
66,,,,,47.182,26.998,97.5,FN,8,,,,,,
66,,,,,42.214,28.563,95.286,FN,9,,,,,,
66,,,,,46.495,29.5,32.583,FN,10,,,,,,
66,,,,,3.576,34.035,66.261,FN,11,,,,,,
66,,,,,63.059,46.906,75.15,FN,12,,,,,,
66,,,,,2.038,49.263,33.5,FN,13,,,,,,
66,,,,,54.982,54.921,74.528,FN,14,,,,,,
66,,,,,38.916,59.278,53.793,FN,16,,,,,,
66,,,,,54.733,61.014,6.833,FN,17,,,,,,
66,,,,,41.405,61.346,73.208,FN,18,,,,,,
66,,,,,22.541,61.294,83.075,FN,19,,,,,,
69,0,448.42,5.58,95.83,61.657,0.768,47.917,TP,0,0.178,2.427,2.433,0.049,0.171,-2.427
69,1,318.75,62.77,95.88,43.828,8.631,47.938,FP,,,,,,,
69,2,230.21,67.04,95.55,31.654,9.219,47.775,FP,,,,,,,
69,3,227.1,70.79,31.38,31.226,9.733,15.688,FP,,,,,,,
69,4,16.09,94.7,95.52,2.212,13.021,47.761,FP,,,,,,,
69,5,14.26,109.85,25.9,1.961,15.104,12.952,FP,,,,,,,
69,6,11.0,107.0,13.0,1.513,14.713,6.5,FP,,,,,,,
69,7,11.0,107.0,36.5,1.513,14.713,18.25,FP,,,,,,,
69,8,13.0,109.0,43.0,1.788,14.988,21.5,TP,4,0.375,2.035,2.069,0.26,0.269,-2.035
69,9,225.38,165.26,95.5,30.989,22.723,47.75,TP,6,0.366,3.759,3.777,-0.088,-0.355,-3.759
69,10,224.1,169.42,31.47,30.813,23.295,15.736,FP,,,,,,,
69,11,226.5,163.0,32.0,31.144,22.413,16.0,FP,,,,,,,
69,12,150.14,187.94,31.33,20.644,25.842,15.663,FP,,,,,,,
69,13,148.1,189.57,95.57,20.364,26.066,47.783,TP,7,1.059,1.942,2.212,-0.775,0.723,1.942
69,14,153.05,186.58,19.87,21.045,25.654,9.933,FP,,,,,,,
69,15,152.77,185.77,12.5,21.006,25.543,6.25,FP,,,,,,,
69,16,318.95,191.75,95.71,43.855,26.366,47.857,FP,,,,,,,
69,17,61.67,198.67,96.0,8.479,27.317,48.0,FP,,,,,,,
69,18,61.38,205.03,95.65,8.44,28.192,47.824,FP,,,,,,,
69,19,62.5,210.5,32.0,8.594,28.944,16.0,FP,,,,,,,
69,20,62.5,215.0,32.0,8.594,29.562,16.0,FP,,,,,,,
69,21,59.66,220.66,31.51,8.203,30.34,15.754,FP,,,,,,,
69,22,50.92,224.91,95.53,7.002,30.925,47.764,FP,,,,,,,
69,23,37.0,241.0,31.0,5.088,33.138,15.5,FP,,,,,,,
69,24,261.89,273.54,95.75,36.009,37.612,47.875,FP,,,,,,,
69,25,267.74,277.2,31.25,36.814,38.115,15.627,TP,11,1.143,1.021,1.533,1.139,-0.096,1.021
69,26,206.4,314.58,17.64,28.38,43.255,8.819,FP,,,,,,,
69,27,204.53,316.13,30.81,28.123,43.468,15.407,FP,,,,,,,
69,28,207.0,311.0,37.0,28.463,42.763,18.5,FP,,,,,,,
69,29,205.81,318.35,95.6,28.299,43.773,47.802,FP,,,,,,,
69,30,62.22,318.76,31.75,8.556,43.829,15.875,FP,,,,,,,
69,31,97.79,318.95,95.78,13.446,43.856,47.89,FP,,,,,,,
69,32,189.87,320.21,95.89,26.108,44.028,47.944,FP,,,,,,,
69,33,322.4,337.09,19.93,44.329,46.35,9.964,FP,,,,,,,
69,34,333.3,359.81,95.41,45.829,49.474,47.704,FP,,,,,,,
69,35,331.81,365.3,32.54,45.624,50.228,16.271,FP,,,,,,,
69,36,330.5,355.0,45.0,45.444,48.812,22.5,FP,,,,,,,
69,37,323.0,363.0,12.5,44.413,49.913,6.25,FP,,,,,,,
69,38,447.68,373.04,95.56,61.556,51.293,47.778,FP,,,,,,,
69,39,447.64,373.94,31.06,61.55,51.417,15.528,FP,,,,,,,
69,40,266.89,445.0,95.61,36.697,61.188,47.807,FP,,,,,,,
69,41,353.15,447.66,31.84,48.558,61.553,15.92,FP,,,,,,,
69,42,47.06,447.62,167.51,6.471,61.548,83.753,TP,18,0.7,3.025,3.105,0.69,0.117,3.025
69,43,47.24,447.86,159.27,6.496,61.58,79.636,FP,,,,,,,
69,44,376.45,446.05,31.68,51.763,61.331,15.841,FP,,,,,,,
69,45,329.53,461.41,31.44,45.311,63.444,15.718,FP,,,,,,,
69,46,326.45,462.34,95.68,44.887,63.572,47.839,FP,,,,,,,
69,,,,,67.891,1.002,98.25,FN,1,,,,,,
69,,,,,38.419,5.946,90.746,FN,2,,,,,,
69,,,,,31.344,9.798,55.814,FN,3,,,,,,
69,,,,,15.035,18.509,58.694,FN,5,,,,,,
69,,,,,7.661,29.969,2.993,FN,8,,,,,,
69,,,,,65.632,31.648,65.35,FN,9,,,,,,
69,,,,,4.613,33.429,51.896,FN,10,,,,,,
69,,,,,28.904,42.631,2.982,FN,12,,,,,,
69,,,,,44.295,46.143,79.538,FN,13,,,,,,
69,,,,,46.024,49.373,4.679,FN,14,,,,,,
69,,,,,45.538,50.736,30.466,FN,15,,,,,,
69,,,,,61.788,51.4,40.955,FN,16,,,,,,
69,,,,,37.366,60.138,67.5,FN,17,,,,,,
69,,,,,45.484,63.654,42.409,FN,19,,,,,,
75,0,419.43,27.6,30.81,57.672,3.796,15.403,FP,,,,,,,
75,1,13.61,26.02,30.46,1.871,3.578,15.23,TP,0,0.925,1.997,2.201,0.412,0.828,1.997
75,2,14.96,24.47,20.41,2.057,3.364,10.204,FP,,,,,,,
75,3,16.32,24.63,13.42,2.243,3.387,6.711,FP,,,,,,,
75,4,420.63,27.43,20.26,57.836,3.772,10.13,FP,,,,,,,
75,5,417.59,31.51,95.52,57.418,4.332,47.759,FP,,,,,,,
75,6,11.0,27.0,53.0,1.513,3.713,26.5,FP,,,,,,,
75,7,419.0,27.0,12.5,57.613,3.713,6.25,FP,,,,,,,
75,8,12.5,28.0,27.0,1.719,3.85,13.5,FP,,,,,,,
75,9,12.5,28.62,52.75,1.719,3.936,26.375,FP,,,,,,,
75,10,188.63,41.85,95.57,25.936,5.755,47.784,FP,,,,,,,
75,11,321.28,31.56,95.72,44.176,4.339,47.861,FP,,,,,,,
75,12,184.28,41.33,20.15,25.338,5.683,10.073,TP,3,0.303,3.882,3.894,-0.234,0.193,-3.882
75,13,184.33,32.67,30.0,25.346,4.492,15.0,FP,,,,,,,
75,14,181.0,33.0,19.0,24.888,4.537,9.5,FP,,,,,,,
75,15,184.73,43.68,30.61,25.4,6.006,15.305,FP,,,,,,,
75,16,181.0,37.0,11.0,24.888,5.088,5.5,FP,,,,,,,
75,17,183.7,42.04,12.26,25.259,5.78,6.128,FP,,,,,,,
75,18,505.62,40.88,31.31,69.523,5.62,15.656,FP,,,,,,,
75,19,173.0,49.0,95.88,23.788,6.738,47.938,FP,,,,,,,
75,20,18.0,56.2,158.4,2.475,7.728,79.2,FP,,,,,,,
75,21,223.95,123.71,95.77,30.793,17.011,47.884,FP,,,,,,,
75,22,231.0,122.4,32.0,31.763,16.83,16.0,FP,,,,,,,
75,23,229.91,135.36,31.45,31.613,18.612,15.723,FP,,,,,,,
75,24,318.65,192.25,31.49,43.815,26.434,15.746,FP,,,,,,,
75,25,6.0,307.0,168.0,0.825,42.213,84.0,FP,,,,,,,
75,26,493.84,317.43,31.14,67.903,43.646,15.569,TP,11,0.389,1.162,1.225,0.386,-0.048,1.162
75,27,493.83,316.85,19.79,67.902,43.567,9.895,FP,,,,,,,
75,28,405.83,318.77,31.18,55.802,43.831,15.589,FP,,,,,,,
75,29,414.56,318.1,19.06,57.002,43.739,9.532,TP,10,0.361,2.889,2.911,0.048,0.357,-2.889
75,30,412.0,313.0,19.0,56.65,43.038,9.5,FP,,,,,,,
75,31,411.21,318.83,95.68,56.541,43.84,47.838,FP,,,,,,,
75,32,410.09,314.55,12.55,56.388,43.25,6.273,FP,,,,,,,
75,33,493.35,319.11,95.6,67.836,43.878,47.798,FP,,,,,,,
75,34,401.34,318.1,19.72,55.184,43.739,9.86,FP,,,,,,,
75,35,318.69,319.37,31.63,43.82,43.913,15.817,FP,,,,,,,
75,36,413.62,317.23,11.23,56.872,43.619,5.615,FP,,,,,,,
75,37,479.36,319.0,167.55,65.913,43.862,83.773,FP,,,,,,,
75,38,401.0,317.0,14.0,55.138,43.588,7.0,FP,,,,,,,
75,39,411.0,317.0,13.0,56.513,43.588,6.5,FP,,,,,,,
75,40,479.93,319.43,159.21,65.99,43.921,79.607,FP,,,,,,,
75,41,493.0,317.0,14.5,67.787,43.588,7.25,FP,,,,,,,
75,42,401.5,318.0,13.0,55.206,43.725,6.5,FP,,,,,,,
75,43,402.0,320.0,17.0,55.275,44.0,8.5,FP,,,,,,,
75,44,6.0,321.5,32.0,0.825,44.206,16.0,FP,,,,,,,
75,45,12.67,321.0,31.67,1.742,44.138,15.833,FP,,,,,,,
75,46,79.34,366.54,26.27,10.909,50.399,13.133,FP,,,,,,,
75,47,77.74,367.7,95.49,10.69,50.559,47.745,FP,,,,,,,
75,48,312.5,427.0,20.0,42.969,58.713,10.0,FP,,,,,,,
75,49,315.0,427.0,20.0,43.312,58.713,10.0,FP,,,,,,,
75,50,311.4,436.83,27.6,42.817,60.065,13.801,FP,,,,,,,
75,51,313.34,441.66,95.53,43.084,60.729,47.767,FP,,,,,,,
75,52,312.28,437.0,52.22,42.939,60.087,26.109,FP,,,,,,,
75,53,324.0,436.0,19.0,44.55,59.95,9.5,FP,,,,,,,
75,54,303.0,438.5,43.0,41.663,60.294,21.5,FP,,,,,,,
75,55,55.64,456.5,95.52,7.651,62.769,47.758,FP,,,,,,,
75,56,308.0,444.0,11.0,42.35,61.05,5.5,TP,17,1.345,0.032,1.345,-0.753,1.114,-0.032
75,57,53.45,459.55,31.04,7.35,63.189,15.521,FP,,,,,,,
75,58,62.09,448.73,167.59,8.538,61.7,83.795,FP,,,,,,,
75,59,49.97,455.73,159.52,6.871,62.663,79.761,FP,,,,,,,
75,60,52.03,460.75,17.86,7.154,63.354,8.928,FP,,,,,,,
75,61,47.0,455.0,168.0,6.463,62.562,84.0,FP,,,,,,,
75,62,54.67,455.0,39.67,7.517,62.562,19.833,TP,18,0.821,1.964,2.128,0.279,-0.772,-1.964
75,63,48.29,456.71,167.43,6.639,62.798,83.714,FP,,,,,,,
75,64,53.0,457.0,40.0,7.288,62.838,20.0,FP,,,,,,,
75,,,,,58.332,3.934,32.675,FN,1,,,,,,
75,,,,,69.025,5.431,77.5,FN,2,,,,,,
75,,,,,31.912,17.612,28.238,FN,4,,,,,,
75,,,,,61.267,27.022,95.432,FN,5,,,,,,
75,,,,,38.339,27.639,96.644,FN,6,,,,,,
75,,,,,31.773,38.004,73.268,FN,7,,,,,,
75,,,,,63.241,39.236,90.748,FN,8,,,,,,
75,,,,,68.774,42.737,1.246,FN,9,,,,,,
75,,,,,27.709,50.457,87.963,FN,12,,,,,,
75,,,,,10.88,50.499,28.99,FN,13,,,,,,
75,,,,,66.24,52.331,63.577,FN,14,,,,,,
75,,,,,6.179,53.489,89.851,FN,15,,,,,,
75,,,,,0.117,55.592,39.289,FN,16,,,,,,
75,,,,,53.775,67.142,22.48,FN,19,,,,,,
89,0,273.33,14.93,95.63,37.583,2.053,47.814,FP,,,,,,,
89,1,273.68,15.95,26.15,37.632,2.193,13.073,TP,0,0.762,3.161,3.252,-0.251,0.72,3.161
89,2,280.0,16.0,14.0,38.5,2.2,7.0,FP,,,,,,,
89,3,273.0,17.0,46.0,37.538,2.338,23.0,FP,,,,,,,
89,4,449.33,25.0,16.33,61.783,3.438,8.167,FP,,,,,,,
89,5,449.5,25.33,20.67,61.806,3.483,10.333,FP,,,,,,,
89,6,191.27,63.39,31.62,26.3,8.717,15.808,FP,,,,,,,
89,7,350.75,64.12,31.76,48.228,8.817,15.879,FP,,,,,,,
89,8,190.27,64.68,95.62,26.163,8.894,47.811,FP,,,,,,,
89,9,495.05,63.7,31.7,68.069,8.759,15.85,FP,,,,,,,
89,10,275.65,110.8,28.98,37.902,15.235,14.492,FP,,,,,,,
89,11,273.0,113.0,14.0,37.538,15.538,7.0,FP,,,,,,,
89,12,272.67,114.33,13.0,37.492,15.721,6.5,FP,,,,,,,
89,13,34.0,170.5,77.5,4.675,23.444,38.75,FP,,,,,,,
89,14,32.21,177.76,30.1,4.429,24.442,15.048,FP,,,,,,,
89,15,32.0,174.0,84.0,4.4,23.925,42.0,FP,,,,,,,
89,16,31.0,175.0,11.0,4.263,24.062,5.5,TP,10,0.738,3.265,3.348,-0.717,0.175,3.265
89,17,32.6,176.6,51.2,4.483,24.283,25.6,FP,,,,,,,
89,18,32.67,184.33,20.0,4.492,25.346,10.0,FP,,,,,,,
89,19,348.77,190.25,95.79,47.956,26.16,47.897,FP,,,,,,,
89,20,318.69,192.7,31.88,43.82,26.496,15.939,FP,,,,,,,
89,21,317.71,190.57,96.0,43.686,26.204,48.0,FP,,,,,,,
89,22,476.5,191.0,32.0,65.519,26.263,16.0,FP,,,,,,,
89,23,39.0,193.5,96.0,5.363,26.606,48.0,FP,,,,,,,
89,24,44.5,193.33,95.67,6.119,26.583,47.833,FP,,,,,,,
89,25,161.08,200.47,31.3,22.149,27.565,15.649,FP,,,,,,,
89,26,162.51,202.62,95.31,22.346,27.86,47.654,FP,,,,,,,
89,27,148.0,226.96,95.31,20.35,31.206,47.657,FP,,,,,,,
89,28,377.97,271.25,95.75,51.971,37.296,47.877,FP,,,,,,,
89,29,448.85,285.4,31.42,61.717,39.243,15.711,FP,,,,,,,
89,30,449.85,283.74,95.59,61.854,39.015,47.796,TP,17,0.207,4.851,4.855,0.006,0.207,4.851
89,31,332.28,339.19,30.99,45.688,46.638,15.497,FP,,,,,,,
89,32,333.65,338.41,95.51,45.877,46.532,47.756,FP,,,,,,,
89,33,400.24,351.7,30.79,55.034,48.359,15.396,FP,,,,,,,
89,34,400.29,351.28,17.97,55.04,48.301,8.987,FP,,,,,,,
89,,,,,15.287,1.91,66.026,FN,1,,,,,,
89,,,,,20.6,3.405,69.0,FN,2,,,,,,
89,,,,,61.64,3.442,80.003,FN,3,,,,,,
89,,,,,38.204,15.648,24.522,FN,4,,,,,,
89,,,,,59.54,17.631,29.959,FN,5,,,,,,
89,,,,,3.45,18.251,59.505,FN,6,,,,,,
89,,,,,54.496,20.43,69.401,FN,7,,,,,,
89,,,,,14.92,22.082,82.732,FN,8,,,,,,
89,,,,,34.72,21.058,83.955,FN,9,,,,,,
89,,,,,53.181,25.401,7.267,FN,11,,,,,,
89,,,,,22.448,27.308,33.5,FN,12,,,,,,
89,,,,,42.335,29.888,84.955,FN,13,,,,,,
89,,,,,20.817,31.156,66.243,FN,14,,,,,,
89,,,,,51.219,32.517,24.495,FN,15,,,,,,
89,,,,,52.703,37.854,29.286,FN,16,,,,,,
89,,,,,46.198,46.574,42.494,FN,18,,,,,,
89,,,,,55.107,48.222,31.5,FN,19,,,,,,
9,0,321.0,29.62,31.88,44.138,4.073,15.938,FP,,,,,,,
9,1,191.47,64.09,95.78,26.328,8.812,47.888,FP,,,,,,,
9,2,448.28,63.64,95.75,61.638,8.751,47.876,FP,,,,,,,
9,3,446.82,64.57,167.61,61.438,8.879,83.804,FP,,,,,,,
9,4,320.75,64.88,95.75,44.103,8.92,47.875,FP,,,,,,,
9,5,287.85,94.24,31.34,39.579,12.958,15.669,FP,,,,,,,
9,6,94.35,112.77,27.74,12.974,15.506,13.872,FP,,,,,,,
9,7,416.33,113.55,95.6,57.246,15.613,47.8,FP,,,,,,,
9,8,415.58,114.27,84.62,57.143,15.713,42.312,FP,,,,,,,
9,9,413.8,115.84,20.38,56.897,15.928,10.189,FP,,,,,,,
9,10,413.68,117.24,30.45,56.881,16.121,15.226,FP,,,,,,,
9,11,288.03,157.37,95.62,39.604,21.638,47.81,FP,,,,,,,
9,12,291.22,160.46,31.65,40.043,22.064,15.823,FP,,,,,,,
9,13,392.47,193.51,95.6,53.965,26.608,47.801,FP,,,,,,,
9,14,190.96,190.54,95.7,26.257,26.199,47.85,FP,,,,,,,
9,15,391.01,193.73,31.49,53.764,26.638,15.743,TP,9,0.874,3.761,3.861,0.838,-0.247,3.761
9,16,369.23,193.9,95.7,50.769,26.662,47.851,FP,,,,,,,
9,17,371.04,197.71,31.36,51.018,27.185,15.681,FP,,,,,,,
9,18,34.15,192.93,95.53,4.696,26.528,47.764,FP,,,,,,,
9,19,50.78,190.44,32.0,6.982,26.186,16.0,FP,,,,,,,
9,20,55.0,190.5,32.0,7.562,26.194,16.0,FP,,,,,,,
9,21,61.51,192.63,95.44,8.457,26.487,47.718,FP,,,,,,,
9,22,65.0,190.71,32.0,8.938,26.223,16.0,FP,,,,,,,
9,23,189.4,191.8,32.0,26.042,26.373,16.0,FP,,,,,,,
9,24,393.0,193.82,20.41,54.038,26.65,10.205,FP,,,,,,,
9,25,188.0,192.0,159.0,25.85,26.4,79.5,FP,,,,,,,
9,26,141.0,237.0,31.0,19.388,32.588,15.5,FP,,,,,,,
9,27,142.0,238.0,32.0,19.525,32.725,16.0,FP,,,,,,,
9,28,190.17,317.4,31.79,26.148,43.642,15.895,FP,,,,,,,
9,29,270.47,323.21,31.27,37.19,44.442,15.634,FP,,,,,,,
9,30,271.3,322.52,95.61,37.304,44.346,47.804,FP,,,,,,,
9,31,176.5,319.0,96.0,24.269,43.862,48.0,FP,,,,,,,
9,32,272.0,321.0,20.5,37.4,44.138,10.25,FP,,,,,,,
9,33,471.38,331.13,95.56,64.814,45.53,47.778,FP,,,,,,,
9,34,475.01,334.12,31.3,65.314,45.942,15.652,FP,,,,,,,
9,35,160.47,335.72,95.78,22.064,46.161,47.889,FP,,,,,,,
9,36,475.0,331.0,20.0,65.312,45.513,10.0,FP,,,,,,,
9,37,476.6,333.0,19.4,65.533,45.788,9.7,FP,,,,,,,
9,38,161.53,336.88,20.65,22.21,46.321,10.324,FP,,,,,,,
9,39,351.68,447.67,30.94,48.356,61.555,15.469,FP,,,,,,,
9,40,347.0,443.0,20.0,47.713,60.913,10.0,FP,,,,,,,
9,41,349.0,443.0,20.0,47.987,60.913,10.0,FP,,,,,,,
9,42,353.59,448.84,95.53,48.619,61.715,47.764,FP,,,,,,,
9,43,352.32,447.19,18.57,48.444,61.488,9.286,FP,,,,,,,
9,44,318.79,449.67,95.55,43.833,61.829,47.773,FP,,,,,,,
9,45,352.41,448.65,39.59,48.457,61.689,19.794,TP,17,0.68,0.837,1.078,-0.466,-0.495,-0.837
9,46,353.0,448.5,11.0,48.538,61.669,5.5,FP,,,,,,,
9,47,203.34,475.49,30.91,27.96,65.38,15.457,FP,,,,,,,
9,48,191.62,477.76,95.5,26.348,65.692,47.751,FP,,,,,,,
9,49,292.04,490.84,30.64,40.156,67.491,15.321,FP,,,,,,,
9,50,290.27,494.46,95.18,39.911,67.988,47.592,FP,,,,,,,
9,51,289.0,493.0,52.5,39.737,67.787,26.25,FP,,,,,,,
9,52,293.0,494.67,84.67,40.288,68.017,42.333,FP,,,,,,,
9,53,289.0,495.0,85.0,39.737,68.062,42.5,FP,,,,,,,
9,,,,,52.91,7.785,96.968,FN,0,,,,,,
9,,,,,39.973,12.656,51.962,FN,1,,,,,,
9,,,,,12.995,15.603,34.0,FN,2,,,,,,
9,,,,,61.566,14.988,88.594,FN,3,,,,,,
9,,,,,57.081,15.92,34.25,FN,4,,,,,,
9,,,,,24.215,19.064,97.017,FN,5,,,,,,
9,,,,,66.622,20.107,78.385,FN,6,,,,,,
9,,,,,39.982,22.075,66.477,FN,7,,,,,,
9,,,,,50.268,27.166,60.742,FN,8,,,,,,
9,,,,,43.476,31.602,82.661,FN,10,,,,,,
9,,,,,18.322,32.711,8.197,FN,11,,,,,,
9,,,,,37.303,44.629,42.371,FN,12,,,,,,
9,,,,,65.354,45.868,34.787,FN,13,,,,,,
9,,,,,22.098,46.314,79.31,FN,14,,,,,,
9,,,,,34.002,54.106,11.75,FN,15,,,,,,
9,,,,,45.866,57.464,9.0,FN,16,,,,,,
9,,,,,27.949,65.132,29.969,FN,18,,,,,,
9,,,,,40.776,67.243,8.423,FN,19,,,,,,
91,0,317.07,63.04,95.64,43.597,8.668,47.822,FP,,,,,,,
91,1,319.31,63.79,31.21,43.905,8.771,15.603,FP,,,,,,,
91,2,318.91,63.49,167.47,43.85,8.73,83.733,TP,0,0.319,3.862,3.875,0.29,-0.132,3.862
91,3,319.39,63.96,159.26,43.916,8.794,79.63,FP,,,,,,,
91,4,318.02,64.04,20.93,43.728,8.806,10.467,FP,,,,,,,
91,5,446.45,63.55,31.55,61.388,8.738,15.773,FP,,,,,,,
91,6,139.29,183.29,95.7,19.153,25.202,47.849,FP,,,,,,,
91,7,142.68,185.05,31.02,19.619,25.444,15.512,FP,,,,,,,
91,8,144.1,183.71,20.5,19.814,25.26,10.25,FP,,,,,,,
91,9,464.97,193.06,31.13,63.933,26.546,15.563,FP,,,,,,,
91,10,464.35,192.13,95.61,63.847,26.418,47.804,FP,,,,,,,
91,11,464.37,191.4,159.14,63.85,26.317,79.571,FP,,,,,,,
91,12,463.99,191.67,167.49,63.799,26.354,83.743,FP,,,,,,,
91,13,61.56,190.94,95.75,8.465,26.254,47.875,FP,,,,,,,
91,14,144.0,190.0,96.0,19.8,26.125,48.0,FP,,,,,,,
91,15,465.78,192.06,20.22,64.045,26.409,10.109,FP,,,,,,,
91,16,445.34,192.17,31.69,61.235,26.424,15.845,FP,,,,,,,
91,17,445.45,192.0,95.82,61.25,26.4,47.909,FP,,,,,,,
91,18,481.33,192.8,96.0,66.183,26.51,48.0,FP,,,,,,,
91,19,465.0,193.0,12.0,63.938,26.538,6.0,FP,,,,,,,
91,20,466.0,194.0,13.0,64.075,26.675,6.5,FP,,,,,,,
91,21,464.0,196.0,168.0,63.8,26.95,84.0,FP,,,,,,,
91,22,364.67,216.96,92.82,50.143,29.832,46.41,FP,,,,,,,
91,23,365.96,222.55,31.1,50.32,30.601,15.552,FP,,,,,,,
91,24,366.0,221.38,19.19,50.325,30.44,9.593,FP,,,,,,,
91,25,365.0,224.0,11.0,50.188,30.8,5.5,FP,,,,,,,
91,26,321.52,318.59,95.61,44.209,43.806,47.805,FP,,,,,,,
91,27,440.77,332.13,26.96,60.606,45.667,13.481,TP,13,0.15,0.561,0.581,-0.126,0.082,0.561
91,28,445.05,333.4,95.62,61.194,45.843,47.81,FP,,,,,,,
91,29,441.58,331.09,51.97,60.717,45.524,25.983,FP,,,,,,,
91,30,18.39,348.57,20.06,2.528,47.928,10.031,FP,,,,,,,
91,31,18.47,349.32,31.67,2.54,48.031,15.834,FP,,,,,,,
91,32,305.31,350.01,95.37,41.98,48.127,47.686,TP,14,0.249,3.215,3.225,-0.018,-0.248,-3.215
91,33,17.45,348.65,13.27,2.4,47.94,6.636,TP,15,0.743,1.5,1.674,-0.554,-0.496,1.5
91,34,15.84,350.89,95.32,2.178,48.247,47.659,FP,,,,,,,
91,35,304.37,353.29,37.34,41.851,48.577,18.672,FP,,,,,,,
91,36,16.67,348.67,43.0,2.292,47.942,21.5,FP,,,,,,,
91,37,20.0,348.0,11.0,2.75,47.85,5.5,FP,,,,,,,
91,38,20.5,348.5,51.0,2.819,47.919,25.5,FP,,,,,,,
91,39,20.0,349.0,43.0,2.75,47.987,21.5,FP,,,,,,,
91,40,17.0,350.4,44.5,2.338,48.18,22.25,FP,,,,,,,
91,41,16.0,350.5,84.0,2.2,48.194,42.0,FP,,,,,,,
91,42,303.91,352.94,20.49,41.788,48.529,10.247,FP,,,,,,,
91,43,305.5,352.5,65.0,42.006,48.469,32.5,FP,,,,,,,
91,44,496.5,420.0,31.0,68.269,57.75,15.5,FP,,,,,,,
91,45,393.6,447.54,95.56,54.12,61.537,47.779,FP,,,,,,,
91,46,392.76,447.97,31.38,54.005,61.596,15.692,FP,,,,,,,
91,47,290.18,446.31,95.61,39.9,61.367,47.806,FP,,,,,,,
91,48,63.21,446.63,95.6,8.691,61.411,47.802,FP,,,,,,,
91,49,312.5,446.5,32.0,42.969,61.394,16.0,FP,,,,,,,
91,50,318.34,448.0,95.64,43.772,61.6,47.818,FP,,,,,,,
91,51,393.45,447.64,20.45,54.1,61.55,10.227,FP,,,,,,,
91,52,353.86,448.9,159.38,48.655,61.724,79.69,FP,,,,,,,
91,53,236.38,472.83,31.26,32.503,65.014,15.632,FP,,,,,,,
91,54,235.49,472.09,20.43,32.38,64.913,10.214,TP,19,0.61,0.718,0.942,-0.597,0.125,0.718
91,55,234.11,466.67,12.44,32.19,64.167,6.222,FP,,,,,,,
91,56,234.62,466.62,36.38,32.261,64.161,18.188,FP,,,,,,,
91,57,239.0,467.0,21.0,32.862,64.213,10.5,FP,,,,,,,
91,58,239.0,467.0,37.0,32.862,64.213,18.5,FP,,,,,,,
91,59,234.29,472.23,12.47,32.215,64.931,6.236,FP,,,,,,,
91,60,236.0,476.0,11.0,32.45,65.45,5.5,FP,,,,,,,
91,61,236.0,476.0,14.0,32.45,65.45,7.0,FP,,,,,,,
91,62,237.39,478.86,95.27,32.642,65.844,47.636,FP,,,,,,,
91,,,,,42.295,16.311,1.011,FN,1,,,,,,
91,,,,,51.898,18.295,54.805,FN,2,,,,,,
91,,,,,1.526,19.183,93.297,FN,3,,,,,,
91,,,,,69.219,19.3,57.217,FN,4,,,,,,
91,,,,,14.879,23.302,77.256,FN,5,,,,,,
91,,,,,19.332,24.729,28.539,FN,6,,,,,,
91,,,,,50.901,25.666,97.008,FN,7,,,,,,
91,,,,,64.494,26.444,30.055,FN,8,,,,,,
91,,,,,0.241,27.91,69.82,FN,9,,,,,,
91,,,,,50.248,29.586,32.661,FN,10,,,,,,
91,,,,,49.968,32.591,56.195,FN,11,,,,,,
91,,,,,11.813,36.523,86.571,FN,12,,,,,,
91,,,,,40.727,49.562,2.914,FN,16,,,,,,
91,,,,,69.137,57.525,30.681,FN,17,,,,,,
91,,,,,53.583,61.605,26.451,FN,18,,,,,,
97,0,165.82,14.69,31.11,22.801,2.021,15.556,FP,,,,,,,
97,1,173.69,13.71,95.61,23.883,1.885,47.805,FP,,,,,,,
97,2,447.53,15.79,31.4,61.535,2.171,15.702,FP,,,,,,,
97,3,167.11,15.01,20.27,22.978,2.064,10.136,FP,,,,,,,
97,4,95.03,66.56,31.54,13.066,9.152,15.769,FP,,,,,,,
97,5,94.05,67.79,95.66,12.932,9.321,47.83,FP,,,,,,,
97,6,430.32,108.65,31.62,59.169,14.939,15.81,FP,,,,,,,
97,7,430.35,111.14,95.52,59.173,15.282,47.761,TP,4,0.521,1.76,1.835,0.265,-0.448,-1.76
97,8,433.48,109.3,20.1,59.603,15.029,10.052,FP,,,,,,,
97,9,427.92,114.61,53.33,58.839,15.759,26.667,FP,,,,,,,
97,10,341.38,134.15,32.46,46.94,18.446,16.231,FP,,,,,,,
97,11,230.0,173.23,26.53,31.626,23.82,13.263,TP,7,0.578,3.558,3.604,-0.578,0.007,3.558
97,12,226.96,175.01,95.47,31.207,24.064,47.737,FP,,,,,,,
97,13,229.53,174.0,52.59,31.56,23.925,26.294,FP,,,,,,,
97,14,221.01,188.41,95.55,30.389,25.907,47.774,FP,,,,,,,
97,15,207.4,189.47,159.27,28.517,26.052,79.633,FP,,,,,,,
97,16,349.35,193.49,95.68,48.036,26.605,47.838,FP,,,,,,,
97,17,446.63,191.33,31.63,61.412,26.308,15.814,FP,,,,,,,
97,18,468.41,191.07,95.68,64.406,26.272,47.841,FP,,,,,,,
97,19,479.74,191.17,95.87,65.964,26.286,47.935,FP,,,,,,,
97,20,348.29,199.68,20.29,47.89,27.456,10.145,FP,,,,,,,
97,21,347.12,202.07,30.94,47.728,27.785,15.47,TP,8,0.416,0.03,0.417,-0.305,0.284,-0.03
97,22,349.0,197.0,27.0,47.987,27.088,13.5,FP,,,,,,,
97,23,352.0,200.0,39.0,48.4,27.5,19.5,FP,,,,,,,
97,24,345.0,201.0,38.0,47.438,27.638,19.0,FP,,,,,,,
97,25,346.0,202.0,13.0,47.575,27.775,6.5,FP,,,,,,,
97,26,447.6,286.98,31.7,61.545,39.459,15.849,FP,,,,,,,
97,27,16.71,318.76,95.52,2.298,43.83,47.762,FP,,,,,,,
97,28,14.95,331.63,31.64,2.056,45.599,15.82,FP,,,,,,,
97,29,14.96,331.39,18.3,2.057,45.567,9.15,FP,,,,,,,
97,30,16.33,330.38,44.21,2.246,45.428,22.103,FP,,,,,,,
97,31,16.45,329.9,52.15,2.262,45.361,26.075,FP,,,,,,,
97,32,14.85,334.26,95.54,2.042,45.961,47.769,FP,,,,,,,
97,33,341.24,352.7,95.66,46.92,48.497,47.832,TP,14,0.219,2.494,2.504,-0.056,-0.212,-2.494
97,34,343.23,354.31,31.55,47.195,48.718,15.773,FP,,,,,,,
97,35,441.66,414.36,36.64,60.728,56.974,18.322,FP,,,,,,,
97,36,439.97,412.62,95.34,60.495,56.735,47.671,FP,,,,,,,
97,37,446.84,416.68,167.55,61.441,57.294,83.777,FP,,,,,,,
97,38,446.98,416.92,159.03,61.46,57.326,79.516,FP,,,,,,,
97,39,439.0,417.0,46.0,60.363,57.338,23.0,FP,,,,,,,
97,40,353.74,446.42,95.84,48.639,61.383,47.92,FP,,,,,,,
97,41,182.38,475.83,95.36,25.077,65.427,47.68,FP,,,,,,,
97,42,182.01,478.02,31.39,25.027,65.728,15.695,FP,,,,,,,
97,,,,,61.565,0.778,1.313,FN,0,,,,,,
97,,,,,23.17,1.564,30.179,FN,1,,,,,,
97,,,,,13.317,9.496,68.713,FN,2,,,,,,
97,,,,,59.485,14.342,67.479,FN,3,,,,,,
97,,,,,3.176,17.951,73.398,FN,5,,,,,,
97,,,,,46.832,18.598,69.853,FN,6,,,,,,
97,,,,,47.699,35.904,50.136,FN,9,,,,,,
97,,,,,40.674,42.841,69.753,FN,10,,,,,,
97,,,,,4.328,44.913,40.5,FN,11,,,,,,
97,,,,,1.376,46.121,40.799,FN,12,,,,,,
97,,,,,40.863,47.593,88.335,FN,13,,,,,,
97,,,,,5.248,52.813,45.417,FN,15,,,,,,
97,,,,,55.435,53.637,94.717,FN,16,,,,,,
97,,,,,60.027,56.709,57.5,FN,17,,,,,,
97,,,,,60.999,57.042,64.45,FN,18,,,,,,
97,,,,,25.008,65.566,52.739,FN,19,,,,,,
