vol_idx,pred_id,x_px,y_px,z_plane,x_um,y_um,z_um,status,gt_id,err_xy_um,err_z_um,err_um,dx_um,dy_um,dz_um
103,0,428.19,19.35,95.43,58.876,2.66,47.714,FP,,,,,,,
103,1,34.5,17.0,96.5,4.744,2.338,48.25,FP,,,,,,,
103,2,103.39,19.52,32.25,14.217,2.685,16.126,TP,3,0.658,0.236,0.699,-0.365,0.547,0.236
103,3,413.71,21.41,53.33,56.886,2.944,26.664,FP,,,,,,,
103,4,410.5,24.5,49.0,56.444,3.369,24.5,FP,,,,,,,
103,5,193.19,30.05,95.43,26.564,4.132,47.716,FP,,,,,,,
103,6,400.66,30.43,169.41,55.091,4.184,84.704,FP,,,,,,,
103,7,398.75,29.75,160.25,54.828,4.091,80.125,FP,,,,,,,
103,8,436.67,43.0,166.58,60.042,5.912,83.292,FP,,,,,,,
103,9,405.21,62.41,34.5,55.716,8.581,17.248,FP,,,,,,,
103,10,406.1,64.15,95.49,55.838,8.82,47.745,FP,,,,,,,
103,11,304.98,64.34,95.44,41.934,8.846,47.721,FP,,,,,,,
103,12,406.11,62.0,56.79,55.841,8.524,28.396,FP,,,,,,,
103,13,351.7,63.04,159.09,48.358,8.668,79.543,FP,,,,,,,
103,14,59.13,63.39,31.54,8.131,8.717,15.77,FP,,,,,,,
103,15,307.34,64.67,31.64,42.26,8.893,15.822,FP,,,,,,,
103,16,303.33,62.73,57.56,41.708,8.626,28.779,TP,9,0.495,3.093,3.132,-0.376,-0.323,-3.093
103,17,447.81,63.7,95.7,61.573,8.759,47.851,FP,,,,,,,
103,18,62.0,63.62,168.19,8.525,8.748,84.095,FP,,,,,,,
103,19,62.29,64.54,159.9,8.565,8.874,79.948,FP,,,,,,,
103,20,301.79,73.82,160.08,41.497,10.15,80.038,FP,,,,,,,
103,21,191.32,78.77,31.3,26.306,10.831,15.65,FP,,,,,,,
103,22,321.42,96.75,31.32,44.195,13.303,15.659,FP,,,,,,,
103,23,318.44,94.89,192.52,43.786,13.047,96.259,FP,,,,,,,
103,24,317.92,95.5,184.58,43.714,13.131,92.292,FP,,,,,,,
103,25,204.71,119.55,95.22,28.148,16.439,47.61,FP,,,,,,,
103,26,201.54,117.98,41.12,27.712,16.222,20.562,FP,,,,,,,
103,27,200.56,120.72,56.54,27.578,16.599,28.272,FP,,,,,,,
103,28,203.2,120.58,71.62,27.94,16.58,35.812,FP,,,,,,,
103,29,198.2,120.0,32.8,27.253,16.5,16.4,FP,,,,,,,
103,30,194.67,122.11,32.44,26.767,16.79,16.222,FP,,,,,,,
103,31,103.14,125.36,99.83,14.182,17.237,49.915,FP,,,,,,,
103,32,94.5,133.0,32.5,12.994,18.288,16.25,FP,,,,,,,
103,33,202.71,136.97,118.3,27.873,18.834,59.152,FP,,,,,,,
103,34,104.79,141.11,53.96,14.408,19.403,26.982,FP,,,,,,,
103,35,109.87,142.53,94.48,15.107,19.598,47.241,FP,,,,,,,
103,36,104.49,146.0,85.63,14.367,20.075,42.815,FP,,,,,,,
103,37,102.39,148.89,120.81,14.079,20.472,60.405,FP,,,,,,,
103,38,18.36,159.45,28.65,2.525,21.925,14.327,FP,,,,,,,
103,39,16.71,160.59,111.16,2.297,22.081,55.578,FP,,,,,,,
103,40,18.36,160.08,97.88,2.525,22.011,48.938,FP,,,,,,,
103,41,18.45,158.45,4.09,2.538,21.788,2.045,FP,,,,,,,
103,42,19.0,158.0,8.5,2.612,21.725,4.25,FP,,,,,,,
103,43,195.5,161.5,30.46,26.881,22.206,15.232,FP,,,,,,,
103,44,351.7,173.37,47.96,48.359,23.838,23.982,FP,,,,,,,
103,45,342.43,174.71,60.0,47.084,24.023,30.0,FP,,,,,,,
103,46,352.2,183.69,95.62,48.427,25.257,47.81,FP,,,,,,,
103,47,352.92,190.03,20.73,48.527,26.129,10.363,FP,,,,,,,
103,48,191.78,191.73,95.53,26.369,26.362,47.766,FP,,,,,,,
103,49,175.22,192.3,31.51,24.093,26.441,15.756,FP,,,,,,,
103,50,142.28,191.42,31.46,19.563,26.321,15.729,FP,,,,,,,
103,51,193.61,193.89,30.96,26.621,26.66,15.482,FP,,,,,,,
103,52,185.39,207.59,21.38,25.491,28.543,10.689,FP,,,,,,,
103,53,102.52,230.72,21.27,14.096,31.724,10.634,FP,,,,,,,
103,54,98.26,237.75,95.74,13.511,32.691,47.871,FP,,,,,,,
103,55,100.64,238.4,111.43,13.838,32.78,55.714,TP,18,0.135,2.432,2.435,0.009,-0.134,-2.432
103,56,223.29,271.24,23.2,30.703,37.295,11.598,FP,,,,,,,
103,57,46.12,268.3,168.05,6.342,36.891,84.025,FP,,,,,,,
103,58,79.0,267.0,56.0,10.863,36.713,28.0,FP,,,,,,,
103,59,66.14,275.84,31.63,9.094,37.928,15.813,FP,,,,,,,
103,60,72.48,279.41,5.3,9.966,38.419,2.652,TP,22,0.424,2.005,2.049,-0.406,-0.122,-2.005
103,61,224.43,282.06,52.6,30.86,38.784,26.299,FP,,,,,,,
103,62,225.26,275.81,96.33,30.974,37.924,48.167,FP,,,,,,,
103,63,146.5,284.04,18.64,20.144,39.055,9.32,FP,,,,,,,
103,64,219.5,285.24,96.07,30.182,39.22,48.034,FP,,,,,,,
103,65,78.5,285.0,12.0,10.794,39.188,6.0,FP,,,,,,,
103,66,224.15,287.62,115.34,30.82,39.547,57.669,FP,,,,,,,
103,67,312.05,289.63,23.63,42.907,39.825,11.813,FP,,,,,,,
103,68,75.45,291.57,21.2,10.375,40.091,10.602,FP,,,,,,,
103,69,311.25,286.85,56.85,42.797,39.442,28.425,FP,,,,,,,
103,70,312.2,286.6,52.5,42.928,39.408,26.25,FP,,,,,,,
103,71,69.3,294.49,30.49,9.529,40.492,15.245,FP,,,,,,,
103,72,441.75,317.56,35.31,60.741,43.665,17.657,FP,,,,,,,
103,73,361.83,318.64,95.67,49.752,43.813,47.837,FP,,,,,,,
103,74,445.07,318.48,95.88,61.197,43.791,47.939,FP,,,,,,,
103,75,64.17,320.24,95.34,8.823,44.033,47.672,FP,,,,,,,
103,76,65.31,325.39,31.37,8.979,44.741,15.684,FP,,,,,,,
103,77,192.49,321.8,166.0,26.467,44.248,83.0,FP,,,,,,,
103,78,147.27,320.71,32.75,20.249,44.098,16.375,FP,,,,,,,
103,79,67.34,330.77,53.98,9.259,45.481,26.989,TP,30,0.888,2.297,2.463,-0.821,-0.338,-2.297
103,80,71.35,334.23,105.71,9.81,45.957,52.853,FP,,,,,,,
103,81,445.47,349.71,165.84,61.253,48.086,82.921,FP,,,,,,,
103,82,129.62,355.33,96.67,17.822,48.857,48.337,FP,,,,,,,
103,83,131.0,353.0,120.0,18.013,48.538,60.0,FP,,,,,,,
103,84,129.91,355.23,100.45,17.862,48.844,50.227,FP,,,,,,,
103,85,478.0,366.54,26.55,65.725,50.399,13.277,TP,34,0.66,0.899,1.115,0.44,-0.492,-0.899
103,86,481.12,365.91,96.91,66.154,50.312,48.457,FP,,,,,,,
103,87,481.0,364.5,60.0,66.138,50.119,30.0,FP,,,,,,,
103,88,206.5,379.0,56.5,28.394,52.112,28.25,FP,,,,,,,
103,89,193.5,400.5,167.0,26.606,55.069,83.5,FP,,,,,,,
103,90,304.76,414.22,38.57,41.904,56.955,19.283,FP,,,,,,,
103,91,292.77,408.9,4.03,40.255,56.224,2.017,TP,38,0.546,2.237,2.303,-0.373,0.399,-2.237
103,92,298.52,411.05,16.31,41.046,56.52,8.156,FP,,,,,,,
103,93,72.7,416.73,7.59,9.997,57.3,3.797,FP,,,,,,,
103,94,318.38,424.8,160.7,43.777,58.41,80.35,FP,,,,,,,
103,95,149.49,446.61,26.22,20.555,61.409,13.109,FP,,,,,,,
103,96,154.0,447.51,95.96,21.175,61.533,47.979,FP,,,,,,,
103,97,157.73,445.58,55.63,21.688,61.268,27.816,FP,,,,,,,
103,98,222.65,457.68,44.04,30.614,62.93,22.021,FP,,,,,,,
103,99,193.0,449.5,96.0,26.538,61.806,48.0,FP,,,,,,,
103,100,51.22,461.08,96.67,7.042,63.398,48.333,FP,,,,,,,
103,101,55.94,461.69,76.02,7.692,63.483,38.012,FP,,,,,,,
103,102,378.0,462.2,41.4,51.975,63.553,20.7,FP,,,,,,,
103,103,55.67,465.54,55.42,7.654,64.012,27.708,FP,,,,,,,
103,104,46.2,466.4,46.2,6.353,64.13,23.1,FP,,,,,,,
103,105,33.74,477.41,13.61,4.639,65.644,6.805,FP,,,,,,,
103,106,289.39,491.77,96.54,39.791,67.619,48.27,FP,,,,,,,
103,107,289.69,490.14,81.12,39.832,67.395,40.56,FP,,,,,,,
103,108,352.7,490.62,12.96,48.496,67.46,6.481,TP,48,0.512,3.809,3.843,0.234,0.455,-3.809
103,109,359.17,492.61,31.43,49.386,67.734,15.717,FP,,,,,,,
103,110,278.46,497.85,68.46,38.288,68.454,34.231,FP,,,,,,,
103,,,,,49.549,1.351,12.172,FN,0,,,,,,
103,,,,,58.71,2.495,55.196,FN,1,,,,,,
103,,,,,4.781,1.499,54.992,FN,2,,,,,,
103,,,,,43.556,3.357,90.729,FN,4,,,,,,
103,,,,,6.854,3.603,92.044,FN,5,,,,,,
103,,,,,54.474,4.344,19.621,FN,6,,,,,,
103,,,,,57.173,8.271,45.77,FN,7,,,,,,
103,,,,,55.445,8.981,39.994,FN,8,,,,,,
103,,,,,27.877,16.238,41.231,FN,10,,,,,,
103,,,,,14.34,16.905,18.417,FN,11,,,,,,
103,,,,,15.903,18.464,14.318,FN,12,,,,,,
103,,,,,14.021,21.066,7.03,FN,13,,,,,,
103,,,,,2.745,22.045,38.218,FN,14,,,,,,
103,,,,,53.322,23.968,96.421,FN,15,,,,,,
103,,,,,48.299,24.98,17.769,FN,16,,,,,,
103,,,,,29.479,28.813,85.628,FN,17,,,,,,
103,,,,,10.547,34.188,98.479,FN,19,,,,,,
103,,,,,29.308,35.995,12.818,FN,20,,,,,,
103,,,,,16.675,36.562,27.524,FN,21,,,,,,
103,,,,,31.444,39.37,33.73,FN,23,,,,,,
103,,,,,20.757,39.641,30.18,FN,24,,,,,,
103,,,,,43.527,40.817,21.335,FN,25,,,,,,
103,,,,,49.155,42.339,81.071,FN,26,,,,,,
103,,,,,60.895,43.218,6.455,FN,27,,,,,,
103,,,,,52.327,43.781,16.5,FN,28,,,,,,
103,,,,,41.299,44.862,96.462,FN,29,,,,,,
103,,,,,16.187,46.611,76.148,FN,31,,,,,,
103,,,,,0.336,48.579,87.159,FN,32,,,,,,
103,,,,,17.604,48.396,22.646,FN,33,,,,,,
103,,,,,29.294,51.836,49.818,FN,35,,,,,,
103,,,,,17.218,53.83,79.196,FN,36,,,,,,
103,,,,,26.378,54.304,75.816,FN,37,,,,,,
103,,,,,10.058,57.53,75.965,FN,39,,,,,,
103,,,,,44.262,57.747,64.5,FN,40,,,,,,
103,,,,,20.994,61.255,23.346,FN,41,,,,,,
103,,,,,51.863,63.061,73.317,FN,42,,,,,,
103,,,,,30.603,63.039,42.427,FN,43,,,,,,
103,,,,,51.386,62.893,96.586,FN,44,,,,,,
103,,,,,7.932,63.456,57.627,FN,45,,,,,,
103,,,,,4.188,65.03,11.746,FN,46,,,,,,
103,,,,,39.75,66.69,60.749,FN,47,,,,,,
103,,,,,7.243,67.543,78.167,FN,49,,,,,,
104,0,66.55,48.2,95.42,9.15,6.628,47.708,FP,,,,,,,
104,1,351.89,63.44,95.34,48.385,8.723,47.668,FP,,,,,,,
104,2,160.1,63.36,111.73,22.013,8.711,55.866,FP,,,,,,,
104,3,191.5,63.27,95.49,26.331,8.699,47.747,FP,,,,,,,
104,4,193.57,64.86,31.48,26.616,8.918,15.738,FP,,,,,,,
104,5,362.09,77.62,41.48,49.787,10.673,20.739,FP,,,,,,,
104,6,367.0,76.0,112.0,50.463,10.45,56.0,FP,,,,,,,
104,7,133.43,109.24,160.14,18.346,15.02,80.071,FP,,,,,,,
104,8,270.22,121.03,95.37,37.155,16.642,47.683,FP,,,,,,,
104,9,49.87,123.15,60.43,6.857,16.933,30.217,FP,,,,,,,
104,10,271.54,124.09,48.06,37.337,17.062,24.032,FP,,,,,,,
104,11,49.6,130.18,47.04,6.82,17.9,23.519,FP,,,,,,,
104,12,352.94,138.02,32.05,48.529,18.978,16.024,FP,,,,,,,
104,13,174.81,157.64,19.4,24.036,21.675,9.7,FP,,,,,,,
104,14,163.07,161.52,56.08,22.422,22.209,28.038,FP,,,,,,,
104,15,177.08,163.38,10.62,24.348,22.465,5.308,FP,,,,,,,
104,16,171.27,167.46,12.42,23.55,23.026,6.212,FP,,,,,,,
104,17,192.2,188.66,31.35,26.427,25.941,15.674,FP,,,,,,,
104,18,317.97,191.74,31.32,43.721,26.364,15.659,FP,,,,,,,
104,19,322.28,191.02,168.08,44.313,26.265,84.042,FP,,,,,,,
104,20,64.93,191.97,94.87,8.928,26.396,47.434,FP,,,,,,,
104,21,99.26,191.53,31.6,13.648,26.336,15.798,FP,,,,,,,
104,22,318.92,192.26,95.68,43.851,26.436,47.838,FP,,,,,,,
104,23,350.2,190.6,96.0,48.153,26.208,48.0,FP,,,,,,,
104,24,352.0,191.0,95.0,48.4,26.263,47.5,FP,,,,,,,
104,25,103.1,200.18,53.61,14.177,27.525,26.807,FP,,,,,,,
104,26,221.12,195.34,95.1,30.404,26.859,47.551,FP,,,,,,,
104,27,103.66,201.39,71.32,14.254,27.691,35.66,TP,14,0.534,2.791,2.841,-0.533,0.033,2.791
104,28,104.48,204.54,123.27,14.365,28.124,61.633,FP,,,,,,,
104,29,107.73,206.43,96.44,14.813,28.384,48.222,FP,,,,,,,
104,30,102.0,207.0,117.0,14.025,28.463,58.5,FP,,,,,,,
104,31,60.72,218.66,95.82,8.349,30.066,47.909,FP,,,,,,,
104,32,208.4,251.25,95.69,28.655,34.547,47.843,FP,,,,,,,
104,33,313.5,276.53,30.65,43.106,38.023,15.326,FP,,,,,,,
104,34,308.0,275.0,31.0,42.35,37.812,15.5,FP,,,,,,,
104,35,177.58,289.64,111.43,24.418,39.826,55.715,FP,,,,,,,
104,36,178.35,297.6,24.19,24.523,40.92,12.095,TP,25,0.664,2.788,2.866,-0.142,0.648,2.788
104,37,48.06,299.03,95.88,6.608,41.116,47.941,FP,,,,,,,
104,38,334.38,306.15,32.77,45.978,42.096,16.385,FP,,,,,,,
104,39,33.71,316.33,31.71,4.635,43.495,15.857,FP,,,,,,,
104,40,66.92,321.19,95.34,9.202,44.163,47.668,FP,,,,,,,
104,41,477.12,317.62,32.46,65.605,43.673,16.229,FP,,,,,,,
104,42,488.0,319.52,95.45,67.099,43.934,47.727,FP,,,,,,,
104,43,63.82,328.12,160.42,8.776,45.116,80.209,FP,,,,,,,
104,44,412.67,365.18,43.38,56.742,50.212,21.692,FP,,,,,,,
104,45,305.47,393.38,56.53,42.002,54.089,28.266,FP,,,,,,,
104,46,318.29,399.23,96.58,43.765,54.894,48.288,FP,,,,,,,
104,47,310.44,398.1,167.68,42.686,54.739,83.841,FP,,,,,,,
104,48,315.49,396.64,111.36,43.38,54.538,55.681,FP,,,,,,,
104,49,308.08,398.69,160.59,42.361,54.82,80.295,FP,,,,,,,
104,50,493.04,431.58,48.75,67.793,59.342,24.377,FP,,,,,,,
104,51,33.7,431.17,115.27,4.634,59.285,57.634,TP,37,0.341,4.147,4.161,-0.319,-0.12,4.147
104,52,35.28,433.53,93.52,4.851,59.61,46.761,FP,,,,,,,
104,53,318.09,429.64,32.5,43.738,59.075,16.25,FP,,,,,,,
104,54,320.33,429.5,31.0,44.046,59.056,15.5,FP,,,,,,,
104,55,496.08,432.32,96.06,68.211,59.444,48.028,TP,38,0.132,2.514,2.517,0.007,-0.132,2.514
104,56,498.5,432.0,105.0,68.544,59.4,52.5,FP,,,,,,,
104,57,190.84,448.12,31.24,26.241,61.617,15.62,FP,,,,,,,
104,58,112.29,446.89,29.27,15.44,61.447,14.635,FP,,,,,,,
104,59,295.89,445.86,104.52,40.685,61.306,52.262,FP,,,,,,,
104,60,111.94,467.31,111.62,15.392,64.255,55.812,FP,,,,,,,
104,61,399.45,479.07,94.91,54.924,65.872,47.457,FP,,,,,,,
104,62,401.41,478.92,50.87,55.193,65.852,25.437,FP,,,,,,,
104,63,238.0,479.74,35.9,32.725,65.965,17.948,FP,,,,,,,
104,64,218.4,478.4,94.2,30.03,65.78,47.1,FP,,,,,,,
104,65,221.9,481.77,84.07,30.511,66.244,42.034,FP,,,,,,,
104,,,,,0.29,5.089,31.808,FN,0,,,,,,
104,,,,,10.039,6.615,75.0,FN,1,,,,,,
104,,,,,50.561,10.129,5.42,FN,2,,,,,,
104,,,,,49.656,11.033,88.576,FN,3,,,,,,
104,,,,,18.37,14.288,45.978,FN,4,,,,,,
104,,,,,18.301,16.379,73.978,FN,5,,,,,,
104,,,,,36.967,16.92,40.16,FN,6,,,,,,
104,,,,,6.87,17.333,77.329,FN,7,,,,,,
104,,,,,23.919,18.443,92.151,FN,8,,,,,,
104,,,,,48.499,18.836,93.447,FN,9,,,,,,
104,,,,,30.784,18.772,93.254,FN,10,,,,,,
104,,,,,22.726,22.637,35.207,FN,11,,,,,,
104,,,,,60.133,25.607,91.765,FN,12,,,,,,
104,,,,,30.418,27.286,65.363,FN,13,,,,,,
104,,,,,24.734,27.905,86.101,FN,15,,,,,,
104,,,,,35.026,30.36,93.33,FN,16,,,,,,
104,,,,,7.748,30.04,64.614,FN,17,,,,,,
104,,,,,15.47,30.31,70.096,FN,18,,,,,,
104,,,,,49.528,32.583,98.619,FN,19,,,,,,
104,,,,,62.44,32.771,91.106,FN,20,,,,,,
104,,,,,30.072,32.806,67.651,FN,21,,,,,,
104,,,,,25.081,36.681,95.669,FN,22,,,,,,
104,,,,,43.188,37.558,1.028,FN,23,,,,,,
104,,,,,5.921,39.93,71.273,FN,24,,,,,,
104,,,,,54.193,40.828,97.966,FN,26,,,,,,
104,,,,,7.819,42.681,70.214,FN,27,,,,,,
104,,,,,9.485,46.046,85.118,FN,28,,,,,,
104,,,,,23.223,50.35,65.441,FN,29,,,,,,
104,,,,,56.509,50.641,26.704,FN,30,,,,,,
104,,,,,43.099,53.791,42.5,FN,31,,,,,,
104,,,,,45.32,53.761,51.644,FN,32,,,,,,
104,,,,,4.37,54.1,83.806,FN,33,,,,,,
104,,,,,41.183,54.846,62.556,FN,34,,,,,,
104,,,,,3.483,57.102,89.329,FN,35,,,,,,
104,,,,,48.237,58.66,72.542,FN,36,,,,,,
104,,,,,15.032,61.134,38.431,FN,39,,,,,,
104,,,,,40.234,61.712,61.379,FN,40,,,,,,
104,,,,,24.423,64.827,74.5,FN,41,,,,,,
104,,,,,29.943,64.721,10.5,FN,42,,,,,,
104,,,,,15.97,64.754,69.716,FN,43,,,,,,
104,,,,,51.597,65.122,87.0,FN,44,,,,,,
104,,,,,54.845,65.574,19.487,FN,45,,,,,,
104,,,,,15.998,67.097,32.122,FN,46,,,,,,
104,,,,,35.466,67.462,1.505,FN,47,,,,,,
104,,,,,50.069,68.387,85.729,FN,48,,,,,,
104,,,,,68.794,69.749,58.353,FN,49,,,,,,
105,0,161.33,13.32,95.73,22.182,1.832,47.863,FP,,,,,,,
105,1,161.84,14.07,114.88,22.253,1.934,57.44,FP,,,,,,,
105,2,275.87,22.96,34.43,37.932,3.157,17.214,FP,,,,,,,
105,3,492.15,14.58,31.9,67.671,2.005,15.951,FP,,,,,,,
105,4,247.92,16.08,183.87,34.089,2.211,91.937,FP,,,,,,,
105,5,248.04,16.03,194.4,34.106,2.204,97.198,FP,,,,,,,
105,6,270.67,14.67,44.0,37.217,2.017,22.0,FP,,,,,,,
105,7,272.0,16.0,44.0,37.4,2.2,22.0,FP,,,,,,,
105,8,277.0,20.11,95.58,38.088,2.765,47.789,FP,,,,,,,
105,9,278.85,21.0,67.97,38.342,2.888,33.986,FP,,,,,,,
105,10,16.54,29.74,95.58,2.274,4.089,47.792,FP,,,,,,,
105,11,278.67,21.33,72.0,38.317,2.933,36.0,FP,,,,,,,
105,12,269.07,25.3,4.47,36.997,3.479,2.233,FP,,,,,,,
105,13,15.52,29.7,194.38,2.134,4.084,97.19,FP,,,,,,,
105,14,344.49,48.68,20.42,47.368,6.693,10.212,FP,,,,,,,
105,15,48.65,63.48,22.41,6.689,8.729,11.207,TP,5,0.682,3.743,3.804,0.163,0.662,3.743
105,16,194.04,64.11,31.7,26.681,8.815,15.851,FP,,,,,,,
105,17,365.29,65.23,38.53,50.227,8.969,19.263,FP,,,,,,,
105,18,365.69,62.67,96.03,50.283,8.618,48.016,FP,,,,,,,
105,19,448.36,64.62,95.46,61.649,8.885,47.729,FP,,,,,,,
105,20,12.66,63.97,95.54,1.74,8.796,47.77,FP,,,,,,,
105,21,46.1,63.11,51.99,6.339,8.678,25.995,FP,,,,,,,
105,22,54.96,64.06,95.64,7.557,8.809,47.818,FP,,,,,,,
105,23,192.39,92.24,95.32,26.454,12.683,47.659,FP,,,,,,,
105,24,286.53,96.21,32.45,39.398,13.228,16.224,FP,,,,,,,
105,25,282.4,96.8,4.6,38.83,13.31,2.3,FP,,,,,,,
105,26,57.97,174.2,56.38,7.971,23.952,28.19,FP,,,,,,,
105,27,61.31,188.03,31.25,8.43,25.855,15.623,FP,,,,,,,
105,28,57.61,187.91,98.25,7.922,25.837,49.125,FP,,,,,,,
105,29,448.04,191.0,31.45,61.606,26.262,15.724,FP,,,,,,,
105,30,58.59,187.58,19.76,8.056,25.792,9.879,FP,,,,,,,
105,31,281.85,190.66,30.82,38.755,26.216,15.412,FP,,,,,,,
105,32,448.44,192.72,95.69,61.661,26.499,47.844,FP,,,,,,,
105,33,62.93,192.71,167.57,8.653,26.498,83.786,FP,,,,,,,
105,34,350.35,232.9,60.35,48.173,32.024,30.175,FP,,,,,,,
105,35,366.09,234.12,31.39,50.337,32.191,15.694,FP,,,,,,,
105,36,365.83,235.32,21.74,50.302,32.357,10.872,FP,,,,,,,
105,37,64.64,282.45,95.32,8.888,38.837,47.659,TP,19,0.575,1.789,1.879,-0.03,0.575,1.789
105,38,63.86,280.54,31.88,8.781,38.574,15.94,FP,,,,,,,
105,39,64.12,281.07,55.06,8.816,38.648,27.53,FP,,,,,,,
105,40,64.0,289.0,161.0,8.8,39.737,80.5,FP,,,,,,,
105,41,192.94,321.9,95.62,26.529,44.261,47.811,FP,,,,,,,
105,42,325.16,321.84,31.54,44.709,44.252,15.771,FP,,,,,,,
105,43,345.39,319.97,48.13,47.491,43.996,24.067,FP,,,,,,,
105,44,352.39,318.26,95.48,48.453,43.761,47.742,FP,,,,,,,
105,45,352.03,323.01,31.68,48.404,44.414,15.842,FP,,,,,,,
105,46,338.31,320.03,70.98,46.518,44.005,35.489,FP,,,,,,,
105,47,450.14,325.91,31.63,61.894,44.813,15.817,FP,,,,,,,
105,48,433.0,338.0,159.0,59.538,46.475,79.5,FP,,,,,,,
105,49,431.82,346.68,120.54,59.375,47.668,60.271,FP,,,,,,,
105,50,287.43,349.46,31.24,39.522,48.051,15.621,FP,,,,,,,
105,51,276.53,351.87,95.7,38.022,48.382,47.848,FP,,,,,,,
105,52,431.0,350.0,12.0,59.263,48.125,6.0,FP,,,,,,,
105,53,432.5,351.17,31.33,59.469,48.285,15.667,FP,,,,,,,
105,54,392.52,353.37,85.29,53.971,48.589,42.647,FP,,,,,,,
105,55,434.0,352.5,10.0,59.675,48.469,5.0,FP,,,,,,,
105,56,17.3,363.26,95.67,2.379,49.949,47.836,FP,,,,,,,
105,57,17.34,364.95,115.09,2.385,50.18,57.546,FP,,,,,,,
105,58,410.44,361.78,57.22,56.436,49.744,28.611,FP,,,,,,,
105,59,18.14,364.64,68.84,2.494,50.137,34.42,TP,26,0.795,2.545,2.666,0.411,0.681,-2.545
105,60,16.5,365.29,48.57,2.269,50.227,24.286,FP,,,,,,,
105,61,416.85,366.2,35.97,57.317,50.352,17.983,FP,,,,,,,
105,62,422.66,377.83,88.72,58.116,51.952,44.361,FP,,,,,,,
105,63,63.26,379.0,164.23,8.699,52.112,82.117,FP,,,,,,,
105,64,283.0,386.5,32.0,38.913,53.144,16.0,FP,,,,,,,
105,65,294.0,387.0,120.5,40.425,53.213,60.25,FP,,,,,,,
105,66,290.54,389.23,96.62,39.949,53.519,48.308,FP,,,,,,,
105,67,293.4,388.6,113.2,40.342,53.433,56.6,FP,,,,,,,
105,68,293.0,388.0,121.5,40.288,53.35,60.75,FP,,,,,,,
105,69,65.1,397.45,95.44,8.951,54.649,47.72,FP,,,,,,,
105,70,63.6,397.33,117.95,8.746,54.632,58.975,FP,,,,,,,
105,71,225.24,395.86,95.1,30.97,54.431,47.549,FP,,,,,,,
105,72,221.33,396.67,161.0,30.433,54.542,80.5,FP,,,,,,,
105,73,225.86,402.47,23.37,31.056,55.34,11.685,FP,,,,,,,
105,74,67.0,398.0,106.0,9.213,54.725,53.0,FP,,,,,,,
105,75,223.0,401.5,17.0,30.663,55.206,8.5,FP,,,,,,,
105,76,491.58,431.75,29.97,67.593,59.365,14.984,FP,,,,,,,
105,77,489.88,422.67,49.18,67.358,58.117,24.588,FP,,,,,,,
105,78,243.72,431.8,92.86,33.512,59.372,46.431,FP,,,,,,,
105,79,242.22,431.97,111.91,33.305,59.396,55.953,TP,40,0.265,1.807,1.826,0.242,-0.109,1.807
105,80,477.05,445.83,95.53,65.595,61.302,47.764,FP,,,,,,,
105,81,399.74,448.13,95.6,54.964,61.619,47.802,FP,,,,,,,
105,82,47.88,447.29,95.79,6.584,61.502,47.895,FP,,,,,,,
105,83,322.98,448.02,31.5,44.41,61.603,15.75,FP,,,,,,,
105,84,414.75,445.01,33.93,57.028,61.189,16.963,FP,,,,,,,
105,85,462.48,444.63,157.83,63.591,61.136,78.916,FP,,,,,,,
105,86,464.0,448.03,31.51,63.8,61.605,15.757,FP,,,,,,,
105,87,482.3,446.27,119.59,66.317,61.363,59.794,FP,,,,,,,
105,88,400.11,445.73,32.77,55.015,61.287,16.384,FP,,,,,,,
105,89,447.05,447.12,31.67,61.469,61.48,15.833,FP,,,,,,,
105,90,414.92,445.54,46.16,57.052,61.261,23.08,FP,,,,,,,
105,91,464.73,445.33,168.68,63.9,61.232,84.338,FP,,,,,,,
105,92,495.54,461.38,112.46,68.136,63.44,56.229,FP,,,,,,,
105,93,354.5,462.0,33.0,48.744,63.525,16.5,FP,,,,,,,
105,94,415.95,478.32,31.88,57.193,65.769,15.939,FP,,,,,,,
105,95,134.86,481.43,95.71,18.543,66.196,47.857,FP,,,,,,,
105,96,66.66,493.45,95.6,9.166,67.849,47.802,FP,,,,,,,
105,97,39.08,496.07,95.61,5.374,68.21,47.805,FP,,,,,,,
105,98,368.87,497.51,95.3,50.72,68.408,47.651,FP,,,,,,,
105,99,31.0,495.0,4.0,4.263,68.062,2.0,FP,,,,,,,
105,100,393.32,506.59,36.66,54.082,69.656,18.331,FP,,,,,,,
105,101,393.44,507.24,15.26,54.098,69.745,7.632,FP,,,,,,,
105,,,,,68.077,0.245,1.545,FN,0,,,,,,
105,,,,,22.08,2.156,67.236,FN,1,,,,,,
105,,,,,2.441,1.788,62.264,FN,2,,,,,,
105,,,,,38.124,3.116,8.966,FN,3,,,,,,
105,,,,,46.52,5.723,25.5,FN,4,,,,,,
105,,,,,51.041,9.544,26.895,FN,6,,,,,,
105,,,,,45.691,13.226,80.533,FN,7,,,,,,
105,,,,,39.391,13.587,34.724,FN,8,,,,,,
105,,,,,68.163,18.316,83.759,FN,9,,,,,,
105,,,,,17.594,20.789,79.23,FN,10,,,,,,
105,,,,,36.077,22.107,41.367,FN,11,,,,,,
105,,,,,4.515,22.937,94.549,FN,12,,,,,,
105,,,,,7.847,25.209,22.11,FN,13,,,,,,
105,,,,,18.731,30.256,65.5,FN,14,,,,,,
105,,,,,50.071,32.181,5.049,FN,15,,,,,,
105,,,,,56.231,35.59,40.844,FN,16,,,,,,
105,,,,,30.63,34.941,69.391,FN,17,,,,,,
105,,,,,0.256,37.947,53.784,FN,18,,,,,,
105,,,,,49.945,42.89,8.5,FN,20,,,,,,
105,,,,,43.907,46.521,11.477,FN,21,,,,,,
105,,,,,59.276,47.668,31.605,FN,22,,,,,,
105,,,,,37.708,48.405,1.0,FN,23,,,,,,
105,,,,,53.936,48.635,13.003,FN,24,,,,,,
105,,,,,50.76,49.463,74.302,FN,25,,,,,,
105,,,,,1.944,51.712,28.511,FN,27,,,,,,
105,,,,,16.734,51.201,42.033,FN,28,,,,,,
105,,,,,55.092,51.993,43.262,FN,29,,,,,,
105,,,,,57.753,51.823,16.523,FN,30,,,,,,
105,,,,,6.806,53.574,81.252,FN,31,,,,,,
105,,,,,38.283,53.423,29.5,FN,32,,,,,,
105,,,,,40.161,53.438,24.028,FN,33,,,,,,
105,,,,,31.922,55.389,25.041,FN,34,,,,,,
105,,,,,8.494,54.974,66.547,FN,35,,,,,,
105,,,,,59.539,56.605,98.09,FN,36,,,,,,
105,,,,,8.538,59.211,95.006,FN,37,,,,,,
105,,,,,9.777,58.86,0.5,FN,38,,,,,,
105,,,,,66.96,59.389,9.839,FN,39,,,,,,
105,,,,,59.434,59.48,28.271,FN,41,,,,,,
105,,,,,55.482,61.303,26.78,FN,42,,,,,,
105,,,,,67.889,63.013,42.21,FN,43,,,,,,
105,,,,,22.214,63.808,74.972,FN,44,,,,,,
105,,,,,61.914,64.518,43.975,FN,45,,,,,,
105,,,,,9.208,66.256,77.005,FN,46,,,,,,
105,,,,,18.875,65.881,80.72,FN,47,,,,,,
105,,,,,53.195,68.785,24.006,FN,48,,,,,,
105,,,,,5.028,69.043,19.96,FN,49,,,,,,
118,0,194.06,15.35,95.79,26.683,2.111,47.894,FP,,,,,,,
118,1,423.0,9.0,56.0,58.163,1.238,28.0,FP,,,,,,,
118,2,306.81,24.63,28.27,42.186,3.386,14.136,FP,,,,,,,
118,3,149.37,18.01,25.86,20.538,2.477,12.929,TP,4,0.673,0.177,0.696,0.429,0.519,0.177
118,4,145.65,17.88,95.37,20.026,2.459,47.686,FP,,,,,,,
118,5,302.62,14.0,48.54,41.61,1.925,24.269,FP,,,,,,,
118,6,302.5,14.5,40.5,41.594,1.994,20.25,FP,,,,,,,
118,7,154.82,24.24,54.29,21.287,3.333,27.147,FP,,,,,,,
118,8,155.23,27.82,110.85,21.344,3.825,55.425,FP,,,,,,,
118,9,302.08,30.62,48.31,41.536,4.21,24.154,FP,,,,,,,
118,10,196.33,32.94,4.76,26.995,4.53,2.381,FP,,,,,,,
118,11,193.43,33.6,32.38,26.596,4.619,16.191,FP,,,,,,,
118,12,65.72,65.0,31.73,9.036,8.938,15.867,FP,,,,,,,
118,13,64.27,79.57,95.56,8.837,10.94,47.78,FP,,,,,,,
118,14,151.73,108.27,39.86,20.863,14.888,19.929,FP,,,,,,,
118,15,192.36,120.0,95.6,26.45,16.5,47.799,FP,,,,,,,
118,16,318.94,123.78,31.25,43.854,17.02,15.625,FP,,,,,,,
118,17,162.33,122.67,12.0,22.321,16.867,6.0,FP,,,,,,,
118,18,182.5,134.5,192.0,25.094,18.494,96.0,FP,,,,,,,
118,19,64.75,159.45,31.51,8.903,21.924,15.755,FP,,,,,,,
118,20,448.4,187.89,95.73,61.654,25.835,47.864,FP,,,,,,,
118,21,103.8,189.26,33.04,14.273,26.023,16.519,FP,,,,,,,
118,22,338.23,191.57,95.41,46.506,26.341,47.705,FP,,,,,,,
118,23,192.81,191.2,95.35,26.511,26.291,47.674,FP,,,,,,,
118,24,445.54,202.82,157.69,61.261,27.888,78.844,FP,,,,,,,
118,25,288.0,189.55,96.2,39.6,26.063,48.1,FP,,,,,,,
118,26,317.13,190.86,95.12,43.605,26.243,47.558,FP,,,,,,,
118,27,370.19,193.25,160.56,50.901,26.572,80.281,FP,,,,,,,
118,28,372.0,193.5,158.67,51.15,26.606,79.333,FP,,,,,,,
118,29,394.82,196.37,131.66,54.288,27.001,65.83,FP,,,,,,,
118,30,398.17,195.83,166.83,54.748,26.927,83.417,FP,,,,,,,
118,31,364.94,197.03,35.74,50.18,27.091,17.871,FP,,,,,,,
118,32,365.13,196.73,40.47,50.206,27.051,20.233,FP,,,,,,,
118,33,331.03,211.42,38.17,45.517,29.07,19.087,FP,,,,,,,
118,34,331.1,211.11,154.69,45.526,29.027,77.343,FP,,,,,,,
118,35,316.62,222.27,124.16,43.535,30.563,62.082,FP,,,,,,,
118,36,429.99,221.75,35.9,59.124,30.491,17.95,FP,,,,,,,
118,37,448.37,224.68,95.3,61.651,30.893,47.652,FP,,,,,,,
118,38,429.89,222.35,54.08,59.11,30.573,27.041,FP,,,,,,,
118,39,435.2,233.28,16.64,59.84,32.076,8.32,TP,24,0.304,3.559,3.572,-0.181,0.245,3.559
118,40,442.95,234.95,32.77,60.906,32.306,16.387,FP,,,,,,,
118,41,165.96,233.27,56.44,22.819,32.075,28.219,FP,,,,,,,
118,42,430.0,230.5,76.0,59.125,31.694,38.0,FP,,,,,,,
118,43,48.34,238.57,42.53,6.647,32.803,21.267,FP,,,,,,,
118,44,161.37,234.7,122.66,22.189,32.271,61.329,FP,,,,,,,
118,45,167.46,236.04,110.48,23.026,32.455,55.239,FP,,,,,,,
118,46,37.7,235.85,57.57,5.184,32.43,28.787,FP,,,,,,,
118,47,46.5,234.5,60.0,6.394,32.244,30.0,FP,,,,,,,
118,48,434.3,236.84,4.11,59.716,32.565,2.054,FP,,,,,,,
118,49,446.0,234.0,24.0,61.325,32.175,12.0,FP,,,,,,,
118,50,64.0,237.78,96.51,8.8,32.695,48.256,FP,,,,,,,
118,51,33.75,238.5,32.62,4.641,32.794,16.312,FP,,,,,,,
118,52,57.35,251.29,23.42,7.886,34.553,11.712,FP,,,,,,,
118,53,319.0,251.0,32.5,43.862,34.513,16.25,FP,,,,,,,
118,54,318.1,258.66,30.6,43.739,35.566,15.3,FP,,,,,,,
118,55,318.17,258.33,24.83,43.748,35.521,12.417,FP,,,,,,,
118,56,159.84,273.27,95.63,21.978,37.575,47.813,TP,31,0.522,0.553,0.761,0.382,-0.356,0.553
118,57,158.54,273.62,60.38,21.799,37.622,30.192,FP,,,,,,,
118,58,369.14,288.4,95.74,50.757,39.655,47.87,FP,,,,,,,
118,59,365.9,294.88,39.56,50.312,40.546,19.782,FP,,,,,,,
118,60,53.32,302.22,24.28,7.331,41.555,12.139,TP,34,0.42,2.907,2.937,0.236,0.347,2.907
118,61,361.33,292.17,17.83,49.683,40.173,8.917,FP,,,,,,,
118,62,363.0,291.0,44.0,49.913,40.013,22.0,FP,,,,,,,
118,63,52.46,297.58,119.8,7.213,40.917,59.898,FP,,,,,,,
118,64,50.4,296.6,36.2,6.93,40.783,18.1,FP,,,,,,,
118,65,462.57,306.56,27.7,63.604,42.152,13.848,TP,33,0.564,2.348,2.415,-0.478,0.301,2.348
118,66,352.96,305.12,96.04,48.532,41.955,48.02,FP,,,,,,,
118,67,55.23,307.49,68.53,7.594,42.28,34.263,FP,,,,,,,
118,68,61.34,315.18,52.76,8.434,43.337,26.379,FP,,,,,,,
118,69,462.16,316.49,52.44,63.548,43.517,26.222,FP,,,,,,,
118,70,457.7,320.54,98.59,62.934,44.075,49.297,FP,,,,,,,
118,71,463.1,318.73,83.57,63.676,43.825,41.783,FP,,,,,,,
118,72,63.11,318.58,107.18,8.677,43.805,53.592,FP,,,,,,,
118,73,58.91,327.8,95.04,8.101,45.073,47.52,FP,,,,,,,
118,74,290.43,318.43,120.43,39.934,43.784,60.214,FP,,,,,,,
118,75,63.0,319.0,100.0,8.663,43.862,50.0,FP,,,,,,,
118,76,176.23,336.04,38.39,24.231,46.205,19.196,FP,,,,,,,
118,77,79.66,340.96,117.85,10.953,46.881,58.925,FP,,,,,,,
118,78,173.04,339.36,99.83,23.793,46.662,49.915,FP,,,,,,,
118,79,78.8,336.45,43.15,10.835,46.262,21.577,FP,,,,,,,
118,80,80.42,340.67,96.31,11.057,46.842,48.155,FP,,,,,,,
118,81,170.33,337.39,124.44,23.421,46.391,62.222,FP,,,,,,,
118,82,170.76,342.4,71.8,23.479,47.08,35.901,FP,,,,,,,
118,83,320.0,364.97,32.08,44.0,50.184,16.039,FP,,,,,,,
118,84,318.85,363.9,119.55,43.842,50.036,59.775,FP,,,,,,,
118,85,318.25,367.74,95.76,43.759,50.564,47.882,FP,,,,,,,
118,86,44.49,366.88,89.23,6.117,50.446,44.613,TP,41,0.059,1.634,1.635,0.056,0.02,-1.634
118,87,44.5,366.67,72.67,6.119,50.417,36.333,FP,,,,,,,
118,88,322.0,366.0,4.0,44.275,50.325,2.0,TP,40,0.441,0.732,0.855,0.416,-0.145,0.732
118,89,43.0,368.0,72.5,5.912,50.6,36.25,FP,,,,,,,
118,90,467.64,406.75,95.41,64.301,55.928,47.705,FP,,,,,,,
118,91,33.0,415.35,97.68,4.538,57.11,48.842,FP,,,,,,,
118,92,24.77,414.86,32.85,3.406,57.043,16.425,FP,,,,,,,
118,93,26.25,414.0,56.75,3.609,56.925,28.375,FP,,,,,,,
118,94,158.38,462.92,41.85,21.778,63.652,20.924,TP,46,0.392,4.488,4.505,0.096,-0.38,-4.488
118,95,159.1,463.92,111.72,21.876,63.789,55.862,FP,,,,,,,
118,96,157.45,481.46,96.34,21.65,66.201,48.172,FP,,,,,,,
118,97,66.6,494.62,41.45,9.157,68.01,20.724,FP,,,,,,,
118,98,66.03,494.83,96.07,9.079,68.039,48.034,FP,,,,,,,
118,99,65.91,495.44,110.39,9.063,68.123,55.197,TP,49,0.574,1.197,1.327,-0.491,0.298,1.197
118,,,,,48.242,0.255,22.177,FN,0,,,,,,
118,,,,,58.068,0.791,61.763,FN,1,,,,,,
118,,,,,60.342,0.717,36.279,FN,2,,,,,,
118,,,,,66.659,0.439,3.897,FN,3,,,,,,
118,,,,,41.854,4.175,8.374,FN,5,,,,,,
118,,,,,21.518,5.175,87.25,FN,6,,,,,,
118,,,,,36.954,9.783,66.789,FN,7,,,,,,
118,,,,,26.133,16.429,38.985,FN,8,,,,,,
118,,,,,21.143,16.079,14.641,FN,9,,,,,,
118,,,,,54.625,16.837,69.222,FN,10,,,,,,
118,,,,,32.1,20.3,74.618,FN,11,,,,,,
118,,,,,63.67,23.259,82.09,FN,12,,,,,,
118,,,,,43.467,23.064,98.462,FN,13,,,,,,
118,,,,,24.31,23.824,54.473,FN,14,,,,,,
118,,,,,40.001,24.709,76.77,FN,15,,,,,,
118,,,,,52.674,26.294,76.735,FN,16,,,,,,
118,,,,,4.867,26.449,96.917,FN,17,,,,,,
118,,,,,49.979,27.067,67.478,FN,18,,,,,,
118,,,,,54.033,27.85,70.543,FN,19,,,,,,
118,,,,,40.02,29.268,93.624,FN,20,,,,,,
118,,,,,45.601,29.109,1.989,FN,21,,,,,,
118,,,,,42.367,29.767,91.716,FN,22,,,,,,
118,,,,,65.434,31.796,59.78,FN,23,,,,,,
118,,,,,23.355,32.312,40.443,FN,25,,,,,,
118,,,,,6.332,33.5,9.615,FN,26,,,,,,
118,,,,,10.992,33.468,89.175,FN,27,,,,,,
118,,,,,28.478,33.971,88.0,FN,28,,,,,,
118,,,,,43.747,34.713,93.522,FN,29,,,,,,
118,,,,,23.712,35.413,68.504,FN,30,,,,,,
118,,,,,50.393,40.94,43.49,FN,32,,,,,,
118,,,,,36.016,45.38,73.997,FN,35,,,,,,
118,,,,,62.745,46.336,25.408,FN,36,,,,,,
118,,,,,23.474,46.658,44.631,FN,37,,,,,,
118,,,,,10.759,46.72,35.265,FN,38,,,,,,
118,,,,,16.378,47.954,36.351,FN,39,,,,,,
118,,,,,64.346,56.103,67.992,FN,42,,,,,,
118,,,,,4.025,57.006,42.364,FN,43,,,,,,
118,,,,,0.631,56.714,95.021,FN,44,,,,,,
118,,,,,48.91,58.208,53.903,FN,45,,,,,,
118,,,,,1.758,65.159,78.966,FN,47,,,,,,
118,,,,,60.052,67.232,90.117,FN,48,,,,,,
119,0,365.18,11.85,173.88,50.213,1.63,86.938,FP,,,,,,,
119,1,426.98,15.77,131.54,58.71,2.168,65.77,FP,,,,,,,
119,2,489.11,16.89,96.11,67.253,2.322,48.056,FP,,,,,,,
119,3,75.18,36.57,22.42,10.338,5.028,11.212,FP,,,,,,,
119,4,76.33,42.89,55.87,10.496,5.898,27.935,TP,1,0.372,2.179,2.211,0.37,0.038,2.179
119,5,74.06,46.39,120.16,10.183,6.378,60.078,FP,,,,,,,
119,6,375.53,46.88,187.88,51.635,6.446,93.941,FP,,,,,,,
119,7,374.8,46.0,192.4,51.535,6.325,96.2,FP,,,,,,,
119,8,62.05,60.98,95.39,8.531,8.384,47.697,FP,,,,,,,
119,9,335.15,61.22,55.04,46.084,8.418,27.521,TP,4,0.998,1.849,2.101,-0.968,0.245,-1.849
119,10,341.15,62.68,95.15,46.908,8.618,47.573,FP,,,,,,,
119,11,60.27,60.89,32.08,8.287,8.372,16.041,FP,,,,,,,
119,12,401.08,63.41,95.94,55.148,8.719,47.971,FP,,,,,,,
119,13,61.15,61.87,116.07,8.408,8.507,58.035,FP,,,,,,,
119,14,339.18,62.29,159.71,46.638,8.565,79.855,FP,,,,,,,
119,15,400.2,64.26,32.81,55.028,8.836,16.405,FP,,,,,,,
119,16,398.84,63.01,56.51,54.84,8.664,28.253,FP,,,,,,,
119,17,400.81,63.33,112.43,55.111,8.708,56.214,FP,,,,,,,
119,18,192.0,64.0,95.0,26.4,8.8,47.5,FP,,,,,,,
119,19,65.5,65.0,159.0,9.006,8.938,79.5,FP,,,,,,,
119,20,42.09,91.83,31.23,5.787,12.627,15.614,TP,7,0.385,1.39,1.442,0.254,0.289,-1.39
119,21,38.12,90.0,104.53,5.241,12.375,52.265,FP,,,,,,,
119,22,40.25,91.95,131.69,5.534,12.644,65.844,FP,,,,,,,
119,23,40.14,90.0,140.29,5.52,12.375,70.143,FP,,,,,,,
119,24,34.62,93.12,96.62,4.76,12.804,48.31,FP,,,,,,,
119,25,462.8,155.58,50.45,63.635,21.392,25.224,FP,,,,,,,
119,26,463.0,156.65,96.32,63.662,21.539,48.16,TP,9,0.106,1.16,1.165,0.058,0.089,1.16
119,27,463.35,156.09,110.2,63.711,21.462,55.102,FP,,,,,,,
119,28,346.61,190.59,31.19,47.659,26.206,15.595,FP,,,,,,,
119,29,64.17,191.15,31.35,8.823,26.283,15.676,FP,,,,,,,
119,30,226.24,190.65,32.12,31.108,26.215,16.06,FP,,,,,,,
119,31,24.68,191.72,93.75,3.394,26.362,46.876,FP,,,,,,,
119,32,351.08,194.98,95.92,48.274,26.81,47.959,FP,,,,,,,
119,33,227.21,189.45,42.43,31.241,26.049,21.216,FP,,,,,,,
119,34,349.76,189.9,112.14,48.092,26.111,56.069,FP,,,,,,,
119,35,349.97,194.2,164.2,48.121,26.702,82.098,FP,,,,,,,
119,36,504.85,190.23,95.15,69.416,26.157,47.577,FP,,,,,,,
119,37,227.0,190.0,48.0,31.213,26.125,24.0,FP,,,,,,,
119,38,54.65,198.99,194.04,7.515,27.361,97.019,FP,,,,,,,
119,39,154.31,205.72,113.54,21.218,28.287,56.768,FP,,,,,,,
119,40,158.69,203.32,85.95,21.82,27.956,42.976,FP,,,,,,,
119,41,52.57,202.0,182.14,7.229,27.775,91.071,FP,,,,,,,
119,42,353.89,206.48,116.95,48.66,28.391,58.473,FP,,,,,,,
119,43,356.03,206.52,50.77,48.954,28.396,25.387,FP,,,,,,,
119,44,57.36,207.3,95.67,7.887,28.504,47.835,TP,14,0.397,0.865,0.951,0.192,0.347,0.865
119,45,150.5,204.0,97.0,20.694,28.05,48.5,FP,,,,,,,
119,46,93.34,279.26,29.57,12.834,38.398,14.786,FP,,,,,,,
119,47,95.0,270.0,49.0,13.062,37.125,24.5,TP,19,0.589,3.5,3.549,-0.08,-0.584,3.5
119,48,92.25,286.71,112.78,12.685,39.422,56.391,FP,,,,,,,
119,49,83.84,287.24,87.72,11.528,39.496,43.86,FP,,,,,,,
119,50,417.29,285.82,52.25,57.378,39.3,26.124,FP,,,,,,,
119,51,418.14,289.13,95.71,57.494,39.755,47.857,TP,20,0.525,2.803,2.852,-0.491,0.185,-2.803
119,52,81.17,288.83,68.67,11.16,39.715,34.333,FP,,,,,,,
119,53,411.97,300.93,195.2,56.646,41.378,97.599,FP,,,,,,,
119,54,192.59,325.69,95.76,26.482,44.782,47.88,FP,,,,,,,
119,55,449.36,318.43,95.58,61.787,43.784,47.791,FP,,,,,,,
119,56,318.49,318.13,95.54,43.792,43.743,47.771,FP,,,,,,,
119,57,286.34,319.29,95.54,39.372,43.903,47.772,FP,,,,,,,
119,58,287.63,319.6,31.75,39.549,43.945,15.873,FP,,,,,,,
119,59,365.87,337.03,26.05,50.308,46.341,13.027,TP,26,0.766,0.485,0.907,-0.321,-0.696,0.485
119,60,191.65,335.78,31.42,26.352,46.169,15.711,FP,,,,,,,
119,61,191.63,336.34,58.94,26.349,46.246,29.469,FP,,,,,,,
119,62,359.67,334.67,60.0,49.454,46.017,30.0,FP,,,,,,,
119,63,31.72,352.5,31.73,4.362,48.468,15.864,FP,,,,,,,
119,64,65.25,353.22,133.42,8.972,48.568,66.711,FP,,,,,,,
119,65,26.62,357.28,118.11,3.66,49.126,59.057,FP,,,,,,,
119,66,30.47,353.4,4.47,4.189,48.592,2.233,FP,,,,,,,
119,67,30.56,357.61,58.97,4.202,49.171,29.484,FP,,,,,,,
119,68,30.48,361.68,95.64,4.192,49.731,47.819,FP,,,,,,,
119,69,32.89,363.8,79.25,4.522,50.022,39.624,FP,,,,,,,
119,70,109.52,376.03,42.49,15.059,51.704,21.244,TP,31,0.699,3.994,4.055,0.178,-0.676,-3.994
119,71,112.12,380.7,94.97,15.416,52.347,47.486,FP,,,,,,,
119,72,94.64,393.36,192.45,13.012,54.088,96.227,FP,,,,,,,
119,73,95.57,392.86,196.0,13.141,54.018,98.0,FP,,,,,,,
119,74,137.81,398.31,31.78,18.948,54.768,15.891,FP,,,,,,,
119,75,320.05,407.88,95.57,44.007,56.084,47.787,FP,,,,,,,
119,76,320.37,405.09,26.04,44.051,55.7,13.019,TP,34,0.553,0.612,0.825,-0.399,0.384,-0.612
119,77,317.0,398.0,44.0,43.588,54.725,22.0,FP,,,,,,,
119,78,314.33,400.11,49.11,43.221,55.015,24.556,FP,,,,,,,
119,79,314.33,400.33,52.0,43.221,55.046,26.0,FP,,,,,,,
119,80,416.01,410.02,55.61,57.201,56.378,27.805,FP,,,,,,,
119,81,417.11,413.23,32.75,57.353,56.819,16.377,FP,,,,,,,
119,82,316.9,412.66,160.35,43.574,56.741,80.175,FP,,,,,,,
119,83,418.03,412.16,42.27,57.48,56.672,21.135,FP,,,,,,,
119,84,418.3,415.35,96.15,57.516,57.111,48.076,FP,,,,,,,
119,85,320.49,414.32,117.14,44.067,56.968,58.572,FP,,,,,,,
119,86,422.12,416.5,131.62,58.042,57.269,65.812,FP,,,,,,,
119,87,333.5,426.5,108.0,45.856,58.644,54.0,FP,,,,,,,
119,88,334.0,427.0,105.0,45.925,58.713,52.5,FP,,,,,,,
119,89,111.3,431.59,110.75,15.303,59.344,55.377,FP,,,,,,,
119,90,32.41,446.64,95.86,4.457,61.413,47.93,FP,,,,,,,
119,91,62.61,447.81,31.37,8.609,61.573,15.683,FP,,,,,,,
119,92,207.3,456.19,28.63,28.504,62.726,14.314,FP,,,,,,,
119,93,320.59,446.86,95.39,44.081,61.443,47.693,FP,,,,,,,
119,94,31.98,448.52,113.97,4.397,61.671,56.984,FP,,,,,,,
119,95,191.78,447.56,95.55,26.369,61.54,47.774,FP,,,,,,,
119,96,223.31,447.54,95.62,30.705,61.537,47.808,FP,,,,,,,
119,97,31.43,447.79,31.89,4.321,61.571,15.947,FP,,,,,,,
119,98,337.5,459.44,43.28,46.406,63.174,21.639,FP,,,,,,,
119,99,258.07,465.89,31.95,35.485,64.06,15.976,FP,,,,,,,
119,100,256.65,465.59,16.59,35.289,64.018,8.294,FP,,,,,,,
119,101,257.13,465.45,20.71,35.355,64.0,10.355,FP,,,,,,,
119,102,449.88,479.65,30.57,61.859,65.951,15.285,FP,,,,,,,
119,103,477.75,491.68,55.68,65.691,67.606,27.84,FP,,,,,,,
119,104,476.85,494.23,41.15,65.566,67.957,20.577,FP,,,,,,,
119,105,481.5,494.5,161.0,66.206,67.994,80.5,FP,,,,,,,
119,106,478.08,496.58,96.42,65.736,68.28,48.208,FP,,,,,,,
119,107,477.9,497.19,112.52,65.712,68.364,56.262,FP,,,,,,,
119,,,,,66.259,0.531,77.539,FN,0,,,,,,
119,,,,,55.721,6.303,71.217,FN,2,,,,,,
119,,,,,8.144,8.143,73.389,FN,3,,,,,,
119,,,,,55.44,8.419,36.526,FN,5,,,,,,
119,,,,,54.451,9.243,33.405,FN,6,,,,,,
119,,,,,18.407,14.91,80.371,FN,8,,,,,,
119,,,,,19.974,23.008,77.963,FN,10,,,,,,
119,,,,,68.688,25.019,70.0,FN,11,,,,,,
119,,,,,31.717,25.972,35.986,FN,12,,,,,,
119,,,,,47.792,26.917,0.5,FN,13,,,,,,
119,,,,,21.366,28.031,70.906,FN,15,,,,,,
119,,,,,17.442,29.583,89.79,FN,16,,,,,,
119,,,,,48.791,28.262,37.223,FN,17,,,,,,
119,,,,,38.094,33.996,66.179,FN,18,,,,,,
119,,,,,55.175,40.719,49.276,FN,21,,,,,,
119,,,,,27.054,41.835,83.304,FN,22,,,,,,
119,,,,,39.5,44.17,77.655,FN,23,,,,,,
119,,,,,26.601,46.375,67.252,FN,24,,,,,,
119,,,,,4.807,47.851,6.014,FN,25,,,,,,
119,,,,,0.332,48.425,16.238,FN,27,,,,,,
119,,,,,61.61,49.443,92.425,FN,28,,,,,,
119,,,,,4.44,49.464,65.69,FN,29,,,,,,
119,,,,,7.301,52.268,11.5,FN,30,,,,,,
119,,,,,2.614,53.565,60.24,FN,32,,,,,,
119,,,,,61.825,54.226,81.5,FN,33,,,,,,
119,,,,,51.111,55.05,80.5,FN,35,,,,,,
119,,,,,57.471,56.489,53.929,FN,36,,,,,,
119,,,,,20.392,56.089,1.2,FN,37,,,,,,
119,,,,,68.96,58.511,89.248,FN,38,,,,,,
119,,,,,15.585,59.956,19.945,FN,39,,,,,,
119,,,,,4.241,61.155,69.273,FN,40,,,,,,
119,,,,,35.532,62.049,74.464,FN,41,,,,,,
119,,,,,29.588,62.573,9.996,FN,42,,,,,,
119,,,,,46.968,63.1,32.68,FN,43,,,,,,
119,,,,,35.139,64.296,81.312,FN,44,,,,,,
119,,,,,42.573,64.699,87.304,FN,45,,,,,,
119,,,,,41.044,66.816,98.742,FN,46,,,,,,
119,,,,,65.803,68.367,41.89,FN,47,,,,,,
119,,,,,17.21,69.119,16.453,FN,48,,,,,,
119,,,,,50.582,69.352,84.862,FN,49,,,,,,
121,0,369.44,17.73,32.31,50.797,2.438,16.155,FP,,,,,,,
121,1,373.85,21.0,60.0,51.404,2.888,30.0,FP,,,,,,,
121,2,45.3,40.36,167.76,6.229,5.55,83.878,FP,,,,,,,
121,3,45.54,38.62,160.69,6.262,5.31,80.346,FP,,,,,,,
121,4,41.62,45.22,14.33,5.722,6.218,7.163,FP,,,,,,,
121,5,41.52,47.47,37.76,5.709,6.527,18.88,FP,,,,,,,
121,6,59.97,62.07,29.71,8.246,8.534,14.853,FP,,,,,,,
121,7,479.31,61.56,95.8,65.905,8.464,47.902,FP,,,,,,,
121,8,470.02,63.26,31.82,64.628,8.699,15.911,FP,,,,,,,
121,9,190.71,62.57,160.7,26.222,8.603,80.348,FP,,,,,,,
121,10,139.45,78.74,95.84,19.174,10.827,47.92,FP,,,,,,,
121,11,203.52,116.95,42.96,27.984,16.08,21.478,FP,,,,,,,
121,12,205.81,116.54,59.22,28.299,16.024,29.609,FP,,,,,,,
121,13,199.0,120.0,37.0,27.363,16.5,18.5,FP,,,,,,,
121,14,202.56,123.33,68.56,27.851,16.958,34.278,TP,10,0.409,1.668,1.717,-0.226,0.341,-1.668
121,15,204.86,123.14,76.43,28.168,16.932,38.214,FP,,,,,,,
121,16,203.0,124.0,72.5,27.913,17.05,36.25,FP,,,,,,,
121,17,462.74,139.22,118.88,63.627,19.143,59.442,FP,,,,,,,
121,18,470.57,138.0,96.86,64.704,18.975,48.429,FP,,,,,,,
121,19,277.69,147.69,60.59,38.182,20.307,30.297,FP,,,,,,,
121,20,196.07,149.18,159.54,26.96,20.512,79.769,FP,,,,,,,
121,21,53.22,163.77,28.05,7.317,22.519,14.027,FP,,,,,,,
121,22,63.71,174.74,95.6,8.76,24.027,47.8,FP,,,,,,,
121,23,63.0,158.0,32.0,8.663,21.725,16.0,FP,,,,,,,
121,24,56.73,166.43,118.98,7.8,22.884,59.489,FP,,,,,,,
121,25,333.22,176.22,30.56,45.818,24.231,15.278,FP,,,,,,,
121,26,362.03,182.82,45.01,49.779,25.138,22.504,FP,,,,,,,
121,27,368.92,183.84,104.13,50.727,25.278,52.065,FP,,,,,,,
121,28,332.96,181.85,68.04,45.782,25.004,34.019,TP,15,0.369,0.72,0.809,-0.017,0.369,-0.72
121,29,365.33,185.1,52.57,50.233,25.451,26.286,FP,,,,,,,
121,30,365.87,184.67,56.33,50.307,25.392,28.167,FP,,,,,,,
121,31,193.18,191.39,31.61,26.563,26.317,15.803,FP,,,,,,,
121,32,491.3,197.57,25.98,67.554,27.165,12.99,FP,,,,,,,
121,33,481.2,194.2,94.98,66.166,26.702,47.489,FP,,,,,,,
121,34,415.0,225.47,56.31,57.062,31.002,28.155,FP,,,,,,,
121,35,425.31,223.49,113.73,58.48,30.73,56.865,FP,,,,,,,
121,36,405.23,224.49,194.42,55.719,30.868,97.211,FP,,,,,,,
121,37,401.83,241.74,31.81,55.251,33.239,15.906,FP,,,,,,,
121,38,417.49,251.61,96.8,57.405,34.596,48.402,FP,,,,,,,
121,39,297.4,269.38,163.67,40.892,37.039,81.835,FP,,,,,,,
121,40,446.7,268.44,31.71,61.421,36.911,15.857,FP,,,,,,,
121,41,429.51,274.25,112.0,59.057,37.709,56.0,FP,,,,,,,
121,42,446.5,270.0,21.0,61.394,37.125,10.5,FP,,,,,,,
121,43,62.5,289.0,96.0,8.594,39.737,48.0,FP,,,,,,,
121,44,272.3,299.18,96.11,37.441,41.137,48.057,TP,28,0.45,1.57,1.634,0.435,-0.117,-1.57
121,45,269.84,302.65,55.53,37.103,41.615,27.765,FP,,,,,,,
121,46,271.99,301.67,32.4,37.398,41.48,16.199,FP,,,,,,,
121,47,392.69,315.45,103.77,53.994,43.374,51.885,FP,,,,,,,
121,48,191.02,330.92,95.54,26.265,45.502,47.768,FP,,,,,,,
121,49,23.61,320.13,95.6,3.246,44.018,47.799,FP,,,,,,,
121,50,334.17,320.67,60.44,45.948,44.092,30.222,FP,,,,,,,
121,51,192.22,330.53,32.41,26.43,45.448,16.207,FP,,,,,,,
121,52,194.35,334.35,53.37,26.723,45.974,26.683,FP,,,,,,,
121,53,474.01,333.42,22.01,65.177,45.846,11.006,FP,,,,,,,
121,54,199.01,334.59,114.94,27.365,46.006,57.468,FP,,,,,,,
121,55,196.14,334.14,105.0,26.97,45.945,52.5,FP,,,,,,,
121,56,197.83,334.42,108.42,27.202,45.982,54.208,FP,,,,,,,
121,57,320.43,359.78,31.34,44.06,49.47,15.668,TP,34,0.777,1.707,1.876,0.26,-0.733,-1.707
121,58,319.39,350.6,55.08,43.916,48.208,27.538,FP,,,,,,,
121,59,320.75,350.4,17.25,44.103,48.18,8.625,FP,,,,,,,
121,60,481.5,349.5,32.5,66.206,48.056,16.25,FP,,,,,,,
121,61,320.77,365.91,95.83,44.106,50.313,47.913,FP,,,,,,,
121,62,410.42,359.22,7.48,56.433,49.393,3.742,FP,,,,,,,
121,63,196.5,379.0,167.0,27.019,52.112,83.5,FP,,,,,,,
121,64,268.31,386.48,22.03,36.893,53.141,11.017,FP,,,,,,,
121,65,161.27,415.32,95.34,22.174,57.106,47.672,FP,,,,,,,
121,66,157.16,431.98,35.47,21.61,59.398,17.735,TP,40,0.547,2.446,2.507,0.431,0.338,2.446
121,67,18.7,446.81,29.96,2.572,61.437,14.978,TP,41,0.551,2.788,2.842,-0.104,0.542,-2.788
121,68,454.51,447.47,95.3,62.495,61.527,47.65,FP,,,,,,,
121,69,31.52,447.66,95.46,4.334,61.554,47.728,FP,,,,,,,
121,70,319.55,446.81,95.33,43.938,61.436,47.666,FP,,,,,,,
121,71,25.25,445.96,48.65,3.472,61.319,24.323,FP,,,,,,,
121,72,464.02,446.93,168.16,63.803,61.453,84.081,FP,,,,,,,
121,73,461.59,447.72,118.38,63.468,61.562,59.192,FP,,,,,,,
121,74,190.0,448.5,96.25,26.125,61.669,48.125,FP,,,,,,,
121,75,299.26,464.5,104.78,41.149,63.869,52.389,FP,,,,,,,
121,76,299.0,465.0,68.0,41.112,63.938,34.0,FP,,,,,,,
121,77,224.71,480.48,31.57,30.897,66.066,15.785,FP,,,,,,,
121,78,223.78,479.95,95.47,30.769,65.993,47.735,FP,,,,,,,
121,79,225.5,478.0,60.0,31.006,65.725,30.0,FP,,,,,,,
121,80,223.84,482.79,19.2,30.778,66.383,9.601,TP,45,0.783,0.101,0.789,-0.761,0.182,0.101
121,81,50.64,493.45,112.55,6.963,67.85,56.273,FP,,,,,,,
121,82,62.93,497.19,158.55,8.653,68.364,79.276,TP,47,1.091,1.007,1.485,0.044,1.091,-1.007
121,83,63.56,504.1,95.95,8.739,69.314,47.975,FP,,,,,,,
121,84,110.64,507.36,96.73,15.212,69.763,48.364,FP,,,,,,,
121,,,,,12.955,1.95,60.482,FN,0,,,,,,
121,,,,,51.45,3.073,42.677,FN,1,,,,,,
121,,,,,17.677,3.934,15.224,FN,2,,,,,,
121,,,,,6.682,6.366,27.534,FN,3,,,,,,
121,,,,,32.002,7.721,86.671,FN,4,,,,,,
121,,,,,65.177,9.159,10.018,FN,5,,,,,,
121,,,,,19.422,10.467,62.504,FN,6,,,,,,
121,,,,,10.597,11.309,70.587,FN,7,,,,,,
121,,,,,16.49,15.41,91.5,FN,8,,,,,,
121,,,,,63.773,16.377,38.495,FN,9,,,,,,
121,,,,,3.258,17.658,39.392,FN,11,,,,,,
121,,,,,64.732,19.296,71.771,FN,12,,,,,,
121,,,,,38.2,20.355,68.743,FN,13,,,,,,
121,,,,,7.589,22.815,8.277,FN,14,,,,,,
121,,,,,50.449,25.39,42.372,FN,16,,,,,,
121,,,,,36.847,26.558,98.254,FN,17,,,,,,
121,,,,,67.83,26.974,4.913,FN,18,,,,,,
121,,,,,46.256,28.195,87.659,FN,19,,,,,,
121,,,,,55.962,31.174,3.331,FN,20,,,,,,
121,,,,,58.038,32.01,72.306,FN,21,,,,,,
121,,,,,32.288,34.838,46.735,FN,22,,,,,,
121,,,,,64.208,35.206,65.465,FN,23,,,,,,
121,,,,,42.824,35.727,90.884,FN,24,,,,,,
121,,,,,40.876,36.196,75.719,FN,25,,,,,,
121,,,,,59.058,37.301,42.431,FN,26,,,,,,
121,,,,,38.9,38.925,64.829,FN,27,,,,,,
121,,,,,51.141,41.693,60.486,FN,29,,,,,,
121,,,,,54.325,42.927,64.203,FN,30,,,,,,
121,,,,,45.622,44.89,52.128,FN,31,,,,,,
121,,,,,26.776,46.018,40.414,FN,32,,,,,,
121,,,,,68.571,45.949,62.0,FN,33,,,,,,
121,,,,,65.426,49.474,63.14,FN,35,,,,,,
121,,,,,56.355,49.41,67.5,FN,36,,,,,,
121,,,,,45.08,51.061,67.863,FN,37,,,,,,
121,,,,,35.288,52.006,24.976,FN,38,,,,,,
121,,,,,36.862,53.104,96.313,FN,39,,,,,,
121,,,,,63.03,61.321,70.421,FN,42,,,,,,
121,,,,,41.139,63.683,64.954,FN,43,,,,,,
121,,,,,62.387,63.167,93.744,FN,44,,,,,,
121,,,,,4.623,67.024,97.869,FN,46,,,,,,
121,,,,,13.03,67.896,83.962,FN,48,,,,,,
121,,,,,17.85,68.578,94.235,FN,49,,,,,,
123,0,298.91,32.48,31.22,41.1,4.466,15.608,TP,2,0.376,2.646,2.672,0.102,-0.362,-2.646
123,1,225.09,39.0,32.56,30.95,5.363,16.282,FP,,,,,,,
123,2,226.5,36.23,40.54,31.144,4.982,20.269,FP,,,,,,,
123,3,228.8,47.45,95.58,31.46,6.525,47.79,FP,,,,,,,
123,4,239.57,62.72,31.25,32.94,8.623,15.626,FP,,,,,,,
123,5,196.58,76.62,167.66,27.029,10.535,83.828,FP,,,,,,,
123,6,453.59,95.16,46.22,62.369,13.085,23.111,FP,,,,,,,
123,7,458.98,96.0,106.47,63.11,13.2,53.235,FP,,,,,,,
123,8,174.65,104.82,32.15,24.014,14.413,16.074,FP,,,,,,,
123,9,172.0,95.0,13.0,23.65,13.062,6.5,FP,,,,,,,
123,10,166.57,98.43,4.57,22.904,13.534,2.286,TP,7,0.403,1.022,1.099,-0.378,-0.14,1.022
123,11,314.13,102.2,96.44,43.193,14.052,48.218,FP,,,,,,,
123,12,309.26,104.25,50.07,42.524,14.334,25.033,FP,,,,,,,
123,13,287.96,118.93,36.14,39.595,16.353,18.07,FP,,,,,,,
123,14,319.78,140.78,31.25,43.97,19.357,15.623,FP,,,,,,,
123,15,345.13,145.19,132.06,47.456,19.963,66.031,FP,,,,,,,
123,16,236.13,167.26,47.3,32.467,22.999,23.651,FP,,,,,,,
123,17,229.71,167.44,114.55,31.585,23.022,57.274,FP,,,,,,,
123,18,233.34,167.89,133.09,32.084,23.085,66.543,FP,,,,,,,
123,19,236.96,166.87,97.5,32.581,22.944,48.75,FP,,,,,,,
123,20,234.0,166.67,148.67,32.175,22.917,74.333,FP,,,,,,,
123,21,321.63,193.24,31.54,44.224,26.57,15.77,FP,,,,,,,
123,22,318.77,196.55,95.73,43.831,27.025,47.863,FP,,,,,,,
123,23,318.91,198.9,158.77,43.85,27.349,79.387,FP,,,,,,,
123,24,397.2,191.92,95.61,54.615,26.389,47.805,FP,,,,,,,
123,25,96.9,194.72,31.74,13.324,26.774,15.869,FP,,,,,,,
123,26,247.22,195.02,89.13,33.993,26.816,44.563,TP,12,0.183,3.655,3.66,-0.05,-0.176,-3.655
123,27,147.08,196.79,60.58,20.224,27.059,30.292,FP,,,,,,,
123,28,145.57,202.97,95.7,20.016,27.908,47.852,FP,,,,,,,
123,29,146.5,198.69,31.09,20.144,27.32,15.547,FP,,,,,,,
123,30,108.77,204.72,51.03,14.955,28.149,25.516,TP,13,0.292,1.308,1.34,-0.263,0.127,-1.308
123,31,111.3,205.62,95.38,15.304,28.273,47.692,FP,,,,,,,
123,32,242.85,203.1,123.31,33.391,27.927,61.653,FP,,,,,,,
123,33,494.24,206.12,55.58,67.958,28.341,27.789,FP,,,,,,,
123,34,18.5,202.8,32.4,2.544,27.885,16.2,FP,,,,,,,
123,35,494.54,206.77,32.23,67.999,28.431,16.116,FP,,,,,,,
123,36,497.23,208.53,96.51,68.369,28.674,48.256,FP,,,,,,,
123,37,413.33,234.02,41.07,56.833,32.178,20.535,FP,,,,,,,
123,38,399.0,223.0,31.0,54.863,30.663,15.5,FP,,,,,,,
123,39,410.29,238.09,18.66,56.415,32.738,9.328,FP,,,,,,,
123,40,414.48,237.8,105.41,56.99,32.698,52.706,FP,,,,,,,
123,41,416.91,239.78,167.78,57.326,32.97,83.889,FP,,,,,,,
123,42,16.75,243.75,96.0,2.303,33.516,48.0,FP,,,,,,,
123,43,230.23,251.74,94.94,31.657,34.614,47.471,FP,,,,,,,
123,44,191.53,251.0,32.4,26.336,34.513,16.2,FP,,,,,,,
123,45,230.5,251.0,124.0,31.694,34.513,62.0,FP,,,,,,,
123,46,231.0,253.15,104.55,31.763,34.808,52.275,FP,,,,,,,
123,47,231.0,252.0,108.5,31.763,34.65,54.25,FP,,,,,,,
123,48,231.0,252.33,112.33,31.763,34.696,56.167,FP,,,,,,,
123,49,400.62,269.81,53.2,55.086,37.099,26.601,FP,,,,,,,
123,50,80.82,269.65,11.3,11.113,37.077,5.648,FP,,,,,,,
123,51,432.1,270.18,176.65,59.414,37.15,88.325,FP,,,,,,,
123,52,328.6,289.2,135.0,45.183,39.765,67.5,FP,,,,,,,
123,53,320.43,301.7,31.47,44.059,41.484,15.737,FP,,,,,,,
123,54,200.71,300.45,56.49,27.598,41.312,28.244,FP,,,,,,,
123,55,197.66,303.44,106.81,27.179,41.723,53.406,TP,26,0.47,1.349,1.429,-0.454,0.119,1.349
123,56,176.78,306.66,56.87,24.307,42.165,28.434,FP,,,,,,,
123,57,195.0,302.33,167.33,26.812,41.571,83.667,FP,,,,,,,
123,58,162.82,312.67,16.39,22.388,42.992,8.196,FP,,,,,,,
123,59,193.05,326.8,31.5,26.544,44.936,15.749,FP,,,,,,,
123,60,16.88,315.0,56.71,2.322,43.312,28.353,FP,,,,,,,
123,61,171.23,317.0,30.07,23.544,43.588,15.036,FP,,,,,,,
123,62,16.64,318.52,32.37,2.288,43.797,16.186,FP,,,,,,,
123,63,491.38,318.45,96.43,67.565,43.787,48.217,FP,,,,,,,
123,64,481.0,318.0,168.0,66.138,43.725,84.0,FP,,,,,,,
123,65,63.41,326.94,95.53,8.719,44.954,47.766,FP,,,,,,,
123,66,162.0,321.5,96.0,22.275,44.206,48.0,FP,,,,,,,
123,67,64.44,327.44,167.67,8.861,45.024,83.833,FP,,,,,,,
123,68,49.51,333.34,120.98,6.808,45.834,60.488,FP,,,,,,,
123,69,318.61,379.81,95.46,43.808,52.223,47.732,FP,,,,,,,
123,70,310.92,396.7,42.91,42.752,54.546,21.456,FP,,,,,,,
123,71,16.32,406.8,37.99,2.244,55.935,18.994,FP,,,,,,,
123,72,316.67,398.14,16.01,43.542,54.745,8.007,FP,,,,,,,
123,73,22.27,403.73,88.14,3.062,55.512,44.07,FP,,,,,,,
123,74,18.8,410.6,44.4,2.585,56.458,22.2,FP,,,,,,,
123,75,98.43,414.74,40.75,13.534,57.027,20.373,FP,,,,,,,
123,76,96.58,416.97,104.98,13.28,57.334,52.491,FP,,,,,,,
123,77,237.53,421.27,37.04,32.661,57.925,18.519,FP,,,,,,,
123,78,238.39,424.44,106.61,32.779,58.361,53.303,FP,,,,,,,
123,79,320.5,432.0,95.0,44.069,59.4,47.5,FP,,,,,,,
123,80,320.0,452.36,31.53,44.0,62.199,15.766,FP,,,,,,,
123,81,65.42,448.22,31.84,8.995,61.63,15.921,TP,46,0.49,3.421,3.456,-0.414,0.261,3.421
123,82,64.7,448.26,95.62,8.896,61.636,47.808,FP,,,,,,,
123,83,322.67,462.33,96.0,44.367,63.571,48.0,FP,,,,,,,
123,84,319.0,472.0,20.5,43.862,64.9,10.25,FP,,,,,,,
123,85,495.44,478.76,111.11,68.123,65.829,55.557,TP,48,0.777,3.39,3.478,0.536,0.563,-3.39
123,86,498.41,477.43,47.69,68.532,65.646,23.846,FP,,,,,,,
123,,,,,50.537,0.663,47.0,FN,0,,,,,,
123,,,,,45.745,2.898,89.5,FN,1,,,,,,
123,,,,,32.235,6.051,12.015,FN,3,,,,,,
123,,,,,52.926,6.03,50.755,FN,4,,,,,,
123,,,,,62.648,13.458,36.444,FN,5,,,,,,
123,,,,,42.565,13.708,59.588,FN,6,,,,,,
123,,,,,39.311,15.896,82.778,FN,8,,,,,,
123,,,,,32.622,23.137,40.261,FN,9,,,,,,
123,,,,,32.034,22.977,1.244,FN,10,,,,,,
123,,,,,54.575,25.945,71.234,FN,11,,,,,,
123,,,,,20.424,27.346,73.275,FN,14,,,,,,
123,,,,,43.67,27.68,57.625,FN,15,,,,,,
123,,,,,68.867,28.424,34.677,FN,16,,,,,,
123,,,,,56.83,32.644,4.167,FN,17,,,,,,
123,,,,,0.481,32.51,8.795,FN,18,,,,,,
123,,,,,31.387,34.536,17.747,FN,19,,,,,,
123,,,,,44.863,34.206,89.029,FN,20,,,,,,
123,,,,,36.407,35.049,77.75,FN,21,,,,,,
123,,,,,32.43,36.678,34.929,FN,22,,,,,,
123,,,,,55.147,37.258,80.143,FN,23,,,,,,
123,,,,,21.818,37.896,56.701,FN,24,,,,,,
123,,,,,18.685,39.725,85.104,FN,25,,,,,,
123,,,,,69.799,42.896,68.966,FN,27,,,,,,
123,,,,,36.404,42.9,96.236,FN,28,,,,,,
123,,,,,1.402,44.458,1.169,FN,29,,,,,,
123,,,,,22.369,44.078,21.127,FN,30,,,,,,
123,,,,,7.921,45.64,74.275,FN,31,,,,,,
123,,,,,5.294,48.479,55.018,FN,32,,,,,,
123,,,,,69.662,49.978,50.761,FN,33,,,,,,
123,,,,,2.75,53.426,16.996,FN,34,,,,,,
123,,,,,42.583,53.197,12.545,FN,35,,,,,,
123,,,,,19.509,56.911,82.023,FN,36,,,,,,
123,,,,,13.925,57.526,43.507,FN,37,,,,,,
123,,,,,3.758,58.242,36.407,FN,38,,,,,,
123,,,,,33.335,58.045,43.045,FN,39,,,,,,
123,,,,,48.802,58.051,94.026,FN,40,,,,,,
123,,,,,60.374,58.629,93.733,FN,41,,,,,,
123,,,,,32.7,58.395,13.381,FN,42,,,,,,
123,,,,,43.82,59.184,23.736,FN,43,,,,,,
123,,,,,50.692,60.061,38.048,FN,44,,,,,,
123,,,,,44.862,61.389,98.509,FN,45,,,,,,
123,,,,,45.068,64.007,1.396,FN,47,,,,,,
123,,,,,35.531,69.391,28.035,FN,49,,,,,,
13,0,214.45,2.36,96.64,29.488,0.325,48.318,FP,,,,,,,
13,1,286.83,13.77,25.03,39.439,1.894,12.515,FP,,,,,,,
13,2,447.7,22.67,31.48,61.559,3.117,15.74,FP,,,,,,,
13,3,285.92,14.68,46.62,39.314,2.018,23.311,TP,3,0.405,2.459,2.492,-0.061,0.401,-2.459
13,4,286.33,15.0,40.33,39.371,2.062,20.167,FP,,,,,,,
13,5,76.3,19.02,57.79,10.491,2.616,28.897,FP,,,,,,,
13,6,289.5,17.5,96.41,39.806,2.406,48.206,FP,,,,,,,
13,7,449.51,31.78,95.54,61.808,4.37,47.77,FP,,,,,,,
13,8,191.0,32.5,96.0,26.263,4.469,48.0,FP,,,,,,,
13,9,192.62,32.88,95.25,26.486,4.52,47.625,FP,,,,,,,
13,10,322.5,32.5,3.0,44.344,4.469,1.5,FP,,,,,,,
13,11,192.5,41.0,32.0,26.469,5.638,16.0,FP,,,,,,,
13,12,64.39,73.89,95.44,8.853,10.16,47.718,FP,,,,,,,
13,13,63.39,57.7,31.56,8.716,7.934,15.778,FP,,,,,,,
13,14,354.57,53.71,60.0,48.754,7.386,30.0,FP,,,,,,,
13,15,365.07,61.67,26.09,50.197,8.479,13.046,TP,10,0.164,3.508,3.512,-0.064,0.151,3.508
13,16,367.62,61.92,169.84,50.547,8.514,84.92,FP,,,,,,,
13,17,368.09,62.37,111.23,50.612,8.576,55.617,FP,,,,,,,
13,18,161.41,62.47,32.76,22.194,8.59,16.38,FP,,,,,,,
13,19,162.08,60.92,20.15,22.286,8.377,10.077,FP,,,,,,,
13,20,60.75,61.8,172.3,8.353,8.498,86.15,FP,,,,,,,
13,21,367.7,63.13,95.98,50.559,8.681,47.991,FP,,,,,,,
13,22,264.4,63.03,192.52,36.355,8.666,96.262,FP,,,,,,,
13,23,192.42,65.25,95.94,26.458,8.972,47.969,FP,,,,,,,
13,24,74.37,84.81,22.19,10.226,11.661,11.094,FP,,,,,,,
13,25,77.78,77.67,58.22,10.695,10.68,29.108,FP,,,,,,,
13,26,169.65,79.76,93.46,23.326,10.967,46.73,FP,,,,,,,
13,27,249.13,79.79,32.11,34.255,10.971,16.053,FP,,,,,,,
13,28,251.08,78.91,14.57,34.524,10.85,7.284,FP,,,,,,,
13,29,80.04,80.78,95.73,11.006,11.107,47.865,FP,,,,,,,
13,30,173.65,81.92,47.42,23.876,11.265,23.71,FP,,,,,,,
13,31,179.95,81.33,32.3,24.743,11.183,16.149,FP,,,,,,,
13,32,346.27,88.13,137.0,47.612,12.117,68.501,FP,,,,,,,
13,33,262.63,91.48,13.68,36.112,12.578,6.84,FP,,,,,,,
13,34,474.52,94.07,130.66,65.246,12.934,65.328,FP,,,,,,,
13,35,350.04,108.04,58.28,48.131,14.856,29.141,FP,,,,,,,
13,36,477.17,105.2,109.49,65.611,14.465,54.743,FP,,,,,,,
13,37,478.0,104.5,104.0,65.725,14.369,52.0,FP,,,,,,,
13,38,479.0,104.5,105.0,65.863,14.369,52.5,FP,,,,,,,
13,39,425.36,122.86,38.61,58.487,16.894,19.305,FP,,,,,,,
13,40,337.63,123.05,30.68,46.424,16.92,15.341,FP,,,,,,,
13,41,337.33,124.08,23.75,46.383,17.061,11.875,FP,,,,,,,
13,42,429.39,131.1,87.44,59.041,18.026,43.72,TP,20,0.686,0.316,0.755,0.681,0.078,0.316
13,43,427.77,136.01,51.01,58.819,18.702,25.503,FP,,,,,,,
13,44,83.84,138.32,57.23,11.528,19.019,28.613,FP,,,,,,,
13,45,320.83,170.94,95.35,44.114,23.504,47.677,FP,,,,,,,
13,46,325.94,160.76,42.7,44.817,22.104,21.348,FP,,,,,,,
13,47,338.7,170.0,59.59,46.572,23.375,29.797,FP,,,,,,,
13,48,313.81,176.93,11.97,43.148,24.328,5.984,FP,,,,,,,
13,49,244.79,207.78,31.51,33.659,28.57,15.756,FP,,,,,,,
13,50,244.68,207.88,60.48,33.644,28.584,30.24,FP,,,,,,,
13,51,258.6,209.71,100.54,35.558,28.835,50.271,FP,,,,,,,
13,52,259.0,209.0,108.0,35.612,28.738,54.0,FP,,,,,,,
13,53,367.93,233.62,35.02,50.591,32.123,17.508,FP,,,,,,,
13,54,18.37,271.62,37.8,2.526,37.347,18.901,TP,28,1.014,0.707,1.236,0.061,1.012,-0.707
13,55,135.27,287.54,95.84,18.599,39.537,47.922,FP,,,,,,,
13,56,283.22,299.86,51.52,38.942,41.231,25.762,FP,,,,,,,
13,57,274.19,308.92,32.64,37.7,42.477,16.322,FP,,,,,,,
13,58,170.52,310.09,46.92,23.446,42.637,23.458,FP,,,,,,,
13,59,273.86,303.88,95.65,37.656,41.784,47.827,FP,,,,,,,
13,60,280.91,305.0,112.53,38.625,41.938,56.266,FP,,,,,,,
13,61,176.82,317.55,95.46,24.312,43.664,47.728,FP,,,,,,,
13,62,350.7,318.42,34.36,48.221,43.783,17.18,FP,,,,,,,
13,63,367.17,319.24,97.13,50.486,43.896,48.564,FP,,,,,,,
13,64,366.99,317.61,109.57,50.461,43.671,54.787,FP,,,,,,,
13,65,448.15,325.27,95.6,61.62,44.725,47.799,FP,,,,,,,
13,66,90.35,322.26,99.23,12.424,44.31,49.615,FP,,,,,,,
13,67,315.66,333.41,192.38,43.403,45.844,96.19,FP,,,,,,,
13,68,353.47,351.39,159.34,48.602,48.316,79.669,FP,,,,,,,
13,69,321.12,379.25,31.87,44.153,52.146,15.934,FP,,,,,,,
13,70,331.69,394.74,96.56,45.608,54.277,48.282,FP,,,,,,,
13,71,447.92,409.95,94.94,61.59,56.369,47.47,FP,,,,,,,
13,72,447.44,425.28,31.48,61.523,58.476,15.739,FP,,,,,,,
13,73,193.05,433.39,37.86,26.545,59.591,18.929,FP,,,,,,,
13,74,193.25,433.12,95.74,26.571,59.554,47.872,FP,,,,,,,
13,75,198.13,438.29,193.36,27.243,60.265,96.678,FP,,,,,,,
13,76,194.68,437.56,114.57,26.768,60.164,57.284,FP,,,,,,,
13,77,194.5,438.55,121.82,26.744,60.3,60.909,FP,,,,,,,
13,78,450.23,449.84,97.35,61.906,61.853,48.673,FP,,,,,,,
13,79,39.56,447.31,95.77,5.439,61.505,47.885,FP,,,,,,,
13,80,63.16,447.73,31.54,8.685,61.563,15.771,FP,,,,,,,
13,81,321.26,458.52,32.13,44.173,63.046,16.065,FP,,,,,,,
13,82,320.16,473.92,95.67,44.022,65.165,47.836,FP,,,,,,,
13,83,405.65,475.22,55.74,55.777,65.342,27.87,FP,,,,,,,
13,84,319.34,479.57,31.64,43.91,65.941,15.818,FP,,,,,,,
13,85,312.5,482.0,192.5,42.969,66.275,96.25,FP,,,,,,,
13,86,142.21,488.5,56.67,19.554,67.169,28.333,FP,,,,,,,
13,87,402.5,492.75,32.75,55.344,67.753,16.375,FP,,,,,,,
13,88,94.42,503.53,95.95,12.983,69.235,47.974,FP,,,,,,,
13,89,413.5,507.62,96.65,56.856,69.797,48.327,FP,,,,,,,
13,,,,,29.247,0.366,35.699,FN,0,,,,,,
13,,,,,56.519,0.961,35.256,FN,1,,,,,,
13,,,,,68.863,1.392,52.0,FN,2,,,,,,
13,,,,,10.785,2.858,74.277,FN,4,,,,,,
13,,,,,23.227,3.119,80.568,FN,5,,,,,,
13,,,,,67.236,3.87,83.82,FN,6,,,,,,
13,,,,,1.988,4.877,98.261,FN,7,,,,,,
13,,,,,64.198,5.308,22.878,FN,8,,,,,,
13,,,,,11.359,6.8,77.0,FN,9,,,,,,
13,,,,,21.696,8.531,32.39,FN,11,,,,,,
13,,,,,63.348,10.841,94.422,FN,12,,,,,,
13,,,,,35.045,11.407,25.855,FN,13,,,,,,
13,,,,,10.418,11.812,17.553,FN,14,,,,,,
13,,,,,24.005,11.71,0.725,FN,15,,,,,,
13,,,,,65.733,12.77,58.991,FN,16,,,,,,
13,,,,,47.301,15.099,7.67,FN,17,,,,,,
13,,,,,35.772,16.244,33.149,FN,18,,,,,,
13,,,,,48.181,16.335,12.975,FN,19,,,,,,
13,,,,,16.228,17.89,94.089,FN,21,,,,,,
13,,,,,10.829,18.895,61.364,FN,22,,,,,,
13,,,,,11.474,21.72,0.741,FN,23,,,,,,
13,,,,,45.11,23.493,6.919,FN,24,,,,,,
13,,,,,47.07,23.646,86.299,FN,25,,,,,,
13,,,,,34.94,28.658,21.516,FN,26,,,,,,
13,,,,,52.108,31.927,20.761,FN,27,,,,,,
13,,,,,2.764,37.114,88.5,FN,29,,,,,,
13,,,,,18.681,38.316,95.403,FN,30,,,,,,
13,,,,,18.72,39.096,78.257,FN,31,,,,,,
13,,,,,64.76,42.167,88.825,FN,32,,,,,,
13,,,,,23.226,42.595,48.625,FN,33,,,,,,
13,,,,,38.213,41.958,4.119,FN,34,,,,,,
13,,,,,46.764,43.515,18.385,FN,35,,,,,,
13,,,,,50.047,44.322,17.0,FN,36,,,,,,
13,,,,,12.315,44.482,76.492,FN,37,,,,,,
13,,,,,20.46,45.487,69.409,FN,38,,,,,,
13,,,,,45.691,51.648,9.292,FN,39,,,,,,
13,,,,,66.559,52.826,63.612,FN,40,,,,,,
13,,,,,61.826,58.811,0.75,FN,41,,,,,,
13,,,,,26.967,59.969,39.994,FN,42,,,,,,
13,,,,,56.368,65.265,19.338,FN,43,,,,,,
13,,,,,19.378,66.964,52.869,FN,44,,,,,,
13,,,,,44.611,66.072,79.815,FN,45,,,,,,
13,,,,,66.521,66.894,71.483,FN,46,,,,,,
13,,,,,13.048,68.605,71.855,FN,47,,,,,,
13,,,,,58.022,68.962,56.709,FN,48,,,,,,
13,,,,,17.738,70.007,45.669,FN,49,,,,,,
143,0,401.96,6.83,113.72,55.269,0.939,56.861,FP,,,,,,,
143,1,400.32,3.79,96.96,55.044,0.521,48.482,FP,,,,,,,
143,2,302.14,16.57,96.48,41.545,2.279,48.238,FP,,,,,,,
143,3,378.0,24.5,184.0,51.975,3.369,92.0,FP,,,,,,,
143,4,402.26,33.05,86.39,55.311,4.545,43.196,FP,,,,,,,
143,5,406.13,42.04,55.08,55.843,5.78,27.539,FP,,,,,,,
143,6,116.5,43.05,59.7,16.019,5.92,29.851,TP,4,0.211,0.851,0.877,-0.206,-0.046,0.851
143,7,412.16,58.7,26.24,56.672,8.071,13.12,FP,,,,,,,
143,8,399.0,44.0,48.5,54.863,6.05,24.25,FP,,,,,,,
143,9,415.44,45.45,168.51,57.123,6.249,84.254,FP,,,,,,,
143,10,419.6,62.25,95.75,57.694,8.56,47.877,FP,,,,,,,
143,11,413.43,58.11,119.77,56.847,7.991,59.887,FP,,,,,,,
143,12,17.75,64.0,95.49,2.44,8.799,47.744,FP,,,,,,,
143,13,316.92,81.54,30.98,43.576,11.212,15.49,FP,,,,,,,
143,14,321.92,63.11,95.36,44.264,8.677,47.678,FP,,,,,,,
143,15,185.78,62.64,95.56,25.545,8.613,47.782,FP,,,,,,,
143,16,10.5,73.29,32.57,1.444,10.077,16.286,TP,8,1.188,1.765,2.128,0.399,1.119,1.765
143,17,190.41,76.78,196.41,26.181,10.558,98.203,FP,,,,,,,
143,18,303.47,79.57,95.42,41.728,10.941,47.708,FP,,,,,,,
143,19,306.9,78.58,120.53,42.199,10.805,60.265,FP,,,,,,,
143,20,190.5,78.0,193.0,26.194,10.725,96.5,FP,,,,,,,
143,21,321.04,98.43,97.0,44.143,13.534,48.498,FP,,,,,,,
143,22,218.55,93.81,27.32,30.05,12.899,13.659,FP,,,,,,,
143,23,303.22,89.89,40.78,41.693,12.36,20.389,FP,,,,,,,
143,24,318.8,93.47,68.07,43.835,12.852,34.033,FP,,,,,,,
143,25,220.82,94.21,122.06,30.362,12.954,61.03,FP,,,,,,,
143,26,222.0,94.29,96.5,30.525,12.964,48.25,FP,,,,,,,
143,27,319.0,94.0,81.0,43.862,12.925,40.5,FP,,,,,,,
143,28,318.0,114.0,33.0,43.725,15.675,16.5,FP,,,,,,,
143,29,494.2,121.89,95.44,67.953,16.759,47.722,FP,,,,,,,
143,30,373.28,142.58,47.85,51.326,19.605,23.924,FP,,,,,,,
143,31,296.31,155.67,119.67,40.742,21.405,59.833,FP,,,,,,,
143,32,20.27,159.72,26.66,2.788,21.962,13.329,FP,,,,,,,
143,33,29.57,156.97,53.64,4.066,21.583,26.819,FP,,,,,,,
143,34,17.5,159.05,109.5,2.407,21.869,54.752,FP,,,,,,,
143,35,23.0,157.5,52.0,3.163,21.656,26.0,FP,,,,,,,
143,36,240.0,161.3,34.72,33.001,22.179,17.362,FP,,,,,,,
143,37,10.33,158.0,96.33,1.421,21.725,48.167,FP,,,,,,,
143,38,19.0,158.0,49.0,2.612,21.725,24.5,FP,,,,,,,
143,39,178.28,170.36,25.76,24.514,23.424,12.878,FP,,,,,,,
143,40,238.6,162.8,44.0,32.808,22.385,22.0,FP,,,,,,,
143,41,177.0,163.0,6.0,24.337,22.413,3.0,FP,,,,,,,
143,42,239.58,166.65,58.77,32.942,22.914,29.385,FP,,,,,,,
143,43,238.45,166.91,52.45,32.788,22.95,26.227,FP,,,,,,,
143,44,27.33,174.7,32.78,3.758,24.021,16.39,FP,,,,,,,
143,45,496.27,174.3,40.54,68.236,23.966,20.268,FP,,,,,,,
143,46,27.5,177.52,50.5,3.781,24.409,25.252,FP,,,,,,,
143,47,498.97,177.64,94.52,68.608,24.425,47.258,FP,,,,,,,
143,48,191.8,192.39,95.35,26.373,26.454,47.677,FP,,,,,,,
143,49,449.19,191.01,95.68,61.764,26.264,47.84,FP,,,,,,,
143,50,466.51,191.47,31.34,64.146,26.328,15.669,FP,,,,,,,
143,51,97.48,197.94,32.75,13.403,27.217,16.377,FP,,,,,,,
143,52,321.29,205.3,32.27,44.177,28.229,16.135,FP,,,,,,,
143,53,105.17,209.51,18.82,14.46,28.808,9.411,FP,,,,,,,
143,54,415.78,267.56,49.17,57.169,36.789,24.583,FP,,,,,,,
143,55,416.91,269.04,96.74,57.325,36.993,48.368,FP,,,,,,,
143,56,414.6,268.4,112.2,57.008,36.905,56.1,FP,,,,,,,
143,57,130.62,281.07,97.7,17.96,38.647,48.852,FP,,,,,,,
143,58,465.78,280.86,66.76,64.045,38.619,33.378,FP,,,,,,,
143,59,129.55,281.61,80.58,17.813,38.722,40.29,TP,31,0.487,1.899,1.96,0.476,0.1,1.899
143,60,129.43,281.6,84.47,17.797,38.72,42.233,FP,,,,,,,
143,61,466.35,284.6,95.51,64.123,39.132,47.757,FP,,,,,,,
143,62,124.33,281.81,101.67,17.096,38.749,50.833,FP,,,,,,,
143,63,122.4,283.3,60.2,16.83,38.954,30.1,FP,,,,,,,
143,64,123.0,282.0,104.0,16.913,38.775,52.0,FP,,,,,,,
143,65,465.55,285.34,114.29,64.013,39.234,57.143,FP,,,,,,,
143,66,462.85,287.94,161.68,63.642,39.592,80.841,FP,,,,,,,
143,67,466.33,284.67,89.0,64.121,39.142,44.5,FP,,,,,,,
143,68,466.29,286.29,106.0,64.114,39.364,53.0,FP,,,,,,,
143,69,470.58,290.28,131.56,64.704,39.914,65.782,FP,,,,,,,
143,70,191.96,335.62,31.57,26.395,46.148,15.785,FP,,,,,,,
143,71,322.35,319.4,158.85,44.323,43.917,79.427,FP,,,,,,,
143,72,321.01,318.68,93.3,44.139,43.819,46.652,FP,,,,,,,
143,73,108.41,326.03,36.15,14.906,44.829,18.073,FP,,,,,,,
143,74,112.98,334.63,159.77,15.535,46.012,79.884,FP,,,,,,,
143,75,390.11,352.25,80.14,53.641,48.434,40.072,FP,,,,,,,
143,76,389.49,351.68,95.51,53.554,48.355,47.757,FP,,,,,,,
143,77,390.5,352.5,84.0,53.694,48.469,42.0,FP,,,,,,,
143,78,394.33,354.69,119.78,54.22,48.769,59.892,FP,,,,,,,
143,79,418.55,363.25,111.57,57.551,49.947,55.787,FP,,,,,,,
143,80,416.45,362.55,121.09,57.263,49.85,60.545,FP,,,,,,,
143,81,320.78,377.54,48.65,44.107,51.912,24.324,FP,,,,,,,
143,82,321.41,379.42,96.09,44.193,52.171,48.045,FP,,,,,,,
143,83,321.57,379.05,111.0,44.216,52.119,55.5,TP,35,0.798,2.619,2.737,-0.6,0.526,2.619
143,84,449.64,379.64,95.64,61.826,52.2,47.821,FP,,,,,,,
143,85,16.59,380.49,112.06,2.281,52.317,56.029,FP,,,,,,,
143,86,97.2,396.89,32.79,13.365,54.572,16.395,FP,,,,,,,
143,87,98.26,396.74,95.58,13.511,54.551,47.791,FP,,,,,,,
143,88,98.06,394.18,112.47,13.483,54.199,56.235,FP,,,,,,,
143,89,220.81,416.17,31.09,30.362,57.223,15.546,FP,,,,,,,
143,90,207.3,414.93,46.21,28.504,57.052,23.103,FP,,,,,,,
143,91,214.74,415.51,95.59,29.526,57.133,47.797,FP,,,,,,,
143,92,217.67,413.86,57.33,29.929,56.906,28.667,TP,41,0.547,0.599,0.811,0.546,0.009,0.599
143,93,222.5,414.25,24.75,30.594,56.959,12.375,FP,,,,,,,
143,94,210.43,418.71,24.71,28.934,57.573,12.357,FP,,,,,,,
143,95,320.06,432.83,95.37,44.008,59.514,47.683,FP,,,,,,,
143,96,365.88,446.19,31.19,50.309,61.352,15.595,FP,,,,,,,
143,97,189.77,447.03,95.29,26.093,61.467,47.645,FP,,,,,,,
143,98,431.73,448.99,35.62,59.363,61.736,17.81,FP,,,,,,,
143,99,445.09,447.57,95.3,61.2,61.541,47.649,FP,,,,,,,
143,100,490.74,456.28,96.25,67.477,62.738,48.123,TP,45,0.656,1.65,1.776,-0.38,-0.534,1.65
143,101,478.5,446.25,168.25,65.794,61.359,84.125,FP,,,,,,,
143,102,479.25,446.25,160.75,65.897,61.359,80.375,FP,,,,,,,
143,103,495.1,448.59,32.68,68.076,61.68,16.341,FP,,,,,,,
143,104,496.0,452.0,34.0,68.2,62.15,17.0,FP,,,,,,,
143,105,495.06,457.17,58.41,68.071,62.86,29.206,FP,,,,,,,
143,106,50.64,460.52,31.26,6.963,63.321,15.628,FP,,,,,,,
143,107,486.27,462.82,114.85,66.863,63.638,57.426,FP,,,,,,,
143,108,495.0,460.0,52.0,68.062,63.25,26.0,FP,,,,,,,
143,109,61.28,463.5,51.63,8.426,63.731,25.815,FP,,,,,,,
143,110,496.38,461.44,48.47,68.252,63.449,24.233,FP,,,,,,,
143,111,471.0,471.0,153.0,64.763,64.763,76.5,FP,,,,,,,
143,112,474.33,472.67,152.0,65.221,64.992,76.0,FP,,,,,,,
143,113,478.07,475.64,152.29,65.735,65.401,76.143,FP,,,,,,,
143,114,61.31,477.55,32.53,8.43,65.662,16.264,FP,,,,,,,
143,115,65.16,496.44,95.79,8.96,68.26,47.893,FP,,,,,,,
143,,,,,5.543,0.758,58.208,FN,0,,,,,,
143,,,,,54.925,0.57,36.304,FN,1,,,,,,
143,,,,,53.368,3.281,2.027,FN,2,,,,,,
143,,,,,21.626,4.801,47.0,FN,3,,,,,,
143,,,,,25.787,6.77,68.723,FN,5,,,,,,
143,,,,,56.222,7.107,2.718,FN,6,,,,,,
143,,,,,57.178,7.568,6.513,FN,7,,,,,,
143,,,,,38.439,9.293,87.939,FN,9,,,,,,
143,,,,,41.435,12.512,4.136,FN,10,,,,,,
143,,,,,30.272,13.184,20.771,FN,11,,,,,,
143,,,,,17.87,13.687,36.862,FN,12,,,,,,
143,,,,,45.665,15.505,23.906,FN,13,,,,,,
143,,,,,1.528,16.525,60.5,FN,14,,,,,,
143,,,,,40.274,17.656,65.0,FN,15,,,,,,
143,,,,,51.233,19.362,47.807,FN,16,,,,,,
143,,,,,40.891,21.104,34.12,FN,17,,,,,,
143,,,,,38.067,22.861,59.389,FN,18,,,,,,
143,,,,,4.074,23.042,7.461,FN,19,,,,,,
143,,,,,33.697,22.865,36.16,FN,20,,,,,,
143,,,,,25.415,24.429,14.319,FN,21,,,,,,
143,,,,,69.147,24.255,28.283,FN,22,,,,,,
143,,,,,13.733,27.769,6.5,FN,23,,,,,,
143,,,,,49.377,32.701,93.983,FN,24,,,,,,
143,,,,,64.219,33.824,96.429,FN,25,,,,,,
143,,,,,69.369,33.481,62.5,FN,26,,,,,,
143,,,,,69.116,36.37,84.871,FN,27,,,,,,
143,,,,,57.13,37.147,69.045,FN,28,,,,,,
143,,,,,18.455,38.016,90.765,FN,29,,,,,,
143,,,,,63.908,38.967,63.456,FN,30,,,,,,
143,,,,,52.732,40.968,36.08,FN,32,,,,,,
143,,,,,15.242,44.661,52.162,FN,33,,,,,,
143,,,,,53.75,48.708,26.22,FN,34,,,,,,
143,,,,,58.889,51.953,11.969,FN,36,,,,,,
143,,,,,44.224,52.258,42.862,FN,37,,,,,,
143,,,,,5.343,53.902,37.236,FN,38,,,,,,
143,,,,,13.418,54.248,32.551,FN,39,,,,,,
143,,,,,1.464,55.892,26.301,FN,40,,,,,,
143,,,,,24.914,59.166,84.071,FN,42,,,,,,
143,,,,,18.883,60.56,86.136,FN,43,,,,,,
143,,,,,1.272,61.668,59.87,FN,44,,,,,,
143,,,,,60.328,62.32,35.0,FN,46,,,,,,
143,,,,,7.352,63.697,1.233,FN,47,,,,,,
143,,,,,40.995,68.538,22.619,FN,48,,,,,,
143,,,,,34.712,69.173,81.885,FN,49,,,,,,
148,0,446.62,29.93,31.66,61.41,4.115,15.832,FP,,,,,,,
148,1,297.0,24.0,102.0,40.838,3.3,51.0,FP,,,,,,,
148,2,315.32,30.97,28.79,43.357,4.259,14.396,FP,,,,,,,
148,3,318.22,31.88,96.06,43.756,4.384,48.031,FP,,,,,,,
148,4,319.71,32.12,167.42,43.96,4.416,83.711,FP,,,,,,,
148,5,465.14,34.57,94.43,63.957,4.754,47.214,FP,,,,,,,
148,6,21.94,41.96,96.86,3.017,5.77,48.43,FP,,,,,,,
148,7,22.98,42.45,83.35,3.16,5.837,41.677,FP,,,,,,,
148,8,22.76,40.72,112.88,3.13,5.599,56.44,FP,,,,,,,
148,9,23.0,40.5,116.0,3.163,5.569,58.0,FP,,,,,,,
148,10,321.38,50.18,95.92,44.19,6.899,47.96,FP,,,,,,,
148,11,316.5,45.29,159.57,43.519,6.227,79.786,FP,,,,,,,
148,12,30.27,66.93,182.4,4.162,9.203,91.2,FP,,,,,,,
148,13,480.6,66.8,112.0,66.083,9.185,56.0,FP,,,,,,,
148,14,34.5,102.5,32.5,4.744,14.094,16.25,TP,8,0.666,1.986,2.095,-0.626,-0.228,1.986
148,15,449.41,110.32,31.69,61.794,15.169,15.844,TP,10,1.238,1.974,2.33,-0.942,-0.802,1.974
148,16,449.35,108.5,52.34,61.785,14.918,26.17,FP,,,,,,,
148,17,457.38,118.48,3.85,62.889,16.29,1.927,FP,,,,,,,
148,18,497.85,122.62,95.46,68.454,16.861,47.731,FP,,,,,,,
148,19,375.19,143.34,192.77,51.588,19.709,96.385,FP,,,,,,,
148,20,377.0,142.89,188.42,51.838,19.648,94.211,FP,,,,,,,
148,21,377.74,145.81,160.71,51.94,20.048,80.355,FP,,,,,,,
148,22,24.46,160.51,111.24,3.363,22.07,55.621,FP,,,,,,,
148,23,22.21,158.62,32.7,3.054,21.811,16.348,FP,,,,,,,
148,24,24.57,158.83,48.91,3.379,21.84,24.453,FP,,,,,,,
148,25,31.36,161.57,96.77,4.312,22.216,48.386,FP,,,,,,,
148,26,223.11,193.25,31.83,30.678,26.571,15.913,FP,,,,,,,
148,27,143.54,190.7,31.7,19.736,26.222,15.851,FP,,,,,,,
148,28,225.58,191.7,111.73,31.017,26.358,55.867,FP,,,,,,,
148,29,353.73,188.52,194.62,48.639,25.922,97.311,FP,,,,,,,
148,30,442.4,193.68,95.46,60.831,26.631,47.728,FP,,,,,,,
148,31,224.16,190.78,58.5,30.822,26.232,29.25,FP,,,,,,,
148,32,286.43,193.35,5.97,39.385,26.585,2.985,FP,,,,,,,
148,33,320.9,190.86,31.9,44.124,26.243,15.95,FP,,,,,,,
148,34,445.92,190.92,55.53,61.314,26.252,27.765,FP,,,,,,,
148,35,225.97,192.18,96.39,31.071,26.425,48.197,FP,,,,,,,
148,36,223.0,191.67,52.67,30.663,26.354,26.333,FP,,,,,,,
148,37,448.0,192.5,166.67,61.6,26.469,83.333,FP,,,,,,,
148,38,320.72,203.76,96.11,44.099,28.017,48.055,FP,,,,,,,
148,39,495.0,205.5,33.0,68.062,28.256,16.5,FP,,,,,,,
148,40,351.47,235.84,95.59,48.327,32.429,47.795,FP,,,,,,,
148,41,94.39,235.67,60.44,12.978,32.404,30.222,FP,,,,,,,
148,42,95.74,238.79,47.38,13.164,32.833,23.692,FP,,,,,,,
148,43,183.32,283.25,27.26,25.206,38.947,13.631,FP,,,,,,,
148,44,95.17,270.5,112.33,13.085,37.194,56.167,FP,,,,,,,
148,45,189.29,282.08,95.69,26.028,38.785,47.844,FP,,,,,,,
148,46,78.18,280.45,104.59,10.75,38.563,52.295,FP,,,,,,,
148,47,67.47,299.01,95.97,9.277,41.114,47.984,FP,,,,,,,
148,48,189.07,285.93,68.53,25.997,39.316,34.267,FP,,,,,,,
148,49,74.39,299.35,33.29,10.228,41.161,16.646,FP,,,,,,,
148,50,272.92,296.98,96.45,37.527,40.835,48.225,FP,,,,,,,
148,51,70.56,300.67,104.44,9.701,41.342,52.222,FP,,,,,,,
148,52,80.5,302.0,24.0,11.069,41.525,12.0,FP,,,,,,,
148,53,108.97,318.37,27.92,14.983,43.776,13.959,FP,,,,,,,
148,54,267.0,310.0,20.0,36.713,42.625,10.0,TP,28,0.325,0.758,0.825,0.248,0.21,0.758
148,55,271.35,314.12,16.91,37.311,43.192,8.456,FP,,,,,,,
148,56,92.42,315.15,48.1,12.708,43.334,24.048,FP,,,,,,,
148,57,273.0,315.5,50.33,37.538,43.381,25.167,FP,,,,,,,
148,58,296.82,316.75,131.57,40.813,43.554,65.787,FP,,,,,,,
148,59,296.22,318.55,164.52,40.73,43.8,82.26,FP,,,,,,,
148,60,297.76,319.71,95.06,40.943,43.96,47.528,FP,,,,,,,
148,61,274.0,315.0,52.0,37.675,43.312,26.0,FP,,,,,,,
148,62,238.59,319.3,168.33,32.806,43.904,84.167,FP,,,,,,,
148,63,295.74,317.31,145.48,40.664,43.63,72.738,FP,,,,,,,
148,64,91.47,320.04,118.39,12.577,44.006,59.194,FP,,,,,,,
148,65,201.01,327.2,132.91,27.638,44.991,66.455,FP,,,,,,,
148,66,338.22,329.56,10.87,46.505,45.315,5.433,FP,,,,,,,
148,67,330.46,336.33,39.34,45.438,46.246,19.671,TP,33,0.574,1.19,1.322,-0.558,-0.135,1.19
148,68,336.35,335.13,95.81,46.247,46.08,47.906,FP,,,,,,,
148,69,311.17,334.49,120.18,42.786,45.992,60.091,FP,,,,,,,
148,70,192.32,351.18,95.82,26.444,48.288,47.908,FP,,,,,,,
148,71,191.06,351.1,31.8,26.271,48.276,15.898,FP,,,,,,,
148,72,192.65,351.74,50.58,26.49,48.364,25.288,FP,,,,,,,
148,73,193.43,352.07,67.79,26.596,48.41,33.893,FP,,,,,,,
148,74,475.73,352.16,32.53,65.413,48.421,16.267,FP,,,,,,,
148,75,399.1,352.7,33.0,54.876,48.496,16.5,FP,,,,,,,
148,76,401.11,352.56,40.33,55.153,48.476,20.167,FP,,,,,,,
148,77,476.89,356.64,48.44,65.572,49.038,24.222,FP,,,,,,,
148,78,478.31,359.26,87.23,65.768,49.398,43.614,FP,,,,,,,
148,79,478.43,358.57,92.43,65.784,49.304,46.214,FP,,,,,,,
148,80,333.87,363.34,55.11,45.907,49.959,27.556,FP,,,,,,,
148,81,477.67,360.33,95.92,65.679,49.546,47.958,FP,,,,,,,
148,82,14.46,388.72,32.4,1.989,53.449,16.198,FP,,,,,,,
148,83,350.83,406.62,26.22,48.239,55.91,13.109,FP,,,,,,,
148,84,354.5,398.5,48.0,48.744,54.794,24.0,FP,,,,,,,
148,85,351.3,404.64,95.59,48.304,55.638,47.793,FP,,,,,,,
148,86,80.71,430.2,40.54,11.098,59.153,20.268,FP,,,,,,,
148,87,79.03,441.69,56.04,10.866,60.732,28.022,FP,,,,,,,
148,88,86.47,435.4,108.47,11.889,59.868,54.233,FP,,,,,,,
148,89,83.97,443.61,68.21,11.545,60.997,34.103,TP,44,1.153,0.881,1.451,-0.31,1.11,0.881
148,90,65.5,446.67,31.72,9.006,61.418,15.861,FP,,,,,,,
148,91,446.89,447.39,95.59,61.447,61.516,47.793,FP,,,,,,,
148,92,189.28,448.36,95.02,26.026,61.649,47.508,FP,,,,,,,
148,93,400.05,446.73,31.52,55.006,61.425,15.761,FP,,,,,,,
148,94,445.19,448.07,160.59,61.213,61.61,80.297,FP,,,,,,,
148,95,66.81,449.1,95.94,9.186,61.752,47.972,FP,,,,,,,
148,96,394.61,448.99,95.48,54.259,61.737,47.739,FP,,,,,,,
148,97,395.04,449.52,168.09,54.318,61.809,84.043,FP,,,,,,,
148,98,23.65,470.13,192.37,3.252,64.643,96.185,FP,,,,,,,
148,99,222.82,478.78,102.81,30.638,65.832,51.403,TP,47,0.219,2.355,2.365,0.216,-0.033,-2.355
148,,,,,50.02,0.648,39.692,FN,0,,,,,,
148,,,,,14.588,1.209,90.114,FN,1,,,,,,
148,,,,,61.091,4.168,90.207,FN,2,,,,,,
148,,,,,43.319,4.746,24.252,FN,3,,,,,,
148,,,,,3.796,5.26,74.228,FN,4,,,,,,
148,,,,,51.352,5.6,70.111,FN,5,,,,,,
148,,,,,1.726,6.594,69.439,FN,6,,,,,,
148,,,,,51.416,9.425,65.439,FN,7,,,,,,
148,,,,,49.56,14.573,77.408,FN,9,,,,,,
148,,,,,67.949,16.631,72.873,FN,11,,,,,,
148,,,,,53.78,17.099,6.747,FN,12,,,,,,
148,,,,,10.09,19.411,96.838,FN,13,,,,,,
148,,,,,3.808,21.813,39.192,FN,14,,,,,,
148,,,,,55.724,22.749,67.809,FN,15,,,,,,
148,,,,,48.432,25.306,85.314,FN,16,,,,,,
148,,,,,63.303,25.88,29.102,FN,17,,,,,,
148,,,,,31.154,26.44,38.484,FN,18,,,,,,
148,,,,,62.04,26.749,74.337,FN,19,,,,,,
148,,,,,69.658,27.817,9.261,FN,20,,,,,,
148,,,,,44.251,27.238,75.542,FN,21,,,,,,
148,,,,,48.191,32.24,73.937,FN,22,,,,,,
148,,,,,23.665,31.524,88.629,FN,23,,,,,,
148,,,,,12.727,33.833,43.746,FN,24,,,,,,
148,,,,,25.5,38.787,4.016,FN,25,,,,,,
148,,,,,9.562,40.827,6.859,FN,26,,,,,,
148,,,,,38.022,40.678,8.488,FN,27,,,,,,
148,,,,,13.549,42.632,9.95,FN,29,,,,,,
148,,,,,37.854,46.064,62.121,FN,30,,,,,,
148,,,,,42.26,45.996,77.765,FN,31,,,,,,
148,,,,,16.139,46.393,3.444,FN,32,,,,,,
148,,,,,44.177,47.393,39.777,FN,34,,,,,,
148,,,,,26.658,48.263,39.396,FN,35,,,,,,
148,,,,,54.801,48.747,48.0,FN,36,,,,,,
148,,,,,65.523,49.477,36.606,FN,37,,,,,,
148,,,,,45.794,49.943,76.76,FN,38,,,,,,
148,,,,,14.317,50.789,80.269,FN,39,,,,,,
148,,,,,13.459,51.261,89.274,FN,40,,,,,,
148,,,,,57.024,52.433,85.006,FN,41,,,,,,
148,,,,,1.912,53.458,86.214,FN,42,,,,,,
148,,,,,48.492,55.222,4.976,FN,43,,,,,,
148,,,,,53.799,61.039,67.5,FN,45,,,,,,
148,,,,,11.712,62.023,68.649,FN,46,,,,,,
148,,,,,48.442,66.081,82.318,FN,48,,,,,,
148,,,,,64.824,67.226,95.031,FN,49,,,,,,
149,0,296.73,28.7,111.96,40.8,3.946,55.979,FP,,,,,,,
149,1,301.29,31.01,95.03,41.427,4.264,47.514,FP,,,,,,,
149,2,296.16,30.51,57.99,40.722,4.196,28.993,FP,,,,,,,
149,3,294.0,30.0,120.0,40.425,4.125,60.0,TP,3,1.081,1.273,1.67,-0.961,-0.495,-1.273
149,4,130.6,41.66,5.6,17.958,5.728,2.801,FP,,,,,,,
149,5,293.17,45.4,32.53,40.31,6.243,16.267,FP,,,,,,,
149,6,293.92,51.12,22.07,40.414,7.029,11.037,FP,,,,,,,
149,7,294.0,48.5,28.0,40.425,6.669,14.0,FP,,,,,,,
149,8,286.32,63.67,95.38,39.368,8.754,47.691,FP,,,,,,,
149,9,191.8,62.16,31.63,26.373,8.547,15.816,FP,,,,,,,
149,10,196.91,63.44,134.0,27.075,8.722,67.0,FP,,,,,,,
149,11,284.55,64.4,32.17,39.126,8.856,16.085,TP,6,0.729,4.122,4.186,-0.224,0.693,4.122
149,12,143.58,62.25,96.33,19.743,8.559,48.167,FP,,,,,,,
149,13,49.57,76.87,90.41,6.815,10.57,45.204,TP,8,0.655,3.295,3.359,0.267,-0.598,3.295
149,14,49.07,79.04,44.53,6.746,10.868,22.263,FP,,,,,,,
149,15,49.41,75.94,68.0,6.794,10.442,34.0,FP,,,,,,,
149,16,194.52,143.55,52.13,26.746,19.739,26.064,FP,,,,,,,
149,17,194.04,143.3,30.04,26.68,19.703,15.019,FP,,,,,,,
149,18,34.77,148.09,96.29,4.78,20.362,48.143,FP,,,,,,,
149,19,201.18,155.65,21.73,27.663,21.402,10.864,FP,,,,,,,
149,20,40.83,152.5,66.83,5.615,20.969,33.417,FP,,,,,,,
149,21,41.46,153.04,74.88,5.701,21.043,37.442,FP,,,,,,,
149,22,433.25,161.49,94.55,59.572,22.205,47.273,FP,,,,,,,
149,23,38.14,159.5,117.41,5.244,21.931,58.703,FP,,,,,,,
149,24,276.73,161.99,97.98,38.05,22.274,48.988,FP,,,,,,,
149,25,319.99,158.71,168.08,43.998,21.822,84.038,FP,,,,,,,
149,26,33.75,160.98,162.29,4.64,22.134,81.147,FP,,,,,,,
149,27,34.89,160.39,131.98,4.798,22.053,65.991,FP,,,,,,,
149,28,317.75,163.83,96.48,43.691,22.526,48.242,FP,,,,,,,
149,29,317.18,165.91,56.45,43.613,22.812,28.227,FP,,,,,,,
149,30,111.72,172.1,20.33,15.362,23.664,10.164,FP,,,,,,,
149,31,193.3,170.13,73.99,26.579,23.393,36.995,FP,,,,,,,
149,32,192.56,172.27,95.65,26.477,23.688,47.823,FP,,,,,,,
149,33,194.4,174.47,160.2,26.73,23.989,80.1,FP,,,,,,,
149,34,194.33,174.33,152.5,26.721,23.971,76.25,FP,,,,,,,
149,35,368.19,189.66,32.06,50.626,26.078,16.032,FP,,,,,,,
149,36,190.33,195.67,32.22,26.171,26.904,16.111,FP,,,,,,,
149,37,303.14,236.76,43.97,41.682,32.555,21.986,FP,,,,,,,
149,38,64.45,239.12,31.58,8.862,32.879,15.79,FP,,,,,,,
149,39,303.67,239.23,111.4,41.755,32.894,55.7,FP,,,,,,,
149,40,304.57,238.43,96.57,41.879,32.784,48.286,TP,23,0.166,2.983,2.988,0.139,0.09,2.983
149,41,273.89,286.17,36.73,37.659,39.348,18.367,TP,26,0.964,2.607,2.78,0.955,0.131,2.607
149,42,185.62,288.72,40.39,25.523,39.699,20.195,FP,,,,,,,
149,43,270.31,283.69,12.38,37.168,39.007,6.188,FP,,,,,,,
149,44,269.38,285.92,96.54,37.04,39.314,48.269,FP,,,,,,,
149,45,266.28,287.22,3.61,36.613,39.493,1.806,FP,,,,,,,
149,46,179.0,288.0,33.0,24.613,39.6,16.5,FP,,,,,,,
149,47,178.66,292.69,96.14,24.565,40.245,48.069,TP,25,0.658,2.528,2.612,-0.196,0.628,2.528
149,48,446.89,299.22,95.89,61.447,41.143,47.944,FP,,,,,,,
149,49,339.82,304.93,59.37,46.725,41.928,29.684,FP,,,,,,,
149,50,334.17,311.91,105.38,45.948,42.888,52.689,FP,,,,,,,
149,51,118.54,317.53,32.06,16.299,43.66,16.032,FP,,,,,,,
149,52,174.15,318.6,95.04,23.945,43.808,47.519,FP,,,,,,,
149,53,414.85,320.01,95.61,57.042,44.001,47.807,FP,,,,,,,
149,54,119.0,314.5,56.0,16.363,43.244,28.0,FP,,,,,,,
149,55,156.23,317.07,194.77,21.482,43.597,97.384,FP,,,,,,,
149,56,27.63,318.66,31.55,3.799,43.816,15.775,FP,,,,,,,
149,57,73.13,326.35,95.79,10.056,44.873,47.894,FP,,,,,,,
149,58,158.33,318.67,96.0,21.771,43.817,48.0,FP,,,,,,,
149,59,171.44,319.78,83.53,23.573,43.97,41.766,FP,,,,,,,
149,60,177.15,332.68,58.49,24.358,45.743,29.246,FP,,,,,,,
149,61,139.09,333.52,119.15,19.124,45.859,59.576,FP,,,,,,,
149,62,171.49,337.8,40.29,23.579,46.447,20.143,TP,34,1.287,0.59,1.416,-1.248,-0.313,0.59
149,63,351.46,349.46,165.56,48.326,48.051,82.78,FP,,,,,,,
149,64,308.74,357.33,108.89,42.452,49.134,54.447,FP,,,,,,,
149,65,185.02,358.4,140.36,25.441,49.28,70.182,FP,,,,,,,
149,66,184.46,359.55,133.33,25.363,49.438,66.666,FP,,,,,,,
149,67,299.12,362.39,7.8,41.129,49.828,3.902,FP,,,,,,,
149,68,305.5,358.5,56.5,42.006,49.294,28.25,FP,,,,,,,
149,69,290.19,368.86,41.29,39.901,50.718,20.643,FP,,,,,,,
149,70,207.0,366.0,197.0,28.463,50.325,98.5,FP,,,,,,,
149,71,288.56,368.5,71.25,39.677,50.669,35.625,FP,,,,,,,
149,72,288.79,372.06,93.64,39.708,51.158,46.818,FP,,,,,,,
149,73,223.8,399.71,23.3,30.772,54.961,11.65,FP,,,,,,,
149,74,448.92,394.11,95.82,61.727,54.19,47.911,FP,,,,,,,
149,75,221.46,400.15,159.67,30.451,55.021,79.835,FP,,,,,,,
149,76,224.32,400.23,96.1,30.845,55.031,48.05,FP,,,,,,,
149,77,147.77,408.03,58.52,20.318,56.103,29.258,FP,,,,,,,
149,78,338.74,406.03,20.45,46.577,55.829,10.226,TP,45,0.674,2.67,2.754,0.03,-0.674,-2.67
149,79,346.03,412.89,32.08,47.579,56.773,16.039,FP,,,,,,,
149,80,15.96,413.14,36.37,2.195,56.807,18.186,FP,,,,,,,
149,81,14.75,409.0,60.0,2.028,56.238,30.0,TP,47,0.525,2.205,2.266,0.498,-0.166,-2.205
149,82,146.5,408.0,49.0,20.144,56.1,24.5,FP,,,,,,,
149,83,15.29,411.22,120.55,2.103,56.543,60.274,FP,,,,,,,
149,84,150.67,413.44,124.0,20.717,56.849,62.0,FP,,,,,,,
149,85,327.5,416.09,95.47,45.031,57.213,47.737,FP,,,,,,,
149,86,332.08,413.62,34.17,45.66,56.873,17.087,FP,,,,,,,
149,87,329.12,417.34,116.96,45.254,57.384,58.479,FP,,,,,,,
149,88,464.1,423.09,51.33,63.814,58.175,25.664,FP,,,,,,,
149,89,467.49,425.53,98.56,64.28,58.51,49.279,TP,48,0.293,1.227,1.261,0.242,0.164,-1.227
149,90,63.67,479.45,168.35,8.755,65.924,84.175,FP,,,,,,,
149,,,,,63.441,2.17,99.0,FN,0,,,,,,
149,,,,,41.114,2.925,52.404,FN,1,,,,,,
149,,,,,22.747,3.456,98.54,FN,2,,,,,,
149,,,,,17.416,5.759,89.424,FN,4,,,,,,
149,,,,,18.354,6.188,10.242,FN,5,,,,,,
149,,,,,33.405,9.733,72.457,FN,7,,,,,,
149,,,,,35.357,13.326,69.5,FN,9,,,,,,
149,,,,,18.105,16.376,43.356,FN,10,,,,,,
149,,,,,26.82,19.216,47.522,FN,11,,,,,,
149,,,,,6.377,20.977,73.884,FN,12,,,,,,
149,,,,,4.673,21.82,74.213,FN,13,,,,,,
149,,,,,38.072,22.441,59.981,FN,14,,,,,,
149,,,,,43.484,22.896,63.673,FN,15,,,,,,
149,,,,,59.344,22.31,58.09,FN,16,,,,,,
149,,,,,10.185,24.202,94.736,FN,17,,,,,,
149,,,,,26.832,23.443,57.26,FN,18,,,,,,
149,,,,,15.779,23.838,1.764,FN,19,,,,,,
149,,,,,49.904,25.367,76.411,FN,20,,,,,,
149,,,,,19.03,25.501,84.913,FN,21,,,,,,
149,,,,,13.672,33.095,67.55,FN,22,,,,,,
149,,,,,39.409,36.492,12.577,FN,24,,,,,,
149,,,,,47.359,41.603,73.688,FN,27,,,,,,
149,,,,,31.305,41.365,55.446,FN,28,,,,,,
149,,,,,54.082,41.467,89.111,FN,29,,,,,,
149,,,,,43.47,41.956,62.494,FN,30,,,,,,
149,,,,,16.143,42.757,50.511,FN,31,,,,,,
149,,,,,30.472,44.13,98.5,FN,32,,,,,,
149,,,,,57.341,44.013,61.52,FN,33,,,,,,
149,,,,,18.599,45.83,67.99,FN,35,,,,,,
149,,,,,49.621,48.032,86.775,FN,36,,,,,,
149,,,,,32.476,49.83,26.369,FN,37,,,,,,
149,,,,,42.837,49.32,41.743,FN,38,,,,,,
149,,,,,39.345,51.085,41.241,FN,39,,,,,,
149,,,,,10.406,53.108,67.545,FN,40,,,,,,
149,,,,,14.966,53.306,95.179,FN,41,,,,,,
149,,,,,61.855,53.828,57.0,FN,42,,,,,,
149,,,,,31.015,54.602,20.5,FN,43,,,,,,
149,,,,,20.27,55.921,48.354,FN,44,,,,,,
149,,,,,45.444,56.232,63.323,FN,46,,,,,,
149,,,,,17.853,65.063,98.277,FN,49,,,,,,
15,0,496.32,16.04,31.61,68.244,2.205,15.806,FP,,,,,,,
15,1,63.08,37.13,31.88,8.673,5.105,15.942,FP,,,,,,,
15,2,173.73,36.83,115.13,23.888,5.065,57.567,FP,,,,,,,
15,3,174.0,37.0,104.0,23.925,5.088,52.0,FP,,,,,,,
15,4,170.3,41.18,18.92,23.416,5.662,9.46,FP,,,,,,,
15,5,289.45,41.11,159.32,39.8,5.652,79.661,FP,,,,,,,
15,6,287.86,47.79,36.66,39.581,6.571,18.331,FP,,,,,,,
15,7,291.07,44.07,167.43,40.022,6.06,83.714,FP,,,,,,,
15,8,70.45,50.51,89.9,9.686,6.945,44.951,FP,,,,,,,
15,9,288.16,45.35,96.48,39.622,6.236,48.242,FP,,,,,,,
15,10,284.32,59.93,96.57,39.094,8.241,48.287,FP,,,,,,,
15,11,296.36,59.86,75.18,40.75,8.231,37.592,FP,,,,,,,
15,12,300.41,61.95,115.31,41.307,8.518,57.653,FP,,,,,,,
15,13,301.63,59.73,124.3,41.475,8.213,62.15,FP,,,,,,,
15,14,72.84,59.88,130.6,10.016,8.234,65.3,FP,,,,,,,
15,15,401.11,63.42,96.14,55.153,8.721,48.069,FP,,,,,,,
15,16,478.55,62.65,31.38,65.801,8.614,15.692,FP,,,,,,,
15,17,297.55,61.9,96.45,40.913,8.511,48.225,FP,,,,,,,
15,18,496.06,63.08,95.68,68.209,8.674,47.841,FP,,,,,,,
15,19,295.0,62.0,69.0,40.562,8.525,34.5,FP,,,,,,,
15,20,349.88,85.53,32.91,48.109,11.761,16.453,TP,10,0.193,0.331,0.383,0.191,0.029,0.331
15,21,352.26,78.15,58.7,48.436,10.745,29.352,FP,,,,,,,
15,22,351.24,87.72,97.1,48.295,12.061,48.549,FP,,,,,,,
15,23,342.75,86.25,24.25,47.128,11.859,12.125,FP,,,,,,,
15,24,349.0,86.5,104.0,47.987,11.894,52.0,FP,,,,,,,
15,25,16.66,94.09,57.73,2.29,12.938,28.866,FP,,,,,,,
15,26,21.84,94.85,76.48,3.003,13.043,38.242,FP,,,,,,,
15,27,18.0,94.0,85.0,2.475,12.925,42.5,FP,,,,,,,
15,28,17.68,105.2,7.33,2.431,14.465,3.667,FP,,,,,,,
15,29,25.58,108.07,37.07,3.518,14.86,18.533,FP,,,,,,,
15,30,28.64,106.46,19.01,3.938,14.638,9.503,TP,12,0.433,0.074,0.439,0.237,0.363,-0.074
15,31,18.52,107.22,122.52,2.546,14.743,61.259,FP,,,,,,,
15,32,459.89,138.86,88.56,63.235,19.094,44.282,FP,,,,,,,
15,33,448.37,162.27,95.31,61.651,22.313,47.654,FP,,,,,,,
15,34,451.57,171.16,20.63,62.09,23.535,10.314,FP,,,,,,,
15,35,464.89,171.19,52.71,63.922,23.539,26.357,FP,,,,,,,
15,36,32.01,174.23,43.9,4.402,23.957,21.949,FP,,,,,,,
15,37,18.72,189.78,31.87,2.574,26.095,15.936,FP,,,,,,,
15,38,29.07,189.87,96.03,3.998,26.108,48.015,FP,,,,,,,
15,39,63.78,190.28,95.7,8.769,26.163,47.852,FP,,,,,,,
15,40,478.1,190.57,95.08,65.739,26.204,47.541,FP,,,,,,,
15,41,64.11,191.32,31.24,8.815,26.306,15.62,FP,,,,,,,
15,42,195.02,190.68,95.79,26.815,26.219,47.897,FP,,,,,,,
15,43,351.16,191.2,95.16,48.285,26.291,47.582,FP,,,,,,,
15,44,494.5,190.0,168.5,67.994,26.125,84.25,FP,,,,,,,
15,45,482.25,193.0,160.0,66.309,26.538,80.0,FP,,,,,,,
15,46,486.5,194.5,192.0,66.894,26.744,96.0,FP,,,,,,,
15,47,320.88,207.09,175.95,44.121,28.474,87.973,FP,,,,,,,
15,48,156.01,216.09,46.08,21.451,29.712,23.038,FP,,,,,,,
15,49,154.98,218.5,74.03,21.31,30.043,37.014,TP,21,0.506,1.675,1.75,0.22,0.456,-1.675
15,50,154.46,220.19,12.63,21.239,30.276,6.315,FP,,,,,,,
15,51,159.0,222.0,57.0,21.863,30.525,28.5,FP,,,,,,,
15,52,175.58,223.47,168.53,24.143,30.727,84.264,FP,,,,,,,
15,53,176.0,224.0,95.0,24.2,30.8,47.5,FP,,,,,,,
15,54,193.17,244.44,31.74,26.561,33.61,15.871,FP,,,,,,,
15,55,372.83,238.17,47.98,51.264,32.749,23.989,FP,,,,,,,
15,56,375.14,237.61,58.1,51.581,32.671,29.049,FP,,,,,,,
15,57,156.99,249.9,95.89,21.586,34.361,47.947,FP,,,,,,,
15,58,413.05,251.32,31.39,56.794,34.556,15.694,FP,,,,,,,
15,59,274.04,252.15,95.23,37.681,34.671,47.615,FP,,,,,,,
15,60,459.53,305.81,47.21,63.186,42.05,23.607,FP,,,,,,,
15,61,467.9,301.93,67.79,64.336,41.515,33.894,FP,,,,,,,
15,62,464.56,304.29,94.68,63.877,41.84,47.342,FP,,,,,,,
15,63,467.0,304.5,130.0,64.213,41.869,65.0,FP,,,,,,,
15,64,471.76,312.82,17.05,64.867,43.012,8.524,FP,,,,,,,
15,65,304.91,318.76,23.0,41.925,43.829,11.501,FP,,,,,,,
15,66,317.96,319.43,95.39,43.72,43.921,47.694,FP,,,,,,,
15,67,318.26,319.27,47.67,43.761,43.899,23.836,FP,,,,,,,
15,68,192.6,318.2,166.5,26.483,43.753,83.25,FP,,,,,,,
15,69,193.0,320.0,161.0,26.538,44.0,80.5,FP,,,,,,,
15,70,193.73,332.59,95.72,26.638,45.731,47.859,FP,,,,,,,
15,71,204.14,349.94,30.85,28.07,48.117,15.424,TP,32,1.028,0.128,1.036,-1.025,0.081,0.128
15,72,207.58,350.29,109.97,28.543,48.165,54.984,FP,,,,,,,
15,73,206.28,351.19,96.24,28.364,48.289,48.118,FP,,,,,,,
15,74,212.33,348.33,46.0,29.196,47.896,23.0,FP,,,,,,,
15,75,113.95,366.72,31.7,15.669,50.424,15.849,FP,,,,,,,
15,76,114.08,367.55,95.42,15.685,50.538,47.711,FP,,,,,,,
15,77,449.45,377.5,95.43,61.799,51.906,47.713,FP,,,,,,,
15,78,448.83,380.5,39.17,61.715,52.319,19.583,FP,,,,,,,
15,79,448.25,383.0,39.25,61.634,52.663,19.625,FP,,,,,,,
15,80,332.79,400.93,24.25,45.759,55.128,12.124,FP,,,,,,,
15,81,229.86,403.72,67.36,31.606,55.512,33.681,FP,,,,,,,
15,82,333.61,408.63,117.73,45.872,56.186,58.866,FP,,,,,,,
15,83,76.88,415.14,31.06,10.571,57.082,15.529,FP,,,,,,,
15,84,74.5,414.5,20.5,10.244,56.994,10.25,FP,,,,,,,
15,85,293.08,417.62,196.0,40.298,57.422,98.0,FP,,,,,,,
15,86,159.87,425.47,40.59,21.982,58.502,20.294,FP,,,,,,,
15,87,143.9,433.44,27.5,19.786,59.598,13.752,TP,40,0.487,3.499,3.532,-0.32,0.367,3.499
15,88,160.0,423.0,56.5,22.0,58.163,28.25,FP,,,,,,,
15,89,157.71,425.35,55.11,21.685,58.486,27.556,FP,,,,,,,
15,90,154.8,426.4,52.4,21.285,58.63,26.2,FP,,,,,,,
15,91,192.2,447.14,31.42,26.427,61.482,15.708,FP,,,,,,,
15,92,289.36,454.21,96.18,39.787,62.454,48.089,FP,,,,,,,
15,93,378.7,445.0,30.2,52.071,61.188,15.1,FP,,,,,,,
15,94,447.87,447.83,95.53,61.582,61.576,47.764,FP,,,,,,,
15,95,290.86,447.21,132.24,39.994,61.491,66.121,TP,42,0.315,2.642,2.661,-0.303,-0.087,-2.642
15,96,444.34,463.66,31.2,61.096,63.754,15.598,TP,44,0.025,3.916,3.916,-0.019,-0.017,3.916
15,97,446.0,463.0,96.0,61.325,63.663,48.0,FP,,,,,,,
15,98,287.23,469.35,58.32,39.494,64.535,29.162,FP,,,,,,,
15,99,295.45,472.51,18.03,40.624,64.971,9.013,FP,,,,,,,
15,100,290.82,472.73,33.88,39.988,65.0,16.938,TP,45,0.569,1.231,1.356,0.361,0.44,1.231
15,,,,,2.829,0.41,10.367,FN,0,,,,,,
15,,,,,68.806,2.076,55.434,FN,1,,,,,,
15,,,,,8.32,5.16,23.478,FN,2,,,,,,
15,,,,,23.903,5.305,24.231,FN,3,,,,,,
15,,,,,39.115,5.401,14.547,FN,4,,,,,,
15,,,,,40.947,6.954,16.5,FN,5,,,,,,
15,,,,,9.983,7.267,54.978,FN,6,,,,,,
15,,,,,20.237,8.848,83.841,FN,7,,,,,,
15,,,,,57.918,10.66,95.489,FN,8,,,,,,
15,,,,,19.913,12.127,98.086,FN,9,,,,,,
15,,,,,1.697,14.028,90.934,FN,11,,,,,,
15,,,,,20.314,15.404,96.038,FN,13,,,,,,
15,,,,,63.478,19.221,66.025,FN,14,,,,,,
15,,,,,62.133,22.962,2.029,FN,15,,,,,,
15,,,,,65.578,24.737,43.556,FN,16,,,,,,
15,,,,,3.376,24.617,1.638,FN,17,,,,,,
15,,,,,35.899,23.833,5.494,FN,18,,,,,,
15,,,,,28.242,25.662,90.681,FN,19,,,,,,
15,,,,,69.186,27.802,84.449,FN,20,,,,,,
15,,,,,47.66,30.038,84.59,FN,22,,,,,,
15,,,,,51.47,32.625,39.778,FN,23,,,,,,
15,,,,,21.293,34.317,59.199,FN,24,,,,,,
15,,,,,37.807,34.841,57.0,FN,25,,,,,,
15,,,,,62.541,36.049,85.704,FN,26,,,,,,
15,,,,,7.93,40.282,92.284,FN,27,,,,,,
15,,,,,64.154,41.592,27.281,FN,28,,,,,,
15,,,,,64.166,43.244,25.847,FN,29,,,,,,
15,,,,,42.366,43.861,5.494,FN,30,,,,,,
15,,,,,17.398,47.204,75.095,FN,31,,,,,,
15,,,,,15.969,50.614,26.019,FN,33,,,,,,
15,,,,,62.01,52.458,53.5,FN,34,,,,,,
15,,,,,38.207,53.772,13.682,FN,35,,,,,,
15,,,,,58.542,54.2,94.033,FN,36,,,,,,
15,,,,,45.566,56.025,34.233,FN,37,,,,,,
15,,,,,31.173,56.448,66.537,FN,38,,,,,,
15,,,,,10.492,56.73,27.123,FN,39,,,,,,
15,,,,,32.6,59.54,52.155,FN,41,,,,,,
15,,,,,40.022,63.226,18.0,FN,43,,,,,,
15,,,,,33.388,69.027,72.208,FN,46,,,,,,
15,,,,,8.452,69.716,71.858,FN,47,,,,,,
15,,,,,45.948,69.683,92.099,FN,48,,,,,,
151,0,238.06,10.59,192.29,32.733,1.456,96.147,FP,,,,,,,
151,1,239.87,12.27,184.6,32.982,1.687,92.3,FP,,,,,,,
151,2,267.49,15.93,35.58,36.78,2.19,17.792,FP,,,,,,,
151,3,400.21,19.07,32.36,55.029,2.622,16.178,FP,,,,,,,
151,4,402.73,19.28,51.76,55.375,2.65,25.88,TP,2,0.414,3.597,3.621,0.178,0.373,-3.597
151,5,433.38,15.46,192.0,59.59,2.126,96.0,FP,,,,,,,
151,6,405.05,20.8,104.11,55.695,2.86,52.056,FP,,,,,,,
151,7,219.74,52.26,123.5,30.215,7.186,61.75,FP,,,,,,,
151,8,220.92,54.11,96.73,30.377,7.44,48.366,FP,,,,,,,
151,9,224.75,49.0,67.0,30.903,6.738,33.5,FP,,,,,,,
151,10,227.78,55.2,56.71,31.32,7.59,28.355,FP,,,,,,,
151,11,320.58,68.77,96.87,44.079,9.456,48.436,FP,,,,,,,
151,12,183.53,57.21,195.44,25.236,7.867,97.719,FP,,,,,,,
151,13,74.42,62.36,95.71,10.233,8.574,47.853,TP,6,0.783,0.874,1.173,0.101,0.776,-0.874
151,14,132.96,63.62,95.3,18.282,8.747,47.652,FP,,,,,,,
151,15,134.87,61.24,5.31,18.544,8.421,2.656,FP,,,,,,,
151,16,68.73,63.05,31.65,9.451,8.669,15.823,FP,,,,,,,
151,17,134.65,63.96,35.73,18.514,8.794,17.864,FP,,,,,,,
151,18,191.76,63.98,95.36,26.368,8.797,47.68,FP,,,,,,,
151,19,290.05,63.64,31.39,39.882,8.751,15.696,FP,,,,,,,
151,20,318.81,64.44,31.49,43.836,8.861,15.747,FP,,,,,,,
151,21,46.66,63.27,31.59,6.416,8.699,15.793,FP,,,,,,,
151,22,320.08,71.95,118.76,44.01,9.893,59.38,FP,,,,,,,
151,23,176.7,77.7,39.58,24.296,10.683,19.788,FP,,,,,,,
151,24,173.01,83.93,32.61,23.789,11.54,16.305,FP,,,,,,,
151,25,175.0,80.0,40.0,24.062,11.0,20.0,FP,,,,,,,
151,26,172.65,87.88,112.43,23.74,12.084,56.213,FP,,,,,,,
151,27,169.33,90.79,56.27,23.283,12.483,28.136,FP,,,,,,,
151,28,171.42,88.84,97.32,23.57,12.216,48.658,FP,,,,,,,
151,29,173.0,90.0,159.0,23.788,12.375,79.5,FP,,,,,,,
151,30,174.0,91.0,159.0,23.925,12.512,79.5,FP,,,,,,,
151,31,174.6,92.6,160.2,24.008,12.733,80.1,FP,,,,,,,
151,32,175.3,94.5,185.89,24.103,12.994,92.943,FP,,,,,,,
151,33,448.7,109.79,95.41,61.697,15.096,47.703,FP,,,,,,,
151,34,400.47,107.67,32.21,55.065,14.804,16.105,FP,,,,,,,
151,35,411.0,109.62,49.13,56.513,15.072,24.564,TP,14,0.262,2.255,2.27,0.152,-0.214,-2.255
151,36,496.5,131.02,30.92,68.269,18.016,15.459,FP,,,,,,,
151,37,154.5,149.49,31.4,21.244,20.555,15.702,FP,,,,,,,
151,38,14.04,147.04,48.24,1.931,20.218,24.12,FP,,,,,,,
151,39,152.4,145.2,104.45,20.955,19.965,52.225,FP,,,,,,,
151,40,152.8,144.6,108.0,21.01,19.883,54.0,FP,,,,,,,
151,41,150.5,150.0,13.0,20.694,20.625,6.5,TP,18,0.833,3.949,4.036,-0.656,0.514,3.949
151,42,295.55,190.74,29.99,40.638,26.226,14.993,FP,,,,,,,
151,43,287.57,193.34,95.6,39.54,26.584,47.8,FP,,,,,,,
151,44,303.17,188.03,167.31,41.685,25.854,83.653,FP,,,,,,,
151,45,64.17,191.27,31.51,8.823,26.3,15.756,FP,,,,,,,
151,46,495.25,191.0,95.45,68.096,26.263,47.726,FP,,,,,,,
151,47,37.36,199.98,95.53,5.137,27.497,47.766,FP,,,,,,,
151,48,448.06,202.42,96.19,61.608,27.832,48.097,FP,,,,,,,
151,49,32.47,202.33,113.33,4.464,27.821,56.667,FP,,,,,,,
151,50,291.22,203.66,118.39,40.043,28.003,59.197,FP,,,,,,,
151,51,202.0,222.24,30.12,27.775,30.559,15.058,TP,24,0.613,1.035,1.203,0.574,-0.217,-1.035
151,52,192.77,223.94,95.47,26.506,30.791,47.737,FP,,,,,,,
151,53,489.0,230.82,18.53,67.238,31.738,9.265,FP,,,,,,,
151,54,486.75,232.25,20.25,66.928,31.934,10.125,FP,,,,,,,
151,55,486.45,236.81,55.87,66.887,32.561,27.937,FP,,,,,,,
151,56,430.45,268.45,166.55,59.187,36.912,83.276,FP,,,,,,,
151,57,430.2,269.07,176.53,59.153,36.997,88.267,FP,,,,,,,
151,58,161.76,309.3,31.61,22.242,42.528,15.803,TP,30,0.566,2.609,2.67,0.546,0.151,-2.609
151,59,394.18,309.47,149.94,54.2,42.552,74.971,FP,,,,,,,
151,60,394.16,309.88,131.28,54.196,42.608,65.641,FP,,,,,,,
151,61,387.78,314.14,56.47,53.319,43.194,28.236,FP,,,,,,,
151,62,391.65,317.36,96.35,53.852,43.637,48.174,FP,,,,,,,
151,63,170.18,316.33,14.05,23.399,43.495,7.024,FP,,,,,,,
151,64,171.09,318.9,95.32,23.525,43.849,47.659,FP,,,,,,,
151,65,384.0,314.5,56.5,52.8,43.244,28.25,FP,,,,,,,
151,66,141.42,319.3,95.51,19.445,43.904,47.757,FP,,,,,,,
151,67,223.16,319.66,31.78,30.685,43.954,15.889,FP,,,,,,,
151,68,224.07,319.86,111.68,30.809,43.98,55.841,FP,,,,,,,
151,69,177.23,318.23,68.08,24.369,43.757,34.038,FP,,,,,,,
151,70,318.81,319.75,95.91,43.837,43.966,47.953,FP,,,,,,,
151,71,155.0,320.0,95.0,21.312,44.0,47.5,FP,,,,,,,
151,72,189.86,330.13,95.29,26.106,45.393,47.644,FP,,,,,,,
151,73,352.05,432.4,26.08,48.407,59.455,13.042,FP,,,,,,,
151,74,350.45,429.96,56.36,48.186,59.119,28.181,FP,,,,,,,
151,75,448.52,447.2,95.41,61.671,61.49,47.706,FP,,,,,,,
151,76,352.36,446.47,95.0,48.45,61.39,47.499,FP,,,,,,,
151,77,192.98,447.49,95.42,26.535,61.53,47.712,FP,,,,,,,
151,78,192.92,446.38,166.62,26.527,61.377,83.308,FP,,,,,,,
151,79,190.6,446.6,160.6,26.208,61.408,80.3,FP,,,,,,,
151,80,64.79,477.93,31.75,8.909,65.716,15.876,FP,,,,,,,
151,81,38.55,477.97,115.16,5.3,65.721,57.581,FP,,,,,,,
151,82,34.44,477.56,96.48,4.735,65.664,48.24,FP,,,,,,,
151,83,283.41,485.22,8.41,38.968,66.718,4.203,FP,,,,,,,
151,84,177.7,496.81,95.56,24.433,68.312,47.778,FP,,,,,,,
151,,,,,66.45,2.288,96.093,FN,0,,,,,,
151,,,,,36.81,1.728,2.55,FN,1,,,,,,
151,,,,,30.346,7.061,40.248,FN,3,,,,,,
151,,,,,29.287,8.447,87.792,FN,4,,,,,,
151,,,,,38.014,7.167,98.745,FN,5,,,,,,
151,,,,,18.499,8.544,63.745,FN,7,,,,,,
151,,,,,43.591,8.981,89.771,FN,8,,,,,,
151,,,,,41.856,9.969,7.723,FN,9,,,,,,
151,,,,,18.92,12.668,89.0,FN,10,,,,,,
151,,,,,23.404,12.458,41.795,FN,11,,,,,,
151,,,,,61.811,13.335,94.882,FN,12,,,,,,
151,,,,,61.527,14.939,62.055,FN,13,,,,,,
151,,,,,10.456,16.959,97.877,FN,15,,,,,,
151,,,,,68.125,17.872,92.505,FN,16,,,,,,
151,,,,,1.42,20.134,18.125,FN,17,,,,,,
151,,,,,41.099,24.859,9.383,FN,19,,,,,,
151,,,,,5.545,27.905,64.016,FN,20,,,,,,
151,,,,,39.858,28.292,36.439,FN,21,,,,,,
151,,,,,68.018,28.284,63.718,FN,22,,,,,,
151,,,,,24.04,29.075,74.682,FN,23,,,,,,
151,,,,,17.915,32.269,13.147,FN,25,,,,,,
151,,,,,66.847,32.83,55.558,FN,26,,,,,,
151,,,,,58.529,34.213,61.297,FN,27,,,,,,
151,,,,,50.439,35.282,56.169,FN,28,,,,,,
151,,,,,69.084,37.169,32.5,FN,29,,,,,,
151,,,,,53.657,42.997,54.049,FN,31,,,,,,
151,,,,,30.881,43.93,40.252,FN,32,,,,,,
151,,,,,25.531,45.51,21.84,FN,33,,,,,,
151,,,,,34.403,47.319,8.995,FN,34,,,,,,
151,,,,,48.623,51.06,70.0,FN,35,,,,,,
151,,,,,51.841,50.771,90.168,FN,36,,,,,,
151,,,,,11.965,52.31,6.956,FN,37,,,,,,
151,,,,,25.006,52.204,0.985,FN,38,,,,,,
151,,,,,53.622,55.577,77.207,FN,39,,,,,,
151,,,,,48.599,58.164,7.594,FN,40,,,,,,
151,,,,,19.034,58.554,60.337,FN,41,,,,,,
151,,,,,59.466,60.078,92.167,FN,42,,,,,,
151,,,,,48.905,63.211,74.09,FN,43,,,,,,
151,,,,,4.994,65.266,70.12,FN,44,,,,,,
151,,,,,42.95,65.433,87.389,FN,45,,,,,,
151,,,,,38.665,66.343,92.849,FN,46,,,,,,
151,,,,,10.106,66.186,0.938,FN,47,,,,,,
151,,,,,6.943,67.93,91.668,FN,48,,,,,,
151,,,,,24.263,67.619,81.131,FN,49,,,,,,
154,0,303.9,13.56,19.36,41.786,1.864,9.679,FP,,,,,,,
154,1,304.77,20.96,45.28,41.906,2.882,22.64,FP,,,,,,,
154,2,306.0,14.0,24.0,42.075,1.925,12.0,FP,,,,,,,
154,3,304.3,22.74,98.92,41.841,3.127,49.461,TP,1,0.314,4.692,4.702,-0.308,0.06,4.692
154,4,170.19,37.0,40.01,23.401,5.087,20.005,FP,,,,,,,
154,5,160.42,32.1,95.76,22.058,4.413,47.879,FP,,,,,,,
154,6,367.12,29.58,168.25,50.48,4.068,84.125,FP,,,,,,,
154,7,66.08,32.27,32.12,9.086,4.438,16.062,FP,,,,,,,
154,8,165.06,34.82,9.62,22.695,4.788,4.812,FP,,,,,,,
154,9,184.33,42.17,22.83,25.346,5.798,11.417,FP,,,,,,,
154,10,394.28,48.84,37.8,54.213,6.715,18.901,FP,,,,,,,
154,11,401.24,58.41,96.42,55.17,8.032,48.212,FP,,,,,,,
154,12,402.5,61.17,112.67,55.344,8.41,56.333,FP,,,,,,,
154,13,140.11,62.39,96.56,19.265,8.578,48.278,FP,,,,,,,
154,14,121.47,78.23,47.51,16.702,10.757,23.755,FP,,,,,,,
154,15,191.77,94.58,134.85,26.368,13.005,67.427,FP,,,,,,,
154,16,192.84,121.81,95.29,26.516,16.748,47.646,FP,,,,,,,
154,17,480.14,131.19,96.08,66.019,18.038,48.042,TP,11,0.44,3.283,3.312,-0.239,0.37,3.283
154,18,177.61,140.38,95.9,24.422,19.302,47.951,FP,,,,,,,
154,19,178.67,140.72,120.83,24.567,19.349,60.417,FP,,,,,,,
154,20,448.34,142.88,30.84,61.647,19.645,15.422,FP,,,,,,,
154,21,349.93,153.36,21.46,48.115,21.088,10.731,FP,,,,,,,
154,22,352.11,156.01,95.52,48.415,21.451,47.758,FP,,,,,,,
154,23,63.55,187.32,31.64,8.738,25.756,15.818,FP,,,,,,,
154,24,161.58,192.65,95.33,22.218,26.49,47.666,FP,,,,,,,
154,25,440.66,191.22,31.23,60.59,26.293,15.614,FP,,,,,,,
154,26,65.13,206.41,95.28,8.955,28.381,47.642,FP,,,,,,,
154,27,62.95,205.07,167.73,8.656,28.197,83.865,FP,,,,,,,
154,28,474.09,268.22,111.8,65.188,36.881,55.902,FP,,,,,,,
154,29,478.41,270.69,31.92,65.781,37.219,15.961,FP,,,,,,,
154,30,423.8,281.62,16.9,58.272,38.722,8.449,FP,,,,,,,
154,31,422.1,283.51,52.62,58.039,38.983,26.312,FP,,,,,,,
154,32,423.1,282.85,123.13,58.176,38.892,61.564,FP,,,,,,,
154,33,249.0,281.5,60.0,34.237,38.706,30.0,FP,,,,,,,
154,34,423.0,282.0,24.0,58.163,38.775,12.0,FP,,,,,,,
154,35,424.0,282.5,112.5,58.3,38.844,56.25,FP,,,,,,,
154,36,286.61,287.44,32.27,39.409,39.523,16.136,FP,,,,,,,
154,37,312.16,300.53,95.58,42.922,41.323,47.79,FP,,,,,,,
154,38,296.11,306.41,24.03,40.716,42.132,12.013,FP,,,,,,,
154,39,300.65,315.61,36.36,41.339,43.396,18.182,FP,,,,,,,
154,40,64.74,319.95,31.43,8.902,43.993,15.715,FP,,,,,,,
154,41,297.49,317.86,54.23,40.905,43.706,27.117,FP,,,,,,,
154,42,61.93,318.65,95.36,8.516,43.814,47.682,FP,,,,,,,
154,43,301.89,318.73,86.32,41.51,43.826,43.16,FP,,,,,,,
154,44,322.76,318.34,96.46,44.379,43.772,48.232,FP,,,,,,,
154,45,296.11,325.56,118.39,40.715,44.764,59.196,TP,30,0.926,3.581,3.699,0.006,0.926,3.581
154,46,298.96,323.67,95.45,41.107,44.505,47.727,FP,,,,,,,
154,47,301.25,327.35,85.88,41.422,45.011,42.938,FP,,,,,,,
154,48,150.56,350.81,40.7,20.702,48.236,20.351,TP,32,1.124,2.503,2.744,-0.62,-0.938,2.503
154,49,154.5,350.0,56.0,21.244,48.125,28.0,FP,,,,,,,
154,50,426.42,359.76,109.36,58.632,49.467,54.679,FP,,,,,,,
154,51,155.0,358.0,112.5,21.312,49.225,56.25,FP,,,,,,,
154,52,423.43,361.32,44.88,58.222,49.681,22.439,FP,,,,,,,
154,53,159.24,368.46,31.96,21.896,50.663,15.979,FP,,,,,,,
154,54,320.17,415.96,95.57,44.024,57.195,47.786,FP,,,,,,,
154,55,286.12,426.04,59.84,39.341,58.581,29.92,FP,,,,,,,
154,56,194.42,430.58,94.69,26.732,59.205,47.347,FP,,,,,,,
154,57,297.53,432.69,102.93,40.911,59.495,51.465,FP,,,,,,,
154,58,279.27,446.58,95.84,38.399,61.404,47.92,FP,,,,,,,
154,59,191.64,448.66,31.5,26.351,61.69,15.75,FP,,,,,,,
154,60,281.65,448.14,31.26,38.727,61.619,15.629,FP,,,,,,,
154,61,284.24,446.93,47.92,39.083,61.454,23.961,FP,,,,,,,
154,62,192.63,453.0,95.76,26.486,62.287,47.882,FP,,,,,,,
154,63,192.87,449.22,167.36,26.519,61.768,83.681,TP,39,0.558,2.319,2.385,-0.454,-0.325,-2.319
154,64,276.21,447.34,13.11,37.979,61.51,6.556,FP,,,,,,,
154,65,275.0,448.5,24.0,37.812,61.669,12.0,FP,,,,,,,
154,66,96.96,455.03,96.09,13.332,62.566,48.047,FP,,,,,,,
154,67,448.61,467.21,102.37,61.684,64.241,51.187,FP,,,,,,,
154,68,321.84,475.5,95.64,44.252,65.381,47.82,FP,,,,,,,
154,69,394.71,466.14,95.81,54.272,64.094,47.903,FP,,,,,,,
154,70,443.66,480.76,41.58,61.003,66.105,20.788,FP,,,,,,,
154,71,68.31,478.78,7.06,9.392,65.832,3.532,FP,,,,,,,
154,72,447.85,479.88,83.57,61.579,65.983,41.783,FP,,,,,,,
154,73,66.35,481.65,95.12,9.123,66.227,47.558,FP,,,,,,,
154,74,72.44,484.49,48.29,9.961,66.617,24.147,FP,,,,,,,
154,75,70.67,485.17,33.0,9.717,66.71,16.5,FP,,,,,,,
154,76,74.0,488.0,60.0,10.175,67.1,30.0,FP,,,,,,,
154,77,71.0,490.5,68.0,9.762,67.444,34.0,FP,,,,,,,
154,78,65.0,503.0,96.0,8.938,69.162,48.0,FP,,,,,,,
154,79,63.0,505.0,96.0,8.663,69.438,48.0,FP,,,,,,,
154,80,77.0,507.59,23.36,10.588,69.794,11.68,TP,46,1.017,1.237,1.601,-0.392,0.938,-1.237
154,,,,,8.334,2.165,95.726,FN,0,,,,,,
154,,,,,52.893,3.811,48.03,FN,2,,,,,,
154,,,,,14.254,4.641,61.833,FN,3,,,,,,
154,,,,,23.209,5.074,13.385,FN,4,,,,,,
154,,,,,54.401,7.367,25.62,FN,5,,,,,,
154,,,,,27.827,8.645,94.335,FN,6,,,,,,
154,,,,,17.484,9.163,10.706,FN,7,,,,,,
154,,,,,16.92,11.119,77.531,FN,8,,,,,,
154,,,,,17.362,15.382,13.894,FN,9,,,,,,
154,,,,,27.076,16.679,65.043,FN,10,,,,,,
154,,,,,24.059,19.046,24.376,FN,12,,,,,,
154,,,,,48.119,20.961,24.627,FN,13,,,,,,
154,,,,,31.559,24.355,96.914,FN,14,,,,,,
154,,,,,22.252,25.406,79.996,FN,15,,,,,,
154,,,,,22.777,26.341,82.025,FN,16,,,,,,
154,,,,,9.296,28.337,77.477,FN,17,,,,,,
154,,,,,70.128,29.517,39.0,FN,18,,,,,,
154,,,,,52.773,31.248,70.487,FN,19,,,,,,
154,,,,,1.428,32.622,49.71,FN,20,,,,,,
154,,,,,55.509,33.137,93.158,FN,21,,,,,,
154,,,,,64.763,36.493,23.197,FN,22,,,,,,
154,,,,,33.959,38.493,60.803,FN,23,,,,,,
154,,,,,58.321,38.756,38.896,FN,24,,,,,,
154,,,,,50.888,40.839,89.43,FN,25,,,,,,
154,,,,,36.688,41.483,43.637,FN,26,,,,,,
154,,,,,42.591,41.374,28.711,FN,27,,,,,,
154,,,,,52.439,42.405,10.5,FN,28,,,,,,
154,,,,,43.459,43.28,58.211,FN,29,,,,,,
154,,,,,58.237,49.369,40.721,FN,31,,,,,,
154,,,,,15.973,50.755,94.917,FN,33,,,,,,
154,,,,,63.33,55.271,87.336,FN,34,,,,,,
154,,,,,47.034,58.202,88.578,FN,35,,,,,,
154,,,,,8.506,57.757,83.424,FN,36,,,,,,
154,,,,,40.36,58.339,70.242,FN,37,,,,,,
154,,,,,38.875,60.757,10.763,FN,38,,,,,,
154,,,,,51.396,62.028,16.613,FN,40,,,,,,
154,,,,,52.097,64.992,86.54,FN,41,,,,,,
154,,,,,44.597,65.791,80.754,FN,42,,,,,,
154,,,,,63.272,65.843,2.051,FN,43,,,,,,
154,,,,,59.062,65.588,1.484,FN,44,,,,,,
154,,,,,9.956,66.191,53.604,FN,45,,,,,,
154,,,,,0.54,68.287,41.259,FN,47,,,,,,
154,,,,,53.209,69.407,87.124,FN,48,,,,,,
154,,,,,56.277,69.746,64.233,FN,49,,,,,,
161,0,176.48,14.35,192.41,24.266,1.973,96.204,FP,,,,,,,
161,1,181.96,17.21,95.49,25.019,2.366,47.746,FP,,,,,,,
161,2,175.34,13.79,76.07,24.11,1.897,38.034,FP,,,,,,,
161,3,198.5,13.5,117.0,27.294,1.856,58.5,FP,,,,,,,
161,4,200.0,14.0,118.0,27.5,1.925,59.0,FP,,,,,,,
161,5,201.0,14.0,119.5,27.638,1.925,59.75,FP,,,,,,,
161,6,182.08,31.98,31.15,25.035,4.397,15.575,FP,,,,,,,
161,7,355.33,46.6,28.26,48.857,6.408,14.131,TP,5,0.539,3.873,3.91,-0.533,-0.076,3.873
161,8,97.31,44.82,47.22,13.38,6.163,23.611,FP,,,,,,,
161,9,350.38,45.75,60.12,48.177,6.291,30.062,FP,,,,,,,
161,10,350.5,46.5,48.5,48.194,6.394,24.25,FP,,,,,,,
161,11,350.33,46.5,52.33,48.171,6.394,26.167,FP,,,,,,,
161,12,488.9,61.61,46.78,67.224,8.471,23.389,FP,,,,,,,
161,13,479.77,62.87,159.17,65.969,8.645,79.587,FP,,,,,,,
161,14,492.92,63.09,113.03,67.777,8.675,56.513,TP,6,0.361,0.29,0.463,0.349,0.092,-0.29
161,15,494.34,62.1,96.21,67.972,8.539,48.103,FP,,,,,,,
161,16,319.0,64.12,94.76,43.862,8.816,47.382,FP,,,,,,,
161,17,66.36,76.41,38.88,9.124,10.506,19.438,FP,,,,,,,
161,18,67.4,70.2,94.0,9.268,9.653,47.0,FP,,,,,,,
161,19,63.16,78.84,95.42,8.684,10.841,47.711,FP,,,,,,,
161,20,70.69,81.41,13.35,9.72,11.194,6.677,FP,,,,,,,
161,21,208.21,94.94,36.23,28.629,13.055,18.117,FP,,,,,,,
161,22,193.85,94.72,159.67,26.654,13.024,79.834,FP,,,,,,,
161,23,205.53,93.47,60.06,28.26,12.852,30.029,FP,,,,,,,
161,24,132.59,103.12,85.92,18.231,14.179,42.958,FP,,,,,,,
161,25,131.36,105.48,101.21,18.061,14.503,50.607,FP,,,,,,,
161,26,129.89,105.11,120.42,17.861,14.452,60.211,FP,,,,,,,
161,27,209.59,111.07,10.33,28.818,15.272,5.166,FP,,,,,,,
161,28,133.23,107.68,14.52,18.319,14.806,7.258,TP,9,0.926,2.392,2.565,0.657,0.653,-2.392
161,29,131.0,108.5,13.0,18.013,14.919,6.5,FP,,,,,,,
161,30,454.5,122.5,32.0,62.494,16.844,16.0,FP,,,,,,,
161,31,459.64,123.94,22.11,63.201,17.041,11.055,FP,,,,,,,
161,32,167.49,166.66,166.35,23.03,22.915,83.174,FP,,,,,,,
161,33,169.19,172.87,14.01,23.263,23.769,7.004,FP,,,,,,,
161,34,169.24,169.72,147.48,23.27,23.336,73.741,FP,,,,,,,
161,35,170.0,169.5,156.0,23.375,23.306,78.0,FP,,,,,,,
161,36,470.4,177.8,60.0,64.68,24.448,30.0,FP,,,,,,,
161,37,478.78,190.69,26.17,65.832,26.22,13.085,FP,,,,,,,
161,38,478.03,191.38,95.51,65.729,26.315,47.754,FP,,,,,,,
161,39,192.18,193.13,31.22,26.425,26.555,15.612,FP,,,,,,,
161,40,318.97,193.05,31.61,43.858,26.544,15.806,FP,,,,,,,
161,41,94.76,191.91,48.29,13.029,26.387,24.143,FP,,,,,,,
161,42,190.52,192.23,95.39,26.197,26.432,47.693,FP,,,,,,,
161,43,475.62,191.7,160.32,65.398,26.359,80.162,FP,,,,,,,
161,44,479.0,189.67,40.33,65.863,26.079,20.167,FP,,,,,,,
161,45,93.8,192.14,58.41,12.898,26.419,29.207,FP,,,,,,,
161,46,476.33,190.33,167.0,65.496,26.171,83.5,FP,,,,,,,
161,47,478.5,190.5,47.0,65.794,26.194,23.5,TP,17,1.169,2.58,2.833,0.105,1.165,-2.58
161,48,497.0,204.0,112.0,68.338,28.05,56.0,FP,,,,,,,
161,49,496.0,205.0,114.0,68.2,28.188,57.0,FP,,,,,,,
161,50,13.13,225.71,56.92,1.806,31.035,28.459,FP,,,,,,,
161,51,66.28,230.94,97.33,9.113,31.755,48.667,FP,,,,,,,
161,52,66.43,225.0,116.86,9.134,30.938,58.429,FP,,,,,,,
161,53,63.15,234.83,31.89,8.683,32.29,15.945,FP,,,,,,,
161,54,45.62,237.5,74.15,6.273,32.657,37.074,FP,,,,,,,
161,55,33.4,238.68,166.11,4.592,32.818,83.053,FP,,,,,,,
161,56,386.04,237.55,96.95,53.08,32.663,48.473,FP,,,,,,,
161,57,385.12,236.62,56.12,52.955,32.536,28.062,FP,,,,,,,
161,58,386.62,237.38,112.25,53.161,32.639,56.125,TP,23,0.716,1.463,1.629,0.71,0.096,1.463
161,59,9.15,251.88,30.46,1.259,34.634,15.231,FP,,,,,,,
161,60,50.11,250.83,96.33,6.89,34.49,48.167,FP,,,,,,,
161,61,48.08,270.41,105.61,6.611,37.181,52.803,FP,,,,,,,
161,62,48.04,271.0,34.71,6.606,37.263,17.355,TP,28,0.673,1.358,1.516,0.656,0.148,-1.358
161,63,46.7,271.83,167.32,6.421,37.377,83.66,FP,,,,,,,
161,64,250.24,271.83,94.88,34.408,37.376,47.441,FP,,,,,,,
161,65,47.0,270.5,44.0,6.463,37.194,22.0,FP,,,,,,,
161,66,415.01,288.05,96.07,57.064,39.607,48.037,TP,31,0.417,1.312,1.377,0.171,-0.38,-1.312
161,67,481.42,285.03,10.5,66.195,39.191,5.25,FP,,,,,,,
161,68,481.75,287.43,33.71,66.241,39.522,16.853,FP,,,,,,,
161,69,411.42,288.36,42.94,56.57,39.65,21.468,FP,,,,,,,
161,70,413.71,285.77,160.0,56.885,39.294,80.0,FP,,,,,,,
161,71,480.53,288.65,47.29,66.073,39.689,23.647,FP,,,,,,,
161,72,141.86,294.0,68.11,19.506,40.425,34.056,TP,32,0.239,0.352,0.426,-0.131,-0.2,0.352
161,73,143.83,295.25,113.04,19.776,40.597,56.52,FP,,,,,,,
161,74,92.42,308.61,132.03,12.708,42.434,66.016,FP,,,,,,,
161,75,321.08,316.47,95.77,44.148,43.515,47.885,FP,,,,,,,
161,76,163.53,318.76,168.59,22.485,43.83,84.294,FP,,,,,,,
161,77,165.48,319.45,175.8,22.754,43.924,87.9,FP,,,,,,,
161,78,177.83,321.08,32.33,24.452,44.149,16.167,FP,,,,,,,
161,79,337.55,321.64,31.67,46.413,44.226,15.836,FP,,,,,,,
161,80,319.73,350.41,31.55,43.963,48.181,15.775,FP,,,,,,,
161,81,319.85,350.66,95.57,43.979,48.216,47.786,TP,34,0.357,0.632,0.726,0.166,0.316,0.632
161,82,86.88,350.42,37.33,11.945,48.182,18.667,FP,,,,,,,
161,83,64.5,355.0,31.0,8.869,48.812,15.5,FP,,,,,,,
161,84,448.02,362.3,31.5,61.602,49.817,15.75,FP,,,,,,,
161,85,464.44,364.03,47.2,63.86,50.054,23.602,FP,,,,,,,
161,86,466.46,366.41,109.92,64.138,50.381,54.96,FP,,,,,,,
161,87,466.33,366.33,120.0,64.121,50.371,60.0,FP,,,,,,,
161,88,64.0,368.5,31.0,8.8,50.669,15.5,FP,,,,,,,
161,89,191.39,397.81,155.45,26.316,54.699,77.727,FP,,,,,,,
161,90,29.12,399.35,32.25,4.003,54.911,16.126,FP,,,,,,,
161,91,191.61,413.75,95.37,26.346,56.891,47.686,FP,,,,,,,
161,92,290.19,416.21,95.55,39.901,57.228,47.776,FP,,,,,,,
161,93,289.03,414.8,47.21,39.742,57.035,23.606,FP,,,,,,,
161,94,289.31,414.31,57.54,39.78,56.967,28.769,FP,,,,,,,
161,95,35.73,417.55,158.73,4.913,57.414,79.365,FP,,,,,,,
161,96,191.02,427.83,32.04,26.265,58.827,16.02,FP,,,,,,,
161,97,192.64,429.84,14.56,26.488,59.103,7.279,FP,,,,,,,
161,98,178.49,430.49,110.19,24.543,59.192,55.095,FP,,,,,,,
161,99,180.45,431.63,96.7,24.812,59.35,48.349,FP,,,,,,,
161,100,112.17,444.32,31.33,15.423,61.093,15.666,FP,,,,,,,
161,101,107.83,446.79,109.7,14.827,61.434,54.852,FP,,,,,,,
161,102,271.55,447.92,95.69,37.338,61.588,47.843,FP,,,,,,,
161,103,81.42,453.33,95.68,11.195,62.333,47.839,FP,,,,,,,
161,104,119.93,458.26,49.56,16.491,63.011,24.778,FP,,,,,,,
161,105,117.5,460.5,124.0,16.156,63.319,62.0,FP,,,,,,,
161,106,118.56,464.33,40.44,16.301,63.846,20.222,FP,,,,,,,
161,107,149.68,468.1,192.24,20.581,64.363,96.122,FP,,,,,,,
161,108,250.32,478.95,31.84,34.418,65.855,15.921,FP,,,,,,,
161,109,256.78,482.33,72.33,35.307,66.321,36.167,FP,,,,,,,
161,110,174.33,494.35,50.14,23.971,67.973,25.069,FP,,,,,,,
161,111,159.0,491.0,101.0,21.863,67.513,50.5,FP,,,,,,,
161,112,183.87,507.07,15.14,25.283,69.722,7.568,FP,,,,,,,
161,113,194.5,507.75,96.75,26.744,69.816,48.375,FP,,,,,,,
161,,,,,0.786,0.922,56.619,FN,0,,,,,,
161,,,,,28.121,2.189,70.236,FN,1,,,,,,
161,,,,,54.016,2.487,41.67,FN,2,,,,,,
161,,,,,35.815,4.935,86.791,FN,3,,,,,,
161,,,,,13.37,6.099,57.26,FN,4,,,,,,
161,,,,,4.952,11.576,57.924,FN,7,,,,,,
161,,,,,10.998,11.343,4.244,FN,8,,,,,,
161,,,,,65.599,14.294,88.969,FN,10,,,,,,
161,,,,,28.998,14.633,19.936,FN,11,,,,,,
161,,,,,63.106,16.586,35.284,FN,12,,,,,,
161,,,,,21.215,18.373,59.754,FN,13,,,,,,
161,,,,,10.783,22.21,87.291,FN,14,,,,,,
161,,,,,1.532,22.393,93.789,FN,15,,,,,,
161,,,,,22.954,23.248,53.061,FN,16,,,,,,
161,,,,,13.251,26.769,81.081,FN,18,,,,,,
161,,,,,2.369,29.317,54.51,FN,19,,,,,,
161,,,,,9.923,30.667,44.248,FN,20,,,,,,
161,,,,,1.838,31.629,61.773,FN,21,,,,,,
161,,,,,42.1,32.714,89.202,FN,22,,,,,,
161,,,,,32.955,33.598,97.111,FN,24,,,,,,
161,,,,,6.913,34.51,7.116,FN,25,,,,,,
161,,,,,56.717,33.658,25.704,FN,26,,,,,,
161,,,,,35.124,37.186,1.294,FN,27,,,,,,
161,,,,,57.301,39.065,29.021,FN,29,,,,,,
161,,,,,65.383,38.407,26.297,FN,30,,,,,,
161,,,,,14.344,41.81,78.231,FN,33,,,,,,
161,,,,,12.677,48.923,25.027,FN,35,,,,,,
161,,,,,64.034,50.151,46.469,FN,36,,,,,,
161,,,,,3.57,52.94,8.5,FN,37,,,,,,
161,,,,,39.899,57.5,40.959,FN,38,,,,,,
161,,,,,24.603,59.161,13.704,FN,39,,,,,,
161,,,,,53.23,61.009,45.568,FN,40,,,,,,
161,,,,,15.923,61.488,2.267,FN,41,,,,,,
161,,,,,37.244,62.553,35.5,FN,42,,,,,,
161,,,,,65.48,63.889,59.479,FN,43,,,,,,
161,,,,,17.004,63.382,35.982,FN,44,,,,,,
161,,,,,64.951,65.259,93.75,FN,45,,,,,,
161,,,,,35.388,66.143,42.812,FN,46,,,,,,
161,,,,,21.809,66.174,15.004,FN,47,,,,,,
161,,,,,16.74,67.438,37.057,FN,48,,,,,,
161,,,,,24.422,68.638,8.758,FN,49,,,,,,
195,0,422.43,10.99,193.86,58.084,1.512,96.928,FP,,,,,,,
195,1,150.87,17.73,86.87,20.745,2.438,43.436,FP,,,,,,,
195,2,153.84,17.36,57.9,21.152,2.387,28.948,FP,,,,,,,
195,3,173.84,13.34,167.55,23.903,1.834,83.773,FP,,,,,,,
195,4,174.5,13.71,56.57,23.994,1.886,28.286,FP,,,,,,,
195,5,177.45,15.81,27.35,24.4,2.173,13.675,FP,,,,,,,
195,6,176.84,15.96,117.28,24.315,2.194,58.639,TP,1,0.139,4.242,4.244,-0.122,-0.067,4.242
195,7,174.2,14.4,160.5,23.952,1.98,80.25,FP,,,,,,,
195,8,155.04,20.91,4.02,21.318,2.875,2.009,FP,,,,,,,
195,9,158.5,22.5,12.5,21.794,3.094,6.25,FP,,,,,,,
195,10,160.62,24.54,13.08,22.085,3.374,6.538,FP,,,,,,,
195,11,463.73,30.24,31.46,63.762,4.158,15.732,FP,,,,,,,
195,12,298.56,39.68,73.65,41.052,5.456,36.825,FP,,,,,,,
195,13,294.71,40.71,84.29,40.523,5.598,42.143,FP,,,,,,,
195,14,274.32,54.18,54.98,37.719,7.45,27.489,FP,,,,,,,
195,15,223.55,57.73,95.6,30.738,7.938,47.798,FP,,,,,,,
195,16,298.59,53.03,20.49,41.056,7.292,10.245,FP,,,,,,,
195,17,267.27,55.3,80.91,36.749,7.603,40.453,FP,,,,,,,
195,18,271.56,56.62,32.79,37.34,7.785,16.397,FP,,,,,,,
195,19,341.23,61.62,31.17,46.918,8.473,15.585,FP,,,,,,,
195,20,446.33,62.48,95.0,61.371,8.591,47.5,FP,,,,,,,
195,21,353.12,62.62,96.12,48.555,8.611,48.062,FP,,,,,,,
195,22,320.06,78.23,95.42,44.008,10.756,47.712,FP,,,,,,,
195,23,335.22,77.82,122.15,46.093,10.701,61.073,FP,,,,,,,
195,24,66.75,104.04,32.03,9.178,14.305,16.016,FP,,,,,,,
195,25,65.02,94.53,95.5,8.94,12.998,47.75,FP,,,,,,,
195,26,332.14,94.92,20.22,45.67,13.051,10.112,TP,12,0.737,3.987,4.055,-0.52,0.522,-3.987
195,27,69.78,95.24,40.8,9.595,13.095,20.402,FP,,,,,,,
195,28,65.89,94.78,118.5,9.06,13.032,59.25,FP,,,,,,,
195,29,151.58,106.24,52.39,20.842,14.608,26.195,FP,,,,,,,
195,30,80.32,105.78,13.3,11.045,14.545,6.649,TP,15,0.895,1.649,1.876,0.878,0.175,-1.649
195,31,79.0,106.5,16.0,10.863,14.644,8.0,FP,,,,,,,
195,32,152.17,110.93,70.83,20.924,15.253,35.414,TP,17,0.092,4.595,4.596,-0.088,-0.028,4.595
195,33,146.57,109.71,33.0,20.154,15.086,16.5,FP,,,,,,,
195,34,151.83,111.5,95.04,20.877,15.331,47.52,FP,,,,,,,
195,35,160.0,108.5,43.0,22.0,14.919,21.5,FP,,,,,,,
195,36,185.52,156.6,122.83,25.509,21.533,61.413,FP,,,,,,,
195,37,46.8,158.5,110.6,6.435,21.794,55.3,FP,,,,,,,
195,38,231.06,180.69,43.71,31.77,24.844,21.857,FP,,,,,,,
195,39,229.25,183.64,60.36,31.522,25.25,30.181,FP,,,,,,,
195,40,237.43,187.86,96.84,32.646,25.831,48.419,TP,22,0.99,2.198,2.411,0.233,0.962,2.198
195,41,229.38,188.24,68.22,31.539,25.884,34.111,FP,,,,,,,
195,42,204.56,191.47,31.43,28.127,26.327,15.715,FP,,,,,,,
195,43,476.13,192.35,95.54,65.467,26.448,47.771,FP,,,,,,,
195,44,448.49,237.78,168.61,61.667,32.694,84.306,FP,,,,,,,
195,45,142.73,248.6,96.33,19.626,34.183,48.167,FP,,,,,,,
195,46,453.28,272.29,41.43,62.326,37.44,20.717,TP,27,0.82,0.273,0.864,-0.481,0.664,-0.273
195,47,454.55,269.7,109.53,62.501,37.084,54.764,FP,,,,,,,
195,48,448.16,269.58,169.94,61.622,37.067,84.968,FP,,,,,,,
195,49,319.8,270.85,32.01,43.973,37.242,16.004,FP,,,,,,,
195,50,495.12,270.73,32.08,68.079,37.225,16.039,FP,,,,,,,
195,51,491.85,272.55,193.68,67.629,37.476,96.841,FP,,,,,,,
195,52,25.2,278.58,26.08,3.464,38.305,13.041,FP,,,,,,,
195,53,22.0,273.86,4.71,3.025,37.655,2.357,FP,,,,,,,
195,54,455.0,274.67,80.33,62.562,37.767,40.167,FP,,,,,,,
195,55,26.91,284.48,50.28,3.7,39.116,25.14,FP,,,,,,,
195,56,18.92,287.73,95.96,2.601,39.563,47.98,FP,,,,,,,
195,57,433.84,299.04,162.25,59.653,41.118,81.126,FP,,,,,,,
195,58,492.43,305.86,96.54,67.709,42.056,48.271,FP,,,,,,,
195,59,495.81,314.3,40.03,68.173,43.216,20.014,FP,,,,,,,
195,60,398.32,319.27,35.27,54.769,43.9,17.637,TP,31,1.006,0.822,1.299,-0.53,0.855,-0.822
195,61,497.4,314.8,60.8,68.393,43.285,30.4,FP,,,,,,,
195,62,319.91,319.79,95.88,43.988,43.972,47.938,FP,,,,,,,
195,63,321.95,319.79,30.81,44.268,43.971,15.405,FP,,,,,,,
195,64,373.45,318.6,176.65,51.35,43.808,88.327,FP,,,,,,,
195,65,243.68,333.2,47.47,33.506,45.815,23.733,FP,,,,,,,
195,66,242.92,333.56,111.39,33.401,45.864,55.693,FP,,,,,,,
195,67,242.5,333.0,124.0,33.344,45.788,62.0,FP,,,,,,,
195,68,496.21,367.85,94.92,68.229,50.579,47.461,FP,,,,,,,
195,69,478.53,365.4,196.47,65.798,50.243,98.233,FP,,,,,,,
195,70,491.29,399.08,29.38,67.553,54.874,14.69,TP,37,0.2,2.967,2.973,0.184,-0.078,2.967
195,71,45.79,399.26,169.75,6.296,54.899,84.877,FP,,,,,,,
195,72,46.11,398.41,160.0,6.34,54.781,80.0,FP,,,,,,,
195,73,493.25,400.69,95.7,67.822,55.095,47.85,FP,,,,,,,
195,74,400.4,411.08,31.67,55.055,56.523,15.833,FP,,,,,,,
195,75,482.5,402.5,4.5,66.344,55.344,2.25,FP,,,,,,,
195,76,486.0,403.0,5.0,66.825,55.413,2.5,FP,,,,,,,
195,77,396.3,408.59,91.28,54.491,56.181,45.64,FP,,,,,,,
195,78,394.75,408.83,124.42,54.278,56.215,62.208,FP,,,,,,,
195,79,194.14,422.43,31.76,26.695,58.085,15.878,FP,,,,,,,
195,80,289.0,420.5,96.0,39.737,57.819,48.0,FP,,,,,,,
195,81,191.7,430.34,95.55,26.359,59.172,47.774,FP,,,,,,,
195,82,368.62,446.59,32.16,50.685,61.406,16.079,FP,,,,,,,
195,83,62.67,446.5,160.67,8.617,61.394,80.333,FP,,,,,,,
195,84,466.08,466.96,110.67,64.086,64.207,55.336,FP,,,,,,,
195,85,463.29,471.59,48.97,63.702,64.843,24.483,FP,,,,,,,
195,86,462.38,470.38,156.62,63.577,64.677,78.312,FP,,,,,,,
195,87,64.12,478.8,168.49,8.816,65.836,84.245,FP,,,,,,,
195,88,374.49,479.66,11.86,51.492,65.953,5.93,FP,,,,,,,
195,89,448.36,477.07,32.29,61.649,65.597,16.143,FP,,,,,,,
195,90,273.62,488.64,31.96,37.623,67.188,15.978,FP,,,,,,,
195,91,278.53,485.05,40.58,38.297,66.695,20.289,FP,,,,,,,
195,92,310.5,506.0,5.0,42.694,69.575,2.5,FP,,,,,,,
195,,,,,41.388,2.516,84.922,FN,0,,,,,,
195,,,,,64.43,2.916,1.5,FN,2,,,,,,
195,,,,,20.982,2.826,72.406,FN,3,,,,,,
195,,,,,40.696,5.507,53.495,FN,4,,,,,,
195,,,,,17.243,6.56,72.427,FN,5,,,,,,
195,,,,,51.325,7.496,25.117,FN,6,,,,,,
195,,,,,30.197,7.49,70.46,FN,7,,,,,,
195,,,,,30.971,7.18,70.794,FN,8,,,,,,
195,,,,,36.653,7.698,51.41,FN,9,,,,,,
195,,,,,40.96,8.172,21.436,FN,10,,,,,,
195,,,,,46.43,11.23,87.175,FN,11,,,,,,
195,,,,,37.634,14.142,63.893,FN,13,,,,,,
195,,,,,39.902,15.283,89.968,FN,14,,,,,,
195,,,,,35.908,14.548,0.942,FN,16,,,,,,
195,,,,,43.766,17.698,84.26,FN,18,,,,,,
195,,,,,38.431,20.868,68.306,FN,19,,,,,,
195,,,,,1.81,22.134,52.0,FN,20,,,,,,
195,,,,,25.456,21.217,84.202,FN,21,,,,,,
195,,,,,65.261,26.6,70.403,FN,23,,,,,,
195,,,,,19.04,34.078,30.798,FN,24,,,,,,
195,,,,,27.114,35.936,90.775,FN,25,,,,,,
195,,,,,60.833,37.17,9.147,FN,26,,,,,,
195,,,,,2.755,38.789,20.234,FN,28,,,,,,
195,,,,,67.029,41.555,59.777,FN,29,,,,,,
195,,,,,68.284,43.272,87.992,FN,30,,,,,,
195,,,,,33.737,45.936,46.171,FN,32,,,,,,
195,,,,,6.501,48.453,96.81,FN,33,,,,,,
195,,,,,50.926,51.22,67.738,FN,34,,,,,,
195,,,,,70.19,51.801,6.772,FN,35,,,,,,
195,,,,,5.114,52.65,51.788,FN,36,,,,,,
195,,,,,27.992,54.454,64.793,FN,38,,,,,,
195,,,,,54.365,56.034,24.489,FN,39,,,,,,
195,,,,,26.063,58.341,74.661,FN,40,,,,,,
195,,,,,69.621,60.74,86.786,FN,41,,,,,,
195,,,,,64.353,64.68,36.206,FN,42,,,,,,
195,,,,,49.911,65.406,2.21,FN,43,,,,,,
195,,,,,47.01,65.919,94.267,FN,44,,,,,,
195,,,,,42.134,67.927,78.738,FN,45,,,,,,
195,,,,,37.049,67.781,21.25,FN,46,,,,,,
195,,,,,22.532,69.05,49.617,FN,47,,,,,,
195,,,,,50.899,69.774,65.344,FN,48,,,,,,
195,,,,,42.73,69.839,96.047,FN,49,,,,,,
196,0,434.16,19.69,38.78,59.697,2.708,19.391,FP,,,,,,,
196,1,447.82,20.28,95.75,61.575,2.789,47.876,FP,,,,,,,
196,2,35.92,15.98,96.42,4.939,2.198,48.212,FP,,,,,,,
196,3,66.35,28.81,95.63,9.123,3.961,47.816,FP,,,,,,,
196,4,410.5,15.0,148.0,56.444,2.062,74.0,FP,,,,,,,
196,5,443.48,17.87,4.45,60.979,2.457,2.226,FP,,,,,,,
196,6,407.0,17.8,152.6,55.963,2.447,76.3,FP,,,,,,,
196,7,413.79,32.71,116.76,56.897,4.498,58.38,FP,,,,,,,
196,8,59.0,26.0,168.0,8.113,3.575,84.0,FP,,,,,,,
196,9,61.0,26.0,168.0,8.387,3.575,84.0,FP,,,,,,,
196,10,191.91,32.93,95.64,26.387,4.528,47.821,FP,,,,,,,
196,11,77.74,32.15,60.6,10.689,4.421,30.301,FP,,,,,,,
196,12,191.26,63.26,95.41,26.299,8.698,47.707,FP,,,,,,,
196,13,319.37,73.71,95.62,43.914,10.135,47.811,FP,,,,,,,
196,14,156.87,71.39,31.67,21.57,9.816,15.835,FP,,,,,,,
196,15,150.55,75.36,44.36,20.7,10.363,22.182,FP,,,,,,,
196,16,154.5,76.5,44.5,21.244,10.519,22.25,TP,11,0.964,2.278,2.474,-0.206,-0.942,2.278
196,17,156.0,76.5,46.0,21.45,10.519,23.0,FP,,,,,,,
196,18,159.9,80.13,96.07,21.986,11.018,48.037,FP,,,,,,,
196,19,158.18,77.45,48.27,21.75,10.65,24.136,FP,,,,,,,
196,20,160.06,78.44,183.83,22.008,10.786,91.917,FP,,,,,,,
196,21,306.57,78.43,48.43,42.154,10.784,24.214,FP,,,,,,,
196,22,316.8,80.54,111.45,43.56,11.075,55.725,TP,10,0.17,2.688,2.693,0.009,-0.17,-2.688
196,23,160.52,82.95,160.83,22.072,11.405,80.417,FP,,,,,,,
196,24,161.89,82.78,130.56,22.26,11.382,65.278,FP,,,,,,,
196,25,471.74,94.22,27.1,64.865,12.955,13.55,TP,13,0.613,3.544,3.597,-0.509,-0.342,3.544
196,26,478.57,94.46,95.66,65.803,12.988,47.829,FP,,,,,,,
196,27,476.59,94.57,119.07,65.531,13.004,59.537,FP,,,,,,,
196,28,93.37,100.94,56.5,12.839,13.879,28.251,FP,,,,,,,
196,29,90.75,94.25,48.5,12.478,12.959,24.25,FP,,,,,,,
196,30,493.56,96.03,47.5,67.864,13.204,23.75,FP,,,,,,,
196,31,95.89,104.56,18.97,13.185,14.376,9.487,FP,,,,,,,
196,32,102.55,103.0,178.71,14.101,14.163,89.357,FP,,,,,,,
196,33,94.55,106.09,12.55,13.0,14.588,6.273,TP,12,0.925,1.911,2.123,-0.594,0.709,1.911
196,34,112.68,109.3,31.34,15.494,15.029,15.671,FP,,,,,,,
196,35,448.47,117.97,31.45,61.665,16.221,15.727,FP,,,,,,,
196,36,206.02,132.49,48.4,28.327,18.217,24.198,FP,,,,,,,
196,37,201.13,135.45,97.85,27.655,18.624,48.923,FP,,,,,,,
196,38,201.78,135.89,115.04,27.745,18.685,57.52,FP,,,,,,,
196,39,160.48,144.16,97.1,22.066,19.823,48.551,TP,18,0.226,0.505,0.553,0.01,0.226,0.505
196,40,160.41,158.06,159.11,22.057,21.734,79.554,FP,,,,,,,
196,41,321.93,190.66,31.09,44.265,26.215,15.545,FP,,,,,,,
196,42,348.89,189.67,94.98,47.972,26.079,47.488,FP,,,,,,,
196,43,447.61,192.41,95.41,61.546,26.457,47.704,FP,,,,,,,
196,44,64.6,191.86,95.28,8.883,26.381,47.642,FP,,,,,,,
196,45,429.95,191.76,95.43,59.118,26.366,47.713,FP,,,,,,,
196,46,320.71,191.78,95.47,44.098,26.369,47.735,FP,,,,,,,
196,47,457.0,192.17,31.44,62.838,26.423,15.722,FP,,,,,,,
196,48,322.16,212.98,95.8,44.296,29.285,47.898,TP,22,0.426,1.693,1.745,-0.367,-0.216,1.693
196,49,224.13,224.18,111.19,30.819,30.824,55.596,FP,,,,,,,
196,50,315.65,278.2,30.02,43.402,38.252,15.01,FP,,,,,,,
196,51,495.0,271.83,32.17,68.062,37.377,16.083,TP,27,1.032,2.836,3.018,-0.383,-0.959,2.836
196,52,318.56,284.58,95.71,43.802,39.13,47.855,FP,,,,,,,
196,53,320.0,277.0,3.0,44.0,38.088,1.5,TP,26,0.707,0.529,0.883,0.706,-0.035,-0.529
196,54,316.61,279.78,105.5,43.534,38.469,52.75,FP,,,,,,,
196,55,32.92,287.36,98.14,4.527,39.512,49.069,FP,,,,,,,
196,56,402.52,288.69,41.62,55.347,39.694,20.812,TP,30,1.263,1.516,1.973,0.113,-1.258,1.516
196,57,238.77,286.94,158.31,32.831,39.455,79.153,FP,,,,,,,
196,58,401.05,294.07,95.87,55.144,40.434,47.937,FP,,,,,,,
196,59,299.83,289.21,118.56,41.226,39.766,59.279,FP,,,,,,,
196,60,238.67,287.33,168.0,32.817,39.508,84.0,FP,,,,,,,
196,61,238.9,295.28,102.83,32.849,40.601,51.415,TP,29,0.567,0.736,0.929,0.423,0.377,0.736
196,62,241.0,290.5,70.0,33.138,39.944,35.0,FP,,,,,,,
196,63,408.0,300.5,16.5,56.1,41.319,8.25,FP,,,,,,,
196,64,458.45,312.6,70.9,63.037,42.982,35.45,FP,,,,,,,
196,65,220.0,315.8,32.45,30.25,43.423,16.225,FP,,,,,,,
196,66,110.55,318.76,31.34,15.2,43.83,15.672,FP,,,,,,,
196,67,190.42,317.89,160.47,26.183,43.711,80.237,FP,,,,,,,
196,68,449.83,319.17,31.57,61.851,43.886,15.783,FP,,,,,,,
196,69,64.4,331.73,95.5,8.854,45.612,47.751,FP,,,,,,,
196,70,64.8,326.1,116.15,8.91,44.839,58.075,FP,,,,,,,
196,71,78.93,330.52,167.02,10.853,45.446,83.511,FP,,,,,,,
196,72,207.48,332.15,113.65,28.529,45.67,56.823,FP,,,,,,,
196,73,207.24,331.36,59.54,28.496,45.562,29.77,FP,,,,,,,
196,74,206.0,330.0,124.0,28.325,45.375,62.0,FP,,,,,,,
196,75,207.13,334.28,96.24,28.481,45.963,48.12,FP,,,,,,,
196,76,36.66,369.67,169.76,5.041,50.829,84.878,FP,,,,,,,
196,77,39.02,376.04,99.18,5.365,51.705,49.59,FP,,,,,,,
196,78,40.98,376.32,71.26,5.635,51.744,35.632,FP,,,,,,,
196,79,202.31,379.81,157.81,27.818,52.224,78.906,FP,,,,,,,
196,80,171.81,386.87,116.88,23.624,53.194,58.441,FP,,,,,,,
196,81,298.23,389.71,33.35,41.006,53.585,16.674,FP,,,,,,,
196,82,296.69,390.5,56.44,40.795,53.694,28.222,TP,39,0.033,0.75,0.751,-0.013,0.031,0.75
196,83,298.88,391.84,47.9,41.096,53.878,23.949,FP,,,,,,,
196,84,298.33,392.0,52.33,41.021,53.9,26.167,FP,,,,,,,
196,85,194.0,403.0,31.0,26.675,55.413,15.5,FP,,,,,,,
196,86,193.0,404.5,32.0,26.538,55.619,16.0,FP,,,,,,,
196,87,368.08,420.43,96.27,50.612,57.809,48.135,FP,,,,,,,
196,88,366.39,421.9,119.66,50.378,58.012,59.831,FP,,,,,,,
196,89,448.64,424.96,31.82,61.687,58.432,15.911,FP,,,,,,,
196,90,186.73,422.47,50.6,25.676,58.089,25.3,FP,,,,,,,
196,91,190.99,431.09,95.32,26.261,59.275,47.662,FP,,,,,,,
196,92,357.8,439.87,35.31,49.197,60.482,17.656,TP,46,0.435,4.656,4.676,-0.186,-0.393,4.656
196,93,271.38,457.15,34.25,37.315,62.857,17.127,TP,48,0.278,1.355,1.384,-0.263,-0.091,1.355
196,94,493.19,447.66,31.25,67.814,61.554,15.624,FP,,,,,,,
196,95,272.19,450.32,95.59,37.426,61.919,47.797,FP,,,,,,,
196,96,354.89,445.81,95.51,48.798,61.299,47.755,FP,,,,,,,
196,97,354.51,444.99,10.62,48.744,61.186,5.309,FP,,,,,,,
196,98,495.25,448.48,95.2,68.096,61.666,47.602,FP,,,,,,,
196,99,239.26,448.37,194.32,32.898,61.651,97.162,FP,,,,,,,
196,100,489.4,445.6,16.5,67.293,61.27,8.25,FP,,,,,,,
196,101,237.08,448.33,185.19,32.598,61.645,92.593,FP,,,,,,,
196,102,192.73,449.52,95.8,26.5,61.81,47.9,FP,,,,,,,
196,103,268.25,462.11,17.87,36.884,63.541,8.935,FP,,,,,,,
196,104,275.03,462.15,112.72,37.816,63.546,56.361,FP,,,,,,,
196,105,31.86,484.86,32.49,4.38,66.668,16.243,FP,,,,,,,
196,106,32.5,478.5,48.0,4.469,65.794,24.0,FP,,,,,,,
196,107,194.41,507.78,32.15,26.732,69.82,16.073,FP,,,,,,,
196,,,,,4.389,1.017,29.261,FN,0,,,,,,
196,,,,,10.205,2.383,5.149,FN,1,,,,,,
196,,,,,58.335,3.145,39.036,FN,2,,,,,,
196,,,,,58.8,3.6,1.247,FN,3,,,,,,
196,,,,,61.421,3.543,18.696,FN,4,,,,,,
196,,,,,40.617,4.504,92.572,FN,5,,,,,,
196,,,,,67.158,5.196,98.314,FN,6,,,,,,
196,,,,,10.989,4.811,69.483,FN,7,,,,,,
196,,,,,51.451,7.225,9.314,FN,8,,,,,,
196,,,,,41.533,8.824,17.822,FN,9,,,,,,
196,,,,,38.48,15.264,12.212,FN,14,,,,,,
196,,,,,16.702,16.065,74.299,FN,15,,,,,,
196,,,,,52.472,16.714,94.963,FN,16,,,,,,
196,,,,,28.474,17.543,80.493,FN,17,,,,,,
196,,,,,21.348,20.585,53.349,FN,19,,,,,,
196,,,,,60.68,23.388,82.281,FN,20,,,,,,
196,,,,,47.807,24.718,78.09,FN,21,,,,,,
196,,,,,31.805,31.264,38.486,FN,23,,,,,,
196,,,,,29.752,32.658,47.252,FN,24,,,,,,
196,,,,,4.547,37.188,85.379,FN,25,,,,,,
196,,,,,4.352,39.768,69.98,FN,28,,,,,,
196,,,,,63.015,42.904,42.427,FN,31,,,,,,
196,,,,,28.754,45.929,14.029,FN,32,,,,,,
196,,,,,59.903,46.384,92.506,FN,33,,,,,,
196,,,,,18.906,47.622,13.743,FN,34,,,,,,
196,,,,,65.93,49.03,54.012,FN,35,,,,,,
196,,,,,52.397,50.0,11.853,FN,36,,,,,,
196,,,,,5.659,51.666,55.642,FN,37,,,,,,
196,,,,,23.559,52.672,22.914,FN,38,,,,,,
196,,,,,51.484,56.671,7.77,FN,40,,,,,,
196,,,,,50.767,58.193,38.519,FN,41,,,,,,
196,,,,,15.802,57.489,92.338,FN,42,,,,,,
196,,,,,63.832,57.78,50.479,FN,43,,,,,,
196,,,,,25.602,58.677,42.88,FN,44,,,,,,
196,,,,,36.287,60.022,23.616,FN,45,,,,,,
196,,,,,67.886,61.541,27.453,FN,47,,,,,,
196,,,,,4.873,66.646,29.046,FN,49,,,,,,
21,0,448.58,13.79,96.37,61.68,1.896,48.184,FP,,,,,,,
21,1,34.0,13.75,112.0,4.675,1.891,56.0,FP,,,,,,,
21,2,110.33,14.33,32.0,15.171,1.971,16.0,FP,,,,,,,
21,3,320.44,62.62,95.51,44.061,8.61,47.753,FP,,,,,,,
21,4,373.5,73.75,60.5,51.356,10.141,30.25,FP,,,,,,,
21,5,318.56,95.78,196.5,43.801,13.169,98.25,FP,,,,,,,
21,6,147.96,108.61,95.77,20.345,14.934,47.886,FP,,,,,,,
21,7,146.24,110.38,112.48,20.108,15.177,56.238,TP,8,0.512,2.25,2.308,-0.431,0.277,-2.25
21,8,399.11,142.76,32.51,54.877,19.629,16.253,FP,,,,,,,
21,9,394.56,144.19,95.5,54.253,19.826,47.751,TP,11,0.137,0.919,0.929,0.136,0.019,0.919
21,10,64.09,167.1,31.89,8.812,22.976,15.946,FP,,,,,,,
21,11,65.33,161.21,165.76,8.983,22.167,82.879,FP,,,,,,,
21,12,63.07,170.59,95.58,8.672,23.457,47.791,FP,,,,,,,
21,13,202.71,172.63,33.24,27.873,23.737,16.618,FP,,,,,,,
21,14,203.45,175.36,95.38,27.975,24.111,47.688,FP,,,,,,,
21,15,190.33,189.67,95.0,26.171,26.079,47.5,FP,,,,,,,
21,16,477.22,196.16,95.04,65.618,26.972,47.521,TP,15,0.286,3.787,3.798,0.28,-0.057,3.787
21,17,321.22,192.93,32.0,44.168,26.527,16.0,FP,,,,,,,
21,18,474.02,198.16,53.93,65.178,27.247,26.964,FP,,,,,,,
21,19,478.49,204.6,39.61,65.792,28.133,19.807,FP,,,,,,,
21,20,478.85,205.52,166.52,65.842,28.258,83.26,FP,,,,,,,
21,21,490.36,224.44,20.36,67.425,30.861,10.18,FP,,,,,,,
21,22,496.5,228.0,30.0,68.269,31.35,15.0,FP,,,,,,,
21,23,494.65,236.33,45.33,68.014,32.496,22.663,FP,,,,,,,
21,24,17.82,241.59,116.55,2.45,33.219,58.273,FP,,,,,,,
21,25,212.63,249.88,60.48,29.236,34.359,30.24,FP,,,,,,,
21,26,22.18,251.83,51.73,3.05,34.627,25.865,FP,,,,,,,
21,27,22.5,250.5,60.0,3.094,34.444,30.0,FP,,,,,,,
21,28,20.29,252.29,68.29,2.789,34.689,34.143,TP,21,0.625,1.945,2.043,-0.576,-0.244,-1.945
21,29,22.37,253.13,75.67,3.075,34.806,37.833,FP,,,,,,,
21,30,210.5,253.71,96.43,28.944,34.886,48.214,FP,,,,,,,
21,31,231.4,265.43,21.15,31.817,36.496,10.573,FP,,,,,,,
21,32,63.26,268.55,22.57,8.698,36.926,11.285,FP,,,,,,,
21,33,210.77,266.46,173.92,28.981,36.638,86.959,FP,,,,,,,
21,34,66.08,271.1,48.24,9.087,37.277,24.118,FP,,,,,,,
21,35,64.8,270.12,95.68,8.91,37.142,47.839,FP,,,,,,,
21,36,322.62,269.88,168.0,44.361,37.108,84.0,FP,,,,,,,
21,37,320.47,270.88,161.12,44.064,37.245,80.562,FP,,,,,,,
21,38,319.31,288.2,96.19,43.904,39.628,48.096,FP,,,,,,,
21,39,64.88,289.97,96.18,8.921,39.87,48.09,FP,,,,,,,
21,40,319.0,288.0,116.0,43.862,39.6,58.0,FP,,,,,,,
21,41,318.0,302.6,56.75,43.725,41.608,28.375,FP,,,,,,,
21,42,318.59,310.18,4.06,43.806,42.65,2.032,FP,,,,,,,
21,43,399.33,317.95,31.85,54.908,43.718,15.924,FP,,,,,,,
21,44,399.33,316.42,17.46,54.908,43.508,8.732,FP,,,,,,,
21,45,398.89,318.11,47.95,54.848,43.74,23.975,FP,,,,,,,
21,46,370.06,318.79,160.69,50.884,43.834,80.347,FP,,,,,,,
21,47,142.54,318.0,192.62,19.599,43.725,96.308,FP,,,,,,,
21,48,142.5,318.0,196.0,19.594,43.725,98.0,FP,,,,,,,
21,49,12.88,334.29,31.92,1.77,45.965,15.962,FP,,,,,,,
21,50,460.95,349.41,113.52,63.38,48.044,56.761,TP,29,0.448,4.163,4.187,0.377,-0.242,-4.163
21,51,458.83,349.4,159.41,63.089,48.043,79.705,FP,,,,,,,
21,52,459.47,351.26,95.86,63.177,48.298,47.929,FP,,,,,,,
21,53,459.56,348.89,124.33,63.189,47.972,62.167,FP,,,,,,,
21,54,464.38,349.75,166.75,63.852,48.091,83.375,FP,,,,,,,
21,55,459.0,349.0,152.0,63.113,47.987,76.0,FP,,,,,,,
21,56,460.33,350.0,152.67,63.296,48.125,76.333,FP,,,,,,,
21,57,318.32,352.95,192.27,43.769,48.531,96.136,FP,,,,,,,
21,58,272.41,368.49,95.56,37.456,50.667,47.781,TP,33,0.547,4.462,4.496,0.074,0.542,-4.462
21,59,249.73,366.13,119.66,34.338,50.344,59.828,FP,,,,,,,
21,60,251.0,366.0,104.0,34.513,50.325,52.0,FP,,,,,,,
21,61,250.0,367.0,105.0,34.375,50.463,52.5,FP,,,,,,,
21,62,365.48,375.14,105.07,50.253,51.581,52.536,FP,,,,,,,
21,63,362.49,380.27,31.1,49.842,52.287,15.551,FP,,,,,,,
21,64,343.74,386.62,94.62,47.265,53.16,47.308,TP,39,0.535,0.667,0.855,0.301,-0.442,0.667
21,65,344.93,390.59,70.54,47.427,53.706,35.27,FP,,,,,,,
21,66,73.64,404.89,27.68,10.126,55.672,13.838,FP,,,,,,,
21,67,76.68,400.97,57.48,10.544,55.134,28.74,FP,,,,,,,
21,68,75.02,398.77,72.24,10.316,54.831,36.121,FP,,,,,,,
21,69,70.5,398.5,48.5,9.694,54.794,24.25,FP,,,,,,,
21,70,70.5,398.5,52.0,9.694,54.794,26.0,FP,,,,,,,
21,71,74.33,400.33,44.0,10.221,55.046,22.0,FP,,,,,,,
21,72,68.93,416.75,96.05,9.478,57.304,48.027,FP,,,,,,,
21,73,76.1,416.93,112.05,10.464,57.328,56.023,FP,,,,,,,
21,74,75.0,418.5,116.0,10.312,57.544,58.0,FP,,,,,,,
21,75,257.39,433.19,112.5,35.391,59.564,56.25,FP,,,,,,,
21,76,257.47,433.41,118.26,35.403,59.593,59.128,FP,,,,,,,
21,77,220.65,445.59,30.55,30.34,61.268,15.273,FP,,,,,,,
21,78,250.2,441.5,72.5,34.403,60.706,36.25,FP,,,,,,,
21,79,320.43,447.63,95.45,44.059,61.549,47.727,TP,44,0.785,3.279,3.372,-0.545,-0.565,3.279
21,80,320.35,447.94,31.5,44.048,61.592,15.749,FP,,,,,,,
21,81,139.95,447.63,31.79,19.243,61.549,15.895,FP,,,,,,,
21,82,194.46,448.54,162.84,26.738,61.674,81.422,FP,,,,,,,
21,83,269.13,446.41,32.32,37.006,61.382,16.16,FP,,,,,,,
21,84,268.95,448.0,4.0,36.98,61.6,2.0,FP,,,,,,,
21,85,288.93,446.8,168.47,39.728,61.435,84.233,FP,,,,,,,
21,86,134.57,457.96,112.97,18.504,62.97,56.486,FP,,,,,,,
21,87,139.71,459.31,90.55,19.21,63.155,45.277,FP,,,,,,,
21,88,46.12,460.71,52.64,6.341,63.347,26.318,TP,46,0.51,3.558,3.595,0.251,-0.443,-3.558
21,89,271.58,463.02,32.58,37.342,63.665,16.29,FP,,,,,,,
21,90,451.36,460.8,168.51,62.061,63.36,84.253,FP,,,,,,,
21,91,34.92,462.44,32.18,4.802,63.585,16.09,FP,,,,,,,
21,92,44.69,461.81,158.92,6.144,63.499,79.46,FP,,,,,,,
21,93,198.45,463.67,112.4,27.287,63.754,56.199,FP,,,,,,,
21,94,462.95,465.25,95.63,63.656,63.971,47.813,FP,,,,,,,
21,95,296.82,463.62,192.48,40.813,63.748,96.241,FP,,,,,,,
21,96,461.38,464.49,55.35,63.44,63.868,27.673,FP,,,,,,,
21,97,46.5,462.75,109.31,6.394,63.628,54.656,FP,,,,,,,
21,98,49.5,462.0,97.0,6.806,63.525,48.5,FP,,,,,,,
21,99,460.83,464.72,112.55,63.365,63.899,56.276,TP,48,0.209,2.032,2.043,-0.207,0.028,2.032
21,100,279.6,473.96,170.04,38.445,65.17,85.021,FP,,,,,,,
21,101,33.01,478.78,95.33,4.538,65.832,47.664,FP,,,,,,,
21,102,63.05,478.44,31.63,8.669,65.786,15.815,FP,,,,,,,
21,103,50.27,492.06,90.03,6.912,67.659,45.013,FP,,,,,,,
21,,,,,5.231,0.95,45.205,FN,0,,,,,,
21,,,,,15.52,1.503,63.228,FN,1,,,,,,
21,,,,,42.678,8.429,77.348,FN,2,,,,,,
21,,,,,51.296,9.904,79.647,FN,3,,,,,,
21,,,,,63.404,11.551,96.38,FN,4,,,,,,
21,,,,,10.627,12.557,33.0,FN,5,,,,,,
21,,,,,56.218,12.549,91.335,FN,6,,,,,,
21,,,,,34.008,13.816,90.997,FN,7,,,,,,
21,,,,,67.315,15.911,0.736,FN,9,,,,,,
21,,,,,56.959,17.167,17.814,FN,10,,,,,,
21,,,,,62.438,21.184,23.375,FN,12,,,,,,
21,,,,,9.759,22.23,11.617,FN,13,,,,,,
21,,,,,28.154,23.742,26.377,FN,14,,,,,,
21,,,,,69.48,27.427,81.505,FN,16,,,,,,
21,,,,,66.278,30.54,45.5,FN,17,,,,,,
21,,,,,0.759,30.828,46.442,FN,18,,,,,,
21,,,,,68.186,32.974,34.681,FN,19,,,,,,
21,,,,,29.072,35.376,24.258,FN,20,,,,,,
21,,,,,34.266,37.336,10.0,FN,22,,,,,,
21,,,,,8.553,37.035,17.9,FN,23,,,,,,
21,,,,,23.044,41.664,52.474,FN,24,,,,,,
21,,,,,68.884,41.926,53.726,FN,25,,,,,,
21,,,,,27.273,42.07,24.404,FN,26,,,,,,
21,,,,,53.469,43.773,6.506,FN,27,,,,,,
21,,,,,31.916,46.063,79.2,FN,28,,,,,,
21,,,,,69.452,47.737,72.0,FN,30,,,,,,
21,,,,,66.46,49.194,18.905,FN,31,,,,,,
21,,,,,34.367,50.162,42.274,FN,32,,,,,,
21,,,,,36.64,51.085,27.503,FN,34,,,,,,
21,,,,,50.686,51.327,9.528,FN,35,,,,,,
21,,,,,30.269,52.359,43.157,FN,36,,,,,,
21,,,,,9.98,53.332,19.031,FN,37,,,,,,
21,,,,,14.208,52.657,73.0,FN,38,,,,,,
21,,,,,29.82,57.038,76.0,FN,40,,,,,,
21,,,,,10.251,57.38,12.608,FN,41,,,,,,
21,,,,,35.177,59.769,13.493,FN,42,,,,,,
21,,,,,69.573,62.095,53.258,FN,43,,,,,,
21,,,,,18.413,62.688,11.062,FN,45,,,,,,
21,,,,,38.385,64.144,11.021,FN,47,,,,,,
21,,,,,11.046,65.889,15.539,FN,49,,,,,,
35,0,62.83,18.81,95.65,8.639,2.586,47.823,FP,,,,,,,
35,1,64.17,20.9,24.2,8.823,2.874,12.098,TP,2,0.713,3.839,3.904,-0.682,-0.209,3.839
35,2,475.18,18.47,27.05,65.337,2.539,13.526,FP,,,,,,,
35,3,62.63,16.22,108.48,8.612,2.231,54.241,FP,,,,,,,
35,4,62.0,15.0,116.0,8.525,2.062,58.0,FP,,,,,,,
35,5,70.05,27.11,110.51,9.632,3.728,55.257,FP,,,,,,,
35,6,476.02,27.25,111.7,65.453,3.747,55.85,FP,,,,,,,
35,7,160.06,29.81,96.38,22.009,4.099,48.191,FP,,,,,,,
35,8,477.75,26.38,97.0,65.691,3.627,48.5,FP,,,,,,,
35,9,145.32,33.01,31.97,19.982,4.539,15.985,FP,,,,,,,
35,10,320.66,38.72,95.27,44.091,5.324,47.633,FP,,,,,,,
35,11,137.3,37.6,96.1,18.878,5.171,48.049,TP,4,0.172,0.301,0.346,0.092,-0.145,0.301
35,12,137.48,39.32,87.75,18.903,5.406,43.877,FP,,,,,,,
35,13,332.29,55.87,94.87,45.69,7.682,47.436,TP,8,0.173,4.35,4.354,-0.111,0.133,-4.35
35,14,324.46,52.28,167.57,44.613,7.188,83.785,FP,,,,,,,
35,15,332.06,59.74,43.1,45.658,8.215,21.549,FP,,,,,,,
35,16,492.35,57.15,96.62,67.698,7.858,48.312,FP,,,,,,,
35,17,279.09,63.21,95.73,38.375,8.691,47.864,FP,,,,,,,
35,18,449.28,64.49,159.33,61.776,8.867,79.667,FP,,,,,,,
35,19,409.68,96.26,50.64,56.332,13.236,25.319,FP,,,,,,,
35,20,412.4,95.86,111.43,56.705,13.181,55.714,FP,,,,,,,
35,21,410.01,95.81,70.45,56.376,13.174,35.225,FP,,,,,,,
35,22,410.73,96.34,124.13,56.475,13.247,62.065,FP,,,,,,,
35,23,409.08,96.7,32.01,56.248,13.296,16.004,FP,,,,,,,
35,24,479.41,100.95,16.06,65.919,13.88,8.029,FP,,,,,,,
35,25,482.48,96.28,24.6,66.341,13.239,12.3,FP,,,,,,,
35,26,483.0,94.5,28.0,66.412,12.994,14.0,FP,,,,,,,
35,27,408.73,98.0,130.64,56.2,13.475,65.318,FP,,,,,,,
35,28,411.89,98.81,158.47,56.634,13.587,79.236,FP,,,,,,,
35,29,413.71,106.5,193.75,56.884,14.644,96.876,FP,,,,,,,
35,30,413.42,105.96,188.29,56.845,14.569,94.146,FP,,,,,,,
35,31,216.12,138.01,92.34,29.716,18.977,46.171,FP,,,,,,,
35,32,217.35,137.89,111.13,29.885,18.96,55.563,FP,,,,,,,
35,33,204.18,141.44,195.59,28.074,19.447,97.794,FP,,,,,,,
35,34,217.24,138.47,122.56,29.87,19.04,61.279,FP,,,,,,,
35,35,205.88,141.57,186.99,28.309,19.465,93.493,FP,,,,,,,
35,36,91.49,146.3,95.64,12.58,20.116,47.819,FP,,,,,,,
35,37,483.07,167.23,96.35,66.422,22.994,48.173,FP,,,,,,,
35,38,487.02,167.94,69.46,66.966,23.091,34.732,FP,,,,,,,
35,39,421.47,175.76,95.33,57.952,24.167,47.664,FP,,,,,,,
35,40,411.95,189.98,30.82,56.643,26.122,15.412,FP,,,,,,,
35,41,434.86,191.16,97.23,59.793,26.284,48.614,FP,,,,,,,
35,42,33.64,190.77,31.64,4.626,26.231,15.82,FP,,,,,,,
35,43,156.71,191.34,31.21,21.548,26.31,15.603,FP,,,,,,,
35,44,192.1,192.21,31.57,26.414,26.429,15.786,FP,,,,,,,
35,45,455.03,191.46,31.53,62.567,26.326,15.766,FP,,,,,,,
35,46,449.86,189.79,168.21,61.855,26.096,84.107,FP,,,,,,,
35,47,64.26,192.66,167.43,8.835,26.491,83.713,FP,,,,,,,
35,48,353.23,191.31,95.0,48.569,26.305,47.5,FP,,,,,,,
35,49,435.0,190.5,104.0,59.812,26.194,52.0,FP,,,,,,,
35,50,307.14,202.64,131.68,42.232,27.863,65.838,TP,19,0.717,2.594,2.691,0.713,-0.075,2.594
35,51,302.89,203.65,59.23,41.647,28.002,29.616,FP,,,,,,,
35,52,303.24,205.65,160.21,41.696,28.277,80.104,FP,,,,,,,
35,53,368.16,204.54,13.35,50.622,28.124,6.675,TP,18,1.18,1.951,2.28,0.103,1.176,1.951
35,54,306.39,203.54,139.51,42.129,27.986,69.756,FP,,,,,,,
35,55,369.35,205.64,33.1,50.785,28.275,16.552,FP,,,,,,,
35,56,305.08,207.57,95.71,41.949,28.541,47.854,FP,,,,,,,
35,57,266.68,217.75,86.16,36.669,29.94,43.081,FP,,,,,,,
35,58,289.39,221.18,33.34,39.792,30.412,16.67,FP,,,,,,,
35,59,272.67,218.33,32.0,37.492,30.021,16.0,FP,,,,,,,
35,60,387.41,224.81,115.13,53.269,30.911,57.565,FP,,,,,,,
35,61,203.16,277.61,43.81,27.934,38.171,21.903,FP,,,,,,,
35,62,491.09,284.47,35.09,67.524,39.114,17.543,FP,,,,,,,
35,63,206.49,279.3,103.13,28.392,38.403,51.565,FP,,,,,,,
35,64,488.54,280.13,19.98,67.174,38.519,9.988,TP,27,0.57,1.745,1.835,-0.19,-0.537,1.745
35,65,204.12,277.88,124.0,28.067,38.208,62.0,FP,,,,,,,
35,66,426.5,279.82,82.12,58.644,38.476,41.061,FP,,,,,,,
35,67,426.31,281.7,95.24,58.618,38.734,47.62,FP,,,,,,,
35,68,78.67,302.5,44.0,10.817,41.593,22.002,FP,,,,,,,
35,69,81.89,306.1,95.56,11.259,42.089,47.782,FP,,,,,,,
35,70,81.52,307.33,117.25,11.21,42.258,58.623,FP,,,,,,,
35,71,303.13,315.24,20.51,41.681,43.345,10.254,TP,30,0.944,0.973,1.356,0.303,0.894,-0.973
35,72,310.67,307.33,60.0,42.717,42.258,30.0,FP,,,,,,,
35,73,71.13,314.24,32.21,9.78,43.208,16.106,FP,,,,,,,
35,74,191.83,318.92,31.33,26.377,43.852,15.667,FP,,,,,,,
35,75,335.07,318.56,95.55,46.072,43.802,47.775,FP,,,,,,,
35,76,61.67,319.31,95.05,8.48,43.904,47.523,FP,,,,,,,
35,77,304.75,318.87,95.54,41.904,43.845,47.772,FP,,,,,,,
35,78,399.52,321.87,31.28,54.934,44.258,15.638,FP,,,,,,,
35,79,38.21,321.78,31.02,5.254,44.245,15.511,FP,,,,,,,
35,80,60.06,318.9,49.88,8.258,43.849,24.942,FP,,,,,,,
35,81,351.67,319.6,31.53,48.355,43.945,15.766,FP,,,,,,,
35,82,193.29,324.06,96.17,26.577,44.559,48.087,FP,,,,,,,
35,83,44.29,326.07,22.26,6.09,44.834,11.129,FP,,,,,,,
35,84,400.5,333.39,21.58,55.069,45.841,10.79,FP,,,,,,,
35,85,419.85,341.35,32.46,57.73,46.936,16.231,FP,,,,,,,
35,86,284.7,393.54,178.67,39.147,54.112,89.333,FP,,,,,,,
35,87,72.08,411.67,43.93,9.911,56.605,21.967,TP,36,0.416,1.912,1.956,0.414,0.043,1.912
35,88,367.37,413.56,55.5,50.513,56.864,27.752,FP,,,,,,,
35,89,400.85,412.55,119.16,55.116,56.725,59.578,FP,,,,,,,
35,90,65.2,415.54,96.03,8.965,57.137,48.014,FP,,,,,,,
35,91,70.44,410.33,20.56,9.686,56.421,10.278,FP,,,,,,,
35,92,70.43,410.43,24.57,9.684,56.434,12.286,FP,,,,,,,
35,93,64.62,414.32,111.07,8.885,56.969,55.536,FP,,,,,,,
35,94,65.0,414.62,167.59,8.938,57.011,83.795,FP,,,,,,,
35,95,394.96,414.75,31.73,54.307,57.028,15.865,FP,,,,,,,
35,96,288.0,417.0,39.0,39.6,57.338,19.5,FP,,,,,,,
35,97,361.58,430.81,23.81,49.718,59.237,11.907,TP,42,0.294,2.574,2.591,0.293,0.021,-2.574
35,98,334.76,428.33,40.04,46.029,58.895,20.02,FP,,,,,,,
35,99,331.89,430.56,82.26,45.635,59.201,41.13,FP,,,,,,,
35,100,333.17,430.58,72.67,45.81,59.205,36.333,FP,,,,,,,
35,101,334.0,430.0,76.0,45.925,59.125,38.0,FP,,,,,,,
35,102,25.21,447.9,32.26,3.466,61.587,16.131,FP,,,,,,,
35,103,30.39,448.19,95.46,4.178,61.627,47.731,FP,,,,,,,
35,104,30.92,446.29,48.58,4.251,61.365,24.291,TP,44,0.601,0.98,1.149,-0.081,-0.595,0.98
35,105,31.92,449.15,159.54,4.389,61.759,79.769,FP,,,,,,,
35,106,191.0,448.0,161.0,26.263,61.6,80.5,FP,,,,,,,
35,107,191.0,449.67,160.33,26.263,61.829,80.167,FP,,,,,,,
35,108,190.0,451.0,161.0,26.125,62.013,80.5,FP,,,,,,,
35,109,192.19,461.96,95.53,26.426,63.519,47.764,TP,45,0.998,0.997,1.411,0.573,0.818,-0.997
35,110,188.31,462.25,111.73,25.893,63.56,55.864,FP,,,,,,,
35,111,189.36,473.64,42.98,26.037,65.126,21.492,FP,,,,,,,
35,112,192.12,481.88,95.21,26.417,66.259,47.604,FP,,,,,,,
35,113,321.78,489.41,96.48,44.244,67.294,48.241,FP,,,,,,,
35,,,,,51.663,0.717,85.207,FN,0,,,,,,
35,,,,,65.084,3.204,35.185,FN,1,,,,,,
35,,,,,21.879,4.41,10.283,FN,3,,,,,,
35,,,,,16.629,6.38,21.0,FN,5,,,,,,
35,,,,,2.491,6.226,95.836,FN,6,,,,,,
35,,,,,66.832,7.025,68.944,FN,7,,,,,,
35,,,,,56.554,13.14,42.264,FN,9,,,,,,
35,,,,,17.032,13.277,16.651,FN,10,,,,,,
35,,,,,65.853,13.568,26.267,FN,11,,,,,,
35,,,,,29.467,18.722,37.0,FN,12,,,,,,
35,,,,,12.447,20.068,41.495,FN,13,,,,,,
35,,,,,66.581,22.962,54.272,FN,14,,,,,,
35,,,,,36.122,23.3,63.599,FN,15,,,,,,
35,,,,,58.197,23.777,24.756,FN,16,,,,,,
35,,,,,5.87,25.404,0.5,FN,17,,,,,,
35,,,,,41.652,28.945,25.48,FN,20,,,,,,
35,,,,,37.013,29.921,57.631,FN,21,,,,,,
35,,,,,53.297,31.055,14.784,FN,22,,,,,,
35,,,,,37.716,34.994,7.863,FN,23,,,,,,
35,,,,,44.836,35.899,72.116,FN,24,,,,,,
35,,,,,28.234,38.273,44.924,FN,25,,,,,,
35,,,,,58.691,38.724,72.389,FN,26,,,,,,
35,,,,,53.032,41.114,33.033,FN,28,,,,,,
35,,,,,11.438,42.303,28.773,FN,29,,,,,,
35,,,,,5.56,44.315,25.954,FN,31,,,,,,
35,,,,,56.672,46.71,0.727,FN,32,,,,,,
35,,,,,38.09,51.411,69.072,FN,33,,,,,,
35,,,,,40.67,54.246,79.276,FN,34,,,,,,
35,,,,,50.603,55.359,45.625,FN,35,,,,,,
35,,,,,39.423,56.743,81.986,FN,37,,,,,,
35,,,,,54.885,56.332,36.215,FN,38,,,,,,
35,,,,,29.208,57.303,95.258,FN,39,,,,,,
35,,,,,45.017,58.901,55.604,FN,40,,,,,,
35,,,,,53.182,59.242,70.763,FN,41,,,,,,
35,,,,,35.784,61.213,57.5,FN,43,,,,,,
35,,,,,26.896,63.118,0.5,FN,46,,,,,,
35,,,,,26.395,66.693,1.891,FN,47,,,,,,
35,,,,,45.28,67.181,77.212,FN,48,,,,,,
35,,,,,56.391,69.186,75.361,FN,49,,,,,,
44,0,236.59,33.86,31.53,32.531,4.656,15.764,FP,,,,,,,
44,1,46.78,40.02,86.82,6.432,5.503,43.41,TP,4,0.902,0.908,1.28,0.899,-0.074,-0.908
44,2,40.67,40.67,96.0,5.592,5.592,48.0,FP,,,,,,,
44,3,448.14,58.55,95.79,61.619,8.05,47.896,FP,,,,,,,
44,4,61.08,63.19,94.99,8.399,8.689,47.496,FP,,,,,,,
44,5,448.35,65.6,31.63,61.648,9.02,15.816,FP,,,,,,,
44,6,193.22,65.23,95.82,26.568,8.97,47.911,FP,,,,,,,
44,7,410.49,72.74,96.26,56.442,10.002,48.129,FP,,,,,,,
44,8,291.79,73.7,83.33,40.121,10.133,41.667,FP,,,,,,,
44,9,352.49,81.65,95.61,48.468,11.227,47.804,FP,,,,,,,
44,10,351.25,77.87,31.46,48.296,10.707,15.73,FP,,,,,,,
44,11,290.33,76.33,81.0,39.921,10.496,40.5,FP,,,,,,,
44,12,353.17,87.35,105.0,48.561,12.01,52.5,FP,,,,,,,
44,13,345.94,98.28,56.88,47.567,13.514,28.438,TP,9,0.753,0.943,1.207,-0.557,-0.507,0.943
44,14,358.47,97.4,12.53,49.289,13.393,6.267,FP,,,,,,,
44,15,134.71,118.62,68.62,18.523,16.311,34.312,FP,,,,,,,
44,16,502.67,138.5,124.33,69.117,19.044,62.167,FP,,,,,,,
44,17,169.08,144.82,98.29,23.249,19.913,49.144,FP,,,,,,,
44,18,31.19,147.94,31.43,4.288,20.342,15.716,FP,,,,,,,
44,19,28.8,142.44,52.48,3.96,19.586,26.238,FP,,,,,,,
44,20,40.86,147.28,159.46,5.618,20.251,79.732,FP,,,,,,,
44,21,171.77,145.73,132.19,23.618,20.038,66.096,FP,,,,,,,
44,22,39.76,152.31,71.68,5.466,20.942,35.84,FP,,,,,,,
44,23,41.69,148.24,132.21,5.732,20.383,66.103,FP,,,,,,,
44,24,43.06,148.88,168.41,5.921,20.47,84.203,FP,,,,,,,
44,25,35.2,157.09,111.77,4.84,21.6,55.886,FP,,,,,,,
44,26,46.45,150.74,21.87,6.387,20.727,10.935,FP,,,,,,,
44,27,14.57,155.92,151.53,2.003,21.439,75.764,FP,,,,,,,
44,28,448.33,161.45,95.89,61.645,22.199,47.944,FP,,,,,,,
44,29,317.61,190.63,31.66,43.672,26.212,15.83,FP,,,,,,,
44,30,190.85,191.18,94.8,26.243,26.288,47.4,FP,,,,,,,
44,31,319.15,192.76,95.31,43.883,26.504,47.654,FP,,,,,,,
44,32,107.98,191.74,30.15,14.848,26.364,15.076,FP,,,,,,,
44,33,208.17,202.63,37.0,28.623,27.861,18.5,TP,18,0.731,1.485,1.655,-0.731,-0.022,-1.485
44,34,103.0,193.0,24.0,14.163,26.538,12.0,FP,,,,,,,
44,35,105.05,196.88,20.23,14.444,27.071,10.115,FP,,,,,,,
44,36,206.96,205.38,16.42,28.457,28.239,8.208,FP,,,,,,,
44,37,199.45,214.93,133.16,27.424,29.553,66.58,FP,,,,,,,
44,38,430.93,222.27,112.58,59.252,30.562,56.288,FP,,,,,,,
44,39,51.42,251.05,95.72,7.07,34.52,47.86,FP,,,,,,,
44,40,58.29,263.12,55.98,8.015,36.179,27.988,FP,,,,,,,
44,41,69.13,272.11,118.1,9.505,37.415,59.05,FP,,,,,,,
44,42,77.81,278.09,79.25,10.699,38.237,39.624,FP,,,,,,,
44,43,172.79,289.25,46.01,23.758,39.772,23.003,FP,,,,,,,
44,44,174.16,290.66,95.64,23.947,39.966,47.819,TP,28,0.094,1.105,1.109,0.041,-0.085,-1.105
44,45,175.37,293.93,112.52,24.113,40.415,56.259,FP,,,,,,,
44,46,288.68,318.1,31.35,39.693,43.739,15.677,FP,,,,,,,
44,47,271.53,317.47,166.93,37.335,43.652,83.466,FP,,,,,,,
44,48,65.09,320.52,95.52,8.95,44.071,47.759,FP,,,,,,,
44,49,189.06,319.12,31.03,25.996,43.879,15.517,FP,,,,,,,
44,50,320.2,319.38,95.74,44.028,43.914,47.868,FP,,,,,,,
44,51,415.26,319.37,95.47,57.098,43.914,47.734,FP,,,,,,,
44,52,174.3,318.3,24.6,23.966,43.766,12.3,FP,,,,,,,
44,53,270.39,318.65,95.48,37.178,43.814,47.742,FP,,,,,,,
44,54,177.29,320.76,22.59,24.378,44.105,11.294,FP,,,,,,,
44,55,241.16,326.14,32.16,33.16,44.844,16.082,FP,,,,,,,
44,56,280.95,334.23,70.12,38.63,45.957,35.06,FP,,,,,,,
44,57,279.92,334.71,105.07,38.489,46.022,52.535,FP,,,,,,,
44,58,34.58,352.5,117.4,4.754,48.469,58.702,FP,,,,,,,
44,59,34.84,354.15,95.6,4.791,48.696,47.799,FP,,,,,,,
44,60,65.15,353.9,31.37,8.958,48.662,15.687,FP,,,,,,,
44,61,41.17,350.33,8.17,5.66,48.171,4.083,FP,,,,,,,
44,62,40.64,354.12,80.29,5.589,48.692,40.147,FP,,,,,,,
44,63,34.0,354.0,109.0,4.675,48.675,54.5,FP,,,,,,,
44,64,138.0,386.5,24.5,18.975,53.144,12.25,FP,,,,,,,
44,65,231.0,392.8,56.8,31.763,54.01,28.4,FP,,,,,,,
44,66,461.92,400.64,92.92,63.514,55.088,46.46,FP,,,,,,,
44,67,313.83,418.91,31.42,43.152,57.601,15.708,FP,,,,,,,
44,68,322.64,406.03,95.49,44.363,55.83,47.746,FP,,,,,,,
44,69,335.5,398.98,104.6,46.131,54.859,52.3,FP,,,,,,,
44,70,464.77,401.11,32.09,63.906,55.152,16.046,FP,,,,,,,
44,71,456.4,404.19,131.52,62.755,55.576,65.762,TP,36,0.966,0.388,1.041,-0.81,0.526,0.388
44,72,180.44,407.83,193.82,24.811,56.076,96.911,FP,,,,,,,
44,73,318.52,408.61,52.48,43.797,56.184,26.239,FP,,,,,,,
44,74,319.54,411.44,86.74,43.936,56.573,43.368,FP,,,,,,,
44,75,399.35,415.02,40.02,54.91,57.065,20.009,FP,,,,,,,
44,76,309.07,417.99,4.17,42.498,57.474,2.087,FP,,,,,,,
44,77,304.24,430.45,96.14,41.833,59.188,48.07,FP,,,,,,,
44,78,192.24,446.95,95.46,26.433,61.456,47.73,FP,,,,,,,
44,79,401.88,437.76,48.65,55.259,60.193,24.324,FP,,,,,,,
44,80,175.96,447.07,20.6,24.195,61.472,10.3,FP,,,,,,,
44,81,62.69,446.81,95.69,8.619,61.437,47.847,FP,,,,,,,
44,82,172.02,447.7,95.36,23.653,61.559,47.679,FP,,,,,,,
44,83,190.74,445.77,159.64,26.227,61.293,79.818,FP,,,,,,,
44,84,415.4,462.11,50.24,57.118,63.54,25.121,FP,,,,,,,
44,85,415.7,461.67,98.98,57.159,63.48,49.488,FP,,,,,,,
44,86,249.44,461.97,30.93,34.298,63.521,15.466,FP,,,,,,,
44,87,249.22,462.61,10.27,34.268,63.609,5.134,FP,,,,,,,
44,88,411.63,478.03,31.48,56.599,65.729,15.742,FP,,,,,,,
44,89,427.95,480.65,96.19,58.842,66.09,48.093,FP,,,,,,,
44,90,427.77,482.1,82.35,58.818,66.289,41.174,FP,,,,,,,
44,91,113.15,494.36,52.4,15.558,67.974,26.201,TP,47,1.299,1.424,1.927,-1.279,0.225,-1.424
44,92,120.67,493.49,95.66,16.592,67.855,47.832,FP,,,,,,,
44,93,337.85,491.91,31.58,46.454,67.637,15.788,FP,,,,,,,
44,94,122.11,492.59,111.96,16.79,67.731,55.978,FP,,,,,,,
44,95,342.33,490.33,13.0,47.071,67.421,6.5,FP,,,,,,,
44,96,338.36,494.36,43.67,46.524,67.974,21.835,FP,,,,,,,
44,,,,,63.644,0.234,46.827,FN,0,,,,,,
44,,,,,37.544,1.306,3.475,FN,1,,,,,,
44,,,,,32.326,5.35,42.332,FN,2,,,,,,
44,,,,,42.933,4.422,87.797,FN,3,,,,,,
44,,,,,2.572,7.838,89.077,FN,5,,,,,,
44,,,,,40.765,9.191,81.166,FN,6,,,,,,
44,,,,,56.464,10.155,71.649,FN,7,,,,,,
44,,,,,49.096,12.172,10.07,FN,8,,,,,,
44,,,,,29.967,15.516,78.143,FN,10,,,,,,
44,,,,,4.939,16.156,24.952,FN,11,,,,,,
44,,,,,18.361,16.244,46.522,FN,12,,,,,,
44,,,,,69.152,18.839,29.5,FN,13,,,,,,
44,,,,,0.18,20.257,91.512,FN,14,,,,,,
44,,,,,23.032,19.869,72.319,FN,15,,,,,,
44,,,,,5.509,20.014,1.982,FN,16,,,,,,
44,,,,,5.229,20.681,42.765,FN,17,,,,,,
44,,,,,25.878,31.852,85.871,FN,19,,,,,,
44,,,,,58.417,30.509,77.313,FN,20,,,,,,
44,,,,,58.621,31.321,69.701,FN,21,,,,,,
44,,,,,7.846,32.907,70.237,FN,22,,,,,,
44,,,,,46.847,33.236,78.736,FN,23,,,,,,
44,,,,,7.744,35.755,43.428,FN,24,,,,,,
44,,,,,34.319,35.412,96.755,FN,25,,,,,,
44,,,,,9.815,37.74,52.415,FN,26,,,,,,
44,,,,,50.748,38.777,74.0,FN,27,,,,,,
44,,,,,34.438,42.37,75.083,FN,29,,,,,,
44,,,,,33.396,45.222,39.03,FN,30,,,,,,
44,,,,,38.537,46.096,46.5,FN,31,,,,,,
44,,,,,5.325,48.194,66.282,FN,32,,,,,,
44,,,,,18.439,52.666,93.5,FN,33,,,,,,
44,,,,,31.098,53.598,56.953,FN,34,,,,,,
44,,,,,19.413,55.001,5.068,FN,35,,,,,,
44,,,,,2.586,54.713,57.607,FN,37,,,,,,
44,,,,,45.022,54.831,25.424,FN,38,,,,,,
44,,,,,49.015,56.081,0.745,FN,39,,,,,,
44,,,,,54.939,58.303,9.57,FN,40,,,,,,
44,,,,,41.806,59.2,16.007,FN,41,,,,,,
44,,,,,24.943,59.977,71.462,FN,42,,,,,,
44,,,,,23.918,62.03,5.739,FN,43,,,,,,
44,,,,,35.207,62.909,44.662,FN,44,,,,,,
44,,,,,57.457,64.755,10.94,FN,45,,,,,,
44,,,,,64.196,67.635,79.098,FN,46,,,,,,
44,,,,,46.578,68.035,48.854,FN,48,,,,,,
44,,,,,10.144,69.763,43.786,FN,49,,,,,,
48,0,103.55,16.05,46.36,14.238,2.207,23.178,FP,,,,,,,
48,1,102.52,16.9,95.92,14.096,2.324,47.961,TP,2,0.128,2.652,2.655,0.02,0.127,2.652
48,2,494.09,17.64,32.3,67.938,2.426,16.149,FP,,,,,,,
48,3,101.31,16.13,67.95,13.93,2.218,33.976,FP,,,,,,,
48,4,102.0,15.0,72.0,14.025,2.062,36.0,FP,,,,,,,
48,5,105.22,18.7,18.41,14.467,2.571,9.203,FP,,,,,,,
48,6,103.0,20.0,24.0,14.163,2.75,12.0,FP,,,,,,,
48,7,416.6,49.52,31.93,57.283,6.808,15.963,FP,,,,,,,
48,8,424.29,58.06,15.91,58.34,7.984,7.953,FP,,,,,,,
48,9,424.2,61.2,95.97,58.327,8.414,47.987,FP,,,,,,,
48,10,319.97,62.72,95.38,43.995,8.624,47.689,FP,,,,,,,
48,11,63.97,62.35,95.63,8.795,8.573,47.817,FP,,,,,,,
48,12,422.96,61.78,77.26,58.157,8.495,38.63,FP,,,,,,,
48,13,221.1,74.24,168.2,30.401,10.208,84.1,FP,,,,,,,
48,14,222.13,77.74,56.75,30.543,10.69,28.374,FP,,,,,,,
48,15,223.31,78.75,31.87,30.705,10.828,15.936,FP,,,,,,,
48,16,223.44,78.98,96.02,30.723,10.86,48.01,TP,6,0.121,3.018,3.021,-0.118,0.029,3.018
48,17,221.82,78.87,111.18,30.501,10.845,55.588,FP,,,,,,,
48,18,222.5,78.0,161.0,30.594,10.725,80.5,FP,,,,,,,
48,19,82.53,86.8,88.0,11.348,11.935,44.0,FP,,,,,,,
48,20,432.24,143.97,95.34,59.432,19.796,47.668,FP,,,,,,,
48,21,431.72,146.49,51.73,59.361,20.142,25.865,TP,11,0.306,4.111,4.123,-0.2,0.232,-4.111
48,22,433.89,146.74,31.86,59.66,20.177,15.93,FP,,,,,,,
48,23,434.27,141.58,168.5,59.712,19.467,84.25,FP,,,,,,,
48,24,430.43,142.57,40.57,59.184,19.604,20.286,FP,,,,,,,
48,25,434.31,146.31,124.62,59.718,20.118,62.312,FP,,,,,,,
48,26,436.54,149.21,66.67,60.024,20.516,33.333,FP,,,,,,,
48,27,438.67,148.5,24.33,60.317,20.419,12.167,FP,,,,,,,
48,28,287.65,160.35,32.41,39.551,22.049,16.206,FP,,,,,,,
48,29,191.0,174.0,96.0,26.263,23.925,48.0,FP,,,,,,,
48,30,193.0,176.0,96.0,26.538,24.2,48.0,FP,,,,,,,
48,31,104.21,191.07,26.84,14.329,26.272,13.421,FP,,,,,,,
48,32,220.75,190.46,95.34,30.353,26.188,47.668,FP,,,,,,,
48,33,321.09,191.47,95.52,44.149,26.327,47.762,FP,,,,,,,
48,34,102.33,191.48,95.44,14.07,26.328,47.722,FP,,,,,,,
48,35,196.74,192.39,31.39,27.052,26.453,15.695,FP,,,,,,,
48,36,192.57,190.54,96.06,26.478,26.2,48.028,FP,,,,,,,
48,37,222.74,190.69,160.6,30.627,26.22,80.302,FP,,,,,,,
48,38,221.96,190.57,112.57,30.52,26.204,56.286,FP,,,,,,,
48,39,323.23,190.54,160.85,44.444,26.199,80.423,FP,,,,,,,
48,40,106.57,194.43,132.57,14.654,26.734,66.286,FP,,,,,,,
48,41,331.6,202.8,5.8,45.595,27.885,2.9,FP,,,,,,,
48,42,343.54,208.07,49.81,47.237,28.609,24.906,FP,,,,,,,
48,43,349.84,215.46,19.9,48.103,29.626,9.949,TP,15,0.617,2.201,2.286,0.05,-0.615,-2.201
48,44,349.58,207.31,33.15,48.068,28.505,16.576,FP,,,,,,,
48,45,145.93,245.15,95.1,20.065,33.709,47.551,FP,,,,,,,
48,46,293.7,245.4,112.4,40.384,33.743,56.2,FP,,,,,,,
48,47,395.36,246.66,160.11,54.362,33.915,80.057,FP,,,,,,,
48,48,147.0,246.0,73.5,20.212,33.825,36.75,FP,,,,,,,
48,49,397.68,249.68,68.46,54.681,34.331,34.232,FP,,,,,,,
48,50,396.61,251.17,74.07,54.534,34.536,37.037,FP,,,,,,,
48,51,304.41,258.33,29.54,41.856,35.52,14.77,FP,,,,,,,
48,52,70.23,273.51,31.88,9.657,37.607,15.939,FP,,,,,,,
48,53,77.96,272.24,12.65,10.719,37.433,6.325,FP,,,,,,,
48,54,79.02,270.17,43.52,10.866,37.149,21.76,TP,20,1.042,1.82,2.098,0.809,0.658,1.82
48,55,63.97,272.88,96.07,8.796,37.521,48.035,FP,,,,,,,
48,56,79.0,272.0,36.5,10.863,37.4,18.25,FP,,,,,,,
48,57,193.14,286.05,96.0,26.556,39.331,48.0,FP,,,,,,,
48,58,301.6,285.78,121.67,41.47,39.295,60.834,FP,,,,,,,
48,59,190.55,296.64,160.36,26.2,40.787,80.182,FP,,,,,,,
48,60,203.26,306.03,34.51,27.948,42.08,17.255,FP,,,,,,,
48,61,14.22,315.8,32.42,1.955,43.422,16.209,FP,,,,,,,
48,62,192.47,319.51,95.5,26.465,43.933,47.749,FP,,,,,,,
48,63,487.1,318.95,30.33,66.976,43.856,15.163,FP,,,,,,,
48,64,482.6,318.8,95.55,66.358,43.836,47.775,FP,,,,,,,
48,65,64.17,318.22,159.79,8.823,43.755,79.895,FP,,,,,,,
48,66,349.74,316.54,31.16,48.089,43.524,15.58,FP,,,,,,,
48,67,13.64,318.48,53.67,1.875,43.791,26.836,FP,,,,,,,
48,68,15.91,319.12,112.0,2.188,43.878,56.0,FP,,,,,,,
48,69,445.76,319.21,31.34,61.292,43.891,15.672,FP,,,,,,,
48,70,459.99,319.42,95.6,63.249,43.92,47.799,FP,,,,,,,
48,71,62.33,319.59,166.15,8.571,43.944,83.074,FP,,,,,,,
48,72,268.27,333.5,60.45,36.888,45.856,30.225,FP,,,,,,,
48,73,270.03,337.61,94.1,37.13,46.422,47.051,FP,,,,,,,
48,74,270.0,343.5,85.0,37.125,47.231,42.5,FP,,,,,,,
48,75,47.98,366.14,51.17,6.597,50.345,25.585,TP,32,0.5,4.475,4.503,0.298,-0.402,-4.475
48,76,446.89,400.46,98.8,61.447,55.063,49.399,FP,,,,,,,
48,77,443.74,401.19,31.74,61.014,55.163,15.869,FP,,,,,,,
48,78,65.92,399.68,96.58,9.063,54.956,48.288,FP,,,,,,,
48,79,89.2,404.03,7.83,12.265,55.554,3.914,FP,,,,,,,
48,80,320.6,416.13,32.27,44.083,57.218,16.133,FP,,,,,,,
48,81,14.15,439.31,116.38,1.946,60.405,58.192,FP,,,,,,,
48,82,95.53,446.2,31.2,13.135,61.352,15.601,FP,,,,,,,
48,83,9.3,444.06,31.53,1.278,61.058,15.767,FP,,,,,,,
48,84,7.43,443.04,21.29,1.022,60.918,10.646,FP,,,,,,,
48,85,238.45,446.78,31.96,32.787,61.433,15.98,FP,,,,,,,
48,86,14.69,443.69,48.38,2.02,61.007,24.188,FP,,,,,,,
48,87,239.62,446.14,47.94,32.948,61.344,23.971,FP,,,,,,,
48,88,207.75,457.59,95.55,28.565,62.919,47.777,FP,,,,,,,
48,89,100.5,452.32,121.18,13.819,62.194,60.591,FP,,,,,,,
48,90,14.74,472.32,104.71,2.027,64.944,52.355,FP,,,,,,,
48,91,17.48,475.85,32.27,2.404,65.43,16.133,FP,,,,,,,
48,92,30.12,489.81,41.25,4.141,67.349,20.625,FP,,,,,,,
48,93,14.5,473.0,108.0,1.994,65.037,54.0,FP,,,,,,,
48,94,401.24,478.82,36.22,55.171,65.838,18.112,TP,47,0.461,0.394,0.606,0.121,-0.445,-0.394
48,95,400.34,480.35,95.05,55.046,66.048,47.527,FP,,,,,,,
48,96,27.57,482.75,12.32,3.791,66.378,6.161,FP,,,,,,,
48,97,26.85,486.7,4.11,3.692,66.922,2.057,FP,,,,,,,
48,98,27.0,486.0,8.5,3.713,66.825,4.25,FP,,,,,,,
48,99,191.95,504.8,35.37,26.393,69.41,17.686,FP,,,,,,,
48,100,192.1,502.7,95.29,26.414,69.121,47.644,TP,48,0.185,4.777,4.78,-0.025,0.183,-4.777
48,101,113.05,506.19,95.09,15.545,69.601,47.547,FP,,,,,,,
48,102,112.0,511.0,94.0,15.4,70.263,47.0,FP,,,,,,,
48,,,,,40.195,1.162,29.246,FN,0,,,,,,
48,,,,,57.964,1.796,9.525,FN,1,,,,,,
48,,,,,68.928,2.364,11.495,FN,3,,,,,,
48,,,,,57.537,6.939,30.097,FN,4,,,,,,
48,,,,,22.959,9.323,78.673,FN,5,,,,,,
48,,,,,43.131,11.463,96.453,FN,7,,,,,,
48,,,,,11.495,12.29,55.902,FN,8,,,,,,
48,,,,,23.699,14.965,96.735,FN,9,,,,,,
48,,,,,1.981,18.36,80.574,FN,10,,,,,,
48,,,,,29.773,25.307,67.922,FN,12,,,,,,
48,,,,,44.742,26.505,73.725,FN,13,,,,,,
48,,,,,14.589,26.545,1.5,FN,14,,,,,,
48,,,,,20.511,33.572,59.463,FN,16,,,,,,
48,,,,,54.085,34.023,24.906,FN,17,,,,,,
48,,,,,41.64,34.772,79.917,FN,18,,,,,,
48,,,,,38.038,35.164,9.437,FN,19,,,,,,
48,,,,,41.994,36.296,0.973,FN,21,,,,,,
48,,,,,69.748,38.351,59.691,FN,22,,,,,,
48,,,,,49.869,38.348,82.719,FN,23,,,,,,
48,,,,,40.808,39.913,69.522,FN,24,,,,,,
48,,,,,29.152,42.162,19.872,FN,25,,,,,,
48,,,,,63.372,44.551,75.874,FN,26,,,,,,
48,,,,,2.134,43.565,50.723,FN,27,,,,,,
48,,,,,65.89,43.808,10.374,FN,28,,,,,,
48,,,,,37.272,46.048,64.198,FN,29,,,,,,
48,,,,,35.62,45.691,99.108,FN,30,,,,,,
48,,,,,17.317,49.042,98.349,FN,31,,,,,,
48,,,,,39.901,52.337,83.141,FN,33,,,,,,
48,,,,,43.259,51.824,87.98,FN,34,,,,,,
48,,,,,16.148,52.438,75.239,FN,35,,,,,,
48,,,,,61.465,54.736,21.033,FN,36,,,,,,
48,,,,,9.081,54.759,41.946,FN,37,,,,,,
48,,,,,16.355,54.802,82.351,FN,38,,,,,,
48,,,,,1.093,58.585,17.418,FN,39,,,,,,
48,,,,,7.512,58.84,52.484,FN,40,,,,,,
48,,,,,1.718,60.097,28.056,FN,41,,,,,,
48,,,,,13.767,62.228,25.5,FN,42,,,,,,
48,,,,,33.313,61.884,36.476,FN,43,,,,,,
48,,,,,48.05,64.354,84.5,FN,44,,,,,,
48,,,,,4.336,65.41,1.955,FN,45,,,,,,
48,,,,,14.381,66.002,95.162,FN,46,,,,,,
48,,,,,15.678,69.679,27.678,FN,49,,,,,,
55,0,11.51,30.43,48.43,1.583,4.185,24.214,FP,,,,,,,
55,1,315.56,31.43,109.52,43.389,4.322,54.76,FP,,,,,,,
55,2,14.99,30.8,95.69,2.061,4.236,47.847,FP,,,,,,,
55,3,318.26,36.89,95.98,43.76,5.072,47.99,FP,,,,,,,
55,4,315.07,35.67,31.29,43.322,4.904,15.647,TP,2,0.23,4.593,4.599,0.21,0.094,-4.593
55,5,312.06,34.27,40.39,42.908,4.713,20.197,FP,,,,,,,
55,6,311.0,31.5,21.0,42.763,4.331,10.5,FP,,,,,,,
55,7,310.56,33.31,44.44,42.702,4.58,22.219,FP,,,,,,,
55,8,318.29,42.1,48.81,43.765,5.789,24.404,FP,,,,,,,
55,9,317.86,40.12,159.36,43.706,5.517,79.68,FP,,,,,,,
55,10,319.6,64.49,24.68,43.946,8.867,12.342,FP,,,,,,,
55,11,177.27,57.74,33.49,24.375,7.939,16.744,FP,,,,,,,
55,12,190.24,62.84,95.46,26.158,8.641,47.732,FP,,,,,,,
55,13,319.94,63.98,95.45,43.991,8.797,47.723,FP,,,,,,,
55,14,453.47,69.06,41.58,62.351,9.496,20.791,FP,,,,,,,
55,15,177.27,60.49,47.82,24.374,8.318,23.909,FP,,,,,,,
55,16,318.53,61.69,51.69,43.798,8.483,25.847,FP,,,,,,,
55,17,327.0,63.71,132.49,44.963,8.761,66.244,FP,,,,,,,
55,18,325.47,63.91,168.23,44.752,8.787,84.116,FP,,,,,,,
55,19,326.63,64.55,183.88,44.911,8.876,91.938,FP,,,,,,,
55,20,324.02,65.19,194.21,44.553,8.964,97.107,FP,,,,,,,
55,21,451.93,69.9,193.2,62.141,9.611,96.601,FP,,,,,,,
55,22,458.05,69.69,123.54,62.982,9.583,61.77,FP,,,,,,,
55,23,456.51,72.11,71.45,62.77,9.915,35.725,TP,6,0.112,3.745,3.747,0.006,0.112,3.745
55,24,63.7,81.7,95.33,8.759,11.233,47.666,FP,,,,,,,
55,25,332.37,74.79,19.81,45.701,10.284,9.903,FP,,,,,,,
55,26,57.19,89.02,24.47,7.863,12.24,12.234,TP,7,0.649,3.833,3.887,-0.493,-0.422,3.833
55,27,62.6,89.8,4.5,8.608,12.348,2.25,FP,,,,,,,
55,28,103.53,96.31,28.87,14.235,13.243,14.437,FP,,,,,,,
55,29,96.81,94.5,47.58,13.312,12.994,23.788,FP,,,,,,,
55,30,65.57,157.52,32.52,9.015,21.659,16.261,FP,,,,,,,
55,31,44.9,166.62,22.05,6.173,22.91,11.023,TP,11,0.757,1.023,1.273,0.751,-0.096,1.023
55,32,87.0,164.33,32.67,11.963,22.596,16.333,FP,,,,,,,
55,33,28.57,171.08,103.79,3.929,23.523,51.895,FP,,,,,,,
55,34,31.68,189.84,32.33,4.357,26.102,16.167,FP,,,,,,,
55,35,37.1,194.21,95.72,5.102,26.703,47.858,TP,13,0.359,3.571,3.589,0.017,-0.358,3.571
55,36,36.76,191.09,50.96,5.055,26.275,25.479,FP,,,,,,,
55,37,37.65,194.51,117.31,5.177,26.746,58.655,FP,,,,,,,
55,38,38.0,194.5,105.0,5.225,26.744,52.5,FP,,,,,,,
55,39,448.14,234.43,95.42,61.619,32.234,47.711,FP,,,,,,,
55,40,438.5,233.0,60.0,60.294,32.038,30.0,FP,,,,,,,
55,41,451.88,244.41,23.98,62.134,33.607,11.989,TP,19,0.919,1.243,1.546,0.341,0.853,-1.243
55,42,449.17,239.96,164.51,61.761,32.994,82.257,FP,,,,,,,
55,43,189.57,312.01,24.78,26.065,42.902,12.388,TP,23,0.618,1.395,1.526,0.026,0.617,1.395
55,44,191.91,307.08,95.8,26.388,42.224,47.902,FP,,,,,,,
55,45,194.2,302.4,160.4,26.702,41.58,80.2,FP,,,,,,,
55,46,274.23,308.62,96.0,37.707,42.435,48.0,FP,,,,,,,
55,47,273.25,317.48,40.91,37.572,43.654,20.455,FP,,,,,,,
55,48,463.31,318.54,95.58,63.704,43.8,47.791,FP,,,,,,,
55,49,450.41,318.64,31.66,61.931,43.813,15.831,FP,,,,,,,
55,50,463.9,317.07,56.09,63.786,43.597,28.044,FP,,,,,,,
55,51,63.67,319.24,31.45,8.755,43.896,15.727,FP,,,,,,,
55,52,414.84,319.58,31.26,57.041,43.943,15.628,FP,,,,,,,
55,53,415.64,319.19,93.98,57.151,43.889,46.988,FP,,,,,,,
55,54,462.6,318.6,160.2,63.608,43.808,80.1,FP,,,,,,,
55,55,464.0,320.5,160.0,63.8,44.069,80.0,FP,,,,,,,
55,56,95.24,331.78,95.56,13.096,45.62,47.78,FP,,,,,,,
55,57,96.84,332.36,32.28,13.315,45.699,16.142,FP,,,,,,,
55,58,94.42,335.04,113.03,12.982,46.068,56.513,FP,,,,,,,
55,59,97.97,335.73,59.59,13.47,46.163,29.797,FP,,,,,,,
55,60,495.77,349.07,103.17,68.169,47.998,51.583,TP,27,0.504,3.321,3.36,-0.482,0.147,3.321
55,61,178.82,354.5,104.8,24.588,48.744,52.402,TP,28,0.091,2.429,2.431,0.029,0.087,2.429
55,62,177.05,353.31,48.19,24.344,48.58,24.094,FP,,,,,,,
55,63,336.04,369.45,95.51,46.206,50.799,47.753,FP,,,,,,,
55,64,334.96,368.98,43.23,46.057,50.734,21.613,FP,,,,,,,
55,65,225.56,392.96,96.27,31.014,54.031,48.133,FP,,,,,,,
55,66,222.5,394.5,124.0,30.594,54.244,62.0,FP,,,,,,,
55,67,270.5,397.2,32.4,37.194,54.615,16.2,FP,,,,,,,
55,68,425.71,407.6,88.83,58.536,56.045,44.413,FP,,,,,,,
55,69,421.49,411.9,108.86,57.955,56.636,54.431,FP,,,,,,,
55,70,418.56,410.67,112.44,57.551,56.467,56.222,FP,,,,,,,
55,71,402.23,420.47,22.6,55.307,57.814,11.302,FP,,,,,,,
55,72,399.0,414.71,48.0,54.863,57.023,24.0,FP,,,,,,,
55,73,319.78,432.07,95.53,43.97,59.41,47.766,TP,35,0.643,3.64,3.696,0.568,0.302,-3.64
55,74,319.4,432.41,164.29,43.918,59.457,82.146,FP,,,,,,,
55,75,318.67,430.5,32.67,43.817,59.194,16.333,FP,,,,,,,
55,76,16.48,444.81,32.28,2.266,61.161,16.139,FP,,,,,,,
55,77,19.86,445.54,51.0,2.731,61.261,25.498,FP,,,,,,,
55,78,17.81,446.34,95.92,2.449,61.371,47.962,TP,38,0.546,4.529,4.562,-0.521,0.162,-4.529
55,79,192.5,448.31,95.11,26.469,61.643,47.557,FP,,,,,,,
55,80,326.5,440.5,131.0,44.894,60.569,65.5,FP,,,,,,,
55,81,144.56,448.69,31.39,19.877,61.695,15.697,FP,,,,,,,
55,82,21.22,445.73,72.21,2.918,61.287,36.107,FP,,,,,,,
55,83,207.0,446.56,41.12,28.463,61.402,20.562,FP,,,,,,,
55,84,109.66,451.04,95.4,15.078,62.018,47.698,FP,,,,,,,
55,85,206.5,446.8,44.4,28.394,61.435,22.2,FP,,,,,,,
55,86,210.58,458.68,173.61,28.955,63.069,86.803,FP,,,,,,,
55,87,146.88,470.54,36.0,20.196,64.699,17.999,FP,,,,,,,
55,88,130.67,464.83,96.83,17.967,63.915,48.417,FP,,,,,,,
55,89,111.16,477.15,31.72,15.284,65.608,15.861,FP,,,,,,,
55,90,142.54,469.85,44.46,19.599,64.604,22.231,FP,,,,,,,
55,91,224.7,478.73,54.24,30.896,65.825,27.118,FP,,,,,,,
55,92,226.47,480.57,117.65,31.139,66.078,58.825,FP,,,,,,,
55,93,434.33,480.0,194.33,59.721,66.0,97.167,FP,,,,,,,
55,94,28.01,490.3,98.77,3.851,67.416,49.387,FP,,,,,,,
55,95,30.89,488.14,56.43,4.248,67.12,28.214,FP,,,,,,,
55,96,26.22,490.3,76.63,3.605,67.416,38.313,FP,,,,,,,
55,97,21.71,490.23,55.55,2.986,67.406,27.773,FP,,,,,,,
55,98,237.6,493.8,36.6,32.67,67.897,18.3,FP,,,,,,,
55,99,223.0,494.0,160.0,30.663,67.925,80.0,FP,,,,,,,
55,100,237.85,505.17,14.57,32.705,69.461,7.286,FP,,,,,,,
55,101,449.33,506.53,32.07,61.783,69.648,16.033,FP,,,,,,,
55,102,435.71,508.0,95.88,59.91,69.85,47.941,FP,,,,,,,
55,,,,,17.185,3.361,68.112,FN,0,,,,,,
55,,,,,1.509,4.065,55.481,FN,1,,,,,,
55,,,,,58.883,4.958,68.418,FN,3,,,,,,
55,,,,,25.302,7.025,56.915,FN,4,,,,,,
55,,,,,44.747,8.92,2.831,FN,5,,,,,,
55,,,,,14.228,13.736,19.17,FN,8,,,,,,
55,,,,,58.222,14.974,77.451,FN,9,,,,,,
55,,,,,11.42,21.942,24.322,FN,10,,,,,,
55,,,,,69.606,24.88,72.5,FN,12,,,,,,
55,,,,,44.063,30.514,85.5,FN,14,,,,,,
55,,,,,69.325,29.649,98.679,FN,15,,,,,,
55,,,,,28.997,30.925,75.624,FN,16,,,,,,
55,,,,,58.943,32.249,75.984,FN,17,,,,,,
55,,,,,5.867,33.103,67.489,FN,18,,,,,,
55,,,,,57.036,32.597,79.24,FN,20,,,,,,
55,,,,,69.014,36.734,62.5,FN,21,,,,,,
55,,,,,13.091,39.207,82.955,FN,22,,,,,,
55,,,,,37.679,42.968,33.493,FN,24,,,,,,
55,,,,,64.074,43.72,39.026,FN,25,,,,,,
55,,,,,13.646,45.862,65.976,FN,26,,,,,,
55,,,,,46.356,50.447,60.134,FN,29,,,,,,
55,,,,,11.491,54.502,88.5,FN,30,,,,,,
55,,,,,30.925,53.695,36.454,FN,31,,,,,,
55,,,,,37.078,54.778,40.254,FN,32,,,,,,
55,,,,,59.027,56.408,75.026,FN,33,,,,,,
55,,,,,54.705,58.033,1.916,FN,34,,,,,,
55,,,,,19.008,58.863,52.667,FN,36,,,,,,
55,,,,,44.536,59.972,56.538,FN,37,,,,,,
55,,,,,28.665,62.602,1.223,FN,39,,,,,,
55,,,,,21.756,64.633,38.914,FN,40,,,,,,
55,,,,,17.211,65.045,2.339,FN,41,,,,,,
55,,,,,63.889,66.683,76.723,FN,42,,,,,,
55,,,,,31.718,66.273,41.239,FN,43,,,,,,
55,,,,,3.801,67.134,60.445,FN,44,,,,,,
55,,,,,0.387,67.652,87.769,FN,45,,,,,,
55,,,,,3.511,68.268,64.246,FN,46,,,,,,
55,,,,,25.8,68.1,98.114,FN,47,,,,,,
55,,,,,32.223,69.13,25.916,FN,48,,,,,,
55,,,,,58.463,69.258,15.639,FN,49,,,,,,
58,0,425.52,16.95,19.51,58.508,2.33,9.754,FP,,,,,,,
58,1,320.9,69.9,95.9,44.124,9.612,47.95,FP,,,,,,,
58,2,438.94,82.01,25.24,60.354,11.276,12.619,TP,6,0.211,4.731,4.736,0.131,-0.166,-4.731
58,3,302.25,78.5,40.75,41.559,10.794,20.375,FP,,,,,,,
58,4,447.11,88.55,95.81,61.478,12.176,47.904,FP,,,,,,,
58,5,31.73,95.11,97.74,4.363,13.077,48.869,TP,8,0.425,4.175,4.197,0.273,-0.326,4.175
58,6,54.05,95.13,110.46,7.432,13.081,55.229,FP,,,,,,,
58,7,50.65,97.21,31.88,6.964,13.366,15.941,FP,,,,,,,
58,8,371.12,142.12,169.03,51.028,19.541,84.517,FP,,,,,,,
58,9,191.92,159.61,40.23,26.389,21.946,20.113,FP,,,,,,,
58,10,191.21,162.27,96.55,26.292,22.312,48.273,TP,12,0.13,3.56,3.563,0.085,-0.098,3.56
58,11,190.35,164.56,114.39,26.173,22.626,57.193,FP,,,,,,,
58,12,193.0,172.5,166.6,26.538,23.719,83.3,FP,,,,,,,
58,13,139.89,189.24,96.05,19.235,26.021,48.024,TP,14,0.492,1.215,1.311,-0.04,0.49,-1.215
58,14,124.3,188.58,176.75,17.092,25.93,88.377,FP,,,,,,,
58,15,136.76,189.92,54.76,18.804,26.114,27.378,FP,,,,,,,
58,16,141.2,189.84,159.63,19.415,26.103,79.816,FP,,,,,,,
58,17,448.06,193.48,31.37,61.608,26.603,15.687,FP,,,,,,,
58,18,138.0,189.0,41.0,18.975,25.988,20.5,FP,,,,,,,
58,19,139.0,189.0,44.0,19.113,25.988,22.0,FP,,,,,,,
58,20,483.97,194.07,96.37,66.545,26.684,48.183,FP,,,,,,,
58,21,469.93,210.5,120.47,64.615,28.943,60.237,FP,,,,,,,
58,22,323.84,223.42,144.92,44.528,30.72,72.459,FP,,,,,,,
58,23,108.94,239.16,95.96,14.979,32.884,47.982,TP,19,0.334,1.58,1.615,0.326,0.072,-1.58
58,24,335.51,239.95,31.74,46.133,32.993,15.871,FP,,,,,,,
58,25,191.74,251.02,31.3,26.365,34.515,15.65,FP,,,,,,,
58,26,339.54,267.49,32.2,46.687,36.779,16.101,FP,,,,,,,
58,27,321.02,320.33,31.52,44.141,44.046,15.76,FP,,,,,,,
58,28,64.71,319.6,96.09,8.897,43.944,48.044,FP,,,,,,,
58,29,447.57,319.54,31.48,61.541,43.937,15.738,FP,,,,,,,
58,30,267.08,319.42,30.62,36.723,43.921,15.308,FP,,,,,,,
58,31,163.38,334.38,192.44,22.464,45.977,96.219,FP,,,,,,,
58,32,157.74,344.09,92.55,21.689,47.312,46.274,FP,,,,,,,
58,33,423.61,347.07,24.38,58.246,47.722,12.189,TP,25,0.469,2.886,2.924,0.456,-0.112,-2.886
58,34,158.5,342.0,4.5,21.794,47.025,2.25,FP,,,,,,,
58,35,159.0,343.0,132.0,21.863,47.163,66.0,TP,23,0.293,1.693,1.718,0.146,-0.254,-1.693
58,36,162.25,345.0,131.0,22.309,47.438,65.5,FP,,,,,,,
58,37,239.07,350.56,18.31,32.872,48.202,9.155,FP,,,,,,,
58,38,239.32,349.9,96.37,32.907,48.112,48.185,FP,,,,,,,
58,39,240.61,350.19,110.93,33.084,48.151,55.463,FP,,,,,,,
58,40,273.3,353.13,99.05,37.579,48.556,49.525,TP,26,0.394,2.616,2.645,0.054,-0.39,2.616
58,41,154.41,389.26,120.09,21.232,53.523,60.044,FP,,,,,,,
58,42,363.91,397.24,112.09,50.038,54.621,56.044,FP,,,,,,,
58,43,287.91,403.11,32.81,39.587,55.427,16.406,FP,,,,,,,
58,44,291.01,403.09,96.75,40.014,55.424,48.377,TP,28,0.172,4.336,4.339,0.165,0.048,-4.336
58,45,290.4,405.6,60.2,39.93,55.77,30.1,FP,,,,,,,
58,46,193.52,414.91,31.6,26.61,57.051,15.798,FP,,,,,,,
58,47,450.26,417.15,95.36,61.91,57.358,47.681,FP,,,,,,,
58,48,193.37,421.8,95.66,26.588,57.998,47.831,FP,,,,,,,
58,49,410.52,421.35,103.46,56.446,57.935,51.73,FP,,,,,,,
58,50,408.39,423.41,71.59,56.153,58.219,35.793,FP,,,,,,,
58,51,469.75,431.39,132.53,64.591,59.316,66.263,FP,,,,,,,
58,52,464.15,430.89,159.18,63.82,59.247,79.59,TP,30,1.225,1.681,2.08,-0.456,1.137,1.681
58,53,468.69,430.85,139.58,64.445,59.242,69.789,TP,33,0.69,3.691,3.755,0.26,0.639,-3.691
58,54,414.56,429.89,168.83,57.001,59.11,84.417,FP,,,,,,,
58,55,351.18,441.22,58.42,48.288,60.668,29.211,FP,,,,,,,
58,56,93.53,445.99,96.44,12.86,61.323,48.222,TP,37,1.038,3.151,3.318,-0.522,-0.898,-3.151
58,57,63.41,449.31,95.46,8.719,61.781,47.731,TP,39,0.403,4.728,4.745,0.234,-0.328,4.728
58,58,63.83,451.45,31.75,8.776,62.075,15.877,FP,,,,,,,
58,59,479.31,445.7,96.28,65.906,61.284,48.139,FP,,,,,,,
58,60,47.7,447.04,160.48,6.559,61.468,80.241,FP,,,,,,,
58,61,95.96,449.36,40.48,13.194,61.787,20.24,FP,,,,,,,
58,62,91.87,456.49,32.28,12.633,62.767,16.142,FP,,,,,,,
58,63,47.0,452.0,161.0,6.463,62.15,80.5,FP,,,,,,,
58,64,99.51,467.26,120.2,13.683,64.248,60.101,FP,,,,,,,
58,65,313.1,475.18,136.75,43.051,65.337,68.377,FP,,,,,,,
58,66,190.99,478.12,31.7,26.26,65.742,15.852,FP,,,,,,,
58,67,193.24,477.93,94.46,26.57,65.715,47.228,FP,,,,,,,
58,68,318.46,478.88,95.76,43.788,65.846,47.882,FP,,,,,,,
58,69,16.58,475.25,96.67,2.28,65.347,48.333,FP,,,,,,,
58,70,7.12,478.06,117.81,0.979,65.733,58.903,FP,,,,,,,
58,71,192.13,479.41,115.38,26.418,65.918,57.692,FP,,,,,,,
58,72,193.36,478.86,51.24,26.588,65.843,25.622,FP,,,,,,,
58,73,414.67,478.5,32.33,57.017,65.794,16.167,FP,,,,,,,
58,74,315.0,480.0,152.0,43.312,66.0,76.0,FP,,,,,,,
58,75,318.5,480.0,124.0,43.794,66.0,62.0,FP,,,,,,,
58,76,433.48,489.58,15.0,59.603,67.318,7.5,TP,45,1.158,1.918,2.241,0.477,1.055,1.918
58,,,,,42.246,1.187,60.648,FN,0,,,,,,
58,,,,,61.486,1.569,79.056,FN,1,,,,,,
58,,,,,34.759,2.809,94.379,FN,2,,,,,,
58,,,,,57.954,3.109,38.876,FN,3,,,,,,
58,,,,,1.505,5.103,60.982,FN,4,,,,,,
58,,,,,41.148,10.538,83.19,FN,5,,,,,,
58,,,,,7.485,14.11,35.818,FN,7,,,,,,
58,,,,,52.009,18.676,29.162,FN,9,,,,,,
58,,,,,53.863,19.915,83.5,FN,10,,,,,,
58,,,,,51.728,20.474,58.236,FN,11,,,,,,
58,,,,,18.75,26.08,45.517,FN,13,,,,,,
58,,,,,66.672,27.428,60.472,FN,15,,,,,,
58,,,,,64.387,29.32,27.5,FN,16,,,,,,
58,,,,,39.383,30.585,80.887,FN,17,,,,,,
58,,,,,20.586,32.244,27.5,FN,18,,,,,,
58,,,,,46.673,34.865,3.504,FN,20,,,,,,
58,,,,,53.627,35.487,86.073,FN,21,,,,,,
58,,,,,17.928,38.066,4.016,FN,22,,,,,,
58,,,,,33.049,48.14,28.277,FN,24,,,,,,
58,,,,,21.298,53.564,9.704,FN,27,,,,,,
58,,,,,49.758,54.247,48.567,FN,29,,,,,,
58,,,,,12.574,58.195,75.118,FN,31,,,,,,
58,,,,,56.141,57.984,43.25,FN,32,,,,,,
58,,,,,52.707,58.892,95.02,FN,34,,,,,,
58,,,,,49.503,60.499,33.851,FN,35,,,,,,
58,,,,,1.281,60.577,1.648,FN,36,,,,,,
58,,,,,66.652,61.705,69.739,FN,38,,,,,,
58,,,,,13.908,64.29,41.677,FN,40,,,,,,
58,,,,,26.6,65.511,52.494,FN,41,,,,,,
58,,,,,56.984,66.243,71.0,FN,42,,,,,,
58,,,,,63.951,64.736,89.982,FN,43,,,,,,
58,,,,,69.792,65.409,46.838,FN,44,,,,,,
58,,,,,68.828,66.511,23.49,FN,46,,,,,,
58,,,,,42.739,66.603,80.038,FN,47,,,,,,
58,,,,,46.714,67.257,93.122,FN,48,,,,,,
58,,,,,68.797,69.557,20.243,FN,49,,,,,,
66,0,208.76,3.95,118.31,28.704,0.544,59.156,FP,,,,,,,
66,1,206.59,7.31,32.41,28.406,1.005,16.206,FP,,,,,,,
66,2,208.5,6.5,58.5,28.669,0.894,29.25,TP,0,0.373,1.475,1.522,0.05,0.369,-1.475
66,3,206.55,8.91,56.55,28.4,1.225,28.273,FP,,,,,,,
66,4,207.0,8.5,60.0,28.463,1.169,30.0,FP,,,,,,,
66,5,279.37,16.61,23.83,38.414,2.284,11.915,FP,,,,,,,
66,6,207.51,15.47,160.98,28.533,2.127,80.491,FP,,,,,,,
66,7,206.29,14.71,168.29,28.364,2.023,84.143,FP,,,,,,,
66,8,249.45,15.18,196.27,34.3,2.088,98.136,FP,,,,,,,
66,9,270.75,14.75,8.75,37.228,2.028,4.375,FP,,,,,,,
66,10,207.24,16.53,167.47,28.495,2.273,83.735,FP,,,,,,,
66,11,95.0,30.0,112.0,13.062,4.125,56.0,FP,,,,,,,
66,12,351.98,44.35,31.49,48.397,6.099,15.745,FP,,,,,,,
66,13,350.36,43.32,19.27,48.174,5.957,9.634,FP,,,,,,,
66,14,476.26,43.82,55.39,65.486,6.025,27.696,FP,,,,,,,
66,15,479.16,43.09,32.38,65.884,5.925,16.188,FP,,,,,,,
66,16,352.64,44.84,60.51,48.488,6.165,30.253,FP,,,,,,,
66,17,352.01,52.15,3.95,48.401,7.17,1.973,FP,,,,,,,
66,18,446.83,63.2,95.3,61.439,8.69,47.651,FP,,,,,,,
66,19,140.43,63.32,31.31,19.309,8.707,15.654,FP,,,,,,,
66,20,347.11,64.96,96.26,47.727,8.932,48.131,FP,,,,,,,
66,21,65.24,72.05,96.39,8.97,9.907,48.196,FP,,,,,,,
66,22,62.97,75.92,36.53,8.659,10.439,18.267,FP,,,,,,,
66,23,65.19,74.75,67.68,8.964,10.279,33.842,TP,8,0.364,0.383,0.529,0.056,0.359,0.383
66,24,319.35,91.07,95.43,43.911,12.522,47.713,FP,,,,,,,
66,25,64.54,75.22,57.97,8.874,10.342,28.986,FP,,,,,,,
66,26,63.06,78.41,18.97,8.671,10.781,9.484,FP,,,,,,,
66,27,308.8,79.64,40.47,42.46,10.951,20.233,FP,,,,,,,
66,28,154.83,81.94,86.27,21.29,11.266,43.135,FP,,,,,,,
66,29,307.0,81.0,37.0,42.213,11.137,18.5,FP,,,,,,,
66,30,317.28,92.44,54.57,43.625,12.711,27.286,FP,,,,,,,
66,31,318.94,93.8,21.49,43.854,12.897,10.745,TP,9,0.522,3.633,3.671,0.491,0.179,-3.633
66,32,311.0,85.0,36.0,42.763,11.688,18.0,FP,,,,,,,
66,33,310.67,88.33,36.0,42.717,12.146,18.0,FP,,,,,,,
66,34,238.67,94.0,30.33,32.817,12.925,15.167,FP,,,,,,,
66,35,116.36,108.99,34.89,15.999,14.987,17.446,FP,,,,,,,
66,36,433.54,145.16,32.03,59.612,19.959,16.016,FP,,,,,,,
66,37,448.67,147.91,32.48,61.692,20.337,16.242,FP,,,,,,,
66,38,143.15,177.53,95.07,19.684,24.411,47.536,FP,,,,,,,
66,39,142.33,175.6,54.54,19.571,24.146,27.271,FP,,,,,,,
66,40,411.35,172.3,192.22,56.56,23.692,96.109,FP,,,,,,,
66,41,140.73,174.5,32.55,19.35,23.994,16.273,FP,,,,,,,
66,42,142.54,188.7,32.04,19.599,25.947,16.02,TP,19,0.809,1.52,1.722,-0.745,0.318,1.52
66,43,374.76,186.28,107.36,51.53,25.614,53.681,FP,,,,,,,
66,44,321.43,191.09,95.6,44.196,26.275,47.802,FP,,,,,,,
66,45,374.15,185.65,56.6,51.446,25.527,28.3,FP,,,,,,,
66,46,373.22,191.23,45.25,51.318,26.294,22.623,FP,,,,,,,
66,47,206.18,189.95,160.39,28.35,26.118,80.194,FP,,,,,,,
66,48,63.76,191.85,95.45,8.767,26.379,47.727,FP,,,,,,,
66,49,285.23,191.87,31.68,39.218,26.382,15.839,FP,,,,,,,
66,50,318.4,191.52,31.43,43.78,26.334,15.716,FP,,,,,,,
66,51,58.32,192.8,31.44,8.019,26.51,15.719,FP,,,,,,,
66,52,285.38,192.87,95.68,39.24,26.519,47.841,FP,,,,,,,
66,53,26.51,206.33,100.03,3.646,28.371,50.016,FP,,,,,,,
66,54,363.56,195.15,32.56,49.99,26.833,16.281,FP,,,,,,,
66,55,57.06,195.23,20.62,7.846,26.845,10.312,FP,,,,,,,
66,56,361.15,199.64,39.79,49.658,27.45,19.894,FP,,,,,,,
66,57,19.66,206.21,43.75,2.703,28.354,21.874,TP,21,0.744,4.062,4.13,-0.722,-0.176,-4.062
66,58,452.88,209.01,4.1,62.271,28.739,2.051,FP,,,,,,,
66,59,23.8,205.55,124.0,3.273,28.263,62.0,FP,,,,,,,
66,60,10.86,209.28,18.62,1.493,28.776,9.31,FP,,,,,,,
66,61,20.0,206.0,124.0,2.75,28.325,62.0,FP,,,,,,,
66,62,78.43,209.71,58.31,10.784,28.835,29.156,FP,,,,,,,
66,63,167.0,208.5,188.0,22.962,28.669,94.0,FP,,,,,,,
66,64,167.17,210.42,148.67,22.985,28.932,74.333,FP,,,,,,,
66,65,167.97,211.47,155.76,23.096,29.077,77.878,FP,,,,,,,
66,66,448.15,217.68,31.02,61.62,29.931,15.512,FP,,,,,,,
66,67,192.9,237.82,42.14,26.524,32.7,21.068,FP,,,,,,,
66,68,194.95,238.33,58.63,26.805,32.771,29.316,FP,,,,,,,
66,69,193.0,241.0,96.0,26.538,33.138,48.0,TP,24,0.305,4.244,4.255,-0.302,0.042,4.244
66,70,193.0,241.0,112.0,26.538,33.138,56.0,FP,,,,,,,
66,71,334.94,267.37,53.71,46.054,36.763,26.857,FP,,,,,,,
66,72,333.96,271.07,95.56,45.92,37.272,47.781,TP,25,0.213,3.219,3.226,-0.053,0.206,-3.219
66,73,326.17,270.67,168.44,44.848,37.217,84.222,FP,,,,,,,
66,74,395.11,277.12,67.97,54.328,38.104,33.983,TP,27,0.6,0.211,0.636,-0.308,0.516,0.211
66,75,393.53,279.09,120.65,54.11,38.375,60.327,FP,,,,,,,
66,76,494.27,283.24,31.55,67.962,38.945,15.774,FP,,,,,,,
66,77,46.6,287.49,95.19,6.408,39.53,47.593,FP,,,,,,,
66,78,44.44,291.07,28.53,6.11,40.021,14.263,FP,,,,,,,
66,79,495.1,288.5,95.9,68.076,39.669,47.952,FP,,,,,,,
66,80,500.15,285.65,110.18,68.77,39.278,55.091,FP,,,,,,,
66,81,93.07,286.33,166.73,12.797,39.371,83.367,FP,,,,,,,
66,82,93.75,288.36,112.41,12.891,39.649,56.205,FP,,,,,,,
66,83,14.0,288.0,96.0,1.925,39.6,48.0,FP,,,,,,,
66,84,44.26,296.65,54.65,6.085,40.789,27.323,FP,,,,,,,
66,85,29.37,301.1,118.6,4.038,41.401,59.3,FP,,,,,,,
66,86,190.6,314.56,95.64,26.208,43.253,47.822,FP,,,,,,,
66,87,176.6,319.08,40.51,24.282,43.873,20.257,FP,,,,,,,
66,88,191.03,317.46,118.22,26.266,43.651,59.109,FP,,,,,,,
66,89,65.26,319.28,95.36,8.974,43.901,47.68,FP,,,,,,,
66,90,408.4,319.03,94.68,56.155,43.866,47.34,FP,,,,,,,
66,91,81.0,316.0,176.5,11.137,43.45,88.25,FP,,,,,,,
66,92,174.67,318.5,4.67,24.017,43.794,2.333,FP,,,,,,,
66,93,178.0,319.0,3.0,24.475,43.862,1.5,FP,,,,,,,
66,94,415.15,327.45,36.23,57.083,45.024,18.116,FP,,,,,,,
66,95,319.44,350.47,31.49,43.923,48.19,15.745,FP,,,,,,,
66,96,222.13,375.4,59.9,30.543,51.618,29.951,TP,38,0.328,3.813,3.827,0.021,-0.327,-3.813
66,97,416.35,404.57,31.99,57.248,55.628,15.996,FP,,,,,,,
66,98,417.7,404.51,96.44,57.433,55.62,48.221,FP,,,,,,,
66,99,414.8,406.0,52.2,57.035,55.825,26.1,FP,,,,,,,
66,100,90.71,409.36,36.5,12.473,56.287,18.25,FP,,,,,,,
66,101,64.86,419.64,32.01,8.918,57.7,16.007,FP,,,,,,,
66,102,477.43,447.17,95.57,65.646,61.486,47.784,FP,,,,,,,
66,103,479.52,449.52,31.04,65.934,61.809,15.521,FP,,,,,,,
66,104,47.01,446.98,95.61,6.464,61.459,47.807,FP,,,,,,,
66,105,46.88,447.0,31.77,6.446,61.462,15.887,FP,,,,,,,
66,106,46.5,446.67,160.33,6.394,61.417,80.167,FP,,,,,,,
66,107,154.97,458.62,113.82,21.308,63.061,56.912,FP,,,,,,,
66,108,485.49,452.37,193.55,66.754,62.202,96.777,FP,,,,,,,
66,109,161.41,456.82,96.19,22.194,62.813,48.096,FP,,,,,,,
66,110,488.63,453.7,185.37,67.186,62.384,92.686,FP,,,,,,,
66,111,153.18,462.33,30.98,21.063,63.57,15.492,FP,,,,,,,
66,112,288.03,492.92,44.21,39.604,67.776,22.107,FP,,,,,,,
66,113,64.89,492.48,31.56,8.922,67.716,15.778,FP,,,,,,,
66,114,286.76,492.97,13.71,39.43,67.783,6.853,FP,,,,,,,
66,115,286.3,495.53,96.2,39.367,68.135,48.099,FP,,,,,,,
66,,,,,56.146,1.052,12.423,FN,1,,,,,,
66,,,,,37.814,1.387,8.731,FN,2,,,,,,
66,,,,,4.547,1.773,48.479,FN,3,,,,,,
66,,,,,12.957,4.101,73.858,FN,4,,,,,,
66,,,,,65.764,5.224,37.753,FN,5,,,,,,
66,,,,,49.945,5.912,4.522,FN,6,,,,,,
66,,,,,47.442,8.307,62.588,FN,7,,,,,,
66,,,,,61.403,13.103,93.0,FN,10,,,,,,
66,,,,,17.633,15.106,2.252,FN,11,,,,,,
66,,,,,31.998,17.213,48.395,FN,12,,,,,,
66,,,,,47.392,17.396,64.328,FN,13,,,,,,
66,,,,,69.798,18.01,36.523,FN,14,,,,,,
66,,,,,52.8,20.494,9.362,FN,15,,,,,,
66,,,,,60.253,20.386,20.753,FN,16,,,,,,
66,,,,,33.552,22.821,91.233,FN,17,,,,,,
66,,,,,18.808,24.234,21.0,FN,18,,,,,,
66,,,,,51.493,25.729,48.487,FN,20,,,,,,
66,,,,,10.805,29.27,77.111,FN,22,,,,,,
66,,,,,9.296,31.749,95.5,FN,23,,,,,,
66,,,,,52.956,38.082,22.315,FN,26,,,,,,
66,,,,,69.174,39.066,2.5,FN,28,,,,,,
66,,,,,6.023,39.809,19.524,FN,29,,,,,,
66,,,,,13.214,40.033,49.609,FN,30,,,,,,
66,,,,,68.634,40.47,76.421,FN,31,,,,,,
66,,,,,25.653,42.247,28.35,FN,32,,,,,,
66,,,,,55.849,43.673,38.899,FN,33,,,,,,
66,,,,,16.203,43.638,71.058,FN,34,,,,,,
66,,,,,31.457,45.597,95.989,FN,35,,,,,,
66,,,,,24.896,45.653,27.25,FN,36,,,,,,
66,,,,,14.612,48.096,76.201,FN,37,,,,,,
66,,,,,18.033,53.814,65.323,FN,39,,,,,,
66,,,,,12.535,55.718,6.343,FN,40,,,,,,
66,,,,,57.48,55.846,39.987,FN,41,,,,,,
66,,,,,69.828,57.932,11.005,FN,42,,,,,,
66,,,,,58.539,60.091,94.37,FN,43,,,,,,
66,,,,,66.11,61.279,6.0,FN,44,,,,,,
66,,,,,6.431,61.113,55.309,FN,45,,,,,,
66,,,,,65.283,62.151,7.136,FN,46,,,,,,
66,,,,,21.232,63.696,8.794,FN,47,,,,,,
66,,,,,59.811,66.251,28.06,FN,48,,,,,,
66,,,,,40.693,67.146,25.961,FN,49,,,,,,
69,0,312.71,52.44,31.86,42.998,7.21,15.932,FP,,,,,,,
69,1,319.12,27.65,165.97,43.878,3.802,82.984,FP,,,,,,,
69,2,318.62,21.75,160.62,43.811,2.991,80.312,FP,,,,,,,
69,3,320.4,32.2,97.0,44.055,4.428,48.5,FP,,,,,,,
69,4,210.63,56.82,96.98,28.962,7.812,48.489,FP,,,,,,,
69,5,212.0,55.0,76.0,29.15,7.562,38.0,FP,,,,,,,
69,6,207.36,61.22,159.77,28.512,8.418,79.885,FP,,,,,,,
69,7,318.85,64.11,95.23,43.843,8.815,47.616,FP,,,,,,,
69,8,206.44,61.22,116.33,28.386,8.418,58.167,FP,,,,,,,
69,9,310.43,62.14,52.43,42.684,8.545,26.214,FP,,,,,,,
69,10,306.33,62.67,18.58,42.121,8.617,9.292,TP,4,0.139,4.248,4.25,0.135,0.031,4.248
69,11,320.21,101.51,95.56,44.029,13.958,47.779,FP,,,,,,,
69,12,319.01,108.54,15.02,43.864,14.925,7.512,FP,,,,,,,
69,13,319.29,114.34,160.58,43.903,15.721,80.288,FP,,,,,,,
69,14,271.89,172.25,56.01,37.385,23.685,28.007,FP,,,,,,,
69,15,270.43,175.58,91.53,37.184,24.142,45.767,FP,,,,,,,
69,16,271.0,174.0,53.0,37.263,23.925,26.5,FP,,,,,,,
69,17,116.65,185.23,41.28,16.039,25.469,20.638,FP,,,,,,,
69,18,116.21,185.88,59.26,15.979,25.559,29.63,TP,11,0.943,2.36,2.541,-0.926,-0.174,2.36
69,19,272.73,188.78,39.38,37.5,25.957,19.691,FP,,,,,,,
69,20,447.44,191.26,95.63,61.522,26.299,47.815,FP,,,,,,,
69,21,289.58,185.38,60.31,39.817,25.49,30.154,FP,,,,,,,
69,22,121.83,189.38,95.38,16.751,26.04,47.688,FP,,,,,,,
69,23,132.5,191.86,95.18,18.219,26.381,47.589,FP,,,,,,,
69,24,443.88,192.05,54.87,61.033,26.407,27.436,FP,,,,,,,
69,25,159.33,189.85,31.46,21.908,26.104,15.729,FP,,,,,,,
69,26,32.25,199.78,31.67,4.434,27.469,15.837,FP,,,,,,,
69,27,446.06,195.13,31.97,61.333,26.83,15.985,FP,,,,,,,
69,28,63.85,200.39,159.63,8.78,27.554,79.813,FP,,,,,,,
69,29,178.27,218.76,33.98,24.513,30.08,16.99,FP,,,,,,,
69,30,281.95,216.08,132.99,38.767,29.711,66.493,FP,,,,,,,
69,31,174.78,217.65,115.91,24.033,29.927,57.957,FP,,,,,,,
69,32,176.51,220.3,97.16,24.27,30.291,48.579,FP,,,,,,,
69,33,182.4,218.6,44.2,25.08,30.058,22.1,FP,,,,,,,
69,34,266.73,250.9,20.47,36.675,34.499,10.237,FP,,,,,,,
69,35,267.0,252.0,29.0,36.713,34.65,14.5,FP,,,,,,,
69,36,268.33,252.33,30.0,36.896,34.696,15.0,FP,,,,,,,
69,37,317.27,267.79,32.08,43.624,36.821,16.04,FP,,,,,,,
69,38,342.5,274.0,4.0,47.094,37.675,2.0,FP,,,,,,,
69,39,144.8,289.77,31.67,19.91,39.843,15.834,FP,,,,,,,
69,40,266.5,288.5,160.0,36.644,39.669,80.0,FP,,,,,,,
69,41,209.27,302.47,112.24,28.775,41.589,56.119,FP,,,,,,,
69,42,209.39,302.22,80.17,28.791,41.555,40.087,TP,23,0.084,4.214,4.215,-0.079,0.03,4.214
69,43,81.89,312.97,108.47,11.26,43.033,54.236,FP,,,,,,,
69,44,84.9,313.13,51.85,11.674,43.056,25.924,FP,,,,,,,
69,45,459.63,319.07,95.57,63.199,43.872,47.786,FP,,,,,,,
69,46,190.62,318.94,95.34,26.21,43.854,47.671,FP,,,,,,,
69,47,191.19,322.25,31.3,26.289,44.309,15.648,FP,,,,,,,
69,48,458.32,321.12,28.88,63.019,44.154,14.442,FP,,,,,,,
69,49,24.15,318.01,112.06,3.321,43.727,56.031,TP,24,0.942,3.065,3.207,0.741,0.582,-3.065
69,50,27.24,318.27,96.36,3.745,43.762,48.179,FP,,,,,,,
69,51,79.5,318.0,32.81,10.931,43.725,16.406,FP,,,,,,,
69,52,18.0,320.12,32.5,2.475,44.016,16.25,FP,,,,,,,
69,53,18.4,318.6,48.2,2.53,43.808,24.1,FP,,,,,,,
69,54,86.29,327.15,5.85,11.865,44.984,2.924,FP,,,,,,,
69,55,464.41,321.97,3.67,63.856,44.272,1.835,TP,26,0.388,0.118,0.406,0.317,0.224,0.118
69,56,90.9,333.84,40.01,12.499,45.903,20.006,FP,,,,,,,
69,57,91.83,334.42,17.33,12.627,45.982,8.667,FP,,,,,,,
69,58,91.0,334.5,20.0,12.512,45.994,10.0,FP,,,,,,,
69,59,93.67,334.5,20.33,12.879,45.994,10.167,FP,,,,,,,
69,60,323.42,338.58,23.12,44.471,46.554,11.558,FP,,,,,,,
69,61,192.1,336.95,31.6,26.414,46.331,15.8,FP,,,,,,,
69,62,295.85,343.81,133.19,40.679,47.274,66.597,FP,,,,,,,
69,63,299.7,340.41,116.13,41.208,46.807,58.067,TP,29,0.758,1.657,1.822,0.678,0.34,-1.657
69,64,299.5,341.42,87.72,41.182,46.945,43.86,FP,,,,,,,
69,65,120.35,339.76,79.08,16.548,46.717,39.541,FP,,,,,,,
69,66,449.0,342.0,96.0,61.738,47.025,48.0,FP,,,,,,,
69,67,190.09,365.78,160.43,26.137,50.295,80.217,FP,,,,,,,
69,68,97.73,367.05,47.54,13.438,50.47,23.77,FP,,,,,,,
69,69,137.14,378.86,124.57,18.857,52.093,62.286,FP,,,,,,,
69,70,293.25,398.2,117.5,40.321,54.752,58.751,FP,,,,,,,
69,71,242.34,397.03,95.56,33.322,54.592,47.781,FP,,,,,,,
69,72,240.68,397.52,47.86,33.094,54.658,23.932,FP,,,,,,,
69,73,303.22,401.7,56.3,41.692,55.234,28.152,FP,,,,,,,
69,74,301.67,405.02,38.76,41.48,55.691,19.381,FP,,,,,,,
69,75,230.16,417.03,40.47,31.647,57.341,20.237,FP,,,,,,,
69,76,234.29,425.63,22.8,32.215,58.524,11.398,FP,,,,,,,
69,77,231.25,428.19,54.99,31.797,58.875,27.493,TP,41,0.433,4.502,4.523,0.083,0.425,-4.502
69,78,303.1,422.02,12.39,41.676,58.028,6.195,FP,,,,,,,
69,79,272.06,424.7,188.91,37.408,58.397,94.456,FP,,,,,,,
69,80,494.57,430.01,34.89,68.003,59.127,17.445,TP,42,0.358,0.081,0.367,-0.353,-0.062,0.081
69,81,203.0,424.0,176.0,27.913,58.3,88.0,FP,,,,,,,
69,82,312.3,425.82,21.67,42.941,58.55,10.835,FP,,,,,,,
69,83,493.07,429.96,95.81,67.797,59.119,47.907,FP,,,,,,,
69,84,32.14,446.97,95.59,4.419,61.459,47.794,FP,,,,,,,
69,85,64.16,447.58,95.44,8.822,61.542,47.719,FP,,,,,,,
69,86,192.31,450.21,95.32,26.442,61.904,47.658,FP,,,,,,,
69,87,32.2,463.09,51.58,4.427,63.675,25.792,FP,,,,,,,
69,88,30.23,462.94,33.01,4.157,63.655,16.507,FP,,,,,,,
69,,,,,35.785,4.364,71.186,FN,0,,,,,,
69,,,,,44.08,3.925,32.757,FN,1,,,,,,
69,,,,,49.559,7.943,11.116,FN,2,,,,,,
69,,,,,29.05,7.551,68.973,FN,3,,,,,,
69,,,,,61.433,8.047,85.33,FN,5,,,,,,
69,,,,,43.762,10.549,9.965,FN,6,,,,,,
69,,,,,44.036,15.988,30.054,FN,7,,,,,,
69,,,,,36.143,22.584,7.066,FN,8,,,,,,
69,,,,,39.4,25.2,62.421,FN,9,,,,,,
69,,,,,61.404,26.799,38.773,FN,10,,,,,,
69,,,,,42.296,26.802,70.695,FN,12,,,,,,
69,,,,,53.605,27.003,84.205,FN,13,,,,,,
69,,,,,36.153,27.506,25.255,FN,14,,,,,,
69,,,,,24.588,30.575,40.87,FN,15,,,,,,
69,,,,,37.911,33.996,12.573,FN,16,,,,,,
69,,,,,69.247,34.898,89.238,FN,17,,,,,,
69,,,,,42.468,35.65,27.062,FN,18,,,,,,
69,,,,,14.619,35.409,3.21,FN,19,,,,,,
69,,,,,27.752,36.434,89.508,FN,20,,,,,,
69,,,,,57.868,37.071,88.505,FN,21,,,,,,
69,,,,,35.321,39.303,2.488,FN,22,,,,,,
69,,,,,11.789,42.83,48.389,FN,25,,,,,,
69,,,,,55.936,45.629,28.0,FN,27,,,,,,
69,,,,,16.052,46.455,68.231,FN,28,,,,,,
69,,,,,42.801,47.864,78.948,FN,30,,,,,,
69,,,,,12.051,47.959,30.101,FN,31,,,,,,
69,,,,,18.713,51.853,72.395,FN,32,,,,,,
69,,,,,68.341,54.834,88.148,FN,33,,,,,,
69,,,,,32.887,54.661,58.766,FN,34,,,,,,
69,,,,,40.157,54.419,39.022,FN,35,,,,,,
69,,,,,41.634,55.917,40.429,FN,36,,,,,,
69,,,,,68.754,56.587,48.699,FN,37,,,,,,
69,,,,,17.395,56.784,32.017,FN,38,,,,,,
69,,,,,42.223,57.831,15.84,FN,39,,,,,,
69,,,,,31.727,58.763,2.071,FN,40,,,,,,
69,,,,,45.762,59.773,78.256,FN,43,,,,,,
69,,,,,4.692,64.208,34.532,FN,44,,,,,,
69,,,,,31.728,63.85,94.389,FN,45,,,,,,
69,,,,,0.791,69.108,2.362,FN,46,,,,,,
69,,,,,10.361,69.405,62.592,FN,47,,,,,,
69,,,,,22.199,69.391,82.615,FN,48,,,,,,
75,0,61.84,31.19,37.91,8.503,4.288,18.954,TP,2,0.683,3.247,3.318,0.187,0.657,3.247
75,1,65.74,34.43,93.58,9.039,4.735,46.789,TP,3,0.607,4.208,4.252,-0.607,-0.005,-4.208
75,2,64.21,36.87,68.43,8.829,5.069,34.216,FP,,,,,,,
75,3,65.28,34.72,105.08,8.976,4.774,52.538,FP,,,,,,,
75,4,64.0,40.16,116.41,8.8,5.522,58.207,FP,,,,,,,
75,5,366.15,62.28,111.65,50.346,8.563,55.825,FP,,,,,,,
75,6,366.72,63.55,31.29,50.424,8.738,15.647,FP,,,,,,,
75,7,450.66,63.99,31.12,61.966,8.799,15.562,FP,,,,,,,
75,8,63.39,64.55,159.28,8.716,8.876,79.641,FP,,,,,,,
75,9,123.26,62.96,58.39,16.948,8.657,29.196,FP,,,,,,,
75,10,193.68,66.66,31.52,26.63,9.166,15.758,FP,,,,,,,
75,11,364.76,63.72,96.78,50.155,8.762,48.389,FP,,,,,,,
75,12,480.59,65.11,98.31,66.081,8.952,49.157,FP,,,,,,,
75,13,492.03,62.73,160.5,67.655,8.626,80.25,FP,,,,,,,
75,14,455.47,73.21,54.59,62.626,10.066,27.297,FP,,,,,,,
75,15,466.0,71.0,105.0,64.075,9.762,52.5,FP,,,,,,,
75,16,222.32,75.16,96.58,30.569,10.335,48.29,FP,,,,,,,
75,17,456.54,77.12,21.4,62.774,10.604,10.701,FP,,,,,,,
75,18,462.77,78.3,159.51,63.63,10.767,79.754,FP,,,,,,,
75,19,450.0,75.33,94.33,61.875,10.358,47.167,FP,,,,,,,
75,20,464.59,77.53,86.53,63.881,10.66,43.265,FP,,,,,,,
75,21,462.5,78.0,84.5,63.594,10.725,42.25,FP,,,,,,,
75,22,454.38,78.48,74.29,62.477,10.79,37.143,FP,,,,,,,
75,23,64.44,94.0,95.83,8.861,12.924,47.913,FP,,,,,,,
75,24,64.3,111.36,32.84,8.841,15.312,16.418,TP,16,0.792,1.144,1.392,0.398,0.685,1.144
75,25,48.73,109.12,113.81,6.701,15.004,56.906,FP,,,,,,,
75,26,68.04,114.67,11.13,9.356,15.767,5.567,FP,,,,,,,
75,27,354.6,153.8,40.0,48.758,21.148,20.0,FP,,,,,,,
75,28,356.5,154.5,39.0,49.019,21.244,19.5,FP,,,,,,,
75,29,447.81,160.71,31.03,61.574,22.097,15.515,FP,,,,,,,
75,30,318.98,190.95,31.35,43.86,26.256,15.675,FP,,,,,,,
75,31,320.57,193.49,95.51,44.078,26.605,47.756,FP,,,,,,,
75,32,288.08,192.75,31.72,39.611,26.504,15.859,FP,,,,,,,
75,33,40.09,212.86,100.21,5.512,29.268,50.107,FP,,,,,,,
75,34,225.26,258.97,57.65,30.973,35.609,28.823,FP,,,,,,,
75,35,463.21,265.09,59.56,63.691,36.45,29.779,FP,,,,,,,
75,36,480.48,279.19,95.55,66.066,38.389,47.776,FP,,,,,,,
75,37,482.14,277.48,66.76,66.294,38.154,33.379,FP,,,,,,,
75,38,479.67,285.93,113.42,65.954,39.316,56.708,FP,,,,,,,
75,39,119.07,302.67,32.4,16.372,41.617,16.2,FP,,,,,,,
75,40,122.43,302.43,56.43,16.834,41.584,28.214,FP,,,,,,,
75,41,63.48,312.58,96.08,8.728,42.98,48.042,FP,,,,,,,
75,42,137.32,319.0,168.6,18.882,43.862,84.3,FP,,,,,,,
75,43,136.5,318.42,160.58,18.769,43.782,80.292,FP,,,,,,,
75,44,324.0,319.0,31.0,44.55,43.862,15.5,FP,,,,,,,
75,45,322.5,320.5,31.0,44.344,44.069,15.5,FP,,,,,,,
75,46,145.39,351.57,46.31,19.99,48.341,23.156,FP,,,,,,,
75,47,150.5,348.5,41.0,20.694,47.919,20.5,FP,,,,,,,
75,48,93.38,366.62,159.88,12.839,50.411,79.938,FP,,,,,,,
75,49,403.21,394.25,108.92,55.441,54.209,54.458,FP,,,,,,,
75,50,403.88,394.12,98.75,55.533,54.192,49.375,FP,,,,,,,
75,51,404.4,393.7,105.1,55.605,54.134,52.55,FP,,,,,,,
75,52,143.09,429.04,96.69,19.675,58.993,48.343,FP,,,,,,,
75,53,418.37,432.99,104.43,57.525,59.536,52.217,FP,,,,,,,
75,54,145.18,436.67,32.31,19.962,60.042,16.153,FP,,,,,,,
75,55,419.48,431.6,66.9,57.678,59.344,33.452,FP,,,,,,,
75,56,417.05,434.52,54.47,57.345,59.746,27.235,FP,,,,,,,
75,57,263.88,434.62,119.9,36.284,59.76,59.952,FP,,,,,,,
75,58,319.5,443.91,159.15,43.932,61.038,79.575,FP,,,,,,,
75,59,321.39,445.69,95.46,44.19,61.283,47.729,FP,,,,,,,
75,60,165.7,448.83,98.62,22.784,61.714,49.311,FP,,,,,,,
75,61,275.83,447.2,95.46,37.927,61.49,47.732,FP,,,,,,,
75,62,319.24,447.03,31.35,43.895,61.467,15.676,FP,,,,,,,
75,63,398.86,446.65,40.52,54.843,61.414,20.259,FP,,,,,,,
75,64,195.78,447.3,31.47,26.919,61.504,15.733,FP,,,,,,,
75,65,393.2,449.61,81.27,54.065,61.821,40.635,FP,,,,,,,
75,66,395.57,447.2,18.03,54.391,61.49,9.017,FP,,,,,,,
75,67,225.18,462.33,105.73,30.962,63.571,52.864,FP,,,,,,,
75,68,222.49,463.35,159.34,30.593,63.71,79.669,FP,,,,,,,
75,69,223.0,461.86,48.43,30.663,63.505,24.214,FP,,,,,,,
75,70,110.58,479.27,31.23,15.205,65.899,15.617,FP,,,,,,,
75,71,495.54,494.21,48.83,68.137,67.954,24.417,FP,,,,,,,
75,,,,,69.089,0.831,4.085,FN,0,,,,,,
75,,,,,19.505,2.47,80.536,FN,1,,,,,,
75,,,,,65.292,4.103,51.573,FN,4,,,,,,
75,,,,,41.419,5.02,64.095,FN,5,,,,,,
75,,,,,36.148,6.203,40.576,FN,6,,,,,,
75,,,,,48.05,6.867,1.265,FN,7,,,,,,
75,,,,,17.368,9.107,18.978,FN,8,,,,,,
75,,,,,51.144,8.552,36.195,FN,9,,,,,,
75,,,,,14.479,9.18,72.686,FN,10,,,,,,
75,,,,,65.904,9.255,66.488,FN,11,,,,,,
75,,,,,62.542,10.536,55.739,FN,12,,,,,,
75,,,,,42.903,10.613,76.748,FN,13,,,,,,
75,,,,,14.033,10.951,97.451,FN,14,,,,,,
75,,,,,40.643,13.657,27.177,FN,15,,,,,,
75,,,,,34.564,17.347,41.746,FN,17,,,,,,
75,,,,,11.206,16.301,1.447,FN,18,,,,,,
75,,,,,26.812,18.494,31.333,FN,19,,,,,,
75,,,,,16.727,19.023,45.699,FN,20,,,,,,
75,,,,,48.991,21.258,87.575,FN,21,,,,,,
75,,,,,24.827,23.075,79.051,FN,22,,,,,,
75,,,,,69.505,28.976,84.273,FN,23,,,,,,
75,,,,,5.964,29.541,84.447,FN,24,,,,,,
75,,,,,69.692,31.699,38.852,FN,25,,,,,,
75,,,,,47.248,32.47,89.414,FN,26,,,,,,
75,,,,,64.015,35.377,16.642,FN,27,,,,,,
75,,,,,30.934,35.777,70.159,FN,28,,,,,,
75,,,,,66.4,38.575,69.619,FN,29,,,,,,
75,,,,,17.0,42.056,50.719,FN,30,,,,,,
75,,,,,40.201,41.256,65.514,FN,31,,,,,,
75,,,,,20.639,46.69,49.875,FN,32,,,,,,
75,,,,,20.618,50.281,7.404,FN,33,,,,,,
75,,,,,12.234,50.024,57.309,FN,34,,,,,,
75,,,,,30.422,49.952,54.951,FN,35,,,,,,
75,,,,,33.054,49.976,13.02,FN,36,,,,,,
75,,,,,55.536,53.986,36.516,FN,37,,,,,,
75,,,,,37.472,59.21,80.776,FN,38,,,,,,
75,,,,,19.496,58.853,13.625,FN,39,,,,,,
75,,,,,44.974,60.308,83.518,FN,40,,,,,,
75,,,,,57.692,59.628,46.045,FN,41,,,,,,
75,,,,,44.081,60.629,72.744,FN,42,,,,,,
75,,,,,23.673,61.319,80.409,FN,43,,,,,,
75,,,,,53.973,61.51,26.825,FN,44,,,,,,
75,,,,,22.886,62.744,62.377,FN,45,,,,,,
75,,,,,31.157,64.177,57.582,FN,46,,,,,,
75,,,,,45.524,63.137,96.495,FN,47,,,,,,
75,,,,,16.126,65.118,23.224,FN,48,,,,,,
75,,,,,69.263,68.995,5.25,FN,49,,,,,,
89,0,320.92,14.49,32.1,44.127,1.992,16.052,FP,,,,,,,
89,1,322.17,13.33,18.5,44.298,1.833,9.25,FP,,,,,,,
89,2,118.94,15.94,45.16,16.354,2.191,22.578,FP,,,,,,,
89,3,321.69,16.43,50.34,44.233,2.259,25.172,FP,,,,,,,
89,4,117.3,17.16,88.23,16.129,2.36,44.115,FP,,,,,,,
89,5,319.0,14.0,25.0,43.862,1.925,12.5,FP,,,,,,,
89,6,117.13,18.24,74.9,16.106,2.508,37.452,FP,,,,,,,
89,7,112.4,28.19,159.33,15.455,3.877,79.665,FP,,,,,,,
89,8,209.24,63.95,95.57,28.771,8.793,47.783,FP,,,,,,,
89,9,447.91,62.74,96.04,61.587,8.627,48.019,FP,,,,,,,
89,10,191.19,71.84,31.1,26.289,9.878,15.552,FP,,,,,,,
89,11,19.18,64.76,96.41,2.637,8.905,48.206,FP,,,,,,,
89,12,372.01,73.62,32.28,51.151,10.123,16.14,FP,,,,,,,
89,13,372.78,75.53,54.62,51.257,10.385,27.309,FP,,,,,,,
89,14,66.07,96.81,95.53,9.084,13.312,47.764,FP,,,,,,,
89,15,68.25,96.3,78.59,9.384,13.242,39.295,FP,,,,,,,
89,16,64.0,93.5,32.0,8.8,12.856,16.0,FP,,,,,,,
89,17,67.3,95.89,66.97,9.253,13.185,33.486,FP,,,,,,,
89,18,67.0,98.77,116.87,9.213,13.581,58.435,FP,,,,,,,
89,19,289.43,110.57,96.57,39.796,15.204,48.286,FP,,,,,,,
89,20,272.67,115.54,30.31,37.493,15.887,15.154,FP,,,,,,,
89,21,86.92,122.17,168.42,11.951,16.798,84.208,FP,,,,,,,
89,22,90.0,122.33,160.22,12.375,16.821,80.111,FP,,,,,,,
89,23,87.0,122.0,173.0,11.963,16.775,86.5,FP,,,,,,,
89,24,88.5,122.0,166.0,12.169,16.775,83.0,FP,,,,,,,
89,25,92.0,122.0,150.0,12.65,16.775,75.0,FP,,,,,,,
89,26,102.41,139.1,111.14,14.081,19.126,55.57,TP,12,0.296,0.48,0.564,-0.256,0.148,0.48
89,27,107.95,141.98,169.92,14.843,19.522,84.958,FP,,,,,,,
89,28,103.88,142.67,46.2,14.283,19.618,23.102,FP,,,,,,,
89,29,101.86,142.07,130.71,14.005,19.535,65.357,FP,,,,,,,
89,30,103.0,142.0,41.0,14.163,19.525,20.5,FP,,,,,,,
89,31,15.39,159.51,192.69,2.116,21.932,96.344,TP,14,0.811,1.765,1.943,0.799,0.139,-1.765
89,32,445.48,159.71,96.08,61.254,21.96,48.039,FP,,,,,,,
89,33,326.54,162.3,3.9,44.9,22.316,1.952,FP,,,,,,,
89,34,320.44,173.57,32.09,44.061,23.866,16.047,FP,,,,,,,
89,35,329.43,169.14,132.29,45.296,23.257,66.143,FP,,,,,,,
89,36,328.0,171.0,133.0,45.1,23.513,66.5,FP,,,,,,,
89,37,18.17,191.91,32.59,2.498,26.387,16.294,FP,,,,,,,
89,38,17.47,189.68,53.05,2.403,26.081,26.525,FP,,,,,,,
89,39,20.24,194.96,95.95,2.783,26.807,47.974,FP,,,,,,,
89,40,22.5,187.0,45.0,3.094,25.712,22.5,FP,,,,,,,
89,41,22.33,187.0,48.33,3.071,25.712,24.167,FP,,,,,,,
89,42,29.87,192.62,114.06,4.107,26.485,57.031,FP,,,,,,,
89,43,319.2,192.54,95.37,43.89,26.474,47.683,FP,,,,,,,
89,44,64.89,190.56,96.56,8.922,26.201,48.278,FP,,,,,,,
89,45,23.0,200.0,116.0,3.163,27.5,58.0,FP,,,,,,,
89,46,444.76,202.82,76.37,61.154,27.888,38.184,FP,,,,,,,
89,47,422.36,207.94,162.63,58.075,28.591,81.314,TP,21,1.319,0.519,1.417,-0.865,-0.995,-0.519
89,48,427.13,214.18,93.37,58.73,29.45,46.686,FP,,,,,,,
89,49,425.69,214.18,132.4,58.533,29.449,66.198,FP,,,,,,,
89,50,423.49,213.92,139.64,58.229,29.414,69.821,FP,,,,,,,
89,51,426.26,215.98,123.54,58.611,29.697,61.77,FP,,,,,,,
89,52,367.42,217.58,60.46,50.521,29.917,30.231,FP,,,,,,,
89,53,455.05,265.31,109.1,62.569,36.481,54.55,FP,,,,,,,
89,54,457.43,263.28,57.33,62.897,36.201,28.665,FP,,,,,,,
89,55,458.65,264.63,33.33,63.065,36.387,16.663,FP,,,,,,,
89,56,458.0,265.0,41.0,62.975,36.438,20.5,FP,,,,,,,
89,57,459.0,265.5,40.0,63.113,36.506,20.0,FP,,,,,,,
89,58,339.63,274.93,24.9,46.699,37.803,12.448,TP,23,0.8,3.373,3.467,-0.74,-0.305,3.373
89,59,460.75,268.67,145.75,63.353,36.942,72.875,FP,,,,,,,
89,60,462.0,268.5,158.5,63.525,36.919,79.25,FP,,,,,,,
89,61,334.79,281.43,59.34,46.034,38.697,29.672,FP,,,,,,,
89,62,343.96,281.11,74.47,47.294,38.652,37.236,FP,,,,,,,
89,63,343.48,281.8,68.35,47.228,38.747,34.175,FP,,,,,,,
89,64,46.74,287.82,39.82,6.427,39.575,19.91,FP,,,,,,,
89,65,47.85,288.12,96.2,6.579,39.617,48.101,FP,,,,,,,
89,66,45.67,289.76,110.05,6.28,39.842,55.025,FP,,,,,,,
89,67,411.05,289.5,82.0,56.52,39.806,41.0,FP,,,,,,,
89,68,239.59,319.05,95.6,32.944,43.869,47.8,FP,,,,,,,
89,69,448.1,321.88,95.79,61.614,44.259,47.895,FP,,,,,,,
89,70,480.34,351.43,156.57,66.046,48.322,78.286,FP,,,,,,,
89,71,266.25,353.83,54.48,36.609,48.651,27.239,FP,,,,,,,
89,72,269.71,357.76,94.77,37.085,49.192,47.385,TP,31,0.773,3.753,3.832,0.458,0.622,3.753
89,73,479.0,352.5,176.0,65.863,48.469,88.0,FP,,,,,,,
89,74,271.24,359.67,71.96,37.296,49.454,35.982,FP,,,,,,,
89,75,60.97,415.5,31.34,8.384,57.131,15.669,TP,37,0.502,3.841,3.873,0.356,-0.354,-3.841
89,76,63.51,415.29,95.57,8.733,57.102,47.787,FP,,,,,,,
89,77,54.56,415.75,20.44,7.502,57.166,10.219,FP,,,,,,,
89,78,57.68,415.55,18.42,7.931,57.138,9.21,FP,,,,,,,
89,79,60.32,415.43,4.23,8.294,57.121,2.116,FP,,,,,,,
89,80,62.0,414.43,48.86,8.525,56.984,24.429,FP,,,,,,,
89,81,433.22,441.65,104.29,59.567,60.727,52.144,FP,,,,,,,
89,82,434.68,445.22,37.91,59.769,61.217,18.957,FP,,,,,,,
89,83,448.42,466.96,95.59,61.658,64.207,47.795,FP,,,,,,,
89,84,143.59,473.37,34.12,19.744,65.089,17.06,FP,,,,,,,
89,85,207.34,470.9,110.56,28.51,64.749,55.278,FP,,,,,,,
89,86,447.64,473.56,32.01,61.551,65.115,16.007,TP,46,0.304,0.558,0.635,-0.237,0.19,-0.558
89,87,206.25,476.46,56.35,28.36,65.513,28.175,TP,47,1.094,2.216,2.472,0.059,-1.092,-2.216
89,88,451.16,472.4,167.98,62.034,64.955,83.992,FP,,,,,,,
89,89,142.61,478.98,109.65,19.609,65.86,54.826,FP,,,,,,,
89,90,321.0,506.0,168.0,44.138,69.575,84.0,FP,,,,,,,
89,,,,,11.708,0.782,34.5,FN,0,,,,,,
89,,,,,44.417,0.565,4.602,FN,1,,,,,,
89,,,,,18.011,1.751,8.496,FN,2,,,,,,
89,,,,,8.599,2.569,95.208,FN,3,,,,,,
89,,,,,16.183,2.97,58.952,FN,4,,,,,,
89,,,,,52.693,10.481,12.947,FN,5,,,,,,
89,,,,,15.447,11.327,96.552,FN,6,,,,,,
89,,,,,9.681,11.684,71.927,FN,7,,,,,,
89,,,,,14.282,12.072,54.171,FN,8,,,,,,
89,,,,,9.071,13.808,65.254,FN,9,,,,,,
89,,,,,41.535,15.285,86.812,FN,10,,,,,,
89,,,,,21.447,17.844,73.425,FN,11,,,,,,
89,,,,,44.057,19.007,78.26,FN,13,,,,,,
89,,,,,45.059,23.308,5.9,FN,15,,,,,,
89,,,,,4.482,23.869,12.5,FN,16,,,,,,
89,,,,,23.079,25.173,72.256,FN,17,,,,,,
89,,,,,2.622,27.435,53.102,FN,18,,,,,,
89,,,,,11.685,28.321,98.985,FN,19,,,,,,
89,,,,,50.057,29.769,34.988,FN,20,,,,,,
89,,,,,62.843,36.015,35.223,FN,22,,,,,,
89,,,,,56.365,39.549,71.033,FN,24,,,,,,
89,,,,,6.325,40.427,38.504,FN,25,,,,,,
89,,,,,46.905,41.127,78.0,FN,26,,,,,,
89,,,,,32.851,43.809,80.242,FN,27,,,,,,
89,,,,,41.522,44.741,98.511,FN,28,,,,,,
89,,,,,69.477,46.653,59.97,FN,29,,,,,,
89,,,,,29.888,47.1,0.5,FN,30,,,,,,
89,,,,,69.49,51.256,90.91,FN,32,,,,,,
89,,,,,68.184,51.721,78.53,FN,33,,,,,,
89,,,,,14.37,55.817,24.5,FN,34,,,,,,
89,,,,,59.269,56.024,97.166,FN,35,,,,,,
89,,,,,28.253,56.498,84.154,FN,36,,,,,,
89,,,,,36.414,56.931,93.8,FN,38,,,,,,
89,,,,,60.202,60.273,9.531,FN,39,,,,,,
89,,,,,21.389,62.28,36.021,FN,40,,,,,,
89,,,,,54.527,63.132,89.869,FN,41,,,,,,
89,,,,,15.47,64.199,41.723,FN,42,,,,,,
89,,,,,60.671,64.031,26.34,FN,43,,,,,,
89,,,,,28.661,64.831,36.036,FN,44,,,,,,
89,,,,,19.5,66.017,9.114,FN,45,,,,,,
89,,,,,11.487,67.062,70.917,FN,48,,,,,,
89,,,,,41.963,68.678,93.492,FN,49,,,,,,
9,0,317.76,13.21,31.95,43.692,1.817,15.973,FP,,,,,,,
9,1,313.24,15.18,103.11,43.071,2.087,51.553,FP,,,,,,,
9,2,312.35,13.62,48.5,42.948,1.873,24.25,FP,,,,,,,
9,3,311.0,15.5,36.0,42.763,2.131,18.0,FP,,,,,,,
9,4,174.19,24.86,95.33,23.952,3.418,47.667,FP,,,,,,,
9,5,42.06,39.67,33.33,5.783,5.454,16.667,FP,,,,,,,
9,6,47.34,32.25,96.44,6.51,4.434,48.219,FP,,,,,,,
9,7,158.13,49.78,36.99,21.744,6.845,18.494,FP,,,,,,,
9,8,182.49,46.22,95.09,25.093,6.356,47.546,FP,,,,,,,
9,9,159.26,47.93,95.54,21.898,6.591,47.771,FP,,,,,,,
9,10,159.31,47.55,166.95,21.906,6.538,83.475,FP,,,,,,,
9,11,155.28,47.08,15.25,21.351,6.474,7.625,FP,,,,,,,
9,12,250.86,48.46,159.74,34.493,6.663,79.87,FP,,,,,,,
9,13,250.7,49.16,166.56,34.471,6.759,83.278,FP,,,,,,,
9,14,265.25,51.45,89.98,36.471,7.074,44.992,TP,4,0.127,1.545,1.55,-0.127,-0.001,-1.545
9,15,266.39,58.07,37.48,36.628,7.984,18.742,FP,,,,,,,
9,16,344.52,59.45,96.66,47.371,8.174,48.332,FP,,,,,,,
9,17,272.57,62.2,166.47,37.479,8.553,83.234,FP,,,,,,,
9,18,337.96,62.29,161.08,46.47,8.565,80.538,FP,,,,,,,
9,19,138.5,64.0,95.0,19.044,8.8,47.5,FP,,,,,,,
9,20,79.17,100.17,105.83,10.886,13.774,52.913,FP,,,,,,,
9,21,79.21,107.37,50.67,10.892,14.764,25.336,FP,,,,,,,
9,22,87.0,104.0,145.0,11.963,14.3,72.5,FP,,,,,,,
9,23,159.34,157.02,51.12,21.91,21.591,25.559,FP,,,,,,,
9,24,321.04,159.38,31.71,44.143,21.914,15.853,FP,,,,,,,
9,25,331.52,158.25,44.11,45.585,21.759,22.055,FP,,,,,,,
9,26,160.63,160.44,95.63,22.087,22.06,47.813,FP,,,,,,,
9,27,336.31,156.15,112.62,46.242,21.471,56.308,FP,,,,,,,
9,28,391.79,174.97,53.4,53.872,24.058,26.698,FP,,,,,,,
9,29,123.33,177.36,6.72,16.958,24.387,3.361,FP,,,,,,,
9,30,385.86,180.82,114.28,53.056,24.863,57.141,FP,,,,,,,
9,31,386.1,184.18,98.74,53.089,25.324,49.368,FP,,,,,,,
9,32,446.85,192.45,31.71,61.442,26.462,15.856,FP,,,,,,,
9,33,365.23,250.38,30.86,50.219,34.428,15.432,FP,,,,,,,
9,34,461.95,271.07,95.07,63.518,37.272,47.533,TP,24,0.398,0.967,1.046,-0.011,-0.398,-0.967
9,35,469.45,274.89,33.87,64.549,37.798,16.937,FP,,,,,,,
9,36,470.5,273.5,48.5,64.694,37.606,24.25,FP,,,,,,,
9,37,294.67,294.34,33.45,40.517,40.472,16.723,FP,,,,,,,
9,38,301.87,303.0,95.49,41.508,41.663,47.746,TP,26,0.651,0.276,0.707,0.485,0.435,-0.276
9,39,321.6,315.92,31.54,44.221,43.439,15.77,FP,,,,,,,
9,40,71.04,327.0,92.08,9.768,44.962,46.038,FP,,,,,,,
9,41,66.18,321.73,160.27,9.1,44.237,80.136,FP,,,,,,,
9,42,342.1,324.62,123.82,47.039,44.635,61.912,FP,,,,,,,
9,43,343.9,329.55,69.34,47.287,45.313,34.67,FP,,,,,,,
9,44,36.46,336.42,157.66,5.014,46.258,78.832,FP,,,,,,,
9,45,38.0,337.0,168.0,5.225,46.338,84.0,FP,,,,,,,
9,46,31.08,351.39,118.06,4.274,48.315,59.032,FP,,,,,,,
9,47,18.51,348.22,59.36,2.546,47.88,29.68,FP,,,,,,,
9,48,27.0,344.0,112.0,3.713,47.3,56.0,FP,,,,,,,
9,49,22.0,345.0,96.0,3.025,47.438,48.0,FP,,,,,,,
9,50,191.84,361.53,33.97,26.379,49.711,16.987,FP,,,,,,,
9,51,14.34,351.66,94.99,1.972,48.354,47.496,FP,,,,,,,
9,52,30.0,348.5,105.0,4.125,47.919,52.5,FP,,,,,,,
9,53,448.99,351.3,31.5,61.736,48.304,15.748,FP,,,,,,,
9,54,22.29,350.0,40.5,3.064,48.125,20.25,FP,,,,,,,
9,55,238.17,350.33,160.56,32.748,48.171,80.278,FP,,,,,,,
9,56,14.54,351.0,88.62,1.999,48.263,44.308,FP,,,,,,,
9,57,18.33,350.33,84.5,2.521,48.171,42.25,FP,,,,,,,
9,58,31.88,368.08,33.96,4.383,50.611,16.978,FP,,,,,,,
9,59,447.89,366.48,95.45,61.585,50.391,47.727,FP,,,,,,,
9,60,447.91,368.05,31.67,61.588,50.607,15.834,TP,38,0.15,1.572,1.579,-0.136,-0.064,1.572
9,61,193.71,364.52,168.31,26.635,50.122,84.156,FP,,,,,,,
9,62,21.85,364.22,12.34,3.005,50.08,6.171,TP,37,0.2,1.511,1.524,0.094,0.176,1.511
9,63,32.66,368.47,96.17,4.491,50.664,48.087,FP,,,,,,,
9,64,224.97,414.0,183.63,30.934,56.925,91.814,FP,,,,,,,
9,65,240.15,416.84,96.87,33.021,57.315,48.434,FP,,,,,,,
9,66,234.12,416.92,123.84,32.192,57.326,61.918,FP,,,,,,,
9,67,42.39,423.28,111.58,5.828,58.201,55.792,FP,,,,,,,
9,68,234.28,423.21,35.28,32.213,58.191,17.638,FP,,,,,,,
9,69,234.5,423.0,40.0,32.244,58.163,20.0,FP,,,,,,,
9,70,191.31,446.87,95.26,26.306,61.445,47.628,FP,,,,,,,
9,71,132.89,448.33,96.1,18.272,61.646,48.049,FP,,,,,,,
9,72,143.19,447.06,31.69,19.688,61.471,15.844,FP,,,,,,,
9,73,62.14,459.9,85.42,8.544,63.237,42.711,FP,,,,,,,
9,74,208.8,461.29,163.28,28.71,63.428,81.641,FP,,,,,,,
9,75,321.48,477.89,158.28,44.203,65.709,79.142,FP,,,,,,,
9,76,94.35,499.72,59.47,12.973,68.711,29.737,FP,,,,,,,
9,,,,,14.831,0.986,2.0,FN,0,,,,,,
9,,,,,37.994,0.869,81.04,FN,1,,,,,,
9,,,,,42.883,1.692,33.361,FN,2,,,,,,
9,,,,,6.122,4.763,0.927,FN,3,,,,,,
9,,,,,21.38,6.612,13.169,FN,5,,,,,,
9,,,,,47.206,8.029,74.319,FN,6,,,,,,
9,,,,,50.121,10.056,51.108,FN,7,,,,,,
9,,,,,62.651,12.315,97.5,FN,8,,,,,,
9,,,,,27.038,12.385,95.941,FN,9,,,,,,
9,,,,,34.004,12.89,97.786,FN,10,,,,,,
9,,,,,11.424,13.71,63.014,FN,11,,,,,,
9,,,,,10.973,15.935,28.493,FN,12,,,,,,
9,,,,,33.763,16.565,89.096,FN,13,,,,,,
9,,,,,21.936,22.003,42.604,FN,14,,,,,,
9,,,,,46.119,21.322,39.412,FN,15,,,,,,
9,,,,,17.192,23.742,65.354,FN,16,,,,,,
9,,,,,52.614,24.96,20.138,FN,17,,,,,,
9,,,,,17.689,28.782,31.235,FN,18,,,,,,
9,,,,,50.169,28.86,85.976,FN,19,,,,,,
9,,,,,50.735,32.518,24.868,FN,20,,,,,,
9,,,,,56.449,34.196,86.871,FN,21,,,,,,
9,,,,,56.114,35.863,33.711,FN,22,,,,,,
9,,,,,51.598,36.909,69.568,FN,23,,,,,,
9,,,,,68.018,37.617,19.992,FN,25,,,,,,
9,,,,,13.074,42.417,95.011,FN,27,,,,,,
9,,,,,49.291,43.051,79.209,FN,28,,,,,,
9,,,,,9.879,45.224,63.186,FN,29,,,,,,
9,,,,,47.171,44.828,29.657,FN,30,,,,,,
9,,,,,3.111,46.792,43.02,FN,31,,,,,,
9,,,,,66.121,47.362,80.622,FN,32,,,,,,
9,,,,,16.42,48.33,88.171,FN,33,,,,,,
9,,,,,33.856,48.471,52.438,FN,34,,,,,,
9,,,,,26.634,49.825,7.518,FN,35,,,,,,
9,,,,,28.024,51.107,96.057,FN,36,,,,,,
9,,,,,6.248,51.393,13.635,FN,39,,,,,,
9,,,,,28.823,54.411,71.526,FN,40,,,,,,
9,,,,,52.124,56.706,89.604,FN,41,,,,,,
9,,,,,32.323,57.497,40.555,FN,42,,,,,,
9,,,,,5.223,57.777,35.011,FN,43,,,,,,
9,,,,,57.881,58.302,33.677,FN,44,,,,,,
9,,,,,30.063,63.538,66.077,FN,45,,,,,,
9,,,,,40.453,64.704,79.731,FN,46,,,,,,
9,,,,,6.594,66.25,85.263,FN,47,,,,,,
9,,,,,36.493,68.473,84.011,FN,48,,,,,,
9,,,,,14.082,68.409,79.603,FN,49,,,,,,
91,0,352.07,30.42,32.2,48.41,4.183,16.102,FP,,,,,,,
91,1,355.31,33.45,106.72,48.855,4.6,53.361,TP,1,0.284,0.131,0.313,0.166,0.231,-0.131
91,2,354.15,33.31,70.8,48.696,4.579,35.398,FP,,,,,,,
91,3,353.0,32.86,85.54,48.538,4.518,42.771,FP,,,,,,,
91,4,319.78,49.21,159.59,43.969,6.766,79.797,FP,,,,,,,
91,5,287.73,63.16,167.8,39.563,8.685,83.902,FP,,,,,,,
91,6,304.05,65.23,95.49,41.807,8.969,47.746,FP,,,,,,,
91,7,447.15,63.62,95.34,61.483,8.747,47.668,FP,,,,,,,
91,8,301.78,73.83,23.19,41.494,10.152,11.596,FP,,,,,,,
91,9,307.46,76.9,54.29,42.276,10.574,27.143,FP,,,,,,,
91,10,231.58,94.88,40.16,31.842,13.045,20.08,FP,,,,,,,
91,11,235.48,96.74,19.8,32.379,13.302,9.898,FP,,,,,,,
91,12,238.0,95.0,18.5,32.725,13.062,9.25,FP,,,,,,,
91,13,233.5,99.61,78.45,32.106,13.697,39.227,FP,,,,,,,
91,14,70.32,155.78,95.34,9.669,21.42,47.668,FP,,,,,,,
91,15,82.08,144.82,32.28,11.285,19.912,16.139,FP,,,,,,,
91,16,72.44,152.33,82.56,9.961,20.946,41.278,FP,,,,,,,
91,17,478.96,156.51,96.08,65.857,21.521,48.04,FP,,,,,,,
91,18,75.77,159.86,52.05,10.419,21.981,26.023,FP,,,,,,,
91,19,74.67,158.67,56.0,10.267,21.817,28.0,FP,,,,,,,
91,20,192.82,168.66,95.59,26.513,23.191,47.797,FP,,,,,,,
91,21,195.2,190.81,95.8,26.841,26.236,47.9,FP,,,,,,,
91,22,319.08,192.13,31.26,43.873,26.418,15.632,FP,,,,,,,
91,23,320.25,191.01,95.21,44.034,26.264,47.606,FP,,,,,,,
91,24,190.56,192.0,31.61,26.202,26.4,15.803,FP,,,,,,,
91,25,416.3,201.65,4.3,57.241,27.727,2.15,FP,,,,,,,
91,26,319.2,223.54,95.82,43.89,30.737,47.912,FP,,,,,,,
91,27,285.14,237.75,112.15,39.207,32.691,56.076,FP,,,,,,,
91,28,286.5,237.0,48.0,39.394,32.588,24.0,FP,,,,,,,
91,29,290.44,250.83,31.46,39.936,34.489,15.728,FP,,,,,,,
91,30,193.8,268.32,95.57,26.647,36.894,47.787,FP,,,,,,,
91,31,470.93,318.72,31.39,64.753,43.824,15.694,FP,,,,,,,
91,32,200.45,319.62,31.18,27.562,43.948,15.588,FP,,,,,,,
91,33,280.41,330.01,24.5,38.556,45.377,12.25,TP,27,0.97,3.15,3.296,-0.85,0.467,3.15
91,34,288.26,321.34,95.49,39.636,44.185,47.746,FP,,,,,,,
91,35,306.78,315.61,108.5,42.182,43.397,54.25,FP,,,,,,,
91,36,360.86,320.98,95.15,49.618,44.134,47.577,FP,,,,,,,
91,37,487.54,319.33,95.75,67.037,43.907,47.873,FP,,,,,,,
91,38,222.42,319.1,95.45,30.583,43.876,47.723,FP,,,,,,,
91,39,47.91,332.67,23.39,6.587,45.741,11.694,FP,,,,,,,
91,40,462.45,319.97,95.55,63.586,43.996,47.775,FP,,,,,,,
91,41,477.42,319.17,47.44,65.646,43.886,23.72,FP,,,,,,,
91,42,278.5,318.0,40.5,38.294,43.725,20.25,FP,,,,,,,
91,43,282.5,318.33,57.33,38.844,43.771,28.667,FP,,,,,,,
91,44,466.74,319.43,4.43,64.177,43.922,2.217,FP,,,,,,,
91,45,20.94,330.83,92.32,2.879,45.489,46.158,FP,,,,,,,
91,46,66.02,321.31,95.71,9.078,44.18,47.857,FP,,,,,,,
91,47,270.6,326.2,4.5,37.208,44.853,2.25,FP,,,,,,,
91,48,275.73,328.89,4.13,37.913,45.222,2.063,FP,,,,,,,
91,49,48.62,333.5,190.12,6.686,45.856,95.06,FP,,,,,,,
91,50,482.69,331.21,120.03,66.37,45.541,60.013,FP,,,,,,,
91,51,107.46,332.84,55.63,14.776,45.765,27.815,TP,29,0.673,4.169,4.223,-0.554,-0.383,-4.169
91,52,274.5,330.5,8.5,37.744,45.444,4.25,FP,,,,,,,
91,53,111.81,334.36,159.38,15.374,45.974,79.689,FP,,,,,,,
91,54,108.83,333.65,194.49,14.964,45.876,97.247,FP,,,,,,,
91,55,285.0,335.19,48.9,39.188,46.089,24.452,FP,,,,,,,
91,56,73.7,337.9,104.3,10.134,46.461,52.15,FP,,,,,,,
91,57,469.87,342.43,144.19,64.607,47.085,72.097,FP,,,,,,,
91,58,472.95,342.51,131.63,65.031,47.095,65.817,FP,,,,,,,
91,59,193.6,376.03,30.76,26.621,51.704,15.382,FP,,,,,,,
91,60,183.01,414.74,36.44,25.164,57.027,18.221,FP,,,,,,,
91,61,143.49,413.02,95.28,19.73,56.791,47.639,FP,,,,,,,
91,62,398.91,415.64,31.79,54.85,57.15,15.895,FP,,,,,,,
91,63,30.42,419.64,32.09,4.182,57.7,16.046,FP,,,,,,,
91,64,412.43,414.68,111.25,56.709,57.019,55.625,FP,,,,,,,
91,65,186.13,420.96,95.72,25.593,57.882,47.859,FP,,,,,,,
91,66,401.29,414.0,48.43,55.177,56.925,24.214,FP,,,,,,,
91,67,478.01,426.25,32.13,65.727,58.61,16.065,FP,,,,,,,
91,68,406.5,422.5,152.5,55.894,58.094,76.25,FP,,,,,,,
91,69,57.74,427.58,48.31,7.94,58.792,24.153,FP,,,,,,,
91,70,58.23,427.64,56.49,8.007,58.801,28.244,TP,41,0.068,3.526,3.526,-0.035,-0.058,-3.526
91,71,75.74,430.53,83.9,10.414,59.198,41.948,FP,,,,,,,
91,72,74.73,429.39,58.84,10.276,59.041,29.422,FP,,,,,,,
91,73,78.16,447.81,95.72,10.747,61.575,47.862,FP,,,,,,,
91,74,410.0,428.5,33.0,56.375,58.919,16.5,FP,,,,,,,
91,75,65.21,446.73,159.74,8.966,61.425,79.868,FP,,,,,,,
91,76,319.89,452.81,95.42,43.985,62.261,47.712,FP,,,,,,,
91,77,329.43,452.59,31.57,45.297,62.231,15.783,FP,,,,,,,
91,78,64.72,447.04,96.04,8.899,61.468,48.02,FP,,,,,,,
91,79,335.28,447.38,48.42,46.101,61.515,24.212,FP,,,,,,,
91,80,350.43,448.8,95.76,48.184,61.71,47.882,FP,,,,,,,
91,81,291.16,453.51,177.68,40.034,62.357,88.841,FP,,,,,,,
91,82,77.15,465.37,24.08,10.608,63.988,12.04,FP,,,,,,,
91,83,76.86,463.87,59.54,10.569,63.782,29.77,FP,,,,,,,
91,84,191.89,495.53,159.92,26.384,68.135,79.961,TP,49,1.058,0.808,1.332,0.999,0.348,-0.808
91,,,,,12.018,3.895,75.376,FN,0,,,,,,
91,,,,,41.46,9.876,37.178,FN,2,,,,,,
91,,,,,45.66,11.573,73.046,FN,3,,,,,,
91,,,,,41.649,12.896,86.703,FN,4,,,,,,
91,,,,,17.558,12.517,65.898,FN,5,,,,,,
91,,,,,53.465,12.511,33.384,FN,6,,,,,,
91,,,,,32.0,13.547,33.218,FN,7,,,,,,
91,,,,,38.803,18.481,76.726,FN,8,,,,,,
91,,,,,10.934,19.119,81.536,FN,9,,,,,,
91,,,,,60.78,18.828,83.919,FN,10,,,,,,
91,,,,,51.573,19.358,0.5,FN,11,,,,,,
91,,,,,52.34,19.628,85.329,FN,12,,,,,,
91,,,,,11.022,20.349,5.267,FN,13,,,,,,
91,,,,,65.208,21.175,62.701,FN,14,,,,,,
91,,,,,57.11,28.15,87.608,FN,15,,,,,,
91,,,,,6.042,28.338,95.089,FN,16,,,,,,
91,,,,,7.12,31.707,95.057,FN,17,,,,,,
91,,,,,38.886,33.665,16.973,FN,18,,,,,,
91,,,,,33.887,33.916,13.233,FN,19,,,,,,
91,,,,,18.783,35.538,27.988,FN,20,,,,,,
91,,,,,15.723,39.483,98.67,FN,21,,,,,,
91,,,,,54.449,40.603,65.664,FN,22,,,,,,
91,,,,,16.559,43.306,84.332,FN,23,,,,,,
91,,,,,67.973,43.613,4.277,FN,24,,,,,,
91,,,,,63.371,43.83,9.175,FN,25,,,,,,
91,,,,,49.337,44.659,78.307,FN,26,,,,,,
91,,,,,7.224,45.747,17.214,FN,28,,,,,,
91,,,,,2.303,46.227,38.56,FN,30,,,,,,
91,,,,,3.177,46.777,87.538,FN,31,,,,,,
91,,,,,54.767,47.46,98.361,FN,32,,,,,,
91,,,,,18.208,48.811,8.042,FN,33,,,,,,
91,,,,,22.779,51.226,65.241,FN,34,,,,,,
91,,,,,36.651,51.411,98.517,FN,35,,,,,,
91,,,,,24.944,57.323,2.764,FN,36,,,,,,
91,,,,,56.308,57.703,35.392,FN,37,,,,,,
91,,,,,55.216,58.219,9.415,FN,38,,,,,,
91,,,,,3.329,58.322,38.877,FN,39,,,,,,
91,,,,,16.044,57.493,67.993,FN,40,,,,,,
91,,,,,63.711,59.015,18.0,FN,42,,,,,,
91,,,,,10.23,59.266,64.159,FN,43,,,,,,
91,,,,,47.581,60.918,10.324,FN,44,,,,,,
91,,,,,49.21,63.336,41.426,FN,45,,,,,,
91,,,,,10.878,63.971,24.739,FN,46,,,,,,
91,,,,,43.536,63.583,41.055,FN,47,,,,,,
91,,,,,23.837,64.217,94.903,FN,48,,,,,,
97,0,62.62,5.12,32.25,8.611,0.705,16.125,FP,,,,,,,
97,1,345.82,24.8,28.38,47.551,3.41,14.191,FP,,,,,,,
97,2,346.66,28.61,48.77,47.666,3.933,24.384,TP,1,0.232,0.802,0.835,0.231,0.023,0.802
97,3,368.48,34.12,95.15,50.666,4.691,47.573,FP,,,,,,,
97,4,449.5,32.69,95.44,61.806,4.495,47.719,FP,,,,,,,
97,5,366.67,34.67,85.0,50.417,4.767,42.5,FP,,,,,,,
97,6,145.79,62.98,30.76,20.046,8.659,15.382,FP,,,,,,,
97,7,154.95,63.38,95.35,21.305,8.715,47.673,FP,,,,,,,
97,8,430.82,62.53,111.29,59.238,8.597,55.643,FP,,,,,,,
97,9,431.99,62.56,95.85,59.398,8.601,47.927,FP,,,,,,,
97,10,64.62,63.83,95.56,8.886,8.777,47.78,FP,,,,,,,
97,11,187.12,78.57,30.47,25.729,10.803,15.237,TP,5,0.412,2.267,2.305,0.009,0.412,-2.267
97,12,189.66,79.33,95.4,26.078,10.907,47.701,FP,,,,,,,
97,13,186.47,77.4,124.47,25.639,10.643,62.233,FP,,,,,,,
97,14,184.98,79.73,18.24,25.434,10.963,9.122,FP,,,,,,,
97,15,304.92,90.88,20.5,41.927,12.497,10.25,TP,6,0.198,3.774,3.779,-0.131,0.148,-3.774
97,16,183.0,79.0,20.0,25.163,10.863,10.0,FP,,,,,,,
97,17,190.0,79.0,13.0,26.125,10.863,6.5,FP,,,,,,,
97,18,306.45,90.07,108.67,42.136,12.384,54.335,FP,,,,,,,
97,19,305.96,93.5,96.43,42.07,12.857,48.217,FP,,,,,,,
97,20,216.55,123.08,95.05,29.776,16.924,47.525,FP,,,,,,,
97,21,463.85,142.61,115.55,63.78,19.609,57.777,FP,,,,,,,
97,22,474.24,153.57,51.68,65.208,21.117,25.84,FP,,,,,,,
97,23,67.06,143.57,96.06,9.221,19.741,48.031,FP,,,,,,,
97,24,464.7,142.07,95.71,63.896,19.534,47.855,FP,,,,,,,
97,25,64.25,144.58,31.55,8.834,19.88,15.775,FP,,,,,,,
97,26,401.98,143.56,56.0,55.272,19.739,28.0,FP,,,,,,,
97,27,69.04,145.57,131.56,9.492,20.016,65.781,FP,,,,,,,
97,28,365.8,148.23,32.77,50.297,20.381,16.384,FP,,,,,,,
97,29,470.5,142.67,44.5,64.694,19.617,22.25,FP,,,,,,,
97,30,401.9,145.0,47.16,55.262,19.938,23.581,FP,,,,,,,
97,31,67.0,144.0,120.0,9.213,19.8,60.0,FP,,,,,,,
97,32,68.96,145.62,124.06,9.482,20.022,62.032,FP,,,,,,,
97,33,409.2,144.5,114.1,56.265,19.869,57.05,FP,,,,,,,
97,34,479.69,152.42,23.5,65.957,20.957,11.749,FP,,,,,,,
97,35,460.0,149.0,124.0,63.25,20.488,62.0,FP,,,,,,,
97,36,478.91,151.09,32.7,65.851,20.774,16.348,FP,,,,,,,
97,37,458.53,154.2,98.78,63.048,21.202,49.389,FP,,,,,,,
97,38,488.72,157.61,105.58,67.199,21.671,52.788,FP,,,,,,,
97,39,290.06,164.19,96.11,39.884,22.576,48.053,FP,,,,,,,
97,40,479.08,173.74,25.13,65.873,23.889,12.563,FP,,,,,,,
97,41,474.54,174.02,95.52,65.25,23.928,47.76,FP,,,,,,,
97,42,492.84,168.76,116.08,67.766,23.205,58.04,FP,,,,,,,
97,43,153.43,190.67,31.34,21.097,26.217,15.669,FP,,,,,,,
97,44,156.53,191.9,95.5,21.523,26.387,47.752,FP,,,,,,,
97,45,305.18,189.73,168.61,41.963,26.088,84.307,FP,,,,,,,
97,46,77.51,190.08,96.0,10.658,26.136,48.0,FP,,,,,,,
97,47,148.77,190.26,13.09,20.456,26.161,6.544,FP,,,,,,,
97,48,320.8,189.8,96.07,44.11,26.098,48.033,FP,,,,,,,
97,49,64.7,193.04,32.08,8.896,26.543,16.038,FP,,,,,,,
97,50,153.56,194.0,115.23,21.114,26.674,57.615,FP,,,,,,,
97,51,153.0,193.1,124.2,21.038,26.551,62.1,FP,,,,,,,
97,52,192.78,206.88,31.52,26.508,28.446,15.762,FP,,,,,,,
97,53,186.18,228.54,117.48,25.599,31.424,58.739,FP,,,,,,,
97,54,248.77,226.88,110.93,34.206,31.195,55.465,FP,,,,,,,
97,55,188.66,235.94,56.37,25.941,32.442,28.185,FP,,,,,,,
97,56,189.28,237.04,95.95,26.026,32.593,47.974,FP,,,,,,,
97,57,181.98,234.36,68.41,25.023,32.224,34.203,FP,,,,,,,
97,58,191.0,236.0,105.0,26.263,32.45,52.5,FP,,,,,,,
97,59,450.3,249.05,59.81,61.916,34.244,29.905,FP,,,,,,,
97,60,453.41,250.06,68.04,62.344,34.384,34.021,FP,,,,,,,
97,61,448.51,267.29,95.65,61.671,36.752,47.825,FP,,,,,,,
97,62,454.71,258.43,124.5,62.523,35.534,62.25,FP,,,,,,,
97,63,454.0,258.0,121.0,62.425,35.475,60.5,FP,,,,,,,
97,64,446.5,268.5,56.5,61.394,36.919,28.25,FP,,,,,,,
97,65,448.48,280.9,32.15,61.666,38.623,16.076,FP,,,,,,,
97,66,98.48,284.37,111.45,13.541,39.101,55.727,TP,28,0.504,1.443,1.528,-0.252,0.436,-1.443
97,67,443.12,282.57,53.32,60.929,38.854,26.66,FP,,,,,,,
97,68,50.32,287.83,101.44,6.919,39.577,50.719,FP,,,,,,,
97,69,98.0,282.0,100.0,13.475,38.775,50.0,FP,,,,,,,
97,70,445.0,283.0,84.0,61.188,38.913,42.0,FP,,,,,,,
97,71,50.14,289.64,31.9,6.895,39.826,15.952,FP,,,,,,,
97,72,442.54,288.99,119.72,60.849,39.736,59.861,FP,,,,,,,
97,73,446.35,298.63,96.44,61.373,41.061,48.22,FP,,,,,,,
97,74,450.19,318.27,95.49,61.902,43.763,47.744,FP,,,,,,,
97,75,448.53,317.65,31.66,61.672,43.677,15.83,FP,,,,,,,
97,76,190.43,320.02,31.29,26.184,44.003,15.647,FP,,,,,,,
97,77,307.21,325.6,95.06,42.241,44.77,47.531,FP,,,,,,,
97,78,453.18,318.56,67.79,62.312,43.802,33.893,FP,,,,,,,
97,79,448.0,317.0,56.0,61.6,43.588,28.0,FP,,,,,,,
97,80,450.5,320.68,114.06,61.944,44.094,57.03,TP,32,0.966,0.557,1.115,-0.481,0.838,-0.557
97,81,313.28,329.66,84.26,43.076,45.329,42.131,FP,,,,,,,
97,82,310.13,334.42,132.12,42.643,45.983,66.061,TP,33,0.594,1.958,2.046,-0.036,0.593,-1.958
97,83,108.28,364.43,31.29,14.889,50.109,15.645,FP,,,,,,,
97,84,353.44,365.86,95.71,48.599,50.305,47.857,FP,,,,,,,
97,85,31.53,366.82,32.88,4.335,50.438,16.441,FP,,,,,,,
97,86,31.73,366.5,41.14,4.363,50.394,20.568,FP,,,,,,,
97,87,31.0,366.0,57.5,4.263,50.325,28.75,FP,,,,,,,
97,88,18.3,375.15,32.3,2.516,51.583,16.15,FP,,,,,,,
97,89,109.63,378.88,159.2,15.074,52.096,79.599,FP,,,,,,,
97,90,355.14,377.93,96.14,48.832,51.965,48.071,FP,,,,,,,
97,91,30.79,390.67,31.93,4.234,53.717,15.965,FP,,,,,,,
97,92,360.64,391.53,32.69,49.588,53.836,16.344,TP,37,0.617,3.513,3.567,0.139,0.601,-3.513
97,93,271.76,429.96,96.09,37.367,59.119,48.043,TP,41,0.216,0.707,0.739,-0.171,0.132,-0.707
97,94,271.25,428.56,54.41,37.297,58.927,27.207,FP,,,,,,,
97,95,272.36,430.07,31.44,37.449,59.135,15.722,FP,,,,,,,
97,96,272.55,430.59,110.94,37.475,59.207,55.472,FP,,,,,,,
97,97,200.52,444.52,185.91,27.572,61.122,92.957,FP,,,,,,,
97,98,352.69,451.42,31.74,48.495,62.07,15.871,FP,,,,,,,
97,99,449.0,446.5,32.5,61.738,61.394,16.25,FP,,,,,,,
97,100,353.61,453.32,95.75,48.622,62.331,47.874,FP,,,,,,,
97,101,64.48,460.98,95.65,8.866,63.385,47.827,FP,,,,,,,
97,102,73.44,463.84,48.26,10.099,63.778,24.129,FP,,,,,,,
97,103,357.0,456.0,116.0,49.088,62.7,58.0,FP,,,,,,,
97,104,362.5,458.5,104.5,49.844,63.044,52.25,FP,,,,,,,
97,105,66.41,465.26,168.01,9.132,63.974,84.004,FP,,,,,,,
97,106,72.81,463.18,109.79,10.012,63.687,54.897,FP,,,,,,,
97,107,447.13,491.09,95.59,61.481,67.525,47.797,FP,,,,,,,
97,108,455.83,479.32,20.6,62.677,65.907,10.302,FP,,,,,,,
97,109,63.96,491.31,95.16,8.795,67.555,47.581,FP,,,,,,,
97,,,,,8.571,1.019,42.827,FN,0,,,,,,
97,,,,,51.11,5.274,57.301,FN,2,,,,,,
97,,,,,19.798,8.443,8.0,FN,3,,,,,,
97,,,,,60.112,8.575,76.845,FN,4,,,,,,
97,,,,,30.159,16.006,84.024,FN,7,,,,,,
97,,,,,11.236,16.052,98.097,FN,8,,,,,,
97,,,,,64.634,19.52,36.689,FN,9,,,,,,
97,,,,,55.426,19.828,51.769,FN,10,,,,,,
97,,,,,10.106,19.975,35.581,FN,11,,,,,,
97,,,,,50.228,20.913,43.634,FN,12,,,,,,
97,,,,,66.104,20.729,0.719,FN,13,,,,,,
97,,,,,16.686,21.957,68.85,FN,14,,,,,,
97,,,,,65.063,23.758,26.269,FN,15,,,,,,
97,,,,,41.282,24.108,82.585,FN,16,,,,,,
97,,,,,68.854,23.138,92.557,FN,17,,,,,,
97,,,,,68.294,26.169,67.238,FN,18,,,,,,
97,,,,,21.064,26.516,33.886,FN,19,,,,,,
97,,,,,33.443,30.339,73.836,FN,20,,,,,,
97,,,,,51.514,30.095,87.764,FN,21,,,,,,
97,,,,,34.383,31.256,37.439,FN,22,,,,,,
97,,,,,25.208,32.136,39.899,FN,23,,,,,,
97,,,,,45.326,32.693,91.195,FN,24,,,,,,
97,,,,,27.358,32.533,5.938,FN,25,,,,,,
97,,,,,30.429,33.742,98.214,FN,26,,,,,,
97,,,,,62.077,35.332,20.769,FN,27,,,,,,
97,,,,,60.372,39.462,76.051,FN,29,,,,,,
97,,,,,6.963,39.555,26.776,FN,30,,,,,,
97,,,,,61.325,39.851,8.274,FN,31,,,,,,
97,,,,,14.675,51.659,12.477,FN,34,,,,,,
97,,,,,31.149,53.174,92.489,FN,35,,,,,,
97,,,,,4.281,52.484,11.081,FN,36,,,,,,
97,,,,,19.113,55.138,0.75,FN,38,,,,,,
97,,,,,58.566,55.62,97.162,FN,39,,,,,,
97,,,,,5.3,58.874,97.441,FN,40,,,,,,
97,,,,,49.461,61.838,7.129,FN,42,,,,,,
97,,,,,68.105,62.867,94.994,FN,43,,,,,,
97,,,,,10.248,63.16,46.688,FN,44,,,,,,
97,,,,,10.678,65.716,49.231,FN,45,,,,,,
97,,,,,62.956,65.713,25.0,FN,46,,,,,,
97,,,,,7.252,65.888,79.938,FN,47,,,,,,
97,,,,,47.173,69.151,80.359,FN,48,,,,,,
97,,,,,27.567,69.413,88.0,FN,49,,,,,,
