vol_idx,pred_id,x_px,y_px,z_plane,x_um,y_um,z_um,status,gt_id,err_xy_um,err_z_um,err_um,dx_um,dy_um,dz_um
103,0,58.79,24.99,36.88,8.084,3.436,18.438,FP,,,,,,,
103,1,54.78,8.18,107.78,7.532,1.124,53.892,FP,,,,,,,
103,2,54.08,5.92,119.25,7.436,0.814,59.625,FP,,,,,,,
103,3,58.05,22.52,96.93,7.982,3.096,48.465,FP,,,,,,,
103,4,59.31,24.87,19.33,8.155,3.42,9.667,FP,,,,,,,
103,5,57.2,24.4,55.2,7.865,3.355,27.6,FP,,,,,,,
103,6,58.89,25.33,15.67,8.097,3.483,7.833,FP,,,,,,,
103,7,58.0,25.0,23.0,7.975,3.438,11.5,FP,,,,,,,
103,8,58.0,29.0,62.0,7.975,3.988,31.0,FP,,,,,,,
103,9,60.0,30.0,107.0,8.25,4.125,53.5,FP,,,,,,,
103,10,439.84,44.12,30.76,60.479,6.066,15.381,TP,4,0.045,1.683,1.683,-0.038,-0.024,1.683
103,11,144.68,44.78,95.37,19.893,6.157,47.686,FP,,,,,,,
103,12,441.06,43.56,17.01,60.646,5.99,8.507,FP,,,,,,,
103,13,135.6,41.9,83.23,18.646,5.762,41.616,FP,,,,,,,
103,14,149.96,45.39,36.08,20.62,6.242,18.04,FP,,,,,,,
103,15,440.06,44.61,95.35,60.508,6.134,47.674,FP,,,,,,,
103,16,440.71,43.59,51.34,60.597,5.993,25.67,FP,,,,,,,
103,17,440.64,42.97,56.32,60.588,5.909,28.16,FP,,,,,,,
103,18,152.23,44.97,18.43,20.932,6.183,9.216,FP,,,,,,,
103,19,440.06,43.88,166.61,60.508,6.034,83.303,FP,,,,,,,
103,20,440.3,45.47,39.4,60.541,6.252,19.699,FP,,,,,,,
103,21,136.44,44.64,115.32,18.76,6.138,57.66,FP,,,,,,,
103,22,440.16,45.11,47.52,60.522,6.203,23.758,FP,,,,,,,
103,23,150.95,45.67,56.87,20.755,6.279,28.435,FP,,,,,,,
103,24,439.33,44.92,43.54,60.407,6.177,21.769,FP,,,,,,,
103,25,152.21,45.65,23.35,20.928,6.276,11.676,FP,,,,,,,
103,26,441.83,44.83,8.0,60.752,6.165,4.0,FP,,,,,,,
103,27,282.95,57.95,27.05,38.906,7.968,13.523,FP,,,,,,,
103,28,280.59,60.7,96.32,38.581,8.347,48.159,FP,,,,,,,
103,29,283.45,58.25,51.86,38.975,8.009,25.932,FP,,,,,,,
103,30,283.28,58.26,165.22,38.951,8.01,82.612,FP,,,,,,,
103,31,282.41,60.3,39.44,38.832,8.292,19.718,FP,,,,,,,
103,32,280.5,61.5,115.5,38.569,8.456,57.75,FP,,,,,,,
103,33,280.5,61.2,119.4,38.569,8.415,59.7,FP,,,,,,,
103,34,280.33,61.5,107.67,38.546,8.456,53.833,FP,,,,,,,
103,35,279.97,81.67,96.33,38.497,11.23,48.165,FP,,,,,,,
103,36,422.93,119.95,27.45,58.153,16.493,13.727,TP,6,0.182,1.873,1.882,0.179,-0.034,1.873
103,37,423.32,121.21,51.23,58.206,16.666,25.614,FP,,,,,,,
103,38,424.15,122.47,168.7,58.321,16.84,84.35,FP,,,,,,,
103,39,419.88,121.89,95.76,57.734,16.76,47.878,FP,,,,,,,
103,40,421.0,122.29,108.0,57.888,16.814,54.0,FP,,,,,,,
103,41,424.67,122.67,160.0,58.392,16.867,80.0,FP,,,,,,,
103,42,363.63,133.1,31.18,49.999,18.301,15.59,FP,,,,,,,
103,43,309.46,149.66,0.99,42.55,20.578,0.495,FP,,,,,,,
103,44,311.12,152.91,30.98,42.779,21.025,15.492,FP,,,,,,,
103,45,13.8,170.51,95.8,1.897,23.445,47.898,TP,9,0.228,1.175,1.197,-0.227,0.025,1.175
103,46,12.75,171.52,31.27,1.754,23.585,15.634,FP,,,,,,,
103,47,4.33,201.0,95.22,0.596,27.638,47.611,FP,,,,,,,
103,48,332.67,213.25,39.49,45.743,29.322,19.744,TP,11,0.097,3.645,3.646,0.064,-0.073,3.645
103,49,333.23,212.8,19.11,45.819,29.26,9.554,FP,,,,,,,
103,50,330.67,214.64,101.83,45.467,29.513,50.913,FP,,,,,,,
103,51,332.79,214.04,165.63,45.758,29.431,82.817,FP,,,,,,,
103,52,332.5,212.67,175.0,45.719,29.242,87.5,FP,,,,,,,
103,53,332.71,214.38,147.6,45.747,29.477,73.802,FP,,,,,,,
103,54,332.5,214.5,123.0,45.719,29.494,61.5,FP,,,,,,,
103,55,499.96,219.98,33.43,68.745,30.247,16.713,FP,,,,,,,
103,56,498.32,218.8,48.97,68.519,30.086,24.486,FP,,,,,,,
103,57,59.31,250.94,98.32,8.156,34.505,49.158,FP,,,,,,,
103,58,62.17,250.43,31.49,8.548,34.434,15.746,FP,,,,,,,
103,59,57.72,251.72,115.39,7.937,34.612,57.694,FP,,,,,,,
103,60,57.5,252.0,111.0,7.906,34.65,55.5,FP,,,,,,,
103,61,60.33,259.79,99.68,8.295,35.721,49.841,FP,,,,,,,
103,62,61.09,263.2,31.55,8.4,36.191,15.776,FP,,,,,,,
103,63,61.08,261.31,51.08,8.398,35.93,25.538,FP,,,,,,,
103,64,60.5,261.5,48.0,8.319,35.956,24.0,FP,,,,,,,
103,65,265.22,270.65,36.58,36.467,37.214,18.288,FP,,,,,,,
103,66,144.76,300.86,95.26,19.904,41.368,47.628,FP,,,,,,,
103,67,147.35,301.81,31.36,20.261,41.499,15.678,TP,14,0.522,2.947,2.993,0.368,-0.37,2.947
103,68,141.95,304.79,167.3,19.518,41.909,83.652,FP,,,,,,,
103,69,177.89,349.53,96.01,24.46,48.06,48.004,FP,,,,,,,
103,70,177.17,350.02,32.36,24.361,48.127,16.18,FP,,,,,,,
103,71,177.11,350.63,43.49,24.352,48.212,21.744,FP,,,,,,,
103,72,177.15,350.36,54.73,24.359,48.174,27.363,FP,,,,,,,
103,73,91.04,376.78,97.33,12.518,51.807,48.666,TP,16,1.007,2.185,2.406,0.606,0.805,2.185
103,74,88.83,377.62,32.06,12.214,51.922,16.032,FP,,,,,,,
103,75,90.58,378.71,107.48,12.454,52.073,53.74,FP,,,,,,,
103,76,98.23,389.68,43.75,13.507,53.581,21.874,FP,,,,,,,
103,77,98.15,390.11,31.07,13.496,53.641,15.533,FP,,,,,,,
103,78,98.39,388.98,54.18,13.528,53.485,27.089,FP,,,,,,,
103,79,97.71,389.71,35.29,13.436,53.586,17.643,FP,,,,,,,
103,,,,,8.02,1.972,23.497,FN,0,,,,,,
103,,,,,8.142,4.615,63.47,FN,1,,,,,,
103,,,,,21.626,6.094,41.094,FN,2,,,,,,
103,,,,,19.091,6.284,6.531,FN,3,,,,,,
103,,,,,38.847,7.911,8.281,FN,5,,,,,,
103,,,,,50.02,18.403,85.762,FN,7,,,,,,
103,,,,,42.474,20.71,95.03,FN,8,,,,,,
103,,,,,68.353,30.128,80.078,FN,10,,,,,,
103,,,,,8.427,35.402,40.764,FN,12,,,,,,
103,,,,,36.641,37.144,83.254,FN,13,,,,,,
103,,,,,24.363,48.061,75.46,FN,15,,,,,,
103,,,,,13.635,53.628,74.304,FN,17,,,,,,
103,,,,,60.357,67.677,93.097,FN,18,,,,,,
103,,,,,15.006,69.535,95.506,FN,19,,,,,,
104,0,176.45,4.83,96.55,24.261,0.665,48.276,FP,,,,,,,
104,1,289.03,70.61,99.43,39.741,9.709,49.713,FP,,,,,,,
104,2,288.09,71.2,31.59,39.613,9.789,15.797,FP,,,,,,,
104,3,286.9,68.5,119.3,39.449,9.419,59.65,FP,,,,,,,
104,4,287.5,69.0,123.0,39.531,9.488,61.5,FP,,,,,,,
104,5,462.83,121.8,95.9,63.639,16.747,47.95,FP,,,,,,,
104,6,460.27,121.63,32.81,63.287,16.724,16.407,FP,,,,,,,
104,7,458.08,121.89,48.78,62.985,16.76,24.39,FP,,,,,,,
104,8,460.71,122.33,20.15,63.347,16.821,10.073,FP,,,,,,,
104,9,462.78,122.54,82.7,63.632,16.849,41.349,FP,,,,,,,
104,10,391.5,144.8,31.21,53.831,19.91,15.605,FP,,,,,,,
104,11,391.84,142.58,18.93,53.878,19.605,9.467,FP,,,,,,,
104,12,390.01,145.38,48.36,53.627,19.989,24.18,FP,,,,,,,
104,13,391.11,144.86,23.43,53.777,19.919,11.713,FP,,,,,,,
104,14,387.8,149.95,108.27,53.322,20.618,54.133,FP,,,,,,,
104,15,377.57,150.22,31.45,51.916,20.655,15.723,FP,,,,,,,
104,16,381.0,148.29,95.0,52.388,20.389,47.5,FP,,,,,,,
104,17,386.75,149.71,83.5,53.178,20.585,41.75,FP,,,,,,,
104,18,459.5,186.56,95.01,63.181,25.652,47.503,FP,,,,,,,
104,19,459.29,188.0,31.56,63.152,25.85,15.78,FP,,,,,,,
104,20,101.9,235.71,34.28,14.011,32.41,17.139,FP,,,,,,,
104,21,100.49,233.0,95.73,13.817,32.037,47.865,FP,,,,,,,
104,22,100.6,232.62,161.1,13.833,31.986,80.552,FP,,,,,,,
104,23,100.33,230.36,115.49,13.796,31.674,57.744,FP,,,,,,,
104,24,101.6,233.74,82.6,13.97,32.139,41.3,FP,,,,,,,
104,25,100.38,230.25,119.38,13.802,31.659,59.688,FP,,,,,,,
104,26,100.52,231.35,187.17,13.822,31.81,93.587,FP,,,,,,,
104,27,100.46,233.04,180.43,13.813,32.043,90.216,FP,,,,,,,
104,28,101.12,234.0,87.25,13.905,32.175,43.625,FP,,,,,,,
104,29,101.62,249.0,55.52,13.972,34.237,27.76,FP,,,,,,,
104,30,100.0,249.0,59.0,13.75,34.237,29.5,FP,,,,,,,
104,31,221.73,272.73,32.45,30.487,37.5,16.223,FP,,,,,,,
104,32,479.66,285.94,35.29,65.953,39.317,17.645,FP,,,,,,,
104,33,406.07,292.11,32.13,55.835,40.165,16.064,FP,,,,,,,
104,34,500.81,349.27,31.42,68.861,48.025,15.711,FP,,,,,,,
104,35,501.33,347.94,96.06,68.933,47.842,48.028,FP,,,,,,,
104,36,504.5,348.5,19.0,69.369,47.919,9.5,FP,,,,,,,
104,37,479.1,378.39,31.21,65.876,52.028,15.605,FP,,,,,,,
104,38,120.9,394.74,31.41,16.623,54.277,15.703,FP,,,,,,,
104,39,120.03,400.15,91.63,16.504,55.02,45.813,TP,12,0.15,1.82,1.826,-0.104,0.108,-1.82
104,40,120.33,400.33,65.0,16.546,55.046,32.5,FP,,,,,,,
104,41,477.34,406.32,42.77,65.634,55.869,21.384,FP,,,,,,,
104,42,325.29,426.58,167.18,44.727,58.655,83.589,FP,,,,,,,
104,43,280.81,436.19,30.54,38.612,59.976,15.27,TP,15,0.127,2.984,2.987,0.127,0.005,-2.984
104,44,280.16,436.13,100.96,38.522,59.968,50.478,FP,,,,,,,
104,45,279.05,435.84,17.68,38.369,59.928,8.839,FP,,,,,,,
104,46,279.38,439.0,167.51,38.415,60.362,83.754,FP,,,,,,,
104,47,281.17,436.38,50.22,38.661,60.003,25.11,FP,,,,,,,
104,48,280.32,436.4,43.5,38.544,60.005,21.75,FP,,,,,,,
104,49,282.65,436.44,57.49,38.864,60.01,28.746,FP,,,,,,,
104,50,279.86,436.78,39.46,38.481,60.058,19.73,FP,,,,,,,
104,51,278.6,439.25,159.25,38.308,60.397,79.625,FP,,,,,,,
104,52,415.74,442.58,32.71,57.164,60.855,16.355,FP,,,,,,,
104,53,416.14,442.32,43.32,57.22,60.819,21.661,FP,,,,,,,
104,54,378.11,448.12,32.16,51.99,61.617,16.081,FP,,,,,,,
104,55,377.45,447.75,51.45,51.899,61.566,25.725,FP,,,,,,,
104,56,377.5,446.5,95.0,51.906,61.394,47.5,FP,,,,,,,
104,57,377.5,448.0,55.0,51.906,61.6,27.5,FP,,,,,,,
104,58,176.32,505.9,31.77,24.244,69.562,15.884,FP,,,,,,,
104,59,172.4,506.6,51.2,23.705,69.658,25.6,FP,,,,,,,
104,,,,,4.344,1.153,93.823,FN,0,,,,,,
104,,,,,39.8,9.67,40.881,FN,1,,,,,,
104,,,,,35.572,12.351,86.909,FN,2,,,,,,
104,,,,,63.452,16.675,53.565,FN,3,,,,,,
104,,,,,53.139,20.502,28.82,FN,4,,,,,,
104,,,,,63.377,25.695,66.21,FN,5,,,,,,
104,,,,,54.652,29.586,81.081,FN,6,,,,,,
104,,,,,14.012,31.948,2.02,FN,7,,,,,,
104,,,,,30.44,37.641,90.326,FN,8,,,,,,
104,,,,,65.933,39.17,85.692,FN,9,,,,,,
104,,,,,55.683,39.988,81.655,FN,10,,,,,,
104,,,,,69.063,47.858,38.458,FN,11,,,,,,
104,,,,,66.034,55.829,76.576,FN,13,,,,,,
104,,,,,44.9,58.626,9.523,FN,14,,,,,,
104,,,,,57.11,60.682,85.744,FN,16,,,,,,
104,,,,,51.804,61.417,68.222,FN,17,,,,,,
104,,,,,30.66,65.604,89.36,FN,18,,,,,,
104,,,,,24.451,69.505,60.626,FN,19,,,,,,
105,0,370.07,40.58,31.46,50.884,5.579,15.731,FP,,,,,,,
105,1,367.62,40.2,19.41,50.547,5.528,9.704,FP,,,,,,,
105,2,236.51,47.08,96.74,32.521,6.473,48.372,TP,1,0.547,1.01,1.148,-0.079,0.541,1.01
105,3,368.04,40.84,95.65,50.606,5.615,47.827,FP,,,,,,,
105,4,241.87,45.96,31.57,33.258,6.32,15.783,FP,,,,,,,
105,5,338.48,43.43,95.1,46.54,5.971,47.55,FP,,,,,,,
105,6,366.3,41.22,15.5,50.367,5.667,7.75,FP,,,,,,,
105,7,242.92,44.99,18.44,33.402,6.186,9.22,FP,,,,,,,
105,8,376.0,40.0,19.0,51.7,5.5,9.5,FP,,,,,,,
105,9,237.73,46.29,51.37,32.688,6.365,25.683,FP,,,,,,,
105,10,238.5,45.5,23.0,32.794,6.256,11.5,FP,,,,,,,
105,11,246.0,45.5,23.0,33.825,6.256,11.5,FP,,,,,,,
105,12,237.25,48.25,107.0,32.622,6.634,53.5,FP,,,,,,,
105,13,13.68,139.47,95.38,1.882,19.177,47.692,FP,,,,,,,
105,14,20.59,142.42,31.08,2.831,19.583,15.542,TP,4,0.505,3.128,3.168,0.472,-0.179,3.128
105,15,11.07,136.18,83.43,1.522,18.725,41.713,FP,,,,,,,
105,16,22.68,140.26,18.14,3.119,19.285,9.07,FP,,,,,,,
105,17,22.32,138.76,23.47,3.069,19.08,11.733,FP,,,,,,,
105,18,21.22,141.61,51.14,2.917,19.471,25.568,FP,,,,,,,
105,19,60.37,211.15,29.92,8.3,29.033,14.962,FP,,,,,,,
105,20,419.04,221.86,96.18,57.618,30.505,48.09,FP,,,,,,,
105,21,418.04,222.73,40.93,57.481,30.625,20.464,FP,,,,,,,
105,22,417.59,222.28,107.52,57.418,30.563,53.759,FP,,,,,,,
105,23,191.11,251.07,57.61,26.277,34.521,28.804,FP,,,,,,,
105,24,191.11,251.62,30.59,26.277,34.598,15.295,FP,,,,,,,
105,25,191.35,251.65,49.84,26.31,34.603,24.92,FP,,,,,,,
105,26,191.67,252.33,44.0,26.354,34.696,22.0,FP,,,,,,,
105,27,138.61,271.04,30.77,19.059,37.269,15.387,FP,,,,,,,
105,28,138.46,268.15,17.76,19.039,36.87,8.88,FP,,,,,,,
105,29,136.97,273.45,51.35,18.833,37.6,25.677,FP,,,,,,,
105,30,136.75,274.25,55.75,18.803,37.709,27.875,FP,,,,,,,
105,31,138.93,278.8,95.48,19.104,38.336,47.739,FP,,,,,,,
105,32,311.96,287.5,95.14,42.894,39.532,47.57,FP,,,,,,,
105,33,281.0,285.5,31.0,38.638,39.256,15.5,FP,,,,,,,
105,34,308.09,300.53,31.66,42.363,41.323,15.828,FP,,,,,,,
105,35,307.08,302.92,59.0,42.224,41.651,29.5,FP,,,,,,,
105,36,53.12,310.48,97.14,7.304,42.691,48.572,FP,,,,,,,
105,37,52.28,309.93,46.99,7.189,42.616,23.496,FP,,,,,,,
105,38,304.23,312.53,95.39,41.831,42.973,47.696,FP,,,,,,,
105,39,54.0,310.5,107.0,7.425,42.694,53.5,FP,,,,,,,
105,40,307.52,315.44,108.28,42.283,43.372,54.138,FP,,,,,,,
105,41,308.17,314.17,115.0,42.373,43.198,57.5,FP,,,,,,,
105,42,307.53,316.29,103.41,42.285,43.49,51.706,FP,,,,,,,
105,43,248.35,326.18,31.05,34.148,44.849,15.524,FP,,,,,,,
105,44,157.52,332.64,95.16,21.659,45.738,47.579,FP,,,,,,,
105,45,160.01,335.96,31.66,22.001,46.195,15.831,FP,,,,,,,
105,46,157.73,332.2,146.48,21.688,45.678,73.242,FP,,,,,,,
105,47,478.76,334.5,30.63,65.83,45.993,15.316,FP,,,,,,,
105,48,158.93,334.08,53.03,21.853,45.937,26.517,FP,,,,,,,
105,49,158.74,332.53,158.2,21.826,45.723,79.102,FP,,,,,,,
105,50,159.66,333.98,168.49,21.954,45.923,84.247,FP,,,,,,,
105,51,158.75,331.67,129.0,21.828,45.604,64.5,FP,,,,,,,
105,52,160.43,333.11,179.29,22.059,45.802,89.643,FP,,,,,,,
105,53,475.56,334.9,96.35,65.39,46.048,48.173,FP,,,,,,,
105,54,250.16,333.19,95.68,34.397,45.814,47.838,FP,,,,,,,
105,55,159.62,335.75,43.49,21.948,46.166,21.745,FP,,,,,,,
105,56,260.5,333.5,171.0,35.819,45.856,85.5,FP,,,,,,,
105,57,159.45,336.29,39.5,21.925,46.24,19.75,FP,,,,,,,
105,58,289.95,344.61,31.43,39.868,47.383,15.713,FP,,,,,,,
105,59,249.33,352.88,96.14,34.282,48.521,48.071,FP,,,,,,,
105,60,327.08,364.37,95.43,44.973,50.101,47.716,FP,,,,,,,
105,61,327.85,373.57,26.78,45.079,51.366,13.389,FP,,,,,,,
105,62,327.17,365.19,163.39,44.986,50.214,81.696,FP,,,,,,,
105,63,327.7,371.69,51.99,45.059,51.107,25.993,FP,,,,,,,
105,64,327.07,363.51,129.05,44.973,49.983,64.524,FP,,,,,,,
105,65,326.68,365.09,145.76,44.918,50.2,72.88,FP,,,,,,,
105,66,328.0,366.14,43.57,45.1,50.345,21.786,FP,,,,,,,
105,67,327.76,377.2,43.5,45.068,51.864,21.752,FP,,,,,,,
105,68,327.22,377.64,39.49,44.993,51.926,19.744,FP,,,,,,,
105,69,328.1,377.1,59.0,45.114,51.851,29.5,FP,,,,,,,
105,70,89.4,388.4,43.8,12.293,53.405,21.9,FP,,,,,,,
105,71,320.74,461.25,95.83,44.102,63.422,47.913,FP,,,,,,,
105,72,321.08,461.21,32.35,44.148,63.416,16.173,FP,,,,,,,
105,73,321.56,461.13,48.44,44.214,63.405,24.22,FP,,,,,,,
105,74,322.33,460.58,103.17,44.321,63.33,51.583,FP,,,,,,,
105,75,321.51,461.44,61.67,44.208,63.447,30.833,FP,,,,,,,
105,76,321.29,461.29,55.29,44.177,63.427,27.643,FP,,,,,,,
105,77,200.12,480.91,95.65,27.517,66.125,47.826,FP,,,,,,,
105,78,330.16,504.53,31.37,45.397,69.373,15.686,FP,,,,,,,
105,79,329.64,505.88,56.6,45.325,69.558,28.301,FP,,,,,,,
105,80,325.96,507.13,95.4,44.819,69.731,47.7,FP,,,,,,,
105,81,324.5,507.5,99.0,44.619,69.781,49.5,FP,,,,,,,
105,,,,,50.943,5.579,21.46,FN,0,,,,,,
105,,,,,33.055,6.577,36.149,FN,2,,,,,,
105,,,,,1.227,8.231,71.087,FN,3,,,,,,
105,,,,,8.53,29.248,6.747,FN,5,,,,,,
105,,,,,57.544,30.519,66.853,FN,6,,,,,,
105,,,,,26.402,34.922,71.253,FN,7,,,,,,
105,,,,,19.155,37.923,20.731,FN,8,,,,,,
105,,,,,42.734,38.894,52.061,FN,9,,,,,,
105,,,,,42.29,42.938,31.914,FN,10,,,,,,
105,,,,,7.29,42.538,73.009,FN,11,,,,,,
105,,,,,35.168,45.427,6.431,FN,12,,,,,,
105,,,,,21.904,45.622,6.224,FN,13,,,,,,
105,,,,,65.513,45.927,33.242,FN,14,,,,,,
105,,,,,44.988,50.039,7.331,FN,15,,,,,,
105,,,,,11.956,52.783,71.273,FN,16,,,,,,
105,,,,,44.245,63.35,70.25,FN,17,,,,,,
105,,,,,27.306,66.153,77.669,FN,18,,,,,,
105,,,,,45.474,69.197,74.677,FN,19,,,,,,
118,0,284.56,70.42,95.52,39.127,9.683,47.76,FP,,,,,,,
118,1,77.6,76.8,97.24,10.67,10.56,48.619,FP,,,,,,,
118,2,76.93,76.2,108.85,10.578,10.478,54.425,TP,3,0.119,0.404,0.421,-0.091,0.076,-0.404
118,3,77.18,76.21,82.18,10.612,10.479,41.09,FP,,,,,,,
118,4,76.29,77.56,31.67,10.49,10.665,15.835,FP,,,,,,,
118,5,76.51,76.11,87.6,10.521,10.466,43.8,FP,,,,,,,
118,6,77.44,76.51,115.33,10.647,10.521,57.667,FP,,,,,,,
118,7,77.44,76.25,75.31,10.648,10.484,37.656,FP,,,,,,,
118,8,418.61,186.11,96.21,57.558,25.591,48.104,FP,,,,,,,
118,9,417.48,188.24,31.45,57.404,25.883,15.724,FP,,,,,,,
118,10,28.83,251.13,95.43,3.965,34.531,47.717,FP,,,,,,,
118,11,433.07,268.89,31.46,59.548,36.972,15.732,TP,8,0.332,0.206,0.391,0.259,-0.207,0.206
118,12,432.92,267.79,18.01,59.526,36.821,9.007,FP,,,,,,,
118,13,432.81,266.37,47.72,59.511,36.625,23.86,FP,,,,,,,
118,14,432.33,266.56,23.44,59.445,36.652,11.719,FP,,,,,,,
118,15,432.6,266.6,39.5,59.482,36.657,19.748,FP,,,,,,,
118,16,434.83,263.6,55.53,59.788,36.245,27.763,FP,,,,,,,
118,17,431.77,271.99,95.38,59.368,37.399,47.692,FP,,,,,,,
118,18,364.57,283.86,95.91,50.128,39.03,47.953,FP,,,,,,,
118,19,362.91,284.71,32.35,49.901,39.148,16.176,FP,,,,,,,
118,20,414.78,282.11,95.33,57.032,38.79,47.667,FP,,,,,,,
118,21,362.64,284.19,44.47,49.862,39.077,22.237,FP,,,,,,,
118,22,361.5,283.0,51.0,49.706,38.913,25.5,FP,,,,,,,
118,23,227.36,294.66,95.45,31.261,40.515,47.724,FP,,,,,,,
118,24,233.29,303.86,32.03,32.077,41.78,16.016,FP,,,,,,,
118,25,347.56,325.14,42.51,47.789,44.707,21.256,FP,,,,,,,
118,26,332.17,344.98,31.69,45.673,47.434,15.847,FP,,,,,,,
118,27,332.0,345.94,43.25,45.65,47.566,21.625,FP,,,,,,,
118,28,332.33,345.67,40.0,45.696,47.529,20.0,FP,,,,,,,
118,29,431.01,374.75,104.77,59.263,51.529,52.386,FP,,,,,,,
118,30,430.69,375.44,115.37,59.22,51.623,57.683,FP,,,,,,,
118,31,434.29,378.06,31.32,59.715,51.983,15.66,FP,,,,,,,
118,32,434.43,378.29,19.38,59.734,52.015,9.692,FP,,,,,,,
118,33,316.5,378.5,167.0,43.519,52.044,83.5,FP,,,,,,,
118,34,413.76,420.21,96.69,56.892,57.778,48.344,FP,,,,,,,
118,35,413.86,419.77,42.54,56.906,57.719,21.271,FP,,,,,,,
118,36,413.98,419.44,107.48,56.922,57.673,53.74,FP,,,,,,,
118,37,75.35,488.94,31.81,10.36,67.23,15.906,FP,,,,,,,
118,38,74.22,487.66,96.49,10.206,67.054,48.243,TP,18,0.694,2.674,2.763,-0.584,-0.375,2.674
118,39,74.25,485.8,51.77,10.209,66.798,25.886,FP,,,,,,,
118,40,101.58,478.46,30.88,13.968,65.788,15.438,FP,,,,,,,
118,41,105.42,480.37,1.0,14.495,66.05,0.5,FP,,,,,,,
118,42,74.29,486.14,39.48,10.215,66.844,19.738,FP,,,,,,,
118,43,106.0,480.67,12.67,14.575,66.092,6.333,FP,,,,,,,
118,44,75.72,486.24,19.08,10.411,66.858,9.54,FP,,,,,,,
118,45,74.0,486.0,83.0,10.175,66.825,41.5,FP,,,,,,,
118,46,69.04,506.41,95.57,9.493,69.632,47.784,FP,,,,,,,
118,47,78.0,505.0,19.0,10.725,69.438,9.5,FP,,,,,,,
118,48,245.3,506.38,31.42,33.728,69.627,15.711,FP,,,,,,,
118,,,,,69.338,1.353,19.792,FN,0,,,,,,
118,,,,,60.683,2.849,95.0,FN,1,,,,,,
118,,,,,39.351,9.533,88.0,FN,2,,,,,,
118,,,,,68.067,17.238,84.191,FN,4,,,,,,
118,,,,,57.425,25.653,70.375,FN,5,,,,,,
118,,,,,69.168,31.753,94.012,FN,6,,,,,,
118,,,,,4.427,35.387,63.524,FN,7,,,,,,
118,,,,,50.019,38.981,59.941,FN,9,,,,,,
118,,,,,31.715,40.459,42.291,FN,10,,,,,,
118,,,,,32.418,42.01,87.988,FN,11,,,,,,
118,,,,,47.807,44.51,74.069,FN,12,,,,,,
118,,,,,45.699,47.397,75.702,FN,13,,,,,,
118,,,,,59.398,51.433,30.506,FN,14,,,,,,
118,,,,,57.007,57.622,67.087,FN,15,,,,,,
118,,,,,10.756,65.57,16.817,FN,16,,,,,,
118,,,,,14.547,66.149,94.628,FN,17,,,,,,
118,,,,,33.173,69.352,51.041,FN,19,,,,,,
119,0,46.08,4.96,95.42,6.336,0.682,47.712,FP,,,,,,,
119,1,440.18,5.18,31.29,60.524,0.712,15.647,FP,,,,,,,
119,2,28.04,31.59,97.21,3.856,4.344,48.607,FP,,,,,,,
119,3,26.18,32.13,31.26,3.6,4.418,15.628,FP,,,,,,,
119,4,175.09,100.42,95.71,24.075,13.808,47.857,FP,,,,,,,
119,5,173.5,102.5,31.0,23.856,14.094,15.5,FP,,,,,,,
119,6,150.56,148.13,58.87,20.702,20.368,29.433,FP,,,,,,,
119,7,150.15,147.94,47.38,20.646,20.341,23.692,FP,,,,,,,
119,8,150.08,148.34,31.4,20.636,20.397,15.7,FP,,,,,,,
119,9,342.01,178.32,30.69,47.027,24.519,15.343,FP,,,,,,,
119,10,342.58,177.21,17.39,47.104,24.367,8.696,TP,7,0.268,0.349,0.44,0.142,-0.227,0.349
119,11,340.91,177.7,51.35,46.876,24.433,25.674,FP,,,,,,,
119,12,342.0,177.71,24.0,47.025,24.436,12.0,FP,,,,,,,
119,13,86.87,244.56,32.03,11.944,33.627,16.013,FP,,,,,,,
119,14,303.46,321.81,27.47,41.725,44.248,13.735,FP,,,,,,,
119,15,303.62,322.42,49.56,41.748,44.332,24.782,FP,,,,,,,
119,16,299.64,323.7,95.66,41.201,44.508,47.829,FP,,,,,,,
119,17,304.23,325.83,167.27,41.831,44.801,83.637,FP,,,,,,,
119,18,467.59,351.08,32.94,64.293,48.274,16.472,FP,,,,,,,
119,19,470.41,351.42,94.53,64.681,48.321,47.266,FP,,,,,,,
119,20,467.44,350.6,53.37,64.273,48.208,26.685,FP,,,,,,,
119,21,470.66,351.28,115.42,64.716,48.301,57.709,FP,,,,,,,
119,22,471.11,349.67,65.0,64.778,48.079,32.5,FP,,,,,,,
119,23,467.46,351.56,43.49,64.276,48.34,21.744,FP,,,,,,,
119,24,467.73,351.14,47.51,64.313,48.281,23.757,FP,,,,,,,
119,25,467.4,349.8,59.0,64.268,48.097,29.5,FP,,,,,,,
119,26,366.33,373.71,31.79,50.371,51.385,15.895,FP,,,,,,,
119,27,366.22,372.97,51.37,50.355,51.283,25.684,FP,,,,,,,
119,28,370.77,376.87,95.03,50.981,51.819,47.513,FP,,,,,,,
119,29,362.6,377.52,23.5,49.858,51.91,11.752,FP,,,,,,,
119,30,371.75,377.32,83.2,51.116,51.881,41.6,FP,,,,,,,
119,31,362.93,377.69,43.46,49.902,51.933,21.728,FP,,,,,,,
119,32,364.55,377.86,18.06,50.125,51.956,9.03,FP,,,,,,,
119,33,361.95,377.71,39.46,49.768,51.936,19.732,FP,,,,,,,
119,34,362.92,378.15,47.69,49.902,51.996,23.846,FP,,,,,,,
119,35,364.44,377.67,55.44,50.111,51.929,27.722,FP,,,,,,,
119,36,390.43,415.92,35.84,53.684,57.189,17.919,FP,,,,,,,
119,37,141.74,474.57,32.23,19.489,65.254,16.113,FP,,,,,,,
119,38,415.49,468.07,31.91,57.13,64.359,15.956,FP,,,,,,,
119,39,415.2,469.33,99.97,57.09,64.533,49.986,FP,,,,,,,
119,40,422.34,464.92,167.43,58.072,63.926,83.713,FP,,,,,,,
119,41,415.03,467.23,51.26,57.066,64.244,25.629,FP,,,,,,,
119,42,415.75,468.29,18.4,57.166,64.39,9.202,FP,,,,,,,
119,43,422.25,464.85,165.0,58.059,63.917,82.5,FP,,,,,,,
119,44,148.6,467.78,95.48,20.432,64.32,47.741,FP,,,,,,,
119,45,415.88,468.07,59.23,57.184,64.36,29.616,FP,,,,,,,
119,46,414.74,467.8,47.57,57.027,64.323,23.783,FP,,,,,,,
119,47,415.33,468.51,23.35,57.108,64.42,11.676,FP,,,,,,,
119,48,415.5,466.5,56.0,57.131,64.144,28.0,FP,,,,,,,
119,49,424.0,466.0,171.0,58.3,64.075,85.5,FP,,,,,,,
119,50,414.86,468.94,39.36,57.043,64.48,19.681,FP,,,,,,,
119,51,145.07,471.44,51.38,19.947,64.823,25.692,FP,,,,,,,
119,52,415.35,469.53,123.12,57.111,64.56,61.559,FP,,,,,,,
119,53,414.0,469.0,43.0,56.925,64.488,21.5,FP,,,,,,,
119,54,144.5,471.94,43.47,19.869,64.891,21.734,FP,,,,,,,
119,55,144.0,473.0,47.0,19.8,65.037,23.5,FP,,,,,,,
119,56,134.07,478.81,19.31,18.435,65.836,9.655,FP,,,,,,,
119,57,53.22,494.55,27.06,7.318,68.001,13.529,FP,,,,,,,
119,58,133.4,486.31,96.35,18.342,66.868,48.177,FP,,,,,,,
119,59,51.12,494.68,95.55,7.028,68.019,47.776,FP,,,,,,,
119,60,54.28,495.46,54.06,7.464,68.126,27.03,FP,,,,,,,
119,61,51.24,489.28,23.42,7.045,67.275,11.708,FP,,,,,,,
119,62,54.0,490.0,39.0,7.425,67.375,19.5,FP,,,,,,,
119,63,433.78,503.83,122.75,59.644,69.277,61.375,FP,,,,,,,
119,64,55.63,505.17,47.54,7.65,69.461,23.768,FP,,,,,,,
119,65,53.11,506.21,83.34,7.302,69.604,41.67,FP,,,,,,,
119,66,56.12,505.71,39.42,7.717,69.535,19.708,FP,,,,,,,
119,67,56.19,505.69,43.5,7.726,69.532,21.75,FP,,,,,,,
119,68,51.2,505.6,115.0,7.04,69.52,57.5,FP,,,,,,,
119,69,436.31,506.69,115.23,59.992,69.67,57.615,FP,,,,,,,
119,70,440.64,507.26,167.25,60.588,69.749,83.623,FP,,,,,,,
119,,,,,23.824,0.881,88.768,FN,0,,,,,,
119,,,,,26.787,0.254,41.175,FN,1,,,,,,
119,,,,,60.217,0.435,38.5,FN,2,,,,,,
119,,,,,7.107,1.685,53.298,FN,3,,,,,,
119,,,,,3.748,4.318,60.5,FN,4,,,,,,
119,,,,,24.108,14.128,66.469,FN,5,,,,,,
119,,,,,20.704,20.334,72.871,FN,6,,,,,,
119,,,,,11.823,33.45,89.558,FN,8,,,,,,
119,,,,,45.953,37.022,92.905,FN,9,,,,,,
119,,,,,41.747,44.264,8.14,FN,10,,,,,,
119,,,,,30.695,46.183,97.907,FN,11,,,,,,
119,,,,,64.559,48.098,52.715,FN,12,,,,,,
119,,,,,30.223,48.766,63.225,FN,13,,,,,,
119,,,,,50.642,51.246,2.252,FN,14,,,,,,
119,,,,,53.78,57.065,84.52,FN,15,,,,,,
119,,,,,20.975,63.875,22.496,FN,16,,,,,,
119,,,,,57.13,64.438,43.593,FN,17,,,,,,
119,,,,,17.894,66.484,54.067,FN,18,,,,,,
119,,,,,6.697,67.595,6.015,FN,19,,,,,,
121,0,296.63,7.17,31.71,40.787,0.986,15.854,FP,,,,,,,
121,1,180.59,18.93,31.49,24.831,2.603,15.745,FP,,,,,,,
121,2,160.7,40.9,0.7,22.096,5.624,0.35,FP,,,,,,,
121,3,337.65,109.91,30.76,46.427,15.113,15.38,FP,,,,,,,
121,4,339.88,106.57,17.61,46.733,14.653,8.804,TP,4,0.651,3.019,3.089,0.592,-0.271,3.019
121,5,337.52,106.65,95.32,46.41,14.664,47.659,FP,,,,,,,
121,6,334.49,107.96,164.87,45.992,14.844,82.435,FP,,,,,,,
121,7,332.5,106.5,183.0,45.719,14.644,91.5,FP,,,,,,,
121,8,333.0,107.14,179.43,45.788,14.732,89.714,FP,,,,,,,
121,9,340.08,107.75,12.0,46.761,14.816,6.0,FP,,,,,,,
121,10,334.85,108.71,145.88,46.041,14.948,72.942,FP,,,,,,,
121,11,146.67,121.64,31.44,20.167,16.726,15.722,FP,,,,,,,
121,12,151.26,121.12,94.74,20.799,16.654,47.368,FP,,,,,,,
121,13,339.64,122.03,18.84,46.7,16.779,9.42,FP,,,,,,,
121,14,438.32,122.91,97.85,60.269,16.9,48.923,TP,6,0.698,3.699,3.764,-0.043,-0.696,-3.699
121,15,324.67,121.67,39.0,44.642,16.729,19.5,FP,,,,,,,
121,16,336.96,122.38,23.04,46.332,16.827,11.521,FP,,,,,,,
121,17,439.28,123.38,107.48,60.401,16.965,53.742,FP,,,,,,,
121,18,147.57,122.57,51.14,20.291,16.854,25.571,FP,,,,,,,
121,19,438.68,133.1,31.48,60.318,18.301,15.739,FP,,,,,,,
121,20,321.46,163.73,96.84,44.2,22.513,48.421,FP,,,,,,,
121,21,321.29,161.9,107.58,44.177,22.262,53.79,FP,,,,,,,
121,22,317.41,183.53,31.82,43.644,25.235,15.911,FP,,,,,,,
121,23,322.62,161.62,115.0,44.36,22.222,57.5,TP,7,0.261,3.748,3.757,0.225,-0.132,-3.748
121,24,319.0,167.42,44.29,43.862,23.02,22.144,FP,,,,,,,
121,25,320.4,164.2,56.0,44.055,22.577,28.0,FP,,,,,,,
121,26,317.34,170.76,39.29,43.635,23.48,19.645,FP,,,,,,,
121,27,317.15,189.39,95.68,43.608,26.042,47.839,FP,,,,,,,
121,28,317.31,191.15,166.04,43.63,26.283,83.019,FP,,,,,,,
121,29,317.98,190.73,187.2,43.722,26.225,93.601,FP,,,,,,,
121,30,315.59,191.36,129.0,43.394,26.312,64.5,FP,,,,,,,
121,31,317.9,191.43,183.19,43.712,26.321,91.595,FP,,,,,,,
121,32,316.33,190.67,192.0,43.496,26.217,96.0,FP,,,,,,,
121,33,33.56,217.12,95.89,4.614,29.854,47.944,FP,,,,,,,
121,34,33.11,218.75,54.28,4.552,30.079,27.141,FP,,,,,,,
121,35,33.4,220.03,37.67,4.593,30.254,18.834,FP,,,,,,,
121,36,196.57,231.41,32.09,27.029,31.819,16.044,FP,,,,,,,
121,37,36.31,249.95,95.81,4.993,34.368,47.903,FP,,,,,,,
121,38,38.09,250.75,115.41,5.238,34.478,57.703,FP,,,,,,,
121,39,36.69,250.69,107.54,5.045,34.47,53.769,FP,,,,,,,
121,40,174.67,262.58,99.28,24.017,36.105,49.639,FP,,,,,,,
121,41,40.26,262.27,32.06,5.535,36.063,16.031,FP,,,,,,,
121,42,41.75,260.62,43.88,5.741,35.836,21.938,FP,,,,,,,
121,43,43.36,261.0,39.07,5.962,35.888,19.536,FP,,,,,,,
121,44,173.59,262.09,78.43,23.869,36.037,39.214,TP,13,0.119,1.016,1.023,-0.114,-0.037,1.016
121,45,176.0,261.68,31.47,24.2,35.982,15.737,FP,,,,,,,
121,46,42.0,262.0,19.0,5.775,36.025,9.5,FP,,,,,,,
121,47,11.5,376.72,95.37,1.581,51.799,47.683,FP,,,,,,,
121,48,13.67,378.76,32.8,1.88,52.08,16.402,FP,,,,,,,
121,49,11.79,379.16,46.51,1.62,52.134,23.255,FP,,,,,,,
121,50,14.37,378.75,19.4,1.976,52.079,9.702,FP,,,,,,,
121,51,24.22,378.78,95.22,3.331,52.082,47.611,FP,,,,,,,
121,52,448.5,378.67,119.33,61.669,52.067,59.667,FP,,,,,,,
121,53,11.5,379.0,55.0,1.581,52.112,27.5,FP,,,,,,,
121,54,8.65,388.25,95.06,1.19,53.384,47.53,FP,,,,,,,
121,55,15.64,387.15,43.56,2.151,53.234,21.782,FP,,,,,,,
121,56,17.21,388.33,32.0,2.366,53.395,16.0,TP,16,0.689,2.989,3.068,-0.523,0.449,2.989
121,57,448.0,395.46,32.64,61.6,54.376,16.321,FP,,,,,,,
121,58,449.27,392.6,18.55,61.774,53.982,9.273,FP,,,,,,,
121,59,447.36,393.84,47.89,61.512,54.153,23.944,FP,,,,,,,
121,60,449.99,395.79,92.05,61.873,54.421,46.024,TP,17,0.173,1.585,1.595,0.087,0.15,-1.585
121,61,447.57,393.47,55.45,61.541,54.102,27.727,FP,,,,,,,
121,62,448.88,392.88,23.36,61.721,54.021,11.682,FP,,,,,,,
121,63,447.95,394.57,64.87,61.593,54.253,32.435,FP,,,,,,,
121,64,450.74,397.3,107.54,61.977,54.628,53.769,FP,,,,,,,
121,65,5.8,409.81,95.69,0.797,56.349,47.846,FP,,,,,,,
121,66,157.53,417.14,97.38,21.66,57.356,48.688,FP,,,,,,,
121,67,155.46,416.77,31.48,21.376,57.305,15.738,FP,,,,,,,
121,68,157.86,417.14,107.46,21.705,57.357,53.732,FP,,,,,,,
121,69,503.85,430.49,31.38,69.279,59.192,15.688,FP,,,,,,,
121,,,,,40.956,0.908,53.976,FN,0,,,,,,
121,,,,,3.503,2.867,15.913,FN,1,,,,,,
121,,,,,24.948,2.519,87.412,FN,2,,,,,,
121,,,,,21.906,5.645,96.983,FN,3,,,,,,
121,,,,,20.347,16.422,68.554,FN,5,,,,,,
121,,,,,50.425,25.853,9.66,FN,8,,,,,,
121,,,,,43.687,26.134,4.906,FN,9,,,,,,
121,,,,,4.61,29.985,76.433,FN,10,,,,,,
121,,,,,27.044,31.594,88.747,FN,11,,,,,,
121,,,,,5.391,35.101,4.596,FN,12,,,,,,
121,,,,,20.08,43.692,13.051,FN,14,,,,,,
121,,,,,2.154,52.516,60.944,FN,15,,,,,,
121,,,,,21.736,57.171,35.111,FN,18,,,,,,
121,,,,,69.347,58.98,40.65,FN,19,,,,,,
123,0,156.38,10.7,31.06,21.503,1.472,15.53,TP,1,0.434,4.47,4.491,-0.196,-0.387,-4.47
123,1,156.08,9.37,19.48,21.461,1.289,9.74,FP,,,,,,,
123,2,155.78,7.6,23.45,21.42,1.046,11.726,FP,,,,,,,
123,3,486.18,8.04,31.92,66.849,1.105,15.958,FP,,,,,,,
123,4,445.25,44.53,96.19,61.222,6.123,48.095,FP,,,,,,,
123,5,444.1,47.13,39.89,61.063,6.481,19.944,FP,,,,,,,
123,6,443.88,47.21,59.13,61.033,6.492,29.566,FP,,,,,,,
123,7,121.46,109.47,38.9,16.701,15.052,19.449,FP,,,,,,,
123,8,433.64,136.36,31.7,59.626,18.75,15.851,FP,,,,,,,
123,9,182.18,198.23,31.67,25.049,27.256,15.834,FP,,,,,,,
123,10,180.83,199.17,102.86,24.864,27.386,51.428,FP,,,,,,,
123,11,181.85,197.7,19.15,25.005,27.184,9.577,FP,,,,,,,
123,12,185.08,198.21,166.62,25.448,27.253,83.31,FP,,,,,,,
123,13,264.23,203.35,30.92,36.331,27.961,15.461,TP,7,0.567,1.564,1.664,0.563,0.059,-1.564
123,14,181.6,198.8,119.32,24.97,27.335,59.66,FP,,,,,,,
123,15,182.0,197.75,39.0,25.025,27.191,19.5,FP,,,,,,,
123,16,261.53,202.97,96.22,35.96,27.909,48.111,FP,,,,,,,
123,17,181.5,199.67,126.0,24.956,27.454,63.0,FP,,,,,,,
123,18,259.99,203.06,108.27,35.748,27.92,54.136,FP,,,,,,,
123,19,260.4,203.33,115.47,35.805,27.958,57.733,FP,,,,,,,
123,20,260.68,203.21,119.26,35.844,27.941,59.632,FP,,,,,,,
123,21,261.0,206.0,59.0,35.888,28.325,29.5,FP,,,,,,,
123,22,459.8,230.76,96.02,63.222,31.73,48.01,FP,,,,,,,
123,23,457.07,229.88,35.7,62.847,31.609,17.849,FP,,,,,,,
123,24,458.3,229.22,55.57,63.017,31.517,27.783,FP,,,,,,,
123,25,458.5,229.0,51.0,63.044,31.488,25.5,FP,,,,,,,
123,26,78.34,250.52,31.51,10.772,34.446,15.753,FP,,,,,,,
123,27,76.79,250.32,95.78,10.559,34.419,47.888,FP,,,,,,,
123,28,75.26,250.02,51.42,10.348,34.378,25.709,FP,,,,,,,
123,29,212.77,250.79,94.98,29.256,34.484,47.488,TP,10,0.578,4.317,4.355,-0.063,-0.575,4.317
123,30,77.04,250.65,19.42,10.593,34.464,9.708,TP,9,0.143,4.424,4.426,0.096,-0.106,4.424
123,31,76.0,252.0,171.0,10.45,34.65,85.5,FP,,,,,,,
123,32,213.25,258.42,95.42,29.322,35.532,47.708,FP,,,,,,,
123,33,475.67,274.78,32.24,65.404,37.782,16.119,FP,,,,,,,
123,34,474.0,272.17,1.0,65.175,37.424,0.5,FP,,,,,,,
123,35,474.33,273.67,20.0,65.221,37.629,10.0,FP,,,,,,,
123,36,26.36,283.05,95.5,3.624,38.92,47.75,FP,,,,,,,
123,37,25.84,282.64,32.63,3.553,38.863,16.316,FP,,,,,,,
123,38,426.16,285.06,32.26,58.597,39.196,16.13,FP,,,,,,,
123,39,427.71,283.85,94.83,58.81,39.029,47.415,FP,,,,,,,
123,40,28.87,281.27,51.2,3.969,38.674,25.6,FP,,,,,,,
123,41,28.78,282.22,44.61,3.958,38.805,22.304,FP,,,,,,,
123,42,120.75,287.15,31.2,16.603,39.483,15.6,FP,,,,,,,
123,43,249.23,290.96,150.92,34.269,40.008,75.459,FP,,,,,,,
123,44,248.9,292.3,166.29,34.224,40.191,83.146,FP,,,,,,,
123,45,248.55,291.59,95.6,34.175,40.094,47.799,FP,,,,,,,
123,46,251.52,290.65,117.55,34.584,39.965,58.773,FP,,,,,,,
123,47,250.71,291.5,108.29,34.473,40.081,54.143,FP,,,,,,,
123,48,249.4,291.5,159.4,34.292,40.081,79.7,FP,,,,,,,
123,49,250.14,292.57,99.0,34.395,40.229,49.5,FP,,,,,,,
123,50,249.11,295.79,31.47,34.253,40.671,15.736,TP,14,0.8,3.632,3.719,-0.522,0.606,3.632
123,51,251.0,292.5,111.0,34.513,40.219,55.5,FP,,,,,,,
123,52,98.74,313.89,167.02,13.577,43.16,83.512,FP,,,,,,,
123,53,102.76,316.27,31.66,14.13,43.487,15.831,FP,,,,,,,
123,54,101.98,316.05,111.63,14.022,43.457,55.813,FP,,,,,,,
123,55,100.26,316.12,50.23,13.786,43.466,25.115,FP,,,,,,,
123,56,100.56,315.92,57.64,13.827,43.439,28.821,TP,16,0.265,2.249,2.264,-0.264,-0.011,-2.249
123,57,100.61,316.45,39.48,13.834,43.512,19.739,FP,,,,,,,
123,58,100.66,316.4,43.48,13.84,43.505,21.741,FP,,,,,,,
123,59,101.29,315.77,19.4,13.927,43.419,9.7,FP,,,,,,,
123,60,120.98,336.98,31.48,16.634,46.335,15.741,FP,,,,,,,
123,61,84.5,353.0,31.0,11.619,48.538,15.5,FP,,,,,,,
123,62,118.79,361.39,97.27,16.334,49.692,48.636,FP,,,,,,,
123,63,120.99,371.54,31.42,16.636,51.087,15.712,FP,,,,,,,
123,64,260.27,421.17,31.48,35.788,57.912,15.738,FP,,,,,,,
123,65,485.42,506.77,95.41,66.745,69.681,47.707,FP,,,,,,,
123,,,,,68.724,0.472,59.533,FN,0,,,,,,
123,,,,,66.303,2.064,72.763,FN,2,,,,,,
123,,,,,61.092,6.355,82.167,FN,3,,,,,,
123,,,,,16.792,14.959,80.539,FN,4,,,,,,
123,,,,,59.639,19.017,66.292,FN,5,,,,,,
123,,,,,24.944,27.214,37.026,FN,6,,,,,,
123,,,,,63.051,31.481,62.752,FN,8,,,,,,
123,,,,,65.249,37.624,90.222,FN,11,,,,,,
123,,,,,3.935,38.617,62.301,FN,12,,,,,,
123,,,,,58.753,38.967,52.932,FN,13,,,,,,
123,,,,,20.6,43.098,25.345,FN,15,,,,,,
123,,,,,16.359,49.609,42.411,FN,17,,,,,,
123,,,,,17.709,55.625,72.967,FN,18,,,,,,
123,,,,,35.774,57.746,44.81,FN,19,,,,,,
13,0,161.03,43.6,35.23,22.141,5.996,17.614,FP,,,,,,,
13,1,161.34,43.27,19.19,22.184,5.949,9.593,FP,,,,,,,
13,2,161.1,45.68,99.03,22.152,6.282,49.515,FP,,,,,,,
13,3,163.72,41.62,166.84,22.511,5.723,83.418,FP,,,,,,,
13,4,161.52,43.65,57.46,22.209,6.003,28.73,TP,0,0.046,0.781,0.782,0.032,0.033,-0.781
13,5,161.0,45.5,119.25,22.138,6.256,59.625,FP,,,,,,,
13,6,487.04,81.28,31.71,66.968,11.176,15.855,FP,,,,,,,
13,7,486.35,80.33,18.33,66.873,11.046,9.164,FP,,,,,,,
13,8,482.71,84.3,95.6,66.372,11.592,47.799,FP,,,,,,,
13,9,485.71,81.0,23.0,66.786,11.137,11.5,FP,,,,,,,
13,10,502.61,87.21,94.91,69.109,11.991,47.454,FP,,,,,,,
13,11,20.69,96.97,95.34,2.845,13.333,47.671,TP,2,0.369,2.893,2.917,-0.367,-0.033,-2.893
13,12,21.74,97.58,32.46,2.989,13.418,16.231,FP,,,,,,,
13,13,21.98,97.53,49.38,3.022,13.411,24.691,FP,,,,,,,
13,14,22.32,97.42,19.47,3.07,13.395,9.737,FP,,,,,,,
13,15,21.19,97.63,115.38,2.914,13.425,57.69,FP,,,,,,,
13,16,22.21,97.29,59.0,3.054,13.377,29.5,FP,,,,,,,
13,17,21.95,97.59,23.23,3.019,13.419,11.614,FP,,,,,,,
13,18,22.67,96.89,65.0,3.117,13.322,32.5,FP,,,,,,,
13,19,221.63,188.14,31.99,30.473,25.87,15.996,FP,,,,,,,
13,20,222.66,187.93,95.82,30.616,25.84,47.912,TP,4,0.338,4.641,4.653,-0.312,-0.131,-4.641
13,21,221.64,186.74,107.43,30.476,25.676,53.717,FP,,,,,,,
13,22,223.17,188.14,83.59,30.686,25.869,41.793,FP,,,,,,,
13,23,224.13,188.77,75.13,30.818,25.956,37.565,FP,,,,,,,
13,24,279.62,215.22,31.14,38.447,29.593,15.572,FP,,,,,,,
13,25,281.26,215.16,19.58,38.674,29.585,9.789,FP,,,,,,,
13,26,279.33,212.62,39.45,38.408,29.235,19.727,TP,5,0.273,3.846,3.856,0.273,-0.002,-3.846
13,27,278.9,213.98,166.75,38.349,29.422,83.375,FP,,,,,,,
13,28,278.47,217.69,54.66,38.289,29.932,27.331,FP,,,,,,,
13,29,278.99,216.94,47.49,38.361,29.829,23.743,FP,,,,,,,
13,30,279.6,216.52,95.72,38.445,29.771,47.862,FP,,,,,,,
13,31,279.5,213.0,44.0,38.431,29.288,22.0,FP,,,,,,,
13,32,281.33,214.98,23.45,38.682,29.56,11.724,FP,,,,,,,
13,33,280.8,217.0,15.2,38.61,29.838,7.6,FP,,,,,,,
13,34,354.77,250.89,164.96,48.781,34.497,82.481,FP,,,,,,,
13,35,359.94,250.72,31.25,49.492,34.474,15.627,FP,,,,,,,
13,36,360.11,250.71,20.13,49.515,34.472,10.064,FP,,,,,,,
13,37,357.01,251.56,95.83,49.089,34.59,47.914,FP,,,,,,,
13,38,357.59,250.76,51.38,49.168,34.48,25.691,TP,7,0.873,3.217,3.334,-0.228,-0.843,3.217
13,39,358.96,251.07,39.44,49.357,34.523,19.722,FP,,,,,,,
13,40,358.29,250.97,43.46,49.264,34.509,21.729,FP,,,,,,,
13,41,356.43,251.57,179.43,49.009,34.591,89.714,FP,,,,,,,
13,42,357.0,251.0,47.5,49.088,34.513,23.75,FP,,,,,,,
13,43,357.19,260.77,97.27,49.114,35.856,48.635,FP,,,,,,,
13,44,360.35,263.01,31.34,49.548,36.164,15.672,FP,,,,,,,
13,45,359.0,259.31,107.31,49.362,35.655,53.654,FP,,,,,,,
13,46,359.19,262.62,18.35,49.389,36.11,9.175,FP,,,,,,,
13,47,357.23,262.07,50.09,49.12,36.035,25.043,FP,,,,,,,
13,48,358.17,262.15,23.42,49.248,36.046,11.708,FP,,,,,,,
13,49,357.77,262.15,39.48,49.194,36.045,19.742,FP,,,,,,,
13,50,357.43,262.08,43.49,49.146,36.036,21.746,FP,,,,,,,
13,51,357.0,262.0,59.0,49.088,36.025,29.5,FP,,,,,,,
13,52,296.9,313.27,95.48,40.824,43.074,47.738,FP,,,,,,,
13,53,296.79,314.13,33.5,40.809,43.193,16.751,FP,,,,,,,
13,54,298.27,312.33,55.89,41.013,42.946,27.946,FP,,,,,,,
13,55,290.33,313.84,161.77,39.921,43.153,80.886,FP,,,,,,,
13,56,290.33,313.43,149.32,39.921,43.097,74.658,FP,,,,,,,
13,57,291.31,314.0,167.0,40.055,43.175,83.5,FP,,,,,,,
13,58,105.26,345.8,31.35,14.473,47.547,15.674,FP,,,,,,,
13,59,103.84,342.57,53.83,14.278,47.104,26.913,FP,,,,,,,
13,60,107.35,345.98,17.05,14.76,47.572,8.523,TP,11,0.24,3.491,3.499,-0.007,0.24,3.491
13,61,104.79,343.85,43.47,14.408,47.28,21.734,FP,,,,,,,
13,62,102.34,346.53,23.52,14.072,47.648,11.76,FP,,,,,,,
13,63,105.8,344.33,39.47,14.548,47.345,19.736,FP,,,,,,,
13,64,104.79,345.65,95.46,14.409,47.527,47.729,FP,,,,,,,
13,65,36.09,352.83,96.55,4.962,48.515,48.276,FP,,,,,,,
13,66,34.27,355.01,45.16,4.712,48.814,22.581,FP,,,,,,,
13,67,242.8,356.85,107.05,33.384,49.067,53.527,FP,,,,,,,
13,68,244.17,365.21,31.7,33.574,50.217,15.851,FP,,,,,,,
13,69,244.84,366.43,19.51,33.665,50.384,9.753,TP,14,1.119,2.229,2.494,-0.949,-0.593,-2.229
13,70,245.73,363.8,45.81,33.787,50.022,22.905,FP,,,,,,,
13,71,245.31,357.06,83.5,33.73,49.096,41.75,FP,,,,,,,
13,72,260.0,366.0,171.0,35.75,50.325,85.5,FP,,,,,,,
13,73,263.6,367.4,167.0,36.245,50.518,83.5,FP,,,,,,,
13,74,251.33,369.78,122.7,34.558,50.844,61.352,FP,,,,,,,
13,75,213.41,378.15,31.42,29.343,51.995,15.708,FP,,,,,,,
13,76,245.96,377.15,95.33,33.82,51.858,47.667,FP,,,,,,,
13,77,244.3,389.92,167.7,33.591,53.614,83.851,FP,,,,,,,
13,78,244.13,389.8,179.27,33.568,53.597,89.633,FP,,,,,,,
13,79,417.21,400.8,35.62,57.366,55.11,17.81,FP,,,,,,,
13,80,416.69,401.06,51.44,57.295,55.146,25.719,FP,,,,,,,
13,81,417.17,401.22,55.33,57.36,55.168,27.667,FP,,,,,,,
13,82,484.07,415.8,30.68,66.56,57.173,15.34,FP,,,,,,,
13,83,493.54,415.56,95.12,67.862,57.139,47.56,FP,,,,,,,
13,84,483.86,414.0,51.49,66.531,56.925,25.743,FP,,,,,,,
13,85,483.99,413.88,56.77,66.548,56.909,28.384,FP,,,,,,,
13,86,486.0,416.0,16.0,66.825,57.2,8.0,FP,,,,,,,
13,87,66.36,452.92,32.22,9.124,62.276,16.108,TP,17,0.3,1.804,1.828,0.295,0.057,-1.804
13,88,65.59,451.15,95.64,9.019,62.032,47.822,FP,,,,,,,
13,89,476.5,448.0,32.0,65.519,61.6,16.0,FP,,,,,,,
13,90,64.47,452.42,166.36,8.865,62.208,83.18,FP,,,,,,,
13,91,66.84,452.64,52.03,9.19,62.238,26.016,FP,,,,,,,
13,92,481.0,449.0,95.5,66.138,61.738,47.75,FP,,,,,,,
13,93,64.9,451.9,171.0,8.924,62.136,85.5,FP,,,,,,,
13,94,64.91,451.83,107.7,8.926,62.126,53.848,FP,,,,,,,
13,95,64.4,451.7,115.2,8.855,62.109,57.6,FP,,,,,,,
13,96,64.6,452.2,111.0,8.882,62.178,55.5,FP,,,,,,,
13,97,69.6,452.8,19.0,9.57,62.26,9.5,FP,,,,,,,
13,98,5.47,470.24,31.72,0.752,64.659,15.862,FP,,,,,,,
13,99,481.0,466.57,31.43,66.138,64.154,15.714,FP,,,,,,,
13,100,505.01,466.91,95.57,69.439,64.2,47.786,FP,,,,,,,
13,101,5.16,468.86,19.37,0.709,64.469,9.686,FP,,,,,,,
13,102,5.0,469.5,39.0,0.688,64.556,19.5,FP,,,,,,,
13,103,506.0,469.5,163.0,69.575,64.556,81.5,FP,,,,,,,
13,104,402.47,491.42,31.85,55.34,67.57,15.925,FP,,,,,,,
13,,,,,67.133,10.993,32.607,FN,1,,,,,,
13,,,,,36.453,17.511,97.954,FN,3,,,,,,
13,,,,,2.264,35.488,83.474,FN,6,,,,,,
13,,,,,41.255,43.073,67.79,FN,8,,,,,,
13,,,,,39.956,43.033,1.233,FN,9,,,,,,
13,,,,,70.055,43.987,43.406,FN,10,,,,,,
13,,,,,4.822,48.676,75.515,FN,12,,,,,,
13,,,,,33.291,48.951,28.767,FN,13,,,,,,
13,,,,,57.398,55.112,76.312,FN,15,,,,,,
13,,,,,67.095,57.096,2.567,FN,16,,,,,,
13,,,,,1.093,63.993,34.571,FN,18,,,,,,
13,,,,,55.379,67.478,91.04,FN,19,,,,,,
143,0,279.95,6.2,167.36,38.494,0.853,83.682,FP,,,,,,,
143,1,120.0,6.0,95.5,16.5,0.825,47.75,FP,,,,,,,
143,2,250.72,12.34,31.47,34.474,1.697,15.734,FP,,,,,,,
143,3,214.12,25.02,31.95,29.442,3.441,15.975,FP,,,,,,,
143,4,215.91,28.71,95.24,29.688,3.948,47.618,FP,,,,,,,
143,5,41.4,45.86,31.58,5.692,6.305,15.792,FP,,,,,,,
143,6,219.86,64.67,95.43,30.231,8.892,47.715,FP,,,,,,,
143,7,149.94,104.96,32.04,20.617,14.432,16.021,FP,,,,,,,
143,8,150.21,105.57,49.98,20.654,14.516,24.988,FP,,,,,,,
143,9,141.34,142.2,33.05,19.434,19.553,16.527,FP,,,,,,,
143,10,139.51,138.7,19.28,19.182,19.071,9.64,FP,,,,,,,
143,11,141.9,142.66,43.65,19.512,19.615,21.823,FP,,,,,,,
143,12,142.62,144.34,96.08,19.61,19.847,48.042,FP,,,,,,,
143,13,142.38,142.4,53.56,19.577,19.58,26.778,FP,,,,,,,
143,14,313.99,192.96,99.29,43.174,26.532,49.647,FP,,,,,,,
143,15,311.77,198.73,39.25,42.869,27.325,19.625,FP,,,,,,,
143,16,314.06,192.49,83.27,43.183,26.468,41.634,FP,,,,,,,
143,17,313.85,192.77,75.38,43.154,26.506,37.692,FP,,,,,,,
143,18,313.25,192.75,79.75,43.072,26.503,39.875,FP,,,,,,,
143,19,311.66,199.12,19.47,42.853,27.38,9.734,FP,,,,,,,
143,20,312.87,203.18,166.78,43.019,27.937,83.388,FP,,,,,,,
143,21,112.0,202.33,95.5,15.4,27.821,47.75,FP,,,,,,,
143,22,316.16,209.74,95.32,43.472,28.839,47.658,FP,,,,,,,
143,23,156.36,249.77,34.0,21.499,34.343,17.001,FP,,,,,,,
143,24,155.44,249.31,95.61,21.372,34.28,47.806,FP,,,,,,,
143,25,154.67,250.44,116.1,21.268,34.436,58.049,FP,,,,,,,
143,26,154.67,249.62,103.14,21.267,34.323,51.571,FP,,,,,,,
143,27,154.11,251.11,167.49,21.189,34.527,83.746,FP,,,,,,,
143,28,155.29,249.86,107.0,21.352,34.355,53.5,FP,,,,,,,
143,29,153.45,251.0,171.0,21.1,34.513,85.5,FP,,,,,,,
143,30,153.0,250.0,108.0,21.038,34.375,54.0,FP,,,,,,,
143,31,155.0,250.0,126.0,21.312,34.375,63.0,FP,,,,,,,
143,32,321.59,261.12,95.34,44.218,35.904,47.671,FP,,,,,,,
143,33,324.07,280.55,95.87,44.559,38.576,47.935,FP,,,,,,,
143,34,319.75,281.32,35.12,43.965,38.682,17.56,FP,,,,,,,
143,35,323.98,279.97,80.09,44.547,38.496,40.046,FP,,,,,,,
143,36,326.0,279.84,103.28,44.825,38.478,51.64,FP,,,,,,,
143,37,319.8,280.43,51.31,43.972,38.559,25.657,FP,,,,,,,
143,38,320.44,280.75,57.34,44.061,38.603,28.672,FP,,,,,,,
143,39,216.83,447.9,39.71,29.815,61.587,19.857,FP,,,,,,,
143,40,139.78,443.04,33.42,19.22,60.918,16.709,FP,,,,,,,
143,41,142.08,443.36,93.91,19.535,60.963,46.953,FP,,,,,,,
143,42,215.28,446.73,18.85,29.601,61.425,9.426,TP,15,0.253,0.568,0.622,-0.245,-0.061,-0.568
143,43,140.92,442.19,49.46,19.376,60.801,24.73,FP,,,,,,,
143,44,214.8,446.05,96.45,29.535,61.332,48.223,FP,,,,,,,
143,45,137.89,442.85,20.31,18.96,60.891,10.156,FP,,,,,,,
143,46,141.55,443.84,103.41,19.463,61.029,51.706,TP,14,0.283,3.783,3.794,-0.125,0.254,-3.783
143,47,139.18,442.04,107.5,19.137,60.78,53.75,FP,,,,,,,
143,48,215.78,444.05,117.2,29.67,61.056,58.601,FP,,,,,,,
143,49,217.06,447.09,168.03,29.845,61.475,84.013,FP,,,,,,,
143,50,216.6,446.8,156.0,29.783,61.435,78.0,FP,,,,,,,
143,51,217.0,447.0,159.59,29.838,61.463,79.794,FP,,,,,,,
143,52,217.67,448.56,129.0,29.929,61.676,64.5,FP,,,,,,,
143,53,443.71,455.71,97.66,61.01,62.659,48.83,TP,16,0.198,4.311,4.316,0.041,0.194,4.311
143,54,442.73,453.89,31.77,60.875,62.41,15.887,FP,,,,,,,
143,55,442.72,453.55,19.41,60.875,62.363,9.707,FP,,,,,,,
143,56,443.75,454.61,83.43,61.016,62.508,41.713,FP,,,,,,,
143,57,445.73,457.38,115.35,61.287,62.889,57.675,FP,,,,,,,
143,58,445.17,457.17,123.0,61.21,62.86,61.5,FP,,,,,,,
143,59,266.66,502.19,31.08,36.666,69.051,15.542,TP,19,0.242,0.931,0.962,-0.202,0.134,-0.931
143,60,111.07,504.83,31.25,15.273,69.414,15.627,FP,,,,,,,
143,61,112.92,505.17,18.82,15.527,69.461,9.412,FP,,,,,,,
143,62,109.99,505.37,51.27,15.124,69.488,25.636,FP,,,,,,,
143,63,113.28,505.64,23.44,15.576,69.525,11.718,FP,,,,,,,
143,64,267.17,506.67,19.0,36.735,69.667,9.5,FP,,,,,,,
143,,,,,34.554,2.578,68.169,FN,0,,,,,,
143,,,,,29.292,3.273,80.859,FN,1,,,,,,
143,,,,,5.76,6.217,39.966,FN,2,,,,,,
143,,,,,30.323,9.583,81.468,FN,3,,,,,,
143,,,,,20.592,14.467,68.514,FN,4,,,,,,
143,,,,,19.71,19.602,55.763,FN,5,,,,,,
143,,,,,43.175,20.212,0.5,FN,6,,,,,,
143,,,,,43.125,26.763,57.33,FN,7,,,,,,
143,,,,,42.595,28.104,32.336,FN,8,,,,,,
143,,,,,15.499,27.775,32.836,FN,9,,,,,,
143,,,,,21.368,34.416,25.821,FN,10,,,,,,
143,,,,,39.704,35.466,91.0,FN,11,,,,,,
143,,,,,42.781,37.366,2.016,FN,12,,,,,,
143,,,,,44.381,38.539,62.289,FN,13,,,,,,
143,,,,,0.588,67.768,35.476,FN,17,,,,,,
143,,,,,14.918,69.321,44.62,FN,18,,,,,,
148,0,48.29,6.27,31.09,6.64,0.862,15.547,FP,,,,,,,
148,1,375.42,12.3,31.34,51.62,1.691,15.668,TP,2,0.952,2.156,2.357,-0.931,-0.201,2.156
148,2,499.04,15.94,31.89,68.618,2.191,15.943,FP,,,,,,,
148,3,505.19,13.79,19.43,69.464,1.896,9.714,FP,,,,,,,
148,4,391.49,18.38,31.54,53.83,2.527,15.771,FP,,,,,,,
148,5,353.33,37.5,31.33,48.583,5.156,15.667,FP,,,,,,,
148,6,479.19,51.69,96.2,65.888,7.108,48.102,FP,,,,,,,
148,7,69.65,92.01,31.9,9.577,12.652,15.949,FP,,,,,,,
148,8,436.7,93.28,31.76,60.046,12.826,15.879,FP,,,,,,,
148,9,436.43,92.36,51.42,60.009,12.7,25.711,TP,6,0.425,1.421,1.483,-0.406,-0.128,1.421
148,10,439.98,90.94,167.0,60.498,12.504,83.5,FP,,,,,,,
148,11,436.68,91.35,19.42,60.043,12.561,9.708,FP,,,,,,,
148,12,436.24,92.06,39.48,59.983,12.658,19.742,FP,,,,,,,
148,13,438.74,94.13,104.98,60.327,12.942,52.489,FP,,,,,,,
148,14,68.21,94.2,95.23,9.378,12.952,47.617,FP,,,,,,,
148,15,437.67,92.62,15.71,60.179,12.735,7.857,FP,,,,,,,
148,16,439.0,90.0,160.0,60.363,12.375,80.0,FP,,,,,,,
148,17,500.8,109.11,31.91,68.86,15.003,15.956,FP,,,,,,,
148,18,495.0,106.36,57.75,68.062,14.625,28.873,FP,,,,,,,
148,19,498.03,105.2,51.38,68.479,14.466,25.692,TP,7,1.165,1.083,1.59,1.163,-0.069,1.083
148,20,499.45,106.89,43.52,68.674,14.697,21.76,FP,,,,,,,
148,21,488.59,105.52,95.35,67.181,14.509,47.674,FP,,,,,,,
148,22,496.86,106.67,47.47,68.318,14.667,23.737,FP,,,,,,,
148,23,503.11,105.95,39.37,69.177,14.568,19.684,FP,,,,,,,
148,24,496.85,108.95,39.45,68.317,14.981,19.725,FP,,,,,,,
148,25,62.51,120.51,96.99,8.595,16.57,48.493,FP,,,,,,,
148,26,62.62,122.17,36.16,8.61,16.799,18.079,FP,,,,,,,
148,27,481.21,122.75,95.4,66.166,16.879,47.699,FP,,,,,,,
148,28,218.08,251.07,99.03,29.985,34.522,49.516,TP,11,0.768,2.695,2.802,-0.216,-0.737,-2.695
148,29,217.41,251.46,115.4,29.894,34.576,57.699,FP,,,,,,,
148,30,218.95,250.57,32.96,30.106,34.454,16.482,FP,,,,,,,
148,31,217.38,251.43,119.19,29.89,34.571,59.595,FP,,,,,,,
148,32,219.33,252.67,75.0,30.158,34.742,37.5,FP,,,,,,,
148,33,219.11,259.6,94.06,30.128,35.695,47.029,FP,,,,,,,
148,34,218.4,262.12,32.08,30.03,36.041,16.042,FP,,,,,,,
148,35,219.21,258.46,75.38,30.141,35.538,37.692,FP,,,,,,,
148,36,220.0,257.0,65.0,30.25,35.338,32.5,FP,,,,,,,
148,37,219.32,258.32,81.86,30.157,35.52,40.932,FP,,,,,,,
148,38,219.0,259.0,103.0,30.113,35.612,51.5,FP,,,,,,,
148,39,219.5,260.0,51.0,30.181,35.75,25.5,FP,,,,,,,
148,40,410.49,342.91,39.23,56.442,47.15,19.617,FP,,,,,,,
148,41,409.22,341.99,19.0,56.268,47.024,9.501,FP,,,,,,,
148,42,411.72,343.61,96.33,56.611,47.246,48.164,FP,,,,,,,
148,43,412.75,342.89,166.29,56.754,47.147,83.147,FP,,,,,,,
148,44,409.95,343.61,115.57,56.368,47.247,57.786,FP,,,,,,,
148,45,409.83,341.27,129.07,56.351,46.925,64.537,FP,,,,,,,
148,46,410.77,342.7,83.64,56.48,47.122,41.818,FP,,,,,,,
148,47,409.0,342.25,123.0,56.238,47.059,61.5,FP,,,,,,,
148,48,412.0,341.53,137.69,56.65,46.961,68.844,FP,,,,,,,
148,49,409.32,344.64,107.51,56.282,47.388,53.753,FP,,,,,,,
148,50,159.51,373.89,26.27,21.932,51.41,13.135,TP,15,0.322,0.095,0.336,-0.125,0.297,0.095
148,51,159.88,375.51,49.1,21.983,51.632,24.551,FP,,,,,,,
148,52,159.41,366.59,39.44,21.918,50.407,19.719,FP,,,,,,,
148,53,159.53,374.75,96.06,21.936,51.528,48.029,FP,,,,,,,
148,54,160.36,373.68,115.68,22.049,51.381,57.839,FP,,,,,,,
148,55,160.67,373.33,119.22,22.092,51.333,59.611,FP,,,,,,,
148,56,159.85,378.07,168.44,21.98,51.985,84.218,FP,,,,,,,
148,57,160.63,377.77,83.4,22.086,51.944,41.7,FP,,,,,,,
148,58,392.5,379.0,31.0,53.969,52.112,15.5,FP,,,,,,,
148,59,319.24,474.3,96.12,43.895,65.217,48.059,FP,,,,,,,
148,60,318.25,473.41,31.59,43.759,65.093,15.793,FP,,,,,,,
148,,,,,6.606,1.366,92.845,FN,0,,,,,,
148,,,,,68.054,1.293,1.25,FN,1,,,,,,
148,,,,,22.748,2.557,81.151,FN,3,,,,,,
148,,,,,69.205,3.071,58.083,FN,4,,,,,,
148,,,,,9.723,12.173,3.108,FN,5,,,,,,
148,,,,,8.538,16.545,75.0,FN,8,,,,,,
148,,,,,68.744,21.401,45.824,FN,9,,,,,,
148,,,,,30.253,35.885,89.489,FN,10,,,,,,
148,,,,,19.611,38.75,97.69,FN,12,,,,,,
148,,,,,60.613,46.46,95.116,FN,13,,,,,,
148,,,,,56.603,47.008,2.281,FN,14,,,,,,
148,,,,,20.96,56.432,97.757,FN,16,,,,,,
148,,,,,43.986,65.072,59.974,FN,17,,,,,,
148,,,,,17.574,67.33,42.68,FN,18,,,,,,
148,,,,,24.126,69.695,75.176,FN,19,,,,,,
149,0,343.39,18.53,31.83,47.216,2.548,15.917,FP,,,,,,,
149,1,341.88,6.38,43.75,47.008,0.877,21.875,FP,,,,,,,
149,2,343.29,16.18,18.78,47.202,2.224,9.391,FP,,,,,,,
149,3,342.07,20.11,97.3,47.035,2.766,48.651,TP,0,0.141,3.418,3.421,-0.133,0.046,3.418
149,4,342.92,19.44,50.32,47.152,2.674,25.158,FP,,,,,,,
149,5,342.61,18.98,23.3,47.109,2.61,11.652,FP,,,,,,,
149,6,342.51,19.75,56.53,47.095,2.715,28.265,FP,,,,,,,
149,7,340.5,18.5,115.0,46.819,2.544,57.5,FP,,,,,,,
149,8,341.72,20.75,39.34,46.986,2.853,19.672,FP,,,,,,,
149,9,341.22,19.44,43.67,46.918,2.674,21.833,FP,,,,,,,
149,10,342.0,21.5,80.0,47.025,2.956,40.0,FP,,,,,,,
149,11,319.34,42.41,31.0,43.91,5.832,15.5,FP,,,,,,,
149,12,37.67,49.25,95.46,5.18,6.772,47.728,FP,,,,,,,
149,13,37.92,50.74,31.62,5.214,6.977,15.812,FP,,,,,,,
149,14,324.0,46.0,31.0,44.55,6.325,15.5,FP,,,,,,,
149,15,36.97,49.89,51.34,5.084,6.859,25.671,FP,,,,,,,
149,16,38.0,49.43,19.14,5.225,6.796,9.571,FP,,,,,,,
149,17,36.83,50.17,59.0,5.065,6.898,29.5,TP,1,0.432,2.938,2.969,-0.354,-0.248,-2.938
149,18,37.0,50.0,39.0,5.088,6.875,19.5,FP,,,,,,,
149,19,37.0,50.0,48.0,5.088,6.875,24.0,FP,,,,,,,
149,20,160.06,114.67,26.01,22.009,15.766,13.003,FP,,,,,,,
149,21,158.14,110.71,48.88,21.745,15.222,24.438,TP,2,0.458,0.904,1.014,-0.079,0.451,0.904
149,22,158.67,108.81,96.98,21.817,14.961,48.492,FP,,,,,,,
149,23,161.48,107.17,166.65,22.204,14.736,83.326,FP,,,,,,,
149,24,158.35,108.61,57.32,21.774,14.934,28.66,FP,,,,,,,
149,25,156.42,107.87,39.49,21.508,14.833,19.743,FP,,,,,,,
149,26,158.72,107.69,118.37,21.824,14.807,59.185,FP,,,,,,,
149,27,161.69,106.09,171.29,22.232,14.587,85.643,FP,,,,,,,
149,28,298.53,118.56,37.2,41.048,16.302,18.6,FP,,,,,,,
149,29,159.0,108.77,107.31,21.863,14.956,53.654,FP,,,,,,,
149,30,159.17,108.17,126.0,21.885,14.873,63.0,FP,,,,,,,
149,31,158.5,108.5,111.0,21.794,14.919,55.5,FP,,,,,,,
149,32,298.57,118.94,19.45,41.053,16.354,9.725,FP,,,,,,,
149,33,295.75,114.48,111.35,40.666,15.741,55.677,FP,,,,,,,
149,34,298.38,115.77,94.77,41.027,15.918,47.386,FP,,,,,,,
149,35,294.13,115.44,101.35,40.442,15.873,50.674,FP,,,,,,,
149,36,297.89,119.41,55.52,40.96,16.418,27.759,FP,,,,,,,
149,37,298.44,118.58,59.0,41.036,16.304,29.5,TP,3,0.609,2.612,2.682,-0.094,0.602,-2.612
149,38,36.92,121.64,31.22,5.076,16.726,15.608,FP,,,,,,,
149,39,162.19,121.69,43.47,22.302,16.733,21.736,FP,,,,,,,
149,40,164.53,121.67,39.48,22.623,16.729,19.742,FP,,,,,,,
149,41,37.94,122.15,19.38,5.217,16.796,9.689,TP,4,0.756,0.811,1.108,-0.116,0.747,-0.811
149,42,41.07,122.57,51.5,5.647,16.853,25.75,FP,,,,,,,
149,43,40.4,122.2,55.4,5.555,16.802,27.7,FP,,,,,,,
149,44,40.5,122.0,39.0,5.569,16.775,19.5,FP,,,,,,,
149,45,192.58,135.41,106.03,26.48,18.619,53.014,FP,,,,,,,
149,46,195.0,132.0,31.0,26.812,18.15,15.5,FP,,,,,,,
149,47,370.16,179.73,95.6,50.897,24.713,47.8,FP,,,,,,,
149,48,368.61,180.7,37.76,50.684,24.847,18.881,FP,,,,,,,
149,49,370.49,179.75,83.39,50.943,24.715,41.695,FP,,,,,,,
149,50,369.05,180.19,75.46,50.745,24.776,37.73,FP,,,,,,,
149,51,369.19,180.19,79.56,50.763,24.776,39.781,FP,,,,,,,
149,52,368.67,181.33,59.0,50.692,24.933,29.5,FP,,,,,,,
149,53,78.45,198.15,31.25,10.787,27.246,15.625,FP,,,,,,,
149,54,29.0,207.56,38.38,3.987,28.54,19.192,FP,,,,,,,
149,55,28.74,206.96,97.79,3.952,28.457,48.897,TP,8,0.11,0.65,0.659,-0.107,0.027,0.65
149,56,28.97,207.31,20.54,3.984,28.505,10.269,FP,,,,,,,
149,57,29.62,207.09,123.24,4.073,28.475,61.622,FP,,,,,,,
149,58,28.28,207.31,167.0,3.888,28.505,83.5,FP,,,,,,,
149,59,28.91,207.19,15.56,3.975,28.488,7.781,FP,,,,,,,
149,60,30.0,206.78,65.0,4.125,28.432,32.5,FP,,,,,,,
149,61,271.55,249.98,95.25,37.338,34.372,47.626,FP,,,,,,,
149,62,271.17,251.14,32.0,37.286,34.532,16.002,FP,,,,,,,
149,63,272.2,251.4,39.0,37.428,34.568,19.5,FP,,,,,,,
149,64,273.56,252.0,55.81,37.614,34.65,27.907,FP,,,,,,,
149,65,273.0,252.5,52.0,37.538,34.719,26.0,FP,,,,,,,
149,66,243.25,314.05,31.33,33.446,43.183,15.666,FP,,,,,,,
149,67,244.39,312.13,17.65,33.603,42.918,8.824,TP,12,0.357,3.212,3.232,-0.277,-0.225,3.212
149,68,244.79,313.82,45.96,33.659,43.15,22.981,FP,,,,,,,
149,69,246.79,314.87,96.02,33.933,43.294,48.01,FP,,,,,,,
149,70,244.53,311.78,23.46,33.623,42.87,11.732,FP,,,,,,,
149,71,242.74,311.5,55.53,33.377,42.831,27.766,FP,,,,,,,
149,72,242.07,310.53,59.0,33.284,42.698,29.5,FP,,,,,,,
149,73,245.81,313.31,128.9,33.799,43.08,64.452,FP,,,,,,,
149,74,247.35,315.53,160.98,34.011,43.386,80.491,FP,,,,,,,
149,75,248.89,313.45,83.34,34.223,43.099,41.671,FP,,,,,,,
149,76,177.84,315.83,31.57,24.453,43.427,15.787,FP,,,,,,,
149,77,248.75,314.21,115.29,34.203,43.204,57.646,FP,,,,,,,
149,78,247.5,317.42,179.25,34.031,43.645,89.625,FP,,,,,,,
149,79,247.5,317.0,103.0,34.031,43.588,51.5,FP,,,,,,,
149,80,225.83,331.85,95.28,31.051,45.63,47.64,FP,,,,,,,
149,81,143.35,377.42,26.83,19.711,51.896,13.415,FP,,,,,,,
149,82,136.63,377.89,93.47,18.786,51.959,46.736,FP,,,,,,,
149,83,135.49,378.46,83.38,18.631,52.039,41.689,FP,,,,,,,
149,84,142.35,378.06,39.0,19.574,51.983,19.5,FP,,,,,,,
149,85,136.5,378.5,80.0,18.769,52.044,40.0,FP,,,,,,,
149,86,64.61,412.25,95.96,8.884,56.685,47.98,FP,,,,,,,
149,87,65.62,412.79,38.07,9.023,56.759,19.035,FP,,,,,,,
149,88,64.11,411.67,111.0,8.815,56.604,55.5,TP,15,0.219,0.486,0.533,-0.219,0.002,-0.486
149,89,370.52,422.78,46.91,50.947,58.132,23.457,FP,,,,,,,
149,90,202.94,429.68,95.28,27.905,59.081,47.638,TP,18,0.054,1.889,1.89,-0.029,0.045,-1.889
149,91,202.1,429.5,32.0,27.789,59.056,16.001,FP,,,,,,,
149,92,365.35,425.83,95.43,50.236,58.551,47.713,FP,,,,,,,
149,93,203.5,429.94,109.4,27.982,59.117,54.699,FP,,,,,,,
149,94,203.9,428.66,115.34,28.036,58.94,57.672,FP,,,,,,,
149,95,202.58,429.12,83.54,27.855,59.004,41.77,FP,,,,,,,
149,96,204.6,429.67,103.13,28.133,59.079,51.567,FP,,,,,,,
149,97,201.33,429.67,51.0,27.683,59.079,25.5,FP,,,,,,,
149,98,503.04,493.52,31.64,69.167,67.859,15.818,FP,,,,,,,
149,99,505.11,491.72,19.22,69.453,67.612,9.611,FP,,,,,,,
149,100,333.35,507.69,167.29,45.836,69.808,83.646,FP,,,,,,,
149,101,333.11,508.11,164.0,45.803,69.865,82.0,FP,,,,,,,
149,102,333.92,508.23,159.92,45.914,69.882,79.962,FP,,,,,,,
149,,,,,26.542,18.568,31.5,FN,5,,,,,,
149,,,,,50.731,24.809,60.536,FN,6,,,,,,
149,,,,,11.331,27.363,89.067,FN,7,,,,,,
149,,,,,37.707,34.855,65.241,FN,9,,,,,,
149,,,,,25.236,42.368,82.175,FN,10,,,,,,
149,,,,,49.891,42.544,95.243,FN,11,,,,,,
149,,,,,24.121,43.854,88.004,FN,13,,,,,,
149,,,,,19.117,51.934,7.719,FN,14,,,,,,
149,,,,,52.235,58.302,25.5,FN,16,,,,,,
149,,,,,50.969,58.096,77.067,FN,17,,,,,,
149,,,,,69.338,67.317,50.959,FN,19,,,,,,
15,0,452.97,43.66,97.61,62.283,6.004,48.804,FP,,,,,,,
15,1,452.37,45.01,33.29,62.201,6.189,16.645,FP,,,,,,,
15,2,452.49,44.92,48.54,62.217,6.176,24.269,FP,,,,,,,
15,3,453.14,43.16,82.33,62.306,5.935,41.164,FP,,,,,,,
15,4,452.5,42.5,111.0,62.219,5.844,55.5,TP,1,0.247,0.505,0.562,-0.199,-0.147,-0.505
15,5,14.51,99.31,31.61,1.995,13.656,15.806,FP,,,,,,,
15,6,13.0,98.32,19.18,1.788,13.519,9.591,FP,,,,,,,
15,7,16.07,99.76,51.48,2.209,13.717,25.741,FP,,,,,,,
15,8,16.1,99.58,55.52,2.213,13.692,27.758,FP,,,,,,,
15,9,16.5,100.5,59.0,2.269,13.819,29.5,FP,,,,,,,
15,10,276.92,152.62,46.79,38.076,20.986,23.396,FP,,,,,,,
15,11,280.0,156.07,95.6,38.5,21.459,47.8,FP,,,,,,,
15,12,207.06,162.62,31.45,28.471,22.36,15.723,FP,,,,,,,
15,13,208.77,162.06,95.57,28.706,22.283,47.787,TP,6,0.089,0.562,0.569,-0.05,0.074,0.562
15,14,209.55,161.17,83.38,28.813,22.161,41.689,FP,,,,,,,
15,15,209.0,161.5,103.0,28.738,22.206,51.5,FP,,,,,,,
15,16,139.03,210.86,95.91,19.117,28.994,47.957,FP,,,,,,,
15,17,138.67,211.42,32.03,19.067,29.07,16.017,FP,,,,,,,
15,18,397.06,286.37,44.93,54.596,39.376,22.466,FP,,,,,,,
15,19,397.77,285.74,95.46,54.693,39.289,47.728,FP,,,,,,,
15,20,397.11,286.11,16.67,54.603,39.34,8.333,FP,,,,,,,
15,21,169.33,329.42,98.17,23.283,45.295,49.085,FP,,,,,,,
15,22,166.4,328.81,31.56,22.881,45.211,15.778,FP,,,,,,,
15,23,170.36,328.46,83.11,23.424,45.164,41.554,TP,9,0.109,2.45,2.452,-0.084,0.069,-2.45
15,24,213.77,334.94,95.95,29.393,46.054,47.975,FP,,,,,,,
15,25,170.35,330.07,121.28,23.424,45.385,60.642,FP,,,,,,,
15,26,168.6,329.2,126.0,23.183,45.265,63.0,FP,,,,,,,
15,27,213.4,336.63,53.11,29.342,46.287,26.554,FP,,,,,,,
15,28,213.58,337.29,31.42,29.367,46.378,15.709,FP,,,,,,,
15,29,213.5,337.0,39.0,29.356,46.338,19.5,FP,,,,,,,
15,30,237.2,361.15,95.4,32.615,49.658,47.7,FP,,,,,,,
15,31,244.1,361.67,95.38,33.563,49.729,47.69,FP,,,,,,,
15,32,244.65,376.94,31.48,33.639,51.829,15.741,FP,,,,,,,
15,33,245.68,377.12,19.03,33.782,51.854,9.516,FP,,,,,,,
15,34,238.59,378.41,95.94,32.806,52.031,47.971,FP,,,,,,,
15,35,259.63,377.95,100.42,35.7,51.968,50.212,FP,,,,,,,
15,36,245.07,377.92,46.26,33.698,51.965,23.128,FP,,,,,,,
15,37,245.73,377.58,23.41,33.788,51.917,11.705,FP,,,,,,,
15,38,475.45,378.94,36.1,65.375,52.104,18.051,FP,,,,,,,
15,39,248.21,378.0,83.21,34.129,51.975,41.604,FP,,,,,,,
15,40,258.82,377.59,83.12,35.588,51.918,41.559,FP,,,,,,,
15,41,259.47,378.02,115.19,35.677,51.978,57.596,FP,,,,,,,
15,42,244.24,378.29,55.43,33.583,52.014,27.714,FP,,,,,,,
15,43,236.5,378.5,103.0,32.519,52.044,51.5,FP,,,,,,,
15,44,236.67,379.44,107.56,32.542,52.174,53.778,FP,,,,,,,
15,45,475.0,380.0,51.0,65.312,52.25,25.5,FP,,,,,,,
15,46,42.44,397.92,33.55,5.835,54.714,16.773,FP,,,,,,,
15,47,42.67,394.67,19.22,5.867,54.267,9.611,FP,,,,,,,
15,48,43.34,399.12,47.13,5.959,54.878,23.563,FP,,,,,,,
15,49,41.03,400.3,95.63,5.642,55.041,47.813,FP,,,,,,,
15,50,43.0,398.5,59.0,5.912,54.794,29.5,FP,,,,,,,
15,51,85.55,436.62,95.93,11.763,60.036,47.964,FP,,,,,,,
15,52,85.71,436.22,103.27,11.785,59.98,51.634,FP,,,,,,,
15,53,84.5,436.0,108.0,11.619,59.95,54.0,FP,,,,,,,
15,54,85.54,439.21,51.29,11.762,60.391,25.645,FP,,,,,,,
15,55,85.47,438.93,32.19,11.753,60.353,16.097,FP,,,,,,,
15,56,85.0,438.86,39.57,11.688,60.343,19.786,FP,,,,,,,
15,57,349.33,469.34,31.05,48.033,64.534,15.526,TP,17,0.039,0.434,0.436,-0.037,-0.012,-0.434
15,58,349.55,467.8,95.95,48.063,64.323,47.973,FP,,,,,,,
15,59,348.54,468.69,54.7,47.924,64.445,27.35,FP,,,,,,,
15,60,348.62,469.17,15.49,47.935,64.511,7.743,FP,,,,,,,
15,61,348.77,469.0,39.45,47.955,64.488,19.727,FP,,,,,,,
15,62,348.78,469.02,19.42,47.958,64.49,9.709,FP,,,,,,,
15,63,348.63,469.33,43.47,47.936,64.532,21.733,FP,,,,,,,
15,64,348.69,469.21,47.55,47.945,64.516,23.776,FP,,,,,,,
15,65,349.0,469.0,115.5,47.987,64.488,57.75,FP,,,,,,,
15,66,496.95,500.86,0.95,68.33,68.868,0.474,FP,,,,,,,
15,67,500.06,505.41,33.41,68.758,69.494,16.707,FP,,,,,,,
15,,,,,41.899,1.452,32.494,FN,0,,,,,,
15,,,,,1.565,13.652,0.568,FN,2,,,,,,
15,,,,,47.408,16.45,30.0,FN,3,,,,,,
15,,,,,29.673,17.236,56.163,FN,4,,,,,,
15,,,,,38.112,20.919,75.276,FN,5,,,,,,
15,,,,,19.28,28.994,65.961,FN,7,,,,,,
15,,,,,54.675,39.299,79.062,FN,8,,,,,,
15,,,,,29.349,46.189,69.472,FN,10,,,,,,
15,,,,,31.096,47.914,6.033,FN,11,,,,,,
15,,,,,35.325,51.842,35.963,FN,12,,,,,,
15,,,,,65.37,51.942,85.985,FN,13,,,,,,
15,,,,,32.751,51.933,37.374,FN,14,,,,,,
15,,,,,5.844,54.842,56.015,FN,15,,,,,,
15,,,,,11.823,60.291,72.68,FN,16,,,,,,
15,,,,,23.98,66.248,97.544,FN,18,,,,,,
15,,,,,68.416,68.84,91.722,FN,19,,,,,,
151,0,94.34,5.88,31.39,12.972,0.809,15.693,FP,,,,,,,
151,1,249.77,10.05,31.45,34.344,1.382,15.725,FP,,,,,,,
151,2,219.12,64.2,31.37,30.129,8.828,15.684,FP,,,,,,,
151,3,166.49,92.46,95.82,22.892,12.713,47.91,FP,,,,,,,
151,4,165.37,95.99,31.74,22.739,13.199,15.871,FP,,,,,,,
151,5,166.5,93.5,103.0,22.894,12.856,51.5,FP,,,,,,,
151,6,164.5,94.33,58.67,22.619,12.971,29.333,FP,,,,,,,
151,7,140.32,174.79,37.66,19.294,24.034,18.831,FP,,,,,,,
151,8,135.36,175.8,95.09,18.612,24.172,47.543,FP,,,,,,,
151,9,137.81,172.71,19.43,18.949,23.748,9.714,TP,5,0.326,2.511,2.533,0.044,-0.323,2.511
151,10,101.0,197.5,31.0,13.888,27.156,15.5,FP,,,,,,,
151,11,121.11,222.04,96.11,16.653,30.531,48.057,FP,,,,,,,
151,12,119.13,236.22,31.48,16.381,32.48,15.741,FP,,,,,,,
151,13,105.57,247.65,30.76,14.516,34.052,15.378,FP,,,,,,,
151,14,114.95,249.57,93.59,15.805,34.315,46.797,FP,,,,,,,
151,15,115.96,249.37,82.54,15.944,34.288,41.27,FP,,,,,,,
151,16,107.67,250.33,55.0,14.804,34.421,27.5,FP,,,,,,,
151,17,377.0,259.0,39.36,51.838,35.612,19.679,FP,,,,,,,
151,18,376.8,259.47,43.33,51.81,35.677,21.667,FP,,,,,,,
151,19,442.83,272.84,31.21,60.89,37.515,15.607,FP,,,,,,,
151,20,408.46,313.43,31.56,56.164,43.097,15.779,FP,,,,,,,
151,21,408.85,311.67,19.41,56.216,42.854,9.705,FP,,,,,,,
151,22,247.52,330.55,31.34,34.035,45.451,15.671,TP,12,0.965,1.051,1.427,-0.936,0.235,-1.051
151,23,259.25,328.0,102.58,35.646,45.101,51.292,FP,,,,,,,
151,24,250.64,328.98,103.05,34.464,45.235,51.526,FP,,,,,,,
151,25,260.56,328.04,167.4,35.827,45.105,83.702,FP,,,,,,,
151,26,249.09,327.5,15.5,34.25,45.031,7.75,FP,,,,,,,
151,27,259.35,328.5,157.06,35.661,45.169,78.531,FP,,,,,,,
151,28,262.0,330.82,31.13,36.024,45.488,15.565,FP,,,,,,,
151,29,249.12,328.62,19.0,34.255,45.186,9.5,FP,,,,,,,
151,30,258.0,328.8,147.6,35.475,45.21,73.8,FP,,,,,,,
151,31,186.57,364.21,95.71,25.653,50.078,47.857,FP,,,,,,,
151,32,184.94,368.5,31.56,25.43,50.668,15.78,FP,,,,,,,
151,33,333.09,420.35,39.22,45.8,57.799,19.611,FP,,,,,,,
151,34,333.24,419.79,19.3,45.82,57.721,9.651,TP,15,0.512,1.804,1.875,-0.439,-0.265,-1.804
151,35,331.75,419.32,106.08,45.616,57.657,53.038,FP,,,,,,,
151,36,185.24,418.07,95.43,25.47,57.484,47.717,FP,,,,,,,
151,37,338.64,424.39,167.28,46.563,58.354,83.639,FP,,,,,,,
151,38,337.0,423.5,152.0,46.338,58.231,76.0,FP,,,,,,,
151,39,139.17,451.93,40.19,19.135,62.14,20.097,FP,,,,,,,
151,40,139.19,452.12,19.5,19.138,62.167,9.75,FP,,,,,,,
151,41,47.15,453.73,39.2,6.484,62.388,19.598,FP,,,,,,,
151,42,140.57,451.84,105.14,19.328,62.128,52.569,FP,,,,,,,
151,43,48.06,453.56,19.21,6.608,62.364,9.606,FP,,,,,,,
151,44,46.37,453.78,95.68,6.376,62.394,47.838,FP,,,,,,,
151,45,134.94,452.92,167.95,18.555,62.276,83.975,FP,,,,,,,
151,46,132.93,453.21,159.41,18.278,62.316,79.707,FP,,,,,,,
151,47,133.5,453.33,156.67,18.356,62.333,78.333,FP,,,,,,,
151,48,352.46,483.68,95.83,48.463,66.507,47.915,FP,,,,,,,
151,49,354.68,486.11,31.74,48.769,66.84,15.871,FP,,,,,,,
151,50,354.0,485.5,59.0,48.675,66.756,29.5,FP,,,,,,,
151,,,,,13.062,0.567,47.245,FN,0,,,,,,
151,,,,,34.346,1.882,67.631,FN,1,,,,,,
151,,,,,30.453,8.688,54.767,FN,2,,,,,,
151,,,,,0.688,12.338,66.022,FN,3,,,,,,
151,,,,,22.916,12.919,67.699,FN,4,,,,,,
151,,,,,18.013,30.37,63.142,FN,6,,,,,,
151,,,,,14.881,33.456,3.219,FN,7,,,,,,
151,,,,,52.381,35.497,77.889,FN,8,,,,,,
151,,,,,65.935,36.128,21.31,FN,9,,,,,,
151,,,,,60.681,37.461,90.252,FN,10,,,,,,
151,,,,,56.134,42.938,27.25,FN,11,,,,,,
151,,,,,25.544,50.457,64.711,FN,13,,,,,,
151,,,,,45.477,57.427,36.057,FN,14,,,,,,
151,,,,,18.086,61.711,14.645,FN,16,,,,,,
151,,,,,6.472,62.32,28.658,FN,17,,,,,,
151,,,,,19.697,62.311,30.666,FN,18,,,,,,
151,,,,,48.801,66.649,71.25,FN,19,,,,,,
154,0,398.8,7.65,166.03,54.836,1.052,83.017,FP,,,,,,,
154,1,397.5,6.4,171.58,54.657,0.879,85.791,FP,,,,,,,
154,2,398.9,7.22,175.25,54.849,0.992,87.627,FP,,,,,,,
154,3,399.59,7.94,179.56,54.943,1.092,89.78,FP,,,,,,,
154,4,398.37,8.77,183.23,54.776,1.206,91.614,FP,,,,,,,
154,5,399.12,8.8,187.0,54.879,1.21,93.5,FP,,,,,,,
154,6,328.53,51.06,31.6,45.172,7.021,15.801,FP,,,,,,,
154,7,366.68,86.81,43.05,50.418,11.936,21.525,FP,,,,,,,
154,8,365.95,87.2,62.05,50.318,11.99,31.025,FP,,,,,,,
154,9,66.74,111.49,95.52,9.177,15.33,47.761,FP,,,,,,,
154,10,67.57,111.92,48.58,9.29,15.388,24.29,FP,,,,,,,
154,11,68.5,131.0,95.0,9.419,18.013,47.5,FP,,,,,,,
154,12,120.67,141.83,37.45,16.593,19.502,18.727,FP,,,,,,,
154,13,119.97,137.87,19.31,16.497,18.957,9.654,FP,,,,,,,
154,14,83.4,134.2,95.2,11.468,18.452,47.6,FP,,,,,,,
154,15,120.25,137.19,15.75,16.534,18.863,7.875,FP,,,,,,,
154,16,121.28,138.21,23.38,16.675,19.003,11.69,FP,,,,,,,
154,17,120.91,143.64,95.0,16.625,19.75,47.5,FP,,,,,,,
154,18,443.43,213.35,94.79,60.972,29.335,47.396,TP,9,0.054,0.831,0.832,0.014,0.052,-0.831
154,19,442.55,214.2,31.94,60.85,29.453,15.97,FP,,,,,,,
154,20,442.26,214.11,51.68,60.81,29.441,25.842,FP,,,,,,,
154,21,441.47,212.73,64.87,60.702,29.251,32.433,FP,,,,,,,
154,22,443.54,213.03,115.41,60.986,29.291,57.703,FP,,,,,,,
154,23,441.23,213.38,59.0,60.669,29.34,29.5,FP,,,,,,,
154,24,443.28,213.24,19.41,60.95,29.321,9.707,FP,,,,,,,
154,25,443.75,213.0,119.0,61.016,29.288,59.5,FP,,,,,,,
154,26,441.21,214.67,43.62,60.666,29.517,21.812,FP,,,,,,,
154,27,441.92,214.79,39.25,60.764,29.534,19.625,FP,,,,,,,
154,28,248.66,262.46,31.58,34.191,36.089,15.789,TP,11,0.697,3.745,3.809,-0.132,0.685,3.745
154,29,32.17,345.2,96.64,4.423,47.465,48.319,FP,,,,,,,
154,30,31.42,344.18,107.56,4.32,47.324,53.778,FP,,,,,,,
154,31,32.84,346.08,54.65,4.516,47.586,27.326,FP,,,,,,,
154,32,34.25,347.08,31.98,4.71,47.723,15.991,FP,,,,,,,
154,33,33.5,345.5,76.0,4.606,47.506,38.0,FP,,,,,,,
154,34,33.0,345.5,115.0,4.537,47.506,57.5,FP,,,,,,,
154,35,33.5,346.5,62.0,4.606,47.644,31.0,FP,,,,,,,
154,36,377.42,376.43,94.01,51.895,51.759,47.004,TP,14,0.348,1.28,1.327,-0.348,-0.001,1.28
154,37,375.79,376.2,31.42,51.671,51.727,15.708,FP,,,,,,,
154,38,378.26,376.44,64.78,52.011,51.761,32.389,FP,,,,,,,
154,39,377.17,377.13,107.66,51.861,51.855,53.83,FP,,,,,,,
154,40,377.05,377.52,19.45,51.844,51.91,9.726,FP,,,,,,,
154,41,390.59,377.88,95.32,53.706,51.959,47.659,FP,,,,,,,
154,42,379.0,376.5,69.0,52.112,51.769,34.5,FP,,,,,,,
154,43,238.46,460.71,31.63,32.788,63.348,15.814,FP,,,,,,,
154,44,236.97,459.59,19.19,32.583,63.194,9.594,FP,,,,,,,
154,45,235.23,460.7,96.06,32.344,63.347,48.03,FP,,,,,,,
154,46,395.17,503.76,93.18,54.335,69.268,46.589,FP,,,,,,,
154,47,393.72,501.73,35.49,54.136,68.987,17.743,FP,,,,,,,
154,48,395.98,505.74,117.13,54.448,69.539,58.566,FP,,,,,,,
154,49,395.26,506.03,107.52,54.348,69.579,53.758,FP,,,,,,,
154,50,395.34,506.33,111.42,54.36,69.62,55.711,FP,,,,,,,
154,,,,,10.69,2.934,63.218,FN,0,,,,,,
154,,,,,45.544,7.556,7.017,FN,1,,,,,,
154,,,,,28.531,9.779,94.038,FN,2,,,,,,
154,,,,,50.451,11.802,78.771,FN,3,,,,,,
154,,,,,9.3,15.31,72.769,FN,4,,,,,,
154,,,,,11.952,18.784,19.947,FN,5,,,,,,
154,,,,,16.967,19.735,60.331,FN,6,,,,,,
154,,,,,43.84,27.236,92.059,FN,7,,,,,,
154,,,,,0.55,28.483,6.25,FN,8,,,,,,
154,,,,,7.007,31.462,84.418,FN,10,,,,,,
154,,,,,40.924,38.037,75.618,FN,12,,,,,,
154,,,,,4.702,47.605,69.08,FN,13,,,,,,
154,,,,,28.596,52.342,4.086,FN,15,,,,,,
154,,,,,43.406,57.713,90.93,FN,16,,,,,,
154,,,,,32.5,63.2,39.229,FN,17,,,,,,
154,,,,,52.449,68.122,29.44,FN,18,,,,,,
154,,,,,55.163,69.757,5.767,FN,19,,,,,,
161,0,95.46,15.32,31.98,13.126,2.107,15.99,FP,,,,,,,
161,1,94.91,16.64,39.0,13.05,2.288,19.5,FP,,,,,,,
161,2,94.61,17.39,95.15,13.008,2.392,47.576,FP,,,,,,,
161,3,95.72,17.94,57.17,13.162,2.467,28.583,FP,,,,,,,
161,4,96.33,17.67,51.0,13.246,2.429,25.5,FP,,,,,,,
161,5,129.95,29.37,20.16,17.868,4.038,10.079,FP,,,,,,,
161,6,130.76,30.71,31.1,17.979,4.222,15.549,FP,,,,,,,
161,7,162.88,61.74,31.54,22.395,8.489,15.771,FP,,,,,,,
161,8,166.03,60.13,95.33,22.829,8.268,47.663,FP,,,,,,,
161,9,167.0,63.08,51.0,22.962,8.673,25.5,FP,,,,,,,
161,10,166.0,64.5,24.0,22.825,8.869,12.0,FP,,,,,,,
161,11,489.27,111.19,94.35,67.275,15.289,47.177,FP,,,,,,,
161,12,493.2,114.78,31.91,67.816,15.783,15.957,FP,,,,,,,
161,13,487.49,110.84,51.89,67.03,15.241,25.947,FP,,,,,,,
161,14,490.1,110.11,82.68,67.389,15.141,41.338,FP,,,,,,,
161,15,493.5,109.5,65.0,67.856,15.056,32.5,FP,,,,,,,
161,16,495.94,118.6,19.2,68.191,16.308,9.602,FP,,,,,,,
161,17,490.9,118.8,23.0,67.499,16.335,11.5,FP,,,,,,,
161,18,504.94,120.11,23.17,69.43,16.515,11.583,FP,,,,,,,
161,19,85.44,135.6,96.62,11.748,18.645,48.308,FP,,,,,,,
161,20,85.77,136.14,31.61,11.794,18.719,15.806,FP,,,,,,,
161,21,327.09,143.02,26.63,44.974,19.665,13.316,FP,,,,,,,
161,22,326.39,143.08,47.89,44.878,19.674,23.944,FP,,,,,,,
161,23,85.95,135.18,19.23,11.818,18.588,9.617,FP,,,,,,,
161,24,84.82,134.87,49.79,11.663,18.544,24.895,FP,,,,,,,
161,25,84.73,134.14,43.55,11.65,18.444,21.773,FP,,,,,,,
161,26,85.18,134.5,107.36,11.712,18.494,53.682,FP,,,,,,,
161,27,84.89,134.44,39.33,11.672,18.486,19.667,FP,,,,,,,
161,28,85.0,134.5,59.0,11.688,18.494,29.5,FP,,,,,,,
161,29,85.6,135.5,15.8,11.77,18.631,7.9,FP,,,,,,,
161,30,85.3,135.4,23.1,11.729,18.618,11.55,FP,,,,,,,
161,31,325.29,147.52,98.74,44.728,20.285,49.369,FP,,,,,,,
161,32,327.15,143.39,166.85,44.984,19.716,83.423,FP,,,,,,,
161,33,325.82,146.64,120.59,44.8,20.163,60.295,FP,,,,,,,
161,34,270.84,212.7,31.15,37.241,29.246,15.577,FP,,,,,,,
161,35,291.22,236.94,96.07,40.043,32.579,48.033,FP,,,,,,,
161,36,286.77,242.47,41.15,39.431,33.34,20.574,FP,,,,,,,
161,37,288.42,251.51,168.76,39.658,34.582,84.38,FP,,,,,,,
161,38,14.56,251.08,31.39,2.001,34.524,15.694,FP,,,,,,,
161,39,287.19,259.14,164.8,39.488,35.632,82.401,FP,,,,,,,
161,40,17.0,262.86,31.11,2.338,36.143,15.554,FP,,,,,,,
161,41,285.48,263.26,95.8,39.253,36.198,47.899,FP,,,,,,,
161,42,143.91,324.08,31.46,19.788,44.56,15.73,FP,,,,,,,
161,43,121.78,319.62,171.44,16.744,43.948,85.722,FP,,,,,,,
161,44,121.78,320.43,167.47,16.745,44.058,83.736,FP,,,,,,,
161,45,145.12,323.57,50.22,19.954,44.49,25.111,FP,,,,,,,
161,46,144.65,323.79,39.49,19.89,44.521,19.744,FP,,,,,,,
161,47,143.0,322.1,19.45,19.663,44.288,9.725,FP,,,,,,,
161,48,145.42,326.49,105.7,19.995,44.893,52.849,FP,,,,,,,
161,49,147.52,323.9,167.03,20.284,44.536,83.517,FP,,,,,,,
161,50,138.75,327.5,15.0,19.078,45.031,7.5,FP,,,,,,,
161,51,453.91,376.69,31.71,62.413,51.795,15.856,FP,,,,,,,
161,52,454.14,376.86,43.14,62.445,51.818,21.571,FP,,,,,,,
161,53,277.24,436.9,96.33,38.12,60.074,48.165,TP,14,0.104,1.752,1.755,0.09,0.051,-1.752
161,54,52.2,441.11,96.14,7.177,60.653,48.068,FP,,,,,,,
161,55,275.93,434.97,65.1,37.941,59.808,32.552,FP,,,,,,,
161,56,278.22,436.56,115.0,38.256,60.026,57.5,FP,,,,,,,
161,57,276.82,436.0,75.41,38.063,59.95,37.706,FP,,,,,,,
161,58,59.77,441.51,31.62,8.218,60.707,15.812,FP,,,,,,,
161,59,274.25,446.87,31.91,37.709,61.445,15.955,FP,,,,,,,
161,60,54.08,441.54,103.34,7.437,60.711,51.67,FP,,,,,,,
161,61,67.54,440.38,51.12,9.287,60.553,25.558,FP,,,,,,,
161,62,74.53,440.22,95.46,10.247,60.53,47.729,FP,,,,,,,
161,63,273.99,445.61,51.47,37.674,61.271,25.737,FP,,,,,,,
161,64,52.29,441.29,75.71,7.189,60.677,37.857,FP,,,,,,,
161,65,79.2,441.4,31.0,10.89,60.693,15.5,FP,,,,,,,
161,66,274.83,444.33,19.33,37.79,61.096,9.667,FP,,,,,,,
161,67,273.2,447.61,57.35,37.565,61.546,28.675,FP,,,,,,,
161,68,273.0,446.5,39.0,37.538,61.394,19.5,FP,,,,,,,
161,69,274.05,460.31,97.02,37.683,63.293,48.511,FP,,,,,,,
161,70,273.68,461.56,107.47,37.631,63.464,53.735,FP,,,,,,,
161,,,,,13.365,2.493,66.05,FN,0,,,,,,
161,,,,,17.82,3.855,90.064,FN,1,,,,,,
161,,,,,22.896,8.444,1.512,FN,2,,,,,,
161,,,,,67.306,15.2,54.264,FN,3,,,,,,
161,,,,,11.795,18.614,41.163,FN,4,,,,,,
161,,,,,44.803,20.108,18.966,FN,5,,,,,,
161,,,,,40.455,33.05,63.843,FN,6,,,,,,
161,,,,,38.272,32.627,80.806,FN,7,,,,,,
161,,,,,39.624,34.762,1.523,FN,8,,,,,,
161,,,,,1.861,35.614,3.046,FN,9,,,,,,
161,,,,,20.661,43.543,87.583,FN,10,,,,,,
161,,,,,19.933,44.697,31.324,FN,11,,,,,,
161,,,,,62.473,51.37,75.533,FN,12,,,,,,
161,,,,,31.42,59.43,64.5,FN,13,,,,,,
161,,,,,7.231,60.578,63.507,FN,15,,,,,,
161,,,,,10.929,60.628,7.129,FN,16,,,,,,
161,,,,,52.504,62.561,78.611,FN,17,,,,,,
161,,,,,37.804,62.894,42.778,FN,18,,,,,,
195,0,137.98,4.43,95.11,18.972,0.609,47.557,FP,,,,,,,
195,1,438.78,4.55,168.78,60.332,0.625,84.389,FP,,,,,,,
195,2,141.06,8.42,32.8,19.396,1.158,16.398,FP,,,,,,,
195,3,439.0,5.0,160.0,60.363,0.688,80.0,FP,,,,,,,
195,4,140.75,8.75,43.75,19.353,1.203,21.875,FP,,,,,,,
195,5,143.0,9.0,55.0,19.663,1.238,27.5,FP,,,,,,,
195,6,57.97,35.33,95.84,7.971,4.858,47.92,FP,,,,,,,
195,7,96.47,38.5,32.11,13.265,5.294,16.054,FP,,,,,,,
195,8,96.77,37.6,95.18,13.306,5.17,47.589,TP,1,0.221,2.915,2.924,0.036,0.218,-2.915
195,9,95.31,36.24,75.71,13.105,4.983,37.853,FP,,,,,,,
195,10,95.0,36.33,79.22,13.062,4.996,39.611,FP,,,,,,,
195,11,60.06,39.6,32.72,8.258,5.445,16.359,FP,,,,,,,
195,12,59.42,37.91,56.08,8.17,5.212,28.038,FP,,,,,,,
195,13,94.36,38.92,51.47,12.974,5.351,25.737,FP,,,,,,,
195,14,93.79,40.02,43.53,12.896,5.503,21.767,FP,,,,,,,
195,15,93.3,39.8,55.3,12.829,5.472,27.65,FP,,,,,,,
195,16,26.61,138.01,31.37,3.659,18.976,15.685,FP,,,,,,,
195,17,27.31,135.73,19.45,3.755,18.663,9.724,FP,,,,,,,
195,18,228.8,148.94,93.6,31.46,20.479,46.799,FP,,,,,,,
195,19,228.27,150.13,31.93,31.387,20.642,15.966,FP,,,,,,,
195,20,229.5,147.66,107.39,31.556,20.303,53.697,TP,4,0.147,1.795,1.801,-0.084,-0.121,1.795
195,21,231.0,148.5,65.0,31.763,20.419,32.5,FP,,,,,,,
195,22,49.21,194.09,96.07,6.766,26.687,48.036,FP,,,,,,,
195,23,48.82,194.73,103.0,6.713,26.775,51.5,FP,,,,,,,
195,24,50.32,197.18,31.68,6.919,27.112,15.839,FP,,,,,,,
195,25,340.22,206.41,31.32,46.78,28.381,15.658,FP,,,,,,,
195,26,338.97,207.24,95.67,46.609,28.495,47.835,FP,,,,,,,
195,27,341.64,206.38,17.92,46.976,28.378,8.962,TP,7,0.317,1.178,1.22,0.261,0.179,1.178
195,28,340.54,205.89,164.87,46.824,28.309,82.434,FP,,,,,,,
195,29,340.36,206.82,53.2,46.8,28.437,26.598,FP,,,,,,,
195,30,340.05,206.51,39.46,46.758,28.395,19.73,FP,,,,,,,
195,31,339.52,205.8,23.44,46.683,28.297,11.719,FP,,,,,,,
195,32,340.0,206.0,43.0,46.75,28.325,21.5,FP,,,,,,,
195,33,169.53,246.0,27.28,23.311,33.825,13.642,FP,,,,,,,
195,34,169.54,247.76,52.15,23.312,34.067,26.073,TP,8,0.654,2.14,2.238,-0.054,0.652,2.14
195,35,170.38,247.59,95.46,23.428,34.044,47.731,FP,,,,,,,
195,36,169.82,249.44,39.47,23.35,34.298,19.735,FP,,,,,,,
195,37,169.43,249.71,43.5,23.296,34.336,21.75,FP,,,,,,,
195,38,156.25,328.42,31.55,21.485,45.158,15.775,TP,9,0.174,2.481,2.487,-0.029,-0.171,-2.481
195,39,157.89,329.11,16.0,21.71,45.253,8.0,FP,,,,,,,
195,40,157.5,329.0,19.0,21.656,45.237,9.5,FP,,,,,,,
195,41,217.83,357.36,95.82,29.952,49.137,47.912,FP,,,,,,,
195,42,200.47,360.64,31.85,27.564,49.588,15.927,FP,,,,,,,
195,43,201.88,360.12,1.0,27.758,49.517,0.5,FP,,,,,,,
195,44,267.37,395.99,30.8,36.763,54.448,15.401,FP,,,,,,,
195,45,266.25,392.05,94.95,36.609,53.907,47.477,FP,,,,,,,
195,46,266.57,392.33,47.49,36.654,53.946,23.743,FP,,,,,,,
195,47,264.4,390.98,83.37,36.354,53.759,41.687,FP,,,,,,,
195,48,266.84,395.35,17.93,36.691,54.361,8.963,TP,12,0.598,1.868,1.962,0.274,0.532,1.868
195,49,265.61,391.33,39.49,36.521,53.807,19.747,FP,,,,,,,
195,50,264.08,390.1,87.45,36.31,53.639,43.725,FP,,,,,,,
195,51,263.38,390.0,107.55,36.215,53.625,53.774,FP,,,,,,,
195,52,263.21,390.81,115.43,36.192,53.736,57.713,FP,,,,,,,
195,53,263.6,390.2,111.5,36.245,53.653,55.75,FP,,,,,,,
195,54,266.06,394.71,23.49,36.584,54.272,11.746,FP,,,,,,,
195,55,265.09,390.78,79.61,36.449,53.733,39.804,FP,,,,,,,
195,56,268.35,391.96,55.46,36.899,53.894,27.729,FP,,,,,,,
195,57,262.83,390.33,119.17,36.14,53.671,59.583,FP,,,,,,,
195,58,29.53,402.39,95.28,4.06,55.329,47.642,FP,,,,,,,
195,59,30.49,406.95,31.44,4.193,55.956,15.722,FP,,,,,,,
195,60,424.05,430.65,95.45,58.306,59.215,47.727,FP,,,,,,,
195,61,420.96,429.27,31.74,57.882,59.025,15.87,FP,,,,,,,
195,62,242.48,476.77,31.32,33.341,65.555,15.658,FP,,,,,,,
195,63,240.99,476.13,18.26,33.136,65.468,9.129,TP,16,0.31,0.872,0.925,-0.273,-0.146,0.872
195,64,242.73,475.52,51.36,33.375,65.384,25.681,FP,,,,,,,
195,65,115.55,476.52,32.09,15.887,65.521,16.044,FP,,,,,,,
195,66,114.67,477.79,56.01,15.768,65.696,28.004,FP,,,,,,,
195,67,238.46,476.02,23.38,32.789,65.453,11.69,FP,,,,,,,
195,68,244.51,477.81,95.61,33.62,65.699,47.807,FP,,,,,,,
195,69,247.32,476.23,23.09,34.006,65.481,11.545,FP,,,,,,,
195,70,241.51,477.77,39.41,33.208,65.694,19.707,FP,,,,,,,
195,71,314.89,486.19,31.14,43.297,66.851,15.57,FP,,,,,,,
195,72,440.19,498.01,39.33,60.526,68.477,19.667,TP,19,0.31,2.439,2.459,0.135,0.28,-2.439
195,73,439.81,498.39,19.39,60.474,68.529,9.697,FP,,,,,,,
195,74,438.67,500.1,96.53,60.318,68.764,48.264,FP,,,,,,,
195,75,440.58,492.83,12.0,60.58,67.765,6.0,FP,,,,,,,
195,76,438.29,505.37,107.61,60.264,69.489,53.805,FP,,,,,,,
195,77,439.54,505.56,115.46,60.436,69.514,57.732,FP,,,,,,,
195,78,438.85,505.58,111.45,60.342,69.517,55.725,FP,,,,,,,
195,79,440.52,505.48,119.38,60.571,69.504,59.69,FP,,,,,,,
195,80,440.6,505.8,83.0,60.583,69.548,41.5,FP,,,,,,,
195,,,,,19.666,1.098,53.984,FN,0,,,,,,
195,,,,,8.1,5.162,63.768,FN,2,,,,,,
195,,,,,4.024,19.175,52.512,FN,3,,,,,,
195,,,,,21.667,22.838,98.0,FN,5,,,,,,
195,,,,,6.725,26.954,72.044,FN,6,,,,,,
195,,,,,27.722,49.469,91.086,FN,10,,,,,,
195,,,,,30.212,49.312,55.758,FN,11,,,,,,
195,,,,,4.341,55.559,58.231,FN,13,,,,,,
195,,,,,58.219,59.119,63.012,FN,14,,,,,,
195,,,,,17.257,63.6,69.256,FN,15,,,,,,
195,,,,,15.859,65.624,71.405,FN,17,,,,,,
195,,,,,43.112,67.222,7.519,FN,18,,,,,,
196,0,176.49,49.53,31.27,24.267,6.811,15.634,FP,,,,,,,
196,1,171.46,54.15,95.69,23.576,7.446,47.845,FP,,,,,,,
196,2,172.0,51.5,123.0,23.65,7.081,61.5,FP,,,,,,,
196,3,135.81,91.29,31.66,18.674,12.553,15.828,FP,,,,,,,
196,4,453.0,133.52,31.51,62.288,18.36,15.756,FP,,,,,,,
196,5,453.0,133.5,28.0,62.288,18.356,14.0,FP,,,,,,,
196,6,262.03,150.18,95.13,36.029,20.65,47.564,FP,,,,,,,
196,7,262.71,152.95,36.92,36.122,21.03,18.461,FP,,,,,,,
196,8,260.42,149.94,83.85,35.808,20.617,41.927,FP,,,,,,,
196,9,249.69,151.54,95.21,34.333,20.837,47.604,FP,,,,,,,
196,10,249.5,150.0,99.0,34.306,20.625,49.5,FP,,,,,,,
196,11,261.44,151.0,75.39,35.949,20.763,37.694,FP,,,,,,,
196,12,261.15,152.95,19.47,35.908,21.03,9.736,FP,,,,,,,
196,13,263.47,152.25,61.68,36.227,20.934,30.84,FP,,,,,,,
196,14,260.5,153.0,23.0,35.819,21.038,11.5,FP,,,,,,,
196,15,95.21,187.36,95.07,13.091,25.762,47.537,TP,8,0.447,3.241,3.271,-0.022,0.446,-3.241
196,16,85.45,203.69,32.21,11.749,28.008,16.104,FP,,,,,,,
196,17,79.0,194.5,95.0,10.863,26.744,47.5,FP,,,,,,,
196,18,86.3,200.39,51.5,11.867,27.554,25.751,FP,,,,,,,
196,19,80.34,211.34,99.79,11.046,29.06,49.895,FP,,,,,,,
196,20,82.0,208.13,19.6,11.275,28.618,9.8,FP,,,,,,,
196,21,79.19,211.71,118.33,10.888,29.11,59.165,FP,,,,,,,
196,22,432.48,231.08,95.48,59.466,31.773,47.742,FP,,,,,,,
196,23,432.25,230.72,31.91,59.435,31.724,15.955,FP,,,,,,,
196,24,307.75,231.49,31.57,42.316,31.83,15.786,FP,,,,,,,
196,25,432.67,230.58,39.33,59.492,31.705,19.667,FP,,,,,,,
196,26,432.52,231.24,43.43,59.472,31.795,21.714,FP,,,,,,,
196,27,433.0,230.5,47.0,59.538,31.694,23.5,FP,,,,,,,
196,28,285.06,250.94,95.38,39.196,34.504,47.688,FP,,,,,,,
196,29,283.6,250.8,103.0,38.995,34.485,51.5,FP,,,,,,,
196,30,282.66,261.87,91.89,38.866,36.007,45.945,TP,12,0.116,4.079,4.081,-0.096,0.066,-4.079
196,31,281.8,260.28,107.87,38.747,35.788,53.933,FP,,,,,,,
196,32,282.66,261.07,64.97,38.865,35.897,32.487,FP,,,,,,,
196,33,271.4,288.19,31.76,37.318,39.627,15.881,FP,,,,,,,
196,34,280.63,262.76,51.49,38.587,36.129,25.744,FP,,,,,,,
196,35,57.29,285.38,29.42,7.877,39.24,14.711,FP,,,,,,,
196,36,57.27,284.92,17.46,7.875,39.177,8.732,FP,,,,,,,
196,37,58.16,285.41,95.64,7.996,39.244,47.821,FP,,,,,,,
196,38,57.5,284.5,12.0,7.906,39.119,6.0,FP,,,,,,,
196,39,58.12,285.81,107.62,7.992,39.299,53.812,FP,,,,,,,
196,40,265.69,299.09,100.7,36.533,41.124,50.352,FP,,,,,,,
196,41,263.94,295.81,83.47,36.292,40.674,41.737,FP,,,,,,,
196,42,268.03,299.29,56.66,36.854,41.152,28.33,FP,,,,,,,
196,43,266.53,299.59,125.53,36.648,41.194,62.765,FP,,,,,,,
196,44,267.43,300.63,51.46,36.772,41.337,25.728,FP,,,,,,,
196,45,265.07,300.67,167.0,36.447,41.342,83.5,FP,,,,,,,
196,46,266.87,302.17,39.39,36.695,41.549,19.696,TP,14,0.447,0.368,0.579,0.013,0.447,-0.368
196,47,265.5,305.5,19.0,36.506,42.006,9.5,FP,,,,,,,
196,48,368.75,438.74,95.33,50.702,60.327,47.664,FP,,,,,,,
196,49,367.09,444.02,42.21,50.476,61.053,21.104,FP,,,,,,,
196,50,340.5,441.9,30.7,46.819,60.761,15.35,FP,,,,,,,
196,51,259.88,469.56,95.06,35.733,64.564,47.528,TP,18,0.761,0.564,0.948,0.691,0.319,-0.564
196,52,204.53,473.68,95.7,28.122,65.131,47.848,FP,,,,,,,
196,53,262.87,472.24,31.25,36.144,64.933,15.625,FP,,,,,,,
196,54,201.4,474.22,31.76,27.693,65.205,15.879,FP,,,,,,,
196,,,,,60.714,4.278,31.3,FN,0,,,,,,
196,,,,,23.845,7.036,26.888,FN,1,,,,,,
196,,,,,18.712,11.832,9.768,FN,2,,,,,,
196,,,,,62.262,18.949,44.525,FN,3,,,,,,
196,,,,,21.784,20.796,21.154,FN,4,,,,,,
196,,,,,36.207,20.862,62.994,FN,5,,,,,,
196,,,,,19.234,21.013,98.859,FN,6,,,,,,
196,,,,,44.44,24.153,77.292,FN,7,,,,,,
196,,,,,11.239,28.973,32.808,FN,9,,,,,,
196,,,,,42.246,31.852,83.777,FN,10,,,,,,
196,,,,,59.528,31.772,64.264,FN,11,,,,,,
196,,,,,8.034,39.222,29.769,FN,13,,,,,,
196,,,,,50.868,59.433,59.151,FN,15,,,,,,
196,,,,,50.551,61.141,68.553,FN,16,,,,,,
196,,,,,27.992,65.174,63.469,FN,17,,,,,,
196,,,,,37.861,66.091,68.208,FN,19,,,,,,
21,0,344.16,7.27,177.52,47.322,1.0,88.762,FP,,,,,,,
21,1,344.66,7.44,193.7,47.391,1.023,96.85,FP,,,,,,,
21,2,444.33,27.93,31.57,61.096,3.841,15.784,FP,,,,,,,
21,3,90.77,139.16,30.44,12.48,19.135,15.22,FP,,,,,,,
21,4,90.83,136.37,19.43,12.489,18.751,9.714,FP,,,,,,,
21,5,89.87,140.85,50.73,12.357,19.367,25.364,FP,,,,,,,
21,6,91.97,133.84,43.47,12.646,18.404,21.734,FP,,,,,,,
21,7,90.49,136.75,15.5,12.443,18.803,7.75,FP,,,,,,,
21,8,92.06,133.78,39.28,12.658,18.394,19.639,FP,,,,,,,
21,9,92.0,134.0,48.0,12.65,18.425,24.0,FP,,,,,,,
21,10,89.24,142.23,57.03,12.27,19.557,28.514,FP,,,,,,,
21,11,89.0,145.0,44.0,12.238,19.938,22.0,FP,,,,,,,
21,12,112.34,209.34,31.54,15.446,28.784,15.771,FP,,,,,,,
21,13,108.58,208.13,57.6,14.929,28.619,28.798,TP,4,0.424,0.409,0.589,-0.16,0.393,0.409
21,14,109.67,206.0,96.33,15.079,28.325,48.167,FP,,,,,,,
21,15,120.0,208.0,19.0,16.5,28.6,9.5,FP,,,,,,,
21,16,109.23,209.09,51.45,15.019,28.75,25.727,FP,,,,,,,
21,17,108.5,210.0,48.0,14.919,28.875,24.0,FP,,,,,,,
21,18,207.74,224.83,31.75,28.564,30.914,15.874,FP,,,,,,,
21,19,206.66,223.6,99.85,28.416,30.745,49.924,FP,,,,,,,
21,20,207.71,224.08,19.27,28.56,30.811,9.634,FP,,,,,,,
21,21,207.93,223.67,59.0,28.591,30.754,29.5,FP,,,,,,,
21,22,205.83,223.0,75.0,28.302,30.663,37.5,FP,,,,,,,
21,23,208.5,222.5,167.0,28.669,30.594,83.5,FP,,,,,,,
21,24,207.19,224.57,23.33,28.489,30.879,11.667,FP,,,,,,,
21,25,208.1,224.2,15.8,28.614,30.827,7.9,FP,,,,,,,
21,26,207.75,224.25,51.0,28.566,30.834,25.5,FP,,,,,,,
21,27,49.65,261.6,31.07,6.826,35.971,15.537,FP,,,,,,,
21,28,299.87,269.45,32.31,41.232,37.049,16.155,FP,,,,,,,
21,29,120.06,346.12,31.09,16.508,47.591,15.543,TP,9,0.595,3.077,3.134,-0.587,-0.095,-3.077
21,30,120.49,344.93,19.37,16.567,47.429,9.686,FP,,,,,,,
21,31,120.78,345.1,15.53,16.607,47.452,7.767,FP,,,,,,,
21,32,121.76,347.06,99.82,16.742,47.721,49.908,FP,,,,,,,
21,33,131.93,346.28,160.62,18.141,47.613,80.308,FP,,,,,,,
21,34,121.66,346.43,166.44,16.728,47.634,83.222,FP,,,,,,,
21,35,121.0,345.5,23.0,16.638,47.506,11.5,FP,,,,,,,
21,36,121.93,347.1,147.45,16.766,47.727,73.724,FP,,,,,,,
21,37,123.67,346.33,115.22,17.004,47.621,57.611,FP,,,,,,,
21,38,130.17,346.17,147.67,17.898,47.598,73.833,FP,,,,,,,
21,39,122.0,346.0,157.0,16.775,47.575,78.5,FP,,,,,,,
21,40,122.0,346.0,159.0,16.775,47.575,79.5,FP,,,,,,,
21,41,123.0,346.5,119.5,16.913,47.644,59.75,FP,,,,,,,
21,42,130.14,347.0,107.57,17.895,47.713,53.786,FP,,,,,,,
21,43,130.0,346.5,115.0,17.875,47.644,57.5,FP,,,,,,,
21,44,320.07,348.28,95.9,44.01,47.889,47.951,FP,,,,,,,
21,45,505.21,350.61,167.68,69.467,48.208,83.839,FP,,,,,,,
21,46,505.06,350.81,171.38,69.446,48.236,85.69,FP,,,,,,,
21,47,16.79,353.7,95.57,2.309,48.633,47.785,FP,,,,,,,
21,48,13.51,357.88,31.61,1.857,49.209,15.805,FP,,,,,,,
21,49,298.93,363.34,31.07,41.103,49.959,15.533,FP,,,,,,,
21,50,12.93,355.05,18.18,1.779,48.819,9.088,FP,,,,,,,
21,51,298.38,358.33,17.65,41.027,49.271,8.823,FP,,,,,,,
21,52,12.49,355.69,23.44,1.718,48.907,11.718,FP,,,,,,,
21,53,13.35,357.17,50.2,1.836,49.111,25.099,FP,,,,,,,
21,54,14.84,356.39,57.51,2.041,49.004,28.757,FP,,,,,,,
21,55,12.4,357.81,39.44,1.705,49.198,19.72,FP,,,,,,,
21,56,16.0,355.28,107.61,2.2,48.851,53.806,FP,,,,,,,
21,57,297.03,362.43,95.38,40.842,49.834,47.69,FP,,,,,,,
21,58,299.17,359.73,51.48,41.136,49.463,25.741,FP,,,,,,,
21,59,11.54,357.79,43.51,1.586,49.196,21.754,FP,,,,,,,
21,60,300.52,361.11,56.43,41.322,49.652,28.216,FP,,,,,,,
21,61,298.0,358.0,43.0,40.975,49.225,21.5,FP,,,,,,,
21,62,300.89,364.14,162.52,41.372,50.069,81.261,FP,,,,,,,
21,63,298.22,364.98,83.43,41.006,50.185,41.713,FP,,,,,,,
21,64,301.55,365.24,179.47,41.463,50.22,89.735,FP,,,,,,,
21,65,301.31,365.08,183.0,41.43,50.198,91.5,FP,,,,,,,
21,66,298.55,365.59,79.55,41.05,50.269,39.773,FP,,,,,,,
21,67,299.18,378.0,51.48,41.137,51.975,25.741,FP,,,,,,,
21,68,306.7,378.16,95.42,42.171,51.997,47.71,FP,,,,,,,
21,69,300.26,378.0,55.43,41.286,51.975,27.717,FP,,,,,,,
21,70,305.0,379.0,83.0,41.938,52.112,41.5,FP,,,,,,,
21,71,307.0,379.0,91.62,42.213,52.112,45.812,FP,,,,,,,
21,72,340.52,390.46,31.67,46.821,53.689,15.837,FP,,,,,,,
21,73,341.5,390.19,48.62,46.956,53.652,24.309,FP,,,,,,,
21,74,341.56,390.31,61.52,46.964,53.667,30.76,FP,,,,,,,
21,75,341.21,389.86,39.36,46.917,53.605,19.679,FP,,,,,,,
21,76,388.75,427.12,31.39,53.453,58.729,15.696,FP,,,,,,,
21,77,377.62,425.62,95.54,51.922,58.522,47.769,FP,,,,,,,
21,78,388.2,427.0,55.2,53.378,58.713,27.6,FP,,,,,,,
21,79,386.67,429.5,95.33,53.167,59.056,47.667,TP,13,0.246,2.361,2.374,-0.18,0.168,-2.361
21,80,388.0,429.33,51.33,53.35,59.033,25.667,FP,,,,,,,
21,81,357.8,452.6,31.0,49.197,62.233,15.5,FP,,,,,,,
21,82,505.17,463.77,164.35,69.461,63.768,82.174,FP,,,,,,,
21,83,10.42,466.27,38.56,1.433,64.112,19.281,FP,,,,,,,
21,84,10.1,466.12,19.58,1.389,64.092,9.792,FP,,,,,,,
21,85,12.91,467.49,95.9,1.775,64.28,47.95,FP,,,,,,,
21,86,12.77,468.23,103.0,1.756,64.382,51.5,FP,,,,,,,
21,87,505.57,468.29,155.71,69.516,64.389,77.857,FP,,,,,,,
21,88,243.31,497.43,94.58,33.455,68.396,47.288,FP,,,,,,,
21,89,234.67,495.92,31.68,32.268,68.189,15.841,FP,,,,,,,
21,90,222.73,489.49,96.47,30.625,67.305,48.235,FP,,,,,,,
21,91,230.6,496.82,19.57,31.708,68.313,9.784,FP,,,,,,,
21,92,349.18,499.27,37.53,48.012,68.65,18.767,FP,,,,,,,
21,93,244.29,499.4,82.56,33.589,68.668,41.28,FP,,,,,,,
21,94,317.85,495.81,95.93,43.705,68.173,47.964,FP,,,,,,,
21,95,229.56,495.92,50.46,31.565,68.189,25.231,FP,,,,,,,
21,96,229.61,497.06,39.47,31.572,68.345,19.734,FP,,,,,,,
21,97,246.47,491.15,115.28,33.89,67.533,57.642,FP,,,,,,,
21,98,353.26,500.19,19.58,48.573,68.775,9.79,FP,,,,,,,
21,99,222.2,490.13,107.33,30.552,67.393,53.667,FP,,,,,,,
21,100,228.09,492.4,59.12,31.363,67.705,29.56,FP,,,,,,,
21,101,229.72,493.01,43.51,31.587,67.789,21.754,FP,,,,,,,
21,102,226.92,492.62,56.0,31.202,67.735,28.0,FP,,,,,,,
21,103,318.73,493.93,49.4,43.826,67.915,24.699,FP,,,,,,,
21,104,348.12,502.38,94.72,47.867,69.077,47.36,FP,,,,,,,
21,105,238.17,492.67,59.0,32.748,67.742,29.5,FP,,,,,,,
21,106,350.11,504.85,82.87,48.14,69.417,41.436,FP,,,,,,,
21,107,56.06,505.58,32.35,7.709,69.518,16.175,FP,,,,,,,
21,108,229.49,505.16,43.47,31.555,69.459,21.733,FP,,,,,,,
21,109,347.62,505.95,107.56,47.798,69.568,53.779,FP,,,,,,,
21,110,346.48,505.71,115.39,47.642,69.535,57.694,FP,,,,,,,
21,111,57.0,506.12,51.44,7.838,69.592,25.719,FP,,,,,,,
21,112,228.25,505.5,47.75,31.384,69.506,23.875,FP,,,,,,,
21,113,342.63,506.37,23.32,47.112,69.626,11.658,FP,,,,,,,
21,114,347.0,506.0,111.19,47.713,69.575,55.594,FP,,,,,,,
21,115,56.5,506.5,39.0,7.769,69.644,19.5,FP,,,,,,,
21,116,56.91,506.55,43.55,7.825,69.65,21.773,FP,,,,,,,
21,,,,,61.604,3.111,1.014,FN,0,,,,,,
21,,,,,57.02,4.97,88.625,FN,1,,,,,,
21,,,,,60.757,13.208,96.622,FN,2,,,,,,
21,,,,,12.321,20.139,8.943,FN,3,,,,,,
21,,,,,28.47,30.642,42.5,FN,5,,,,,,
21,,,,,6.638,36.775,43.382,FN,6,,,,,,
21,,,,,41.307,37.123,89.524,FN,7,,,,,,
21,,,,,29.398,42.09,98.78,FN,8,,,,,,
21,,,,,2.23,48.669,36.225,FN,10,,,,,,
21,,,,,41.435,49.922,1.979,FN,11,,,,,,
21,,,,,46.962,53.573,69.543,FN,12,,,,,,
21,,,,,1.775,64.294,42.778,FN,14,,,,,,
21,,,,,49.218,67.601,37.914,FN,15,,,,,,
21,,,,,43.816,67.789,58.487,FN,16,,,,,,
21,,,,,30.615,67.281,41.214,FN,17,,,,,,
21,,,,,33.755,67.81,4.691,FN,18,,,,,,
21,,,,,6.866,68.819,29.161,FN,19,,,,,,
35,0,464.46,50.2,27.04,63.864,6.903,13.521,FP,,,,,,,
35,1,464.2,49.85,47.92,63.828,6.855,23.961,TP,0,0.217,0.411,0.464,0.002,0.217,-0.411
35,2,463.93,50.71,39.47,63.791,6.973,19.736,FP,,,,,,,
35,3,464.09,49.46,57.52,63.812,6.801,28.761,FP,,,,,,,
35,4,461.9,50.05,95.59,63.511,6.881,47.793,FP,,,,,,,
35,5,25.05,65.29,31.81,3.444,8.977,15.905,FP,,,,,,,
35,6,25.59,65.22,55.53,3.519,8.967,27.764,FP,,,,,,,
35,7,25.25,64.08,19.0,3.472,8.811,9.5,TP,1,0.663,0.463,0.809,-0.51,-0.424,0.463
35,8,24.81,65.67,47.57,3.411,9.029,23.786,FP,,,,,,,
35,9,24.29,65.86,43.43,3.339,9.055,21.714,FP,,,,,,,
35,10,24.5,66.0,39.5,3.369,9.075,19.75,FP,,,,,,,
35,11,78.86,112.92,41.68,10.844,15.526,20.838,FP,,,,,,,
35,12,78.52,113.67,19.33,10.797,15.63,9.664,TP,2,0.863,2.485,2.631,0.164,0.847,2.485
35,13,29.71,101.21,31.36,4.086,13.917,15.679,FP,,,,,,,
35,14,76.88,110.17,95.47,10.572,15.149,47.735,FP,,,,,,,
35,15,78.25,105.75,167.25,10.759,14.541,83.625,FP,,,,,,,
35,16,80.11,108.0,12.0,11.014,14.85,6.0,FP,,,,,,,
35,17,482.75,122.97,30.85,66.378,16.909,15.426,FP,,,,,,,
35,18,483.5,122.91,19.46,66.481,16.899,9.73,FP,,,,,,,
35,19,483.22,123.44,23.5,66.443,16.974,11.75,FP,,,,,,,
35,20,483.32,134.14,31.16,66.456,18.444,15.578,FP,,,,,,,
35,21,481.0,133.5,19.0,66.138,18.356,9.5,FP,,,,,,,
35,22,172.84,153.73,0.99,23.765,21.138,0.495,FP,,,,,,,
35,23,172.24,154.65,11.47,23.682,21.264,5.735,FP,,,,,,,
35,24,173.0,154.0,31.0,23.788,21.175,15.5,FP,,,,,,,
35,25,427.4,196.62,31.82,58.767,27.035,15.91,FP,,,,,,,
35,26,423.32,196.31,95.63,58.207,26.993,47.816,FP,,,,,,,
35,27,427.06,196.54,19.4,58.721,27.024,9.702,TP,6,0.722,1.926,2.057,0.722,-0.017,1.926
35,28,447.79,191.46,96.39,61.571,26.326,48.194,FP,,,,,,,
35,29,426.46,194.71,15.51,58.639,26.773,7.754,FP,,,,,,,
35,30,423.02,197.24,164.13,58.165,27.121,82.063,FP,,,,,,,
35,31,427.95,195.54,54.13,58.842,26.887,27.067,FP,,,,,,,
35,32,430.39,195.29,43.5,59.178,26.853,21.752,FP,,,,,,,
35,33,429.54,195.25,47.5,59.061,26.846,23.75,FP,,,,,,,
35,34,428.37,196.79,23.37,58.901,27.059,11.684,FP,,,,,,,
35,35,29.5,221.3,95.36,4.056,30.429,47.681,FP,,,,,,,
35,36,280.75,227.79,31.82,38.604,31.322,15.911,FP,,,,,,,
35,37,281.08,227.73,95.7,38.648,31.313,47.85,TP,7,0.082,4.059,4.06,0.076,-0.029,-4.059
35,38,281.84,227.13,107.47,38.753,31.231,53.736,FP,,,,,,,
35,39,280.68,227.43,75.57,38.593,31.272,37.784,FP,,,,,,,
35,40,280.9,227.52,82.03,38.624,31.285,41.016,FP,,,,,,,
35,41,411.39,287.5,38.18,56.566,39.532,19.089,TP,8,0.189,3.886,3.891,-0.107,-0.156,-3.886
35,42,411.3,286.62,19.29,56.553,39.41,9.646,FP,,,,,,,
35,43,413.2,286.82,167.01,56.815,39.438,83.504,FP,,,,,,,
35,44,411.42,288.91,97.93,56.57,39.724,48.967,FP,,,,,,,
35,45,227.78,290.57,30.78,31.32,39.954,15.388,FP,,,,,,,
35,46,411.55,288.41,118.02,56.588,39.656,59.01,FP,,,,,,,
35,47,413.13,287.17,159.52,56.805,39.486,79.761,FP,,,,,,,
35,48,412.5,286.0,175.0,56.719,39.325,87.5,FP,,,,,,,
35,49,226.89,291.2,95.75,31.197,40.041,47.877,FP,,,,,,,
35,50,411.78,289.44,125.89,56.619,39.799,62.944,FP,,,,,,,
35,51,227.04,291.55,108.96,31.219,40.089,54.478,FP,,,,,,,
35,52,227.44,291.44,103.48,31.274,40.074,51.741,FP,,,,,,,
35,53,227.0,292.61,115.35,31.213,40.234,57.674,FP,,,,,,,
35,54,227.0,292.0,123.0,31.213,40.15,61.5,FP,,,,,,,
35,55,39.66,322.39,96.65,5.454,44.329,48.324,FP,,,,,,,
35,56,39.68,322.46,31.54,5.456,44.339,15.768,FP,,,,,,,
35,57,40.59,323.29,83.35,5.581,44.453,41.676,FP,,,,,,,
35,58,41.17,322.83,51.33,5.66,44.39,25.667,FP,,,,,,,
35,59,364.87,359.13,96.6,50.169,49.38,48.298,FP,,,,,,,
35,60,365.65,359.91,33.31,50.277,49.488,16.653,FP,,,,,,,
35,61,363.14,358.95,52.22,49.932,49.356,26.109,FP,,,,,,,
35,62,365.67,357.67,107.0,50.279,49.179,53.5,FP,,,,,,,
35,63,365.11,360.82,75.54,50.202,49.613,37.768,FP,,,,,,,
35,64,114.18,366.14,35.65,15.7,50.344,17.826,FP,,,,,,,
35,65,328.04,374.2,31.86,45.106,51.452,15.931,FP,,,,,,,
35,66,328.37,374.42,39.29,45.151,51.483,19.645,FP,,,,,,,
35,67,329.07,374.5,43.25,45.247,51.494,21.625,FP,,,,,,,
35,68,324.22,375.28,95.33,44.581,51.601,47.667,FP,,,,,,,
35,69,280.77,377.38,95.31,38.606,51.89,47.654,FP,,,,,,,
35,70,346.87,378.68,31.47,47.695,52.068,15.737,FP,,,,,,,
35,71,452.24,390.89,31.46,62.183,53.748,15.731,FP,,,,,,,
35,72,376.1,448.02,31.38,51.713,61.603,15.692,FP,,,,,,,
35,73,376.08,449.43,99.71,51.711,61.797,49.854,FP,,,,,,,
35,74,377.15,447.62,19.23,51.859,61.547,9.615,FP,,,,,,,
35,75,248.64,494.45,31.42,34.188,67.987,15.712,FP,,,,,,,
35,76,6.66,502.07,32.75,0.915,69.035,16.374,FP,,,,,,,
35,77,6.29,502.21,47.19,0.866,69.054,23.594,FP,,,,,,,
35,78,5.0,501.48,55.35,0.688,68.953,27.674,FP,,,,,,,
35,79,505.29,503.41,95.18,69.478,69.218,47.589,FP,,,,,,,
35,80,5.72,504.35,20.57,0.787,69.349,10.287,FP,,,,,,,
35,81,249.08,505.42,31.5,34.248,69.496,15.75,FP,,,,,,,
35,,,,,66.593,17.664,28.988,FN,3,,,,,,
35,,,,,23.702,21.247,95.744,FN,4,,,,,,
35,,,,,61.933,25.966,56.387,FN,5,,,,,,
35,,,,,31.371,39.968,28.54,FN,9,,,,,,
35,,,,,38.246,40.49,85.095,FN,10,,,,,,
35,,,,,5.474,44.148,59.855,FN,11,,,,,,
35,,,,,50.717,49.324,70.352,FN,12,,,,,,
35,,,,,49.689,49.556,63.759,FN,13,,,,,,
35,,,,,15.688,50.168,63.276,FN,14,,,,,,
35,,,,,44.805,50.8,85.19,FN,15,,,,,,
35,,,,,62.283,54.039,64.347,FN,16,,,,,,
35,,,,,51.852,61.677,38.802,FN,17,,,,,,
35,,,,,33.979,67.617,50.313,FN,18,,,,,,
35,,,,,0.903,68.517,61.723,FN,19,,,,,,
44,0,462.97,10.54,31.88,63.659,1.449,15.938,FP,,,,,,,
44,1,461.53,11.33,0.97,63.46,1.558,0.485,FP,,,,,,,
44,2,461.58,10.63,17.85,63.467,1.461,8.924,FP,,,,,,,
44,3,349.74,26.21,40.17,48.089,3.605,20.086,TP,2,0.243,3.894,3.902,0.243,-0.017,3.894
44,4,350.63,25.21,20.12,48.212,3.466,10.06,FP,,,,,,,
44,5,342.98,30.28,95.71,47.16,4.163,47.854,FP,,,,,,,
44,6,317.33,34.33,167.0,43.633,4.721,83.5,FP,,,,,,,
44,7,215.84,52.48,31.66,29.679,7.216,15.828,FP,,,,,,,
44,8,215.9,53.78,103.85,29.687,7.395,51.925,FP,,,,,,,
44,9,216.0,52.2,19.2,29.7,7.177,9.599,FP,,,,,,,
44,10,214.67,51.65,49.85,29.518,7.102,24.926,FP,,,,,,,
44,11,215.35,51.98,39.47,29.61,7.147,19.736,FP,,,,,,,
44,12,214.62,51.71,43.5,29.511,7.111,21.75,FP,,,,,,,
44,13,214.67,52.19,57.76,29.518,7.176,28.88,FP,,,,,,,
44,14,216.55,51.34,167.32,29.776,7.059,83.661,FP,,,,,,,
44,15,215.52,51.6,165.0,29.634,7.095,82.5,FP,,,,,,,
44,16,332.19,53.71,94.62,45.676,7.386,47.31,FP,,,,,,,
44,17,460.99,91.12,30.11,63.386,12.529,15.057,FP,,,,,,,
44,18,459.39,89.06,57.38,63.166,12.246,28.691,FP,,,,,,,
44,19,459.24,89.42,51.49,63.145,12.295,25.745,FP,,,,,,,
44,20,462.24,90.98,15.33,63.558,12.509,7.667,TP,6,0.707,2.167,2.279,-0.701,-0.097,2.167
44,21,460.67,91.33,19.0,63.342,12.558,9.5,TP,5,0.94,3.5,3.624,0.913,0.227,3.5
44,22,460.46,92.83,39.21,63.313,12.765,19.604,FP,,,,,,,
44,23,150.92,106.81,39.95,20.752,14.686,19.974,FP,,,,,,,
44,24,152.36,103.51,19.36,20.949,14.233,9.678,TP,7,0.781,0.678,1.034,0.692,-0.362,0.678
44,25,146.72,109.15,95.61,20.173,15.008,47.806,FP,,,,,,,
44,26,149.74,122.12,18.14,20.59,16.792,9.07,FP,,,,,,,
44,27,149.54,122.73,23.46,20.562,16.875,11.731,FP,,,,,,,
44,28,146.0,122.88,95.25,20.075,16.895,47.625,FP,,,,,,,
44,29,97.37,146.05,31.79,13.388,20.082,15.897,FP,,,,,,,
44,30,103.09,139.34,95.22,14.175,19.159,47.611,FP,,,,,,,
44,31,98.05,146.95,52.2,13.482,20.206,26.098,FP,,,,,,,
44,32,94.0,135.0,43.0,12.925,18.562,21.5,FP,,,,,,,
44,33,104.28,136.76,83.2,14.339,18.805,41.6,FP,,,,,,,
44,34,101.89,142.45,162.72,14.01,19.587,81.361,FP,,,,,,,
44,35,98.62,149.79,39.48,13.56,20.597,19.74,FP,,,,,,,
44,36,320.73,159.86,34.44,44.101,21.98,17.218,FP,,,,,,,
44,37,320.01,160.84,95.62,44.001,22.115,47.81,FP,,,,,,,
44,38,323.04,157.83,12.0,44.418,21.702,6.0,TP,9,0.359,0.202,0.412,0.236,-0.271,-0.202
44,39,322.21,162.5,164.79,44.303,22.344,82.397,FP,,,,,,,
44,40,322.69,162.0,167.0,44.37,22.275,83.5,FP,,,,,,,
44,41,338.29,272.65,36.69,46.514,37.489,18.347,FP,,,,,,,
44,42,337.94,274.86,95.82,46.467,37.793,47.911,FP,,,,,,,
44,43,338.33,273.67,59.0,46.521,37.629,29.5,FP,,,,,,,
44,44,33.42,290.34,31.55,4.595,39.922,15.776,FP,,,,,,,
44,45,87.16,331.61,31.15,11.984,45.596,15.576,TP,12,0.482,0.95,1.065,-0.482,-0.002,-0.95
44,46,87.81,331.03,166.68,12.073,45.517,83.341,FP,,,,,,,
44,47,89.77,330.56,96.31,12.343,45.451,48.156,FP,,,,,,,
44,48,91.53,331.72,108.49,12.585,45.612,54.247,FP,,,,,,,
44,49,91.82,330.64,115.45,12.625,45.462,57.727,FP,,,,,,,
44,50,91.17,331.17,119.0,12.535,45.535,59.5,FP,,,,,,,
44,51,137.42,341.36,95.83,18.895,46.937,47.916,FP,,,,,,,
44,52,121.73,339.9,95.46,16.738,46.737,47.732,FP,,,,,,,
44,53,133.87,342.38,40.03,18.407,47.078,20.014,FP,,,,,,,
44,54,311.97,342.73,31.44,42.896,47.126,15.719,FP,,,,,,,
44,55,311.34,340.51,95.41,42.81,46.82,47.706,FP,,,,,,,
44,56,312.37,342.94,42.68,42.95,47.155,21.339,FP,,,,,,,
44,57,134.08,342.15,61.85,18.436,47.046,30.923,FP,,,,,,,
44,58,417.24,356.58,31.98,57.37,49.03,15.989,FP,,,,,,,
44,59,417.81,357.52,92.51,57.449,49.159,46.256,TP,15,0.044,0.584,0.586,-0.04,0.017,-0.584
44,60,417.28,355.51,123.19,57.376,48.883,61.593,FP,,,,,,,
44,61,417.57,357.43,115.39,57.416,49.146,57.697,FP,,,,,,,
44,62,418.26,357.95,108.95,57.511,49.218,54.474,FP,,,,,,,
44,63,417.29,357.5,65.0,57.377,49.156,32.5,FP,,,,,,,
44,64,418.3,357.3,75.4,57.516,49.129,37.7,FP,,,,,,,
44,65,416.6,357.4,51.2,57.283,49.143,25.6,FP,,,,,,,
44,66,418.0,357.0,19.0,57.475,49.088,9.5,FP,,,,,,,
44,67,231.5,378.96,30.88,31.831,52.107,15.442,FP,,,,,,,
44,68,393.08,378.21,31.62,54.049,52.004,15.812,FP,,,,,,,
44,69,229.58,379.71,107.45,31.567,52.21,53.726,FP,,,,,,,
44,70,230.9,379.3,19.2,31.749,52.154,9.6,FP,,,,,,,
44,71,229.5,380.25,103.38,31.556,52.284,51.688,FP,,,,,,,
44,72,229.8,381.0,95.4,31.598,52.388,47.7,FP,,,,,,,
44,73,229.89,387.17,108.36,31.61,53.237,54.178,FP,,,,,,,
44,74,230.5,385.0,95.0,31.694,52.938,47.5,FP,,,,,,,
44,75,230.89,389.25,31.32,31.747,53.522,15.659,FP,,,,,,,
44,76,229.0,386.5,115.0,31.488,53.144,57.5,FP,,,,,,,
44,77,493.28,403.92,32.75,67.826,55.539,16.375,FP,,,,,,,
44,78,493.03,405.01,95.82,67.792,55.688,47.911,FP,,,,,,,
44,79,489.84,405.28,44.79,67.353,55.726,22.397,FP,,,,,,,
44,80,492.57,403.46,82.47,67.728,55.476,41.235,FP,,,,,,,
44,81,405.12,410.88,97.27,55.703,56.496,48.634,FP,,,,,,,
44,82,490.27,404.48,53.5,67.412,55.616,26.75,FP,,,,,,,
44,83,405.64,410.75,107.44,55.776,56.479,53.719,FP,,,,,,,
44,84,404.2,412.37,33.63,55.577,56.702,16.813,FP,,,,,,,
44,85,404.91,410.36,48.33,55.675,56.424,24.165,FP,,,,,,,
44,86,405.0,410.5,62.0,55.688,56.444,31.0,FP,,,,,,,
44,87,154.66,467.0,95.88,21.265,64.213,47.938,FP,,,,,,,
44,88,387.4,491.02,40.26,53.267,67.516,20.13,FP,,,,,,,
44,89,392.33,497.0,94.78,53.946,68.338,47.389,FP,,,,,,,
44,,,,,63.491,1.525,91.283,FN,0,,,,,,
44,,,,,40.933,2.478,37.768,FN,1,,,,,,
44,,,,,29.686,7.151,34.462,FN,3,,,,,,
44,,,,,45.172,8.385,57.687,FN,4,,,,,,
44,,,,,14.249,19.461,3.676,FN,8,,,,,,
44,,,,,46.573,37.512,59.426,FN,10,,,,,,
44,,,,,4.593,39.625,87.235,FN,11,,,,,,
44,,,,,42.851,46.876,84.915,FN,13,,,,,,
44,,,,,18.434,46.962,66.9,FN,14,,,,,,
44,,,,,31.763,52.861,32.481,FN,16,,,,,,
44,,,,,67.527,55.561,57.43,FN,17,,,,,,
44,,,,,55.678,56.384,63.509,FN,18,,,,,,
44,,,,,63.63,59.395,53.854,FN,19,,,,,,
44,,,,,53.111,67.506,64.039,FN,20,,,,,,
48,0,503.91,63.65,31.61,69.288,8.751,15.806,FP,,,,,,,
48,1,197.93,107.05,30.29,27.216,14.719,15.143,TP,1,0.522,3.944,3.978,0.373,0.365,-3.944
48,2,198.87,105.53,17.83,27.344,14.51,8.916,FP,,,,,,,
48,3,195.59,103.63,97.44,26.893,14.249,48.718,FP,,,,,,,
48,4,399.51,106.95,31.73,54.932,14.705,15.867,FP,,,,,,,
48,5,194.02,101.13,166.56,26.678,13.906,83.279,FP,,,,,,,
48,6,400.7,106.13,94.74,55.096,14.593,47.37,TP,2,0.112,2.55,2.553,-0.052,0.099,2.55
48,7,196.32,106.3,51.3,26.995,14.616,25.648,FP,,,,,,,
48,8,196.68,106.24,56.99,27.043,14.607,28.495,FP,,,,,,,
48,9,397.06,107.29,19.08,54.596,14.752,9.538,FP,,,,,,,
48,10,194.85,104.72,107.65,26.792,14.399,53.824,FP,,,,,,,
48,11,396.5,102.5,119.0,54.519,14.094,59.5,FP,,,,,,,
48,12,195.43,105.04,119.43,26.872,14.443,59.717,FP,,,,,,,
48,13,196.38,106.57,47.57,27.003,14.654,23.787,FP,,,,,,,
48,14,398.24,105.62,115.36,54.758,14.523,57.679,FP,,,,,,,
48,15,195.71,105.5,43.5,26.911,14.506,21.75,FP,,,,,,,
48,16,195.33,104.67,111.0,26.858,14.392,55.5,FP,,,,,,,
48,17,399.38,106.21,107.48,54.915,14.603,53.741,FP,,,,,,,
48,18,196.67,121.67,51.0,27.042,16.729,25.5,FP,,,,,,,
48,19,327.21,161.02,96.58,44.991,22.14,48.291,FP,,,,,,,
48,20,481.15,178.39,98.01,66.159,24.529,49.006,FP,,,,,,,
48,21,477.7,179.1,37.54,65.683,24.626,18.768,FP,,,,,,,
48,22,481.39,178.44,80.7,66.191,24.536,40.352,FP,,,,,,,
48,23,480.8,176.7,115.0,66.11,24.296,57.5,TP,6,0.251,3.5,3.509,0.174,-0.181,-3.5
48,24,482.54,179.04,87.46,66.349,24.617,43.732,FP,,,,,,,
48,25,477.0,178.5,56.0,65.588,24.544,28.0,FP,,,,,,,
48,26,300.26,194.42,105.64,41.286,26.732,52.818,FP,,,,,,,
48,27,298.66,196.05,31.79,41.066,26.957,15.895,FP,,,,,,,
48,28,300.27,193.82,80.27,41.288,26.65,40.136,FP,,,,,,,
48,29,300.5,194.5,126.0,41.319,26.744,63.0,FP,,,,,,,
48,30,394.97,241.98,36.2,54.308,33.272,18.099,TP,8,0.548,2.899,2.951,0.087,0.541,2.899
48,31,392.38,240.88,99.56,53.952,33.121,49.78,FP,,,,,,,
48,32,393.54,238.85,166.68,54.112,32.841,83.34,FP,,,,,,,
48,33,393.39,238.35,116.67,54.091,32.773,58.337,FP,,,,,,,
48,34,391.01,244.54,83.46,53.763,33.624,41.731,FP,,,,,,,
48,35,393.4,240.2,156.0,54.092,33.028,78.0,FP,,,,,,,
48,36,390.22,245.0,87.0,53.656,33.688,43.5,FP,,,,,,,
48,37,122.28,272.56,0.81,16.814,37.477,0.406,FP,,,,,,,
48,38,439.68,319.7,32.22,60.456,43.959,16.11,FP,,,,,,,
48,39,45.64,338.34,95.98,6.276,46.522,47.988,FP,,,,,,,
48,40,210.63,349.77,31.44,28.962,48.093,15.72,TP,13,0.434,4.145,4.167,0.084,0.426,-4.145
48,41,209.69,348.24,101.49,28.832,47.883,50.743,FP,,,,,,,
48,42,213.02,348.49,166.35,29.291,47.917,83.173,FP,,,,,,,
48,43,210.97,347.87,51.29,29.009,47.832,25.645,FP,,,,,,,
48,44,211.37,348.75,17.04,29.063,47.953,8.522,FP,,,,,,,
48,45,211.57,347.7,171.36,29.091,47.809,85.681,FP,,,,,,,
48,46,211.09,348.7,43.45,29.025,47.946,21.727,FP,,,,,,,
48,47,209.67,346.61,124.78,28.829,47.659,62.389,FP,,,,,,,
48,48,210.95,348.93,39.48,29.005,47.978,19.74,FP,,,,,,,
48,49,211.6,347.4,56.0,29.095,47.768,28.0,FP,,,,,,,
48,50,210.96,349.21,23.57,29.008,48.017,11.786,FP,,,,,,,
48,51,211.29,349.29,47.71,29.052,48.027,23.857,FP,,,,,,,
48,52,404.01,418.52,31.48,55.551,57.546,15.742,FP,,,,,,,
48,53,409.23,420.74,96.72,56.269,57.852,48.361,FP,,,,,,,
48,54,410.86,420.59,166.87,56.494,57.832,83.437,FP,,,,,,,
48,55,409.37,420.79,108.19,56.289,57.859,54.093,FP,,,,,,,
48,56,464.6,439.94,39.95,63.883,60.492,19.975,FP,,,,,,,
48,57,137.08,438.8,31.4,18.849,60.335,15.701,FP,,,,,,,
48,58,465.12,440.13,19.38,63.954,60.518,9.691,TP,15,0.515,0.904,1.041,0.377,0.35,0.904
48,59,464.37,440.18,23.42,63.851,60.525,11.711,FP,,,,,,,
48,60,464.95,440.29,15.62,63.931,60.539,7.81,FP,,,,,,,
48,61,234.88,456.86,96.64,32.297,62.818,48.32,FP,,,,,,,
48,62,234.12,455.85,36.55,32.192,62.679,18.277,FP,,,,,,,
48,63,235.7,455.65,82.51,32.409,62.652,41.253,FP,,,,,,,
48,64,234.64,455.22,52.79,32.264,62.593,26.397,FP,,,,,,,
48,65,233.37,456.58,107.44,32.089,62.779,53.72,TP,17,0.324,4.276,4.288,-0.289,0.147,-4.276
48,66,417.58,461.16,31.47,57.417,63.409,15.737,FP,,,,,,,
48,67,121.17,462.17,31.67,16.66,63.548,15.833,FP,,,,,,,
48,68,99.94,487.59,95.61,13.742,67.044,47.806,FP,,,,,,,
48,69,99.72,491.58,31.65,13.711,67.593,15.825,FP,,,,,,,
48,70,99.61,490.55,19.06,13.696,67.45,9.53,FP,,,,,,,
48,71,100.66,487.84,51.26,13.841,67.078,25.628,FP,,,,,,,
48,72,100.35,488.47,57.24,13.798,67.165,28.62,FP,,,,,,,
48,73,100.21,488.33,39.44,13.779,67.146,19.719,FP,,,,,,,
48,74,100.62,488.27,47.62,13.835,67.137,23.808,FP,,,,,,,
48,,,,,69.05,8.681,68.037,FN,0,,,,,,
48,,,,,19.323,17.612,50.043,FN,3,,,,,,
48,,,,,45.188,22.076,54.505,FN,4,,,,,,
48,,,,,57.114,22.691,88.065,FN,5,,,,,,
48,,,,,41.308,26.68,34.454,FN,7,,,,,,
48,,,,,16.642,37.558,96.807,FN,9,,,,,,
48,,,,,60.431,43.871,88.061,FN,10,,,,,,
48,,,,,6.315,46.445,71.85,FN,11,,,,,,
48,,,,,23.254,46.859,98.283,FN,12,,,,,,
48,,,,,56.341,57.762,28.425,FN,14,,,,,,
48,,,,,19.014,60.219,83.839,FN,16,,,,,,
48,,,,,13.749,66.874,34.474,FN,18,,,,,,
48,,,,,25.997,69.541,45.0,FN,19,,,,,,
55,0,425.07,18.98,39.11,58.447,2.61,19.553,FP,,,,,,,
55,1,425.41,18.88,19.24,58.494,2.596,9.622,FP,,,,,,,
55,2,424.27,22.17,96.28,58.338,3.048,48.139,FP,,,,,,,
55,3,425.87,22.54,122.97,58.557,3.099,61.487,FP,,,,,,,
55,4,425.71,23.21,115.39,58.536,3.192,57.696,FP,,,,,,,
55,5,424.3,24.98,107.54,58.342,3.435,53.772,FP,,,,,,,
55,6,424.95,23.55,111.41,58.431,3.237,55.705,FP,,,,,,,
55,7,427.1,29.21,166.15,58.726,4.017,83.074,FP,,,,,,,
55,8,120.73,68.08,95.19,16.6,9.361,47.593,FP,,,,,,,
55,9,248.88,73.37,95.65,34.221,10.089,47.824,FP,,,,,,,
55,10,250.13,71.59,37.51,34.393,9.844,18.757,FP,,,,,,,
55,11,121.86,71.54,37.7,16.755,9.837,18.85,FP,,,,,,,
55,12,122.71,68.57,51.71,16.873,9.429,25.857,FP,,,,,,,
55,13,262.04,74.6,95.47,36.03,10.257,47.734,FP,,,,,,,
55,14,249.21,73.11,75.47,34.266,10.052,37.737,FP,,,,,,,
55,15,50.44,85.09,95.14,6.936,11.7,47.569,TP,3,0.237,3.371,3.38,-0.236,0.021,-3.371
55,16,52.58,84.99,31.79,7.23,11.686,15.894,FP,,,,,,,
55,17,137.04,84.0,31.26,18.844,11.549,15.63,FP,,,,,,,
55,18,52.14,84.18,50.42,7.169,11.575,25.209,FP,,,,,,,
55,19,138.44,87.23,95.33,19.035,11.994,47.663,FP,,,,,,,
55,20,136.9,87.06,162.32,18.824,11.971,81.162,FP,,,,,,,
55,21,53.73,84.04,19.46,7.388,11.555,9.728,FP,,,,,,,
55,22,52.4,84.2,55.5,7.205,11.577,27.75,FP,,,,,,,
55,23,49.25,85.6,107.55,6.772,11.77,53.775,FP,,,,,,,
55,24,136.39,87.12,147.15,18.754,11.979,73.576,FP,,,,,,,
55,25,320.34,91.48,31.28,44.047,12.579,15.638,FP,,,,,,,
55,26,320.93,93.07,95.0,44.128,12.797,47.5,FP,,,,,,,
55,27,35.76,142.6,32.55,4.917,19.607,16.276,FP,,,,,,,
55,28,32.71,145.16,96.17,4.498,19.96,48.087,FP,,,,,,,
55,29,401.34,153.49,31.43,55.185,21.104,15.714,FP,,,,,,,
55,30,407.56,158.33,167.0,56.039,21.771,83.5,FP,,,,,,,
55,31,262.86,191.27,37.24,36.144,26.3,18.618,FP,,,,,,,
55,32,444.18,188.16,95.48,61.075,25.873,47.738,FP,,,,,,,
55,33,249.29,186.64,167.56,34.277,25.664,83.78,FP,,,,,,,
55,34,262.7,190.49,19.46,36.122,26.193,9.731,TP,10,0.54,0.239,0.59,0.535,0.075,0.239
55,35,261.26,190.09,96.34,35.924,26.138,48.171,FP,,,,,,,
55,36,260.86,189.5,161.12,35.868,26.056,80.559,FP,,,,,,,
55,37,447.39,190.44,31.55,61.516,26.185,15.775,FP,,,,,,,
55,38,248.88,191.58,31.19,34.221,26.343,15.593,FP,,,,,,,
55,39,447.61,189.87,19.31,61.546,26.107,9.654,FP,,,,,,,
55,40,450.71,188.89,166.83,61.973,25.973,83.417,FP,,,,,,,
55,41,259.88,189.16,128.95,35.733,26.01,64.473,FP,,,,,,,
55,42,447.48,190.36,49.92,61.528,26.174,24.958,FP,,,,,,,
55,43,447.48,190.59,39.47,61.529,26.207,19.736,FP,,,,,,,
55,44,258.93,190.21,134.79,35.603,26.153,67.397,FP,,,,,,,
55,45,259.74,190.36,118.12,35.714,26.174,59.058,FP,,,,,,,
55,46,260.12,190.69,107.58,35.766,26.22,53.788,FP,,,,,,,
55,47,446.98,190.92,57.81,61.459,26.251,28.906,TP,9,0.237,1.65,1.667,-0.067,0.227,-1.65
55,48,447.48,190.49,43.49,61.528,26.193,21.746,FP,,,,,,,
55,49,259.97,190.93,111.48,35.745,26.253,55.741,FP,,,,,,,
55,50,352.54,249.46,95.56,48.475,34.3,47.781,FP,,,,,,,
55,51,351.55,250.91,31.43,48.339,34.5,15.714,FP,,,,,,,
55,52,114.37,286.25,30.93,15.726,39.36,15.463,TP,12,0.077,2.701,2.702,0.022,-0.074,-2.701
55,53,113.8,287.2,96.41,15.647,39.49,48.204,FP,,,,,,,
55,54,110.54,285.69,15.62,15.199,39.283,7.808,FP,,,,,,,
55,55,119.48,288.14,19.39,16.429,39.619,9.694,FP,,,,,,,
55,56,113.67,288.15,113.86,15.63,39.62,56.931,FP,,,,,,,
55,57,113.0,289.0,123.0,15.538,39.737,61.5,FP,,,,,,,
55,58,80.25,366.72,94.27,11.034,50.424,47.134,FP,,,,,,,
55,59,80.91,370.5,33.47,11.125,50.943,16.735,FP,,,,,,,
55,60,80.43,368.74,44.91,11.059,50.701,22.457,FP,,,,,,,
55,61,80.75,367.41,51.57,11.103,50.519,25.784,FP,,,,,,,
55,62,80.92,367.08,55.25,11.126,50.474,27.625,FP,,,,,,,
55,63,342.69,377.94,31.23,47.119,51.967,15.615,FP,,,,,,,
55,64,81.69,376.19,19.25,11.232,51.726,9.625,FP,,,,,,,
55,65,339.95,378.15,19.45,46.743,51.996,9.725,FP,,,,,,,
55,66,339.29,379.98,167.6,46.652,52.247,83.798,FP,,,,,,,
55,67,339.25,379.95,171.25,46.647,52.243,85.625,FP,,,,,,,
55,68,339.67,380.07,179.6,46.704,52.259,89.8,FP,,,,,,,
55,69,341.0,379.0,95.0,46.888,52.112,47.5,FP,,,,,,,
55,70,341.26,386.59,162.89,46.923,53.156,81.444,FP,,,,,,,
55,71,342.0,387.0,148.0,47.025,53.213,74.0,FP,,,,,,,
55,72,347.3,388.36,31.64,47.754,53.4,15.818,FP,,,,,,,
55,73,344.81,393.92,95.35,47.411,54.164,47.673,FP,,,,,,,
55,74,355.35,417.23,32.14,48.861,57.369,16.072,FP,,,,,,,
55,75,120.48,422.54,31.33,16.566,58.1,15.664,FP,,,,,,,
55,76,325.0,417.0,167.0,44.688,57.338,83.5,FP,,,,,,,
55,77,356.5,417.5,43.0,49.019,57.406,21.5,FP,,,,,,,
55,78,134.45,425.0,31.16,18.487,58.437,15.581,FP,,,,,,,
55,79,223.77,440.44,34.17,30.768,60.56,17.086,FP,,,,,,,
55,80,222.83,438.83,24.0,30.64,60.34,12.0,FP,,,,,,,
55,81,223.0,439.5,20.0,30.663,60.431,10.0,FP,,,,,,,
55,82,340.46,453.81,96.72,46.813,62.399,48.358,FP,,,,,,,
55,83,340.95,455.31,40.42,46.88,62.606,20.209,TP,18,0.306,2.005,2.028,-0.003,0.306,2.005
55,84,341.16,455.35,19.25,46.91,62.611,9.625,FP,,,,,,,
55,85,341.67,455.45,167.08,46.98,62.624,83.538,FP,,,,,,,
55,86,340.57,453.43,107.57,46.829,62.346,53.786,FP,,,,,,,
55,87,341.07,454.8,159.47,46.897,62.535,79.733,FP,,,,,,,
55,,,,,58.487,3.09,26.817,FN,0,,,,,,
55,,,,,16.85,9.36,59.994,FN,1,,,,,,
55,,,,,34.626,9.801,64.311,FN,2,,,,,,
55,,,,,5.629,11.874,0.71,FN,4,,,,,,
55,,,,,19.094,12.082,4.768,FN,5,,,,,,
55,,,,,43.928,12.824,61.284,FN,6,,,,,,
55,,,,,4.881,19.627,53.767,FN,7,,,,,,
55,,,,,56.074,21.608,24.0,FN,8,,,,,,
55,,,,,48.439,34.426,69.025,FN,11,,,,,,
55,,,,,11.2,50.565,56.282,FN,13,,,,,,
55,,,,,47.061,52.894,4.211,FN,14,,,,,,
55,,,,,48.931,57.241,75.761,FN,15,,,,,,
55,,,,,17.497,58.357,9.745,FN,16,,,,,,
55,,,,,30.686,60.231,87.252,FN,17,,,,,,
55,,,,,30.318,65.717,89.528,FN,19,,,,,,
58,0,195.45,50.22,34.88,26.875,6.905,17.44,FP,,,,,,,
58,1,193.23,51.12,95.81,26.569,7.029,47.904,FP,,,,,,,
58,2,197.25,53.26,167.34,27.121,7.324,83.671,FP,,,,,,,
58,3,194.17,53.83,156.0,26.698,7.402,78.0,FP,,,,,,,
58,4,195.0,53.0,160.0,26.812,7.288,80.0,FP,,,,,,,
58,5,296.5,53.0,95.0,40.769,7.288,47.5,FP,,,,,,,
58,6,24.62,92.08,31.6,3.386,12.661,15.798,FP,,,,,,,
58,7,26.95,92.83,95.85,3.706,12.764,47.926,TP,2,0.281,3.074,3.087,0.071,0.272,-3.074
58,8,282.59,108.13,34.56,38.856,14.867,17.279,FP,,,,,,,
58,9,282.75,107.96,19.26,38.878,14.845,9.632,FP,,,,,,,
58,10,283.21,105.67,108.43,38.942,14.53,54.216,FP,,,,,,,
58,11,282.61,105.43,57.39,38.859,14.497,28.694,TP,3,0.176,2.347,2.354,-0.172,0.039,-2.347
58,12,282.0,122.0,16.0,38.775,16.775,8.0,FP,,,,,,,
58,13,446.67,122.33,31.22,61.417,16.821,15.611,FP,,,,,,,
58,14,451.81,154.27,95.89,62.124,21.211,47.945,FP,,,,,,,
58,15,452.89,153.3,47.44,62.273,21.078,23.72,FP,,,,,,,
58,16,451.68,155.21,103.37,62.107,21.341,51.684,FP,,,,,,,
58,17,408.83,188.99,95.59,56.215,25.985,47.797,FP,,,,,,,
58,18,406.54,190.75,38.55,55.899,26.229,19.273,FP,,,,,,,
58,19,422.19,206.0,167.0,58.051,28.325,83.5,FP,,,,,,,
58,20,474.96,214.52,95.17,65.308,29.496,47.584,TP,8,0.237,3.17,3.179,0.188,0.143,3.17
58,21,471.7,215.86,32.46,64.858,29.681,16.23,FP,,,,,,,
58,22,476.9,214.77,107.44,65.573,29.531,53.718,FP,,,,,,,
58,23,470.76,215.71,51.41,64.73,29.66,25.706,FP,,,,,,,
58,24,49.0,276.36,95.96,6.738,38.0,47.982,FP,,,,,,,
58,25,442.84,290.53,96.11,60.89,39.948,48.053,FP,,,,,,,
58,26,442.04,292.27,43.57,60.781,40.187,21.786,FP,,,,,,,
58,27,443.36,293.14,62.0,60.962,40.307,31.0,FP,,,,,,,
58,28,354.55,319.3,96.75,48.751,43.903,48.376,FP,,,,,,,
58,29,355.09,318.76,37.86,48.825,43.83,18.932,FP,,,,,,,
58,30,355.54,319.27,75.46,48.887,43.9,37.731,FP,,,,,,,
58,31,356.57,319.75,83.5,49.029,43.966,41.75,FP,,,,,,,
58,32,187.54,378.24,26.87,25.786,52.008,13.433,FP,,,,,,,
58,33,187.54,378.05,166.89,25.786,51.982,83.446,FP,,,,,,,
58,34,186.37,378.59,97.06,25.626,52.056,48.53,FP,,,,,,,
58,35,188.0,378.65,171.37,25.85,52.064,85.683,FP,,,,,,,
58,36,187.91,378.51,39.44,25.838,52.045,19.722,TP,12,0.425,1.262,1.332,-0.008,-0.425,-1.262
58,37,187.48,378.67,51.42,25.778,52.068,25.712,FP,,,,,,,
58,38,187.82,378.75,43.46,25.825,52.078,21.732,FP,,,,,,,
58,39,186.83,379.83,119.67,25.69,52.227,59.833,FP,,,,,,,
58,40,188.5,379.0,47.5,25.919,52.112,23.75,FP,,,,,,,
58,41,189.0,379.5,157.0,25.988,52.181,78.5,FP,,,,,,,
58,42,189.11,388.0,31.47,26.002,53.35,15.737,FP,,,,,,,
58,43,315.3,429.79,95.7,43.353,59.096,47.848,TP,13,0.061,3.787,3.788,0.014,0.059,3.787
58,44,313.97,430.21,31.8,43.17,59.154,15.9,FP,,,,,,,
58,45,315.2,429.5,58.9,43.34,59.056,29.45,FP,,,,,,,
58,46,314.17,429.38,19.42,43.198,59.039,9.708,FP,,,,,,,
58,47,315.62,430.68,119.44,43.398,59.218,59.72,FP,,,,,,,
58,48,314.95,429.6,51.3,43.306,59.07,25.65,FP,,,,,,,
58,49,498.96,436.39,41.31,68.607,60.003,20.653,FP,,,,,,,
58,50,499.33,436.83,55.0,68.658,60.065,27.5,FP,,,,,,,
58,51,238.74,476.25,95.18,32.826,65.484,47.589,FP,,,,,,,
58,52,49.67,494.33,1.0,6.829,67.971,0.5,FP,,,,,,,
58,,,,,22.248,1.205,13.0,FN,0,,,,,,
58,,,,,26.844,6.785,10.367,FN,1,,,,,,
58,,,,,66.799,20.906,16.425,FN,4,,,,,,
58,,,,,62.306,21.053,74.034,FN,5,,,,,,
58,,,,,54.732,26.139,55.638,FN,6,,,,,,
58,,,,,56.16,26.096,64.289,FN,7,,,,,,
58,,,,,6.857,38.095,61.561,FN,9,,,,,,
58,,,,,60.786,40.188,77.967,FN,10,,,,,,
58,,,,,48.927,43.777,64.617,FN,11,,,,,,
58,,,,,68.479,59.955,80.891,FN,14,,,,,,
58,,,,,32.642,66.019,61.767,FN,15,,,,,,
58,,,,,6.825,68.089,95.854,FN,16,,,,,,
58,,,,,15.232,69.225,20.185,FN,17,,,,,,
66,0,23.23,111.02,95.46,3.193,15.265,47.73,FP,,,,,,,
66,1,18.53,114.89,31.44,2.547,15.797,15.718,FP,,,,,,,
66,2,338.25,106.69,1.08,46.509,14.67,0.538,FP,,,,,,,
66,3,340.0,107.58,30.99,46.75,14.793,15.496,FP,,,,,,,
66,4,10.26,107.26,95.0,1.411,14.749,47.5,FP,,,,,,,
66,5,20.05,110.01,49.97,2.757,15.126,24.985,FP,,,,,,,
66,6,19.48,117.17,18.65,2.679,16.111,9.326,FP,,,,,,,
66,7,19.01,110.49,43.49,2.614,15.192,21.745,FP,,,,,,,
66,8,20.28,110.04,56.77,2.789,15.13,28.386,FP,,,,,,,
66,9,18.7,114.33,39.46,2.572,15.721,19.73,FP,,,,,,,
66,10,19.87,117.04,23.45,2.732,16.092,11.727,FP,,,,,,,
66,11,9.34,164.94,95.4,1.285,22.68,47.7,FP,,,,,,,
66,12,296.75,168.36,31.71,40.804,23.15,15.854,FP,,,,,,,
66,13,292.47,168.87,95.81,40.215,23.219,47.905,FP,,,,,,,
66,14,292.83,168.83,103.0,40.265,23.215,51.5,FP,,,,,,,
66,15,437.6,189.78,96.02,60.17,26.095,48.009,FP,,,,,,,
66,16,437.89,189.49,31.45,60.21,26.055,15.727,FP,,,,,,,
66,17,310.31,186.03,31.47,42.668,25.579,15.734,FP,,,,,,,
66,18,444.97,187.14,167.14,61.183,25.731,83.569,FP,,,,,,,
66,19,246.19,193.09,31.71,33.851,26.549,15.856,FP,,,,,,,
66,20,438.06,188.78,19.28,60.233,25.958,9.638,FP,,,,,,,
66,21,444.5,186.5,165.0,61.119,25.644,82.5,FP,,,,,,,
66,22,243.99,193.12,95.56,33.549,26.555,47.781,FP,,,,,,,
66,23,243.99,192.13,59.2,33.548,26.418,29.6,FP,,,,,,,
66,24,245.71,192.72,47.98,33.785,26.499,23.992,FP,,,,,,,
66,25,437.75,189.25,15.75,60.191,26.022,7.875,FP,,,,,,,
66,26,247.14,192.81,39.48,33.982,26.511,19.738,FP,,,,,,,
66,27,307.02,206.98,30.95,42.215,28.46,15.477,FP,,,,,,,
66,28,307.32,207.08,0.95,42.257,28.473,0.475,FP,,,,,,,
66,29,307.5,208.0,12.0,42.281,28.6,6.0,FP,,,,,,,
66,30,336.89,215.48,31.69,46.323,29.628,15.847,FP,,,,,,,
66,31,338.11,214.87,104.83,46.491,29.545,52.415,FP,,,,,,,
66,32,335.87,214.8,166.72,46.182,29.534,83.36,FP,,,,,,,
66,33,25.85,248.66,96.27,3.554,34.19,48.135,FP,,,,,,,
66,34,24.3,249.54,41.73,3.342,34.311,20.864,FP,,,,,,,
66,35,24.91,250.55,19.51,3.425,34.451,9.754,FP,,,,,,,
66,36,25.36,249.79,107.42,3.487,34.346,53.712,FP,,,,,,,
66,37,24.76,250.62,23.43,3.405,34.46,11.714,FP,,,,,,,
66,38,26.51,260.42,95.33,3.646,35.807,47.667,FP,,,,,,,
66,39,459.17,340.36,96.08,63.136,46.8,48.039,FP,,,,,,,
66,40,458.35,341.05,47.34,63.023,46.894,23.67,FP,,,,,,,
66,41,469.27,342.07,167.0,64.524,47.034,83.5,FP,,,,,,,
66,42,12.66,360.17,31.59,1.74,49.523,15.795,FP,,,,,,,
66,43,11.26,357.66,52.38,1.549,49.178,26.192,FP,,,,,,,
66,44,12.54,358.2,19.82,1.724,49.253,9.909,FP,,,,,,,
66,45,14.02,357.82,95.46,1.928,49.2,47.73,FP,,,,,,,
66,46,12.78,358.45,39.49,1.757,49.286,19.743,FP,,,,,,,
66,47,9.17,377.17,95.37,1.261,51.861,47.686,FP,,,,,,,
66,48,435.99,379.02,96.57,59.949,52.115,48.286,FP,,,,,,,
66,49,12.2,378.6,35.0,1.678,52.058,17.5,FP,,,,,,,
66,50,398.64,399.6,45.26,54.812,54.945,22.63,FP,,,,,,,
66,51,163.17,442.98,41.14,22.436,60.909,20.568,FP,,,,,,,
66,52,161.37,428.01,166.47,22.188,58.851,83.233,FP,,,,,,,
66,53,161.29,428.79,96.88,22.178,58.958,48.441,FP,,,,,,,
66,54,161.33,428.69,117.48,22.183,58.944,58.739,FP,,,,,,,
66,55,161.3,429.3,107.6,22.179,59.029,53.8,FP,,,,,,,
66,56,161.0,429.0,111.5,22.138,58.988,55.75,FP,,,,,,,
66,57,395.86,439.11,95.06,54.431,60.377,47.53,FP,,,,,,,
66,58,393.37,439.07,81.93,54.088,60.372,40.964,FP,,,,,,,
66,59,398.17,448.88,30.63,54.748,61.722,15.315,FP,,,,,,,
66,60,296.15,444.51,96.12,40.721,61.12,48.06,FP,,,,,,,
66,61,398.86,446.69,52.64,54.843,61.419,26.321,FP,,,,,,,
66,62,297.57,444.96,31.58,40.916,61.182,15.792,FP,,,,,,,
66,63,397.5,448.35,18.06,54.656,61.648,9.028,TP,17,0.638,2.195,2.286,-0.077,0.634,2.195
66,64,164.07,449.34,95.15,22.559,61.784,47.576,FP,,,,,,,
66,65,298.48,445.35,43.73,41.041,61.235,21.865,FP,,,,,,,
66,66,396.01,448.22,43.51,54.452,61.63,21.753,FP,,,,,,,
66,67,163.21,444.93,18.64,22.442,61.178,9.321,FP,,,,,,,
66,68,299.61,445.99,58.41,41.197,61.323,29.207,FP,,,,,,,
66,69,297.33,445.67,39.0,40.883,61.279,19.5,FP,,,,,,,
66,70,299.24,445.8,51.48,41.146,61.298,25.74,FP,,,,,,,
66,71,396.73,449.6,39.49,54.55,61.821,19.743,FP,,,,,,,
66,,,,,49.686,7.119,89.5,FN,0,,,,,,
66,,,,,3.061,15.079,41.867,FN,1,,,,,,
66,,,,,46.517,14.78,94.299,FN,2,,,,,,
66,,,,,55.028,22.138,0.5,FN,3,,,,,,
66,,,,,1.406,22.715,73.936,FN,4,,,,,,
66,,,,,40.33,23.217,33.284,FN,5,,,,,,
66,,,,,33.607,26.342,59.293,FN,6,,,,,,
66,,,,,60.281,25.934,38.689,FN,7,,,,,,
66,,,,,47.182,26.998,97.5,FN,8,,,,,,
66,,,,,42.214,28.563,95.286,FN,9,,,,,,
66,,,,,46.495,29.5,32.583,FN,10,,,,,,
66,,,,,3.576,34.035,66.261,FN,11,,,,,,
66,,,,,63.059,46.906,75.15,FN,12,,,,,,
66,,,,,2.038,49.263,33.5,FN,13,,,,,,
66,,,,,54.982,54.921,74.528,FN,14,,,,,,
66,,,,,22.17,58.832,16.065,FN,15,,,,,,
66,,,,,38.916,59.278,53.793,FN,16,,,,,,
66,,,,,41.405,61.346,73.208,FN,18,,,,,,
66,,,,,22.541,61.294,83.075,FN,19,,,,,,
69,0,446.41,5.93,31.5,61.381,0.815,15.75,FP,,,,,,,
69,1,280.73,44.9,31.81,38.601,6.174,15.906,FP,,,,,,,
69,2,227.18,73.56,32.0,31.238,10.115,16.002,FP,,,,,,,
69,3,10.74,112.56,33.43,1.476,15.477,16.714,FP,,,,,,,
69,4,505.78,104.89,163.33,69.544,14.422,81.667,FP,,,,,,,
69,5,8.54,110.15,95.46,1.174,15.145,47.731,FP,,,,,,,
69,6,13.0,108.5,12.0,1.788,14.919,6.0,FP,,,,,,,
69,7,111.35,134.96,31.9,15.31,18.557,15.949,FP,,,,,,,
69,8,109.38,134.73,43.5,15.04,18.525,21.75,FP,,,,,,,
69,9,108.67,134.44,39.44,14.942,18.486,19.722,FP,,,,,,,
69,10,186.61,154.06,95.45,25.658,21.183,47.727,FP,,,,,,,
69,11,224.76,169.0,33.58,30.905,23.238,16.789,FP,,,,,,,
69,12,225.01,168.7,93.55,30.939,23.196,46.773,TP,6,0.181,4.736,4.739,-0.138,0.117,-4.736
69,13,224.47,168.52,53.31,30.864,23.171,26.654,FP,,,,,,,
69,14,226.19,167.02,65.06,31.102,22.965,32.532,FP,,,,,,,
69,15,224.15,168.0,115.32,30.82,23.1,57.66,FP,,,,,,,
69,16,224.55,168.87,43.47,30.876,23.219,21.737,FP,,,,,,,
69,17,224.79,168.5,19.5,30.908,23.169,9.75,FP,,,,,,,
69,18,224.63,168.97,47.51,30.886,23.234,23.757,FP,,,,,,,
69,19,153.3,185.01,96.0,21.079,25.439,48.0,TP,7,0.113,2.159,2.162,-0.059,0.096,2.159
69,20,154.33,184.67,31.9,21.221,25.393,15.948,FP,,,,,,,
69,21,153.82,183.41,19.41,21.151,25.219,9.706,FP,,,,,,,
69,22,153.73,184.27,51.41,21.138,25.337,25.705,FP,,,,,,,
69,23,153.33,184.83,23.17,21.083,25.415,11.583,FP,,,,,,,
69,24,152.85,185.77,39.31,21.016,25.543,19.654,FP,,,,,,,
69,25,45.92,224.54,95.37,6.315,30.875,47.686,FP,,,,,,,
69,26,476.63,228.84,96.09,65.536,31.466,48.046,FP,,,,,,,
69,27,475.57,230.86,31.43,65.391,31.743,15.717,FP,,,,,,,
69,28,36.15,243.96,31.81,4.971,33.545,15.907,FP,,,,,,,
69,29,35.2,241.6,51.0,4.84,33.22,25.5,FP,,,,,,,
69,30,35.0,245.46,95.43,4.812,33.751,47.717,TP,10,0.379,4.179,4.196,0.199,0.322,-4.179
69,31,35.58,247.95,19.41,4.892,34.093,9.704,FP,,,,,,,
69,32,34.72,248.59,23.16,4.774,34.182,11.578,FP,,,,,,,
69,33,265.38,271.32,32.16,36.49,37.306,16.08,TP,11,1.217,1.475,1.912,0.814,-0.905,1.475
69,34,264.21,261.58,43.49,36.329,35.967,21.744,FP,,,,,,,
69,35,265.0,262.0,39.0,36.438,36.025,19.5,FP,,,,,,,
69,36,266.4,274.82,51.43,36.63,37.788,25.716,FP,,,,,,,
69,37,259.31,278.54,111.47,35.656,38.299,55.735,FP,,,,,,,
69,38,249.09,277.0,167.0,34.25,38.088,83.5,FP,,,,,,,
69,39,249.67,277.08,155.5,34.329,38.099,77.75,FP,,,,,,,
69,40,249.5,277.1,164.2,34.306,38.101,82.1,FP,,,,,,,
69,41,259.35,277.88,155.7,35.661,38.208,77.85,FP,,,,,,,
69,42,258.43,277.57,147.57,35.534,38.166,73.786,FP,,,,,,,
69,43,207.67,313.36,42.24,28.555,43.086,21.122,FP,,,,,,,
69,44,209.13,311.59,95.62,28.755,42.843,47.809,FP,,,,,,,
69,45,210.31,310.82,159.41,28.917,42.738,79.703,FP,,,,,,,
69,46,205.86,313.16,19.38,28.306,43.06,9.688,FP,,,,,,,
69,47,209.72,310.63,128.88,28.836,42.712,64.44,FP,,,,,,,
69,48,210.54,309.71,137.66,28.95,42.585,68.831,FP,,,,,,,
69,49,210.62,312.02,179.41,28.961,42.902,89.703,FP,,,,,,,
69,50,207.08,314.16,15.8,28.474,43.197,7.898,FP,,,,,,,
69,51,211.0,313.0,175.0,29.013,43.038,87.5,FP,,,,,,,
69,52,321.84,336.83,37.21,44.254,46.314,18.605,FP,,,,,,,
69,53,322.1,336.72,51.32,44.289,46.299,25.658,FP,,,,,,,
69,54,333.41,361.05,95.81,45.844,49.644,47.903,FP,,,,,,,
69,55,333.67,369.11,35.89,45.879,50.753,17.944,FP,,,,,,,
69,56,334.67,359.66,161.26,46.017,49.454,80.63,FP,,,,,,,
69,57,335.4,358.39,187.38,46.118,49.278,93.688,FP,,,,,,,
69,58,334.13,358.41,128.91,45.943,49.281,64.454,FP,,,,,,,
69,59,333.55,360.83,119.84,45.863,49.614,59.919,FP,,,,,,,
69,60,336.44,360.67,183.0,46.261,49.592,91.5,FP,,,,,,,
69,61,449.88,375.62,95.94,61.859,51.648,47.971,FP,,,,,,,
69,62,450.14,376.98,27.09,61.894,51.835,13.544,FP,,,,,,,
69,63,449.0,377.69,51.45,61.738,51.933,25.727,FP,,,,,,,
69,64,449.83,377.25,103.21,61.852,51.872,51.604,FP,,,,,,,
69,65,450.38,377.34,107.47,61.928,51.884,53.734,FP,,,,,,,
69,66,448.43,377.57,55.57,61.659,51.916,27.786,FP,,,,,,,
69,67,265.81,438.95,95.26,36.549,60.356,47.631,FP,,,,,,,
69,68,42.65,445.89,95.84,5.864,61.309,47.919,FP,,,,,,,
69,69,41.78,447.48,40.68,5.745,61.529,20.338,FP,,,,,,,
69,70,42.0,447.83,59.29,5.776,61.576,29.645,FP,,,,,,,
69,71,330.0,462.78,31.0,45.375,63.632,15.5,FP,,,,,,,
69,,,,,61.608,0.596,50.343,FN,0,,,,,,
69,,,,,67.891,1.002,98.25,FN,1,,,,,,
69,,,,,38.419,5.946,90.746,FN,2,,,,,,
69,,,,,31.344,9.798,55.814,FN,3,,,,,,
69,,,,,1.527,14.718,23.535,FN,4,,,,,,
69,,,,,15.035,18.509,58.694,FN,5,,,,,,
69,,,,,7.661,29.969,2.993,FN,8,,,,,,
69,,,,,65.632,31.648,65.35,FN,9,,,,,,
69,,,,,28.904,42.631,2.982,FN,12,,,,,,
69,,,,,44.295,46.143,79.538,FN,13,,,,,,
69,,,,,46.024,49.373,4.679,FN,14,,,,,,
69,,,,,45.538,50.736,30.466,FN,15,,,,,,
69,,,,,61.788,51.4,40.955,FN,16,,,,,,
69,,,,,37.366,60.138,67.5,FN,17,,,,,,
69,,,,,5.782,61.432,80.728,FN,18,,,,,,
69,,,,,45.484,63.654,42.409,FN,19,,,,,,
75,0,506.0,9.5,96.0,69.575,1.306,48.0,FP,,,,,,,
75,1,11.09,26.18,31.44,1.525,3.599,15.72,TP,0,0.852,2.486,2.628,0.065,0.849,2.486
75,2,10.47,24.43,19.31,1.44,3.359,9.653,FP,,,,,,,
75,3,422.89,27.62,31.77,58.147,3.797,15.883,FP,,,,,,,
75,4,8.64,25.75,95.83,1.188,3.54,47.913,FP,,,,,,,
75,5,423.39,27.33,19.2,58.217,3.757,9.602,FP,,,,,,,
75,6,422.28,26.88,51.85,58.064,3.696,25.923,FP,,,,,,,
75,7,420.89,30.3,96.5,57.873,4.166,48.252,FP,,,,,,,
75,8,422.2,27.62,39.47,58.053,3.797,19.737,FP,,,,,,,
75,9,9.84,27.06,15.71,1.353,3.721,7.855,FP,,,,,,,
75,10,184.67,39.84,39.56,25.392,5.479,19.778,FP,,,,,,,
75,11,421.0,30.0,107.0,57.888,4.125,53.5,FP,,,,,,,
75,12,184.26,39.76,18.91,25.336,5.466,9.453,TP,3,0.238,4.503,4.509,-0.236,-0.024,-4.503
75,13,185.95,41.02,96.29,25.568,5.64,48.145,FP,,,,,,,
75,14,504.27,39.73,32.75,69.337,5.463,16.373,FP,,,,,,,
75,15,503.87,39.8,43.71,69.282,5.473,21.855,FP,,,,,,,
75,16,503.94,40.17,52.24,69.292,5.523,26.118,FP,,,,,,,
75,17,185.72,41.95,113.47,25.537,5.768,56.733,FP,,,,,,,
75,18,502.89,39.32,39.26,69.148,5.406,19.632,FP,,,,,,,
75,19,5.81,43.07,95.17,0.799,5.922,47.585,FP,,,,,,,
75,20,504.57,40.57,47.43,69.379,5.579,23.714,FP,,,,,,,
75,21,230.93,123.08,31.36,31.753,16.924,15.678,FP,,,,,,,
75,22,231.04,133.3,31.29,31.768,18.329,15.643,FP,,,,,,,
75,23,230.17,280.83,31.5,31.648,38.615,15.75,FP,,,,,,,
75,24,460.36,287.01,31.6,63.299,39.463,15.799,FP,,,,,,,
75,25,459.71,285.65,19.47,63.21,39.276,9.735,FP,,,,,,,
75,26,494.5,314.52,34.95,67.994,43.246,17.476,TP,11,0.654,3.069,3.138,0.478,-0.447,3.069
75,27,495.96,315.74,18.73,68.195,43.414,9.367,FP,,,,,,,
75,28,413.24,315.69,27.17,56.821,43.407,13.585,TP,10,0.135,1.165,1.172,-0.132,0.025,1.165
75,29,491.33,311.36,57.53,67.559,42.812,28.764,FP,,,,,,,
75,30,498.18,316.39,95.67,68.5,43.503,47.835,FP,,,,,,,
75,31,410.86,315.52,54.57,56.493,43.385,27.286,FP,,,,,,,
75,32,494.33,315.01,166.93,67.971,43.314,83.465,FP,,,,,,,
75,33,503.41,312.32,83.23,69.219,42.944,41.614,FP,,,,,,,
75,34,408.33,316.79,95.71,56.146,43.559,47.857,FP,,,,,,,
75,35,414.5,316.3,166.59,56.993,43.492,83.294,FP,,,,,,,
75,36,495.14,314.95,171.09,68.081,43.306,85.545,FP,,,,,,,
75,37,505.0,321.0,23.0,69.438,44.138,11.5,FP,,,,,,,
75,38,492.5,333.3,115.4,67.719,45.829,57.7,FP,,,,,,,
75,39,476.0,333.0,95.0,65.45,45.788,47.5,FP,,,,,,,
75,40,491.51,334.47,108.47,67.582,45.99,54.237,FP,,,,,,,
75,41,493.67,340.36,95.52,67.879,46.8,47.758,FP,,,,,,,
75,42,78.91,371.55,38.82,10.85,51.089,19.409,FP,,,,,,,
75,43,81.55,371.86,19.44,11.213,51.131,9.722,FP,,,,,,,
75,44,89.46,364.62,95.21,12.301,50.136,47.604,FP,,,,,,,
75,45,78.75,367.99,113.15,10.829,50.598,56.577,FP,,,,,,,
75,46,79.13,368.08,96.04,10.881,50.612,48.022,FP,,,,,,,
75,47,77.6,367.6,123.0,10.67,50.545,61.5,FP,,,,,,,
75,48,78.6,368.2,103.1,10.807,50.628,51.55,FP,,,,,,,
75,49,44.83,388.84,31.45,6.163,53.465,15.723,FP,,,,,,,
75,50,45.37,388.46,19.54,6.238,53.413,9.772,FP,,,,,,,
75,51,44.62,389.62,1.0,6.135,53.572,0.5,FP,,,,,,,
75,52,313.04,437.47,40.25,43.043,60.153,20.127,FP,,,,,,,
75,53,313.52,436.68,19.01,43.11,60.043,9.505,TP,17,0.108,3.974,3.975,0.007,0.108,3.974
75,54,313.37,435.94,95.93,43.089,59.942,47.965,FP,,,,,,,
75,55,312.51,434.15,116.07,42.97,59.696,58.037,FP,,,,,,,
75,56,313.75,437.97,163.19,43.141,60.221,81.594,FP,,,,,,,
75,57,316.95,437.59,12.0,43.58,60.169,6.0,FP,,,,,,,
75,58,311.58,433.95,107.58,42.842,59.668,53.789,FP,,,,,,,
75,59,313.46,436.38,83.44,43.101,60.003,41.718,FP,,,,,,,
75,60,313.44,436.84,146.72,43.098,60.066,73.36,FP,,,,,,,
75,61,313.4,436.8,79.5,43.092,60.06,39.75,FP,,,,,,,
75,62,313.0,437.0,87.0,43.038,60.088,43.5,FP,,,,,,,
75,63,51.95,461.01,31.49,7.143,63.39,15.745,FP,,,,,,,
75,64,51.93,459.7,50.95,7.141,63.209,25.476,TP,18,0.159,3.679,3.682,-0.097,-0.125,3.679
75,65,52.38,461.4,18.98,7.202,63.442,9.491,FP,,,,,,,
75,66,50.02,462.98,95.56,6.878,63.66,47.78,FP,,,,,,,
75,67,51.58,461.15,39.48,7.092,63.408,19.74,FP,,,,,,,
75,,,,,58.332,3.934,32.675,FN,1,,,,,,
75,,,,,69.025,5.431,77.5,FN,2,,,,,,
75,,,,,31.912,17.612,28.238,FN,4,,,,,,
75,,,,,61.267,27.022,95.432,FN,5,,,,,,
75,,,,,38.339,27.639,96.644,FN,6,,,,,,
75,,,,,31.773,38.004,73.268,FN,7,,,,,,
75,,,,,63.241,39.236,90.748,FN,8,,,,,,
75,,,,,68.774,42.737,1.246,FN,9,,,,,,
75,,,,,27.709,50.457,87.963,FN,12,,,,,,
75,,,,,10.88,50.499,28.99,FN,13,,,,,,
75,,,,,66.24,52.331,63.577,FN,14,,,,,,
75,,,,,6.179,53.489,89.851,FN,15,,,,,,
75,,,,,0.117,55.592,39.289,FN,16,,,,,,
75,,,,,53.775,67.142,22.48,FN,19,,,,,,
89,0,273.94,12.75,40.76,37.667,1.753,20.382,FP,,,,,,,
89,1,273.51,12.85,19.5,37.607,1.766,9.748,TP,0,0.402,0.163,0.434,-0.275,0.293,-0.163
89,2,274.65,13.47,96.21,37.765,1.852,48.103,FP,,,,,,,
89,3,110.56,12.89,34.06,15.202,1.772,17.03,FP,,,,,,,
89,4,273.47,8.67,83.37,37.602,1.192,41.686,FP,,,,,,,
89,5,110.61,13.73,54.11,15.208,1.888,27.055,FP,,,,,,,
89,6,110.89,13.89,61.89,15.247,1.91,30.944,FP,,,,,,,
89,7,275.0,13.5,115.2,37.812,1.856,57.6,FP,,,,,,,
89,8,449.53,24.13,95.47,61.811,3.317,47.735,FP,,,,,,,
89,9,448.21,25.15,41.02,61.629,3.458,20.51,FP,,,,,,,
89,10,448.27,24.7,62.2,61.637,3.396,31.1,FP,,,,,,,
89,11,278.36,117.56,30.3,38.274,16.164,15.149,FP,,,,,,,
89,12,278.28,120.91,18.64,38.264,16.625,9.322,FP,,,,,,,
89,13,281.71,121.73,51.43,38.736,16.738,25.714,TP,4,1.213,1.192,1.701,0.532,1.09,1.192
89,14,159.69,123.12,169.67,21.958,16.928,84.835,FP,,,,,,,
89,15,434.43,122.55,31.3,59.734,16.851,15.649,FP,,,,,,,
89,16,281.0,122.5,55.0,38.638,16.844,27.5,FP,,,,,,,
89,17,25.32,134.99,38.01,3.482,18.561,19.004,FP,,,,,,,
89,18,250.64,153.58,31.51,34.463,21.117,15.757,FP,,,,,,,
89,19,396.24,154.33,31.66,54.482,21.22,15.831,FP,,,,,,,
89,20,260.74,154.47,31.52,35.852,21.239,15.76,FP,,,,,,,
89,21,396.0,151.0,95.0,54.45,20.763,47.5,FP,,,,,,,
89,22,397.82,153.53,51.41,54.701,21.11,25.706,FP,,,,,,,
89,23,35.29,175.4,32.25,4.853,24.118,16.125,FP,,,,,,,
89,24,108.35,162.87,32.19,14.898,22.394,16.094,FP,,,,,,,
89,25,34.32,169.25,95.51,4.719,23.272,47.754,FP,,,,,,,
89,26,101.2,160.6,95.4,13.915,22.083,47.7,FP,,,,,,,
89,27,108.67,162.32,45.21,14.942,22.319,22.606,FP,,,,,,,
89,28,28.0,162.5,59.0,3.85,22.344,29.5,FP,,,,,,,
89,29,37.39,176.77,18.66,5.141,24.306,9.332,FP,,,,,,,
89,30,30.22,178.02,56.71,4.155,24.478,28.354,FP,,,,,,,
89,31,31.55,177.56,51.45,4.339,24.415,25.726,FP,,,,,,,
89,32,33.26,177.26,43.5,4.573,24.373,21.748,FP,,,,,,,
89,33,43.5,175.89,55.5,5.981,24.184,27.75,FP,,,,,,,
89,34,32.75,177.56,47.47,4.503,24.414,23.734,FP,,,,,,,
89,35,34.16,177.5,23.32,4.697,24.406,11.658,FP,,,,,,,
89,36,442.38,179.02,95.3,60.827,24.616,47.65,FP,,,,,,,
89,37,40.33,177.67,59.0,5.546,24.429,29.5,FP,,,,,,,
89,38,161.37,197.63,31.5,22.189,27.174,15.751,FP,,,,,,,
89,39,160.1,202.9,59.0,22.014,27.899,29.5,TP,12,0.733,4.0,4.067,-0.435,0.591,-4.0
89,40,152.77,221.86,31.85,21.006,30.505,15.923,FP,,,,,,,
89,41,306.72,218.91,31.19,42.174,30.1,15.593,FP,,,,,,,
89,42,150.56,220.63,55.38,20.702,30.337,27.689,FP,,,,,,,
89,43,150.13,220.51,51.51,20.642,30.32,25.755,FP,,,,,,,
89,44,150.81,221.27,43.58,20.736,30.425,21.788,FP,,,,,,,
89,45,151.58,228.68,96.07,20.842,31.443,48.034,FP,,,,,,,
89,46,149.67,221.33,47.0,20.579,30.433,23.5,FP,,,,,,,
89,47,341.06,229.3,95.55,46.896,31.529,47.773,FP,,,,,,,
89,48,377.25,273.32,31.33,51.872,37.581,15.664,FP,,,,,,,
89,49,379.16,272.08,96.0,52.135,37.412,48.0,FP,,,,,,,
89,50,377.17,270.17,123.0,51.86,37.148,61.5,FP,,,,,,,
89,51,378.0,271.44,115.33,51.975,37.324,57.667,FP,,,,,,,
89,52,378.58,271.71,107.46,52.055,37.36,53.729,FP,,,,,,,
89,53,379.0,272.5,103.5,52.112,37.469,51.75,FP,,,,,,,
89,54,388.56,280.07,31.22,53.427,38.509,15.611,FP,,,,,,,
89,55,386.54,277.36,95.61,53.149,38.137,47.804,FP,,,,,,,
89,56,449.15,283.67,31.66,61.758,39.005,15.832,FP,,,,,,,
89,57,450.81,283.88,96.1,61.987,39.033,48.048,FP,,,,,,,
89,58,456.5,286.0,167.0,62.769,39.325,83.5,FP,,,,,,,
89,59,334.36,338.18,31.85,45.975,46.5,15.925,FP,,,,,,,
89,60,334.99,339.75,96.55,46.061,46.715,48.274,FP,,,,,,,
89,61,333.6,337.4,19.2,45.87,46.393,9.6,FP,,,,,,,
89,62,336.0,339.0,84.0,46.2,46.612,42.0,TP,18,0.039,0.494,0.495,0.002,0.039,-0.494
89,63,399.69,350.81,30.82,54.958,48.237,15.412,FP,,,,,,,
89,64,400.15,349.67,19.39,55.021,48.08,9.696,FP,,,,,,,
89,65,400.09,349.86,15.44,55.012,48.106,7.719,FP,,,,,,,
89,66,269.82,504.94,187.37,37.1,69.429,93.684,FP,,,,,,,
89,67,268.5,502.5,192.0,36.919,69.094,96.0,FP,,,,,,,
89,68,273.65,506.7,168.06,37.626,69.671,84.028,FP,,,,,,,
89,69,270.55,505.69,183.47,37.201,69.533,91.735,FP,,,,,,,
89,70,272.33,506.3,155.46,37.445,69.616,77.73,FP,,,,,,,
89,71,108.11,507.56,107.44,14.865,69.789,53.722,FP,,,,,,,
89,72,476.5,507.0,95.0,65.519,69.713,47.5,FP,,,,,,,
89,,,,,15.287,1.91,66.026,FN,1,,,,,,
89,,,,,20.6,3.405,69.0,FN,2,,,,,,
89,,,,,61.64,3.442,80.003,FN,3,,,,,,
89,,,,,59.54,17.631,29.959,FN,5,,,,,,
89,,,,,3.45,18.251,59.505,FN,6,,,,,,
89,,,,,54.496,20.43,69.401,FN,7,,,,,,
89,,,,,14.92,22.082,82.732,FN,8,,,,,,
89,,,,,34.72,21.058,83.955,FN,9,,,,,,
89,,,,,4.98,23.888,2.235,FN,10,,,,,,
89,,,,,53.181,25.401,7.267,FN,11,,,,,,
89,,,,,42.335,29.888,84.955,FN,13,,,,,,
89,,,,,20.817,31.156,66.243,FN,14,,,,,,
89,,,,,51.219,32.517,24.495,FN,15,,,,,,
89,,,,,52.703,37.854,29.286,FN,16,,,,,,
89,,,,,61.848,38.808,42.945,FN,17,,,,,,
89,,,,,55.107,48.222,31.5,FN,19,,,,,,
9,0,387.47,56.74,0.91,53.277,7.802,0.457,FP,,,,,,,
9,1,382.0,55.5,1.0,52.525,7.631,0.5,FP,,,,,,,
9,2,385.98,57.15,10.4,53.072,7.858,5.2,FP,,,,,,,
9,3,386.5,57.5,6.0,53.144,7.906,3.0,FP,,,,,,,
9,4,290.42,92.85,31.77,39.933,12.767,15.887,FP,,,,,,,
9,5,94.56,117.66,26.57,13.002,16.178,13.285,FP,,,,,,,
9,6,447.51,110.43,32.49,61.532,15.184,16.247,FP,,,,,,,
9,7,413.77,119.77,30.73,56.894,16.469,15.363,FP,,,,,,,
9,8,94.03,119.15,50.64,12.929,16.383,25.318,FP,,,,,,,
9,9,95.26,115.3,95.63,13.098,15.854,47.817,FP,,,,,,,
9,10,414.86,116.47,105.01,57.044,16.015,52.503,FP,,,,,,,
9,11,94.54,119.86,39.48,13.0,16.48,19.742,FP,,,,,,,
9,12,414.93,117.12,82.49,57.052,16.104,41.247,FP,,,,,,,
9,13,411.81,120.65,18.73,56.623,16.589,9.364,FP,,,,,,,
9,14,415.2,121.21,49.34,57.09,16.667,24.669,FP,,,,,,,
9,15,417.0,118.0,167.0,57.338,16.225,83.5,FP,,,,,,,
9,16,413.36,121.69,39.48,56.838,16.733,19.74,FP,,,,,,,
9,17,421.0,120.5,23.0,57.888,16.569,11.5,FP,,,,,,,
9,18,418.0,121.0,23.0,57.475,16.638,11.5,FP,,,,,,,
9,19,177.73,138.27,0.68,24.438,19.012,0.341,FP,,,,,,,
9,20,291.39,159.39,96.97,40.066,21.916,48.486,FP,,,,,,,
9,21,290.52,161.8,40.32,39.946,22.247,20.159,FP,,,,,,,
9,22,292.5,158.78,107.22,40.219,21.832,53.611,FP,,,,,,,
9,23,391.92,192.63,31.48,53.889,26.487,15.738,FP,,,,,,,
9,24,373.07,196.75,31.71,51.296,27.054,15.857,FP,,,,,,,
9,25,363.31,200.92,95.72,49.955,27.627,47.858,FP,,,,,,,
9,26,375.91,196.05,19.38,51.688,26.957,9.69,FP,,,,,,,
9,27,375.5,196.21,51.4,51.631,26.979,25.702,FP,,,,,,,
9,28,388.1,197.03,95.65,53.364,27.091,47.826,FP,,,,,,,
9,29,389.0,194.5,171.0,53.488,26.744,85.5,FP,,,,,,,
9,30,366.13,197.46,53.83,50.343,27.151,26.913,FP,,,,,,,
9,31,390.0,197.0,167.0,53.625,27.088,83.5,FP,,,,,,,
9,32,315.56,230.55,35.98,43.39,31.701,17.992,FP,,,,,,,
9,33,268.54,324.64,31.61,36.925,44.638,15.807,FP,,,,,,,
9,34,271.23,325.4,96.35,37.294,44.742,48.174,FP,,,,,,,
9,35,267.01,324.44,19.3,36.714,44.61,9.651,FP,,,,,,,
9,36,266.91,324.57,23.47,36.701,44.629,11.734,FP,,,,,,,
9,37,267.83,324.67,15.75,36.827,44.642,7.875,FP,,,,,,,
9,38,268.67,325.62,39.33,36.942,44.773,19.667,FP,,,,,,,
9,39,269.0,325.0,51.0,36.987,44.688,25.5,FP,,,,,,,
9,40,161.4,335.3,96.0,22.193,46.104,47.999,FP,,,,,,,
9,41,474.74,332.98,31.33,65.276,45.784,15.667,FP,,,,,,,
9,42,160.83,337.1,44.06,22.114,46.351,22.031,FP,,,,,,,
9,43,160.88,336.44,103.26,22.121,46.261,51.632,FP,,,,,,,
9,44,248.45,391.02,95.49,34.161,53.766,47.747,FP,,,,,,,
9,45,249.0,390.48,91.57,34.237,53.69,45.786,FP,,,,,,,
9,46,249.08,391.22,99.41,34.249,53.792,49.703,FP,,,,,,,
9,47,330.65,412.18,31.23,45.464,56.674,15.615,FP,,,,,,,
9,48,334.8,418.43,169.18,46.035,57.534,84.591,FP,,,,,,,
9,49,336.27,421.38,95.46,46.237,57.94,47.73,FP,,,,,,,
9,50,301.83,426.61,95.36,41.502,58.659,47.681,FP,,,,,,,
9,51,354.54,448.63,31.83,48.749,61.687,15.913,FP,,,,,,,
9,52,353.95,450.31,50.07,48.667,61.918,25.034,TP,17,0.368,4.403,4.418,-0.255,-0.266,4.403
9,53,354.56,446.05,19.34,48.752,61.333,9.67,FP,,,,,,,
9,54,355.43,450.25,95.96,48.871,61.91,47.98,FP,,,,,,,
9,55,354.96,454.43,166.88,48.807,62.485,83.439,FP,,,,,,,
9,56,355.25,449.75,103.0,48.847,61.841,51.5,FP,,,,,,,
9,57,354.89,453.58,175.0,48.798,62.367,87.5,FP,,,,,,,
9,58,204.21,474.36,31.5,28.079,65.224,15.75,FP,,,,,,,
9,59,295.8,494.49,27.16,40.673,67.993,13.579,FP,,,,,,,
9,60,296.53,489.88,48.21,40.773,67.359,24.105,FP,,,,,,,
9,61,293.12,495.75,95.7,40.305,68.165,47.848,FP,,,,,,,
9,62,296.39,488.85,39.49,40.754,67.216,19.744,FP,,,,,,,
9,63,296.37,490.43,57.35,40.75,67.435,28.675,FP,,,,,,,
9,64,291.66,490.69,11.86,40.103,67.47,5.931,TP,19,0.711,2.492,2.591,-0.674,0.227,-2.492
9,65,297.55,492.64,167.0,40.912,67.738,83.5,FP,,,,,,,
9,66,294.25,494.0,83.0,40.459,67.925,41.5,FP,,,,,,,
9,67,296.79,504.8,83.28,40.809,69.41,41.642,FP,,,,,,,
9,68,296.77,506.15,87.38,40.806,69.596,43.692,FP,,,,,,,
9,,,,,52.91,7.785,96.968,FN,0,,,,,,
9,,,,,39.973,12.656,51.962,FN,1,,,,,,
9,,,,,12.995,15.603,34.0,FN,2,,,,,,
9,,,,,61.566,14.988,88.594,FN,3,,,,,,
9,,,,,57.081,15.92,34.25,FN,4,,,,,,
9,,,,,24.215,19.064,97.017,FN,5,,,,,,
9,,,,,66.622,20.107,78.385,FN,6,,,,,,
9,,,,,39.982,22.075,66.477,FN,7,,,,,,
9,,,,,50.268,27.166,60.742,FN,8,,,,,,
9,,,,,52.925,26.884,11.982,FN,9,,,,,,
9,,,,,43.476,31.602,82.661,FN,10,,,,,,
9,,,,,18.322,32.711,8.197,FN,11,,,,,,
9,,,,,37.303,44.629,42.371,FN,12,,,,,,
9,,,,,65.354,45.868,34.787,FN,13,,,,,,
9,,,,,22.098,46.314,79.31,FN,14,,,,,,
9,,,,,34.002,54.106,11.75,FN,15,,,,,,
9,,,,,45.866,57.464,9.0,FN,16,,,,,,
9,,,,,27.949,65.132,29.969,FN,18,,,,,,
91,0,317.47,63.27,95.98,43.652,8.7,47.989,FP,,,,,,,
91,1,316.37,65.28,42.86,43.501,8.976,21.431,FP,,,,,,,
91,2,316.43,66.21,61.95,43.509,9.104,30.976,FP,,,,,,,
91,3,376.64,136.02,32.65,51.788,18.703,16.327,FP,,,,,,,
91,4,377.57,134.7,43.57,51.915,18.521,21.783,FP,,,,,,,
91,5,378.0,134.96,51.4,51.975,18.557,25.7,FP,,,,,,,
91,6,377.0,134.33,47.33,51.838,18.471,23.667,FP,,,,,,,
91,7,379.0,135.0,55.0,52.112,18.562,27.5,FP,,,,,,,
91,8,140.23,181.59,31.28,19.281,24.969,15.642,FP,,,,,,,
91,9,139.76,180.2,95.93,19.216,24.778,47.963,FP,,,,,,,
91,10,139.76,180.31,122.25,19.217,24.792,61.126,FP,,,,,,,
91,11,140.26,180.5,111.01,19.285,24.819,55.507,FP,,,,,,,
91,12,139.68,180.89,19.46,19.207,24.873,9.728,FP,,,,,,,
91,13,140.0,181.0,23.0,19.25,24.888,11.5,FP,,,,,,,
91,14,141.0,181.0,103.0,19.388,24.888,51.5,FP,,,,,,,
91,15,467.98,193.42,32.32,64.347,26.595,16.16,FP,,,,,,,
91,16,371.15,186.15,0.69,51.034,25.596,0.346,FP,,,,,,,
91,17,467.6,193.03,19.36,64.295,26.541,9.678,FP,,,,,,,
91,18,472.38,191.14,167.19,64.953,26.282,83.595,FP,,,,,,,
91,19,467.92,192.44,48.31,64.339,26.46,24.153,FP,,,,,,,
91,20,467.26,193.74,101.32,64.248,26.639,50.659,FP,,,,,,,
91,21,468.08,192.36,57.63,64.361,26.449,28.813,TP,8,0.133,1.242,1.249,-0.133,0.006,-1.242
91,22,364.94,215.85,109.48,50.18,29.679,54.739,FP,,,,,,,
91,23,367.03,221.95,31.92,50.466,30.518,15.96,FP,,,,,,,
91,24,367.59,221.0,19.31,50.543,30.388,9.656,FP,,,,,,,
91,25,365.36,216.23,83.95,50.238,29.731,41.977,FP,,,,,,,
91,26,365.0,216.0,89.0,50.188,29.7,44.5,FP,,,,,,,
91,27,363.71,222.53,39.47,50.01,30.597,19.737,FP,,,,,,,
91,28,364.28,221.46,23.28,50.088,30.451,11.639,FP,,,,,,,
91,29,364.9,223.97,49.97,50.174,30.796,24.984,FP,,,,,,,
91,30,364.11,223.7,43.5,50.065,30.759,21.75,FP,,,,,,,
91,31,364.56,221.69,59.25,50.127,30.482,29.625,TP,10,0.904,3.036,3.168,-0.121,0.896,-3.036
91,32,365.36,223.71,15.93,50.237,30.761,7.964,FP,,,,,,,
91,33,364.0,222.0,56.0,50.05,30.525,28.0,FP,,,,,,,
91,34,441.93,331.71,33.37,60.766,45.61,16.687,TP,13,0.042,3.767,3.767,0.034,0.025,3.767
91,35,439.82,332.42,101.79,60.475,45.708,50.893,FP,,,,,,,
91,36,443.87,334.0,164.88,61.032,45.925,82.439,FP,,,,,,,
91,37,442.0,331.5,123.0,60.775,45.581,61.5,FP,,,,,,,
91,38,442.88,332.56,147.5,60.895,45.727,73.75,FP,,,,,,,
91,39,444.33,333.67,179.0,61.096,45.879,89.5,FP,,,,,,,
91,40,305.16,351.78,97.23,41.959,48.369,48.613,TP,14,0.04,2.288,2.288,-0.039,-0.006,-2.288
91,41,303.57,353.3,33.47,41.741,48.579,16.733,FP,,,,,,,
91,42,314.67,347.61,167.05,43.267,47.797,83.527,FP,,,,,,,
91,43,303.6,353.12,50.57,41.745,48.554,25.284,FP,,,,,,,
91,44,23.25,351.37,31.92,3.197,48.314,15.962,FP,,,,,,,
91,45,305.46,351.28,65.08,42.001,48.301,32.542,FP,,,,,,,
91,46,304.49,353.13,19.51,41.867,48.556,9.756,FP,,,,,,,
91,47,303.84,353.41,23.39,41.778,48.594,11.693,FP,,,,,,,
91,48,305.0,353.4,15.53,41.938,48.592,7.767,FP,,,,,,,
91,49,391.52,447.79,31.09,53.834,61.572,15.546,FP,,,,,,,
91,50,391.46,448.0,19.24,53.826,61.601,9.618,FP,,,,,,,
91,51,390.07,448.15,96.05,53.634,61.62,48.025,FP,,,,,,,
91,52,389.52,447.52,43.52,53.559,61.534,21.761,TP,18,0.074,4.69,4.691,-0.024,-0.071,-4.69
91,53,389.61,447.79,52.46,53.571,61.571,26.231,FP,,,,,,,
91,54,389.98,447.56,39.46,53.623,61.54,19.728,FP,,,,,,,
91,55,390.97,448.17,23.48,53.758,61.623,11.742,FP,,,,,,,
91,56,392.82,448.14,167.36,54.013,61.62,83.679,FP,,,,,,,
91,57,389.24,448.32,107.52,53.521,61.644,53.76,FP,,,,,,,
91,58,392.89,448.33,15.89,54.022,61.646,7.944,FP,,,,,,,
91,59,393.0,449.17,171.33,54.038,61.76,85.667,FP,,,,,,,
91,60,389.0,447.5,115.0,53.488,61.531,57.5,FP,,,,,,,
91,61,393.0,447.0,165.0,54.038,61.463,82.5,FP,,,,,,,
91,62,390.0,448.5,103.0,53.625,61.669,51.5,FP,,,,,,,
91,63,239.32,471.23,27.91,32.907,64.794,13.955,TP,19,0.07,4.459,4.46,-0.07,0.007,4.459
91,64,236.96,471.59,51.81,32.581,64.843,25.903,FP,,,,,,,
91,65,241.64,473.05,95.46,33.226,65.045,47.732,FP,,,,,,,
91,66,237.31,469.81,12.0,32.63,64.599,6.0,FP,,,,,,,
91,67,238.08,473.83,167.0,32.736,65.152,83.5,FP,,,,,,,
91,68,248.86,473.0,23.43,34.218,65.037,11.714,FP,,,,,,,
91,,,,,43.559,8.862,79.87,FN,0,,,,,,
91,,,,,42.295,16.311,1.011,FN,1,,,,,,
91,,,,,51.898,18.295,54.805,FN,2,,,,,,
91,,,,,1.526,19.183,93.297,FN,3,,,,,,
91,,,,,69.219,19.3,57.217,FN,4,,,,,,
91,,,,,14.879,23.302,77.256,FN,5,,,,,,
91,,,,,19.332,24.729,28.539,FN,6,,,,,,
91,,,,,50.901,25.666,97.008,FN,7,,,,,,
91,,,,,0.241,27.91,69.82,FN,9,,,,,,
91,,,,,49.968,32.591,56.195,FN,11,,,,,,
91,,,,,11.813,36.523,86.571,FN,12,,,,,,
91,,,,,2.954,48.436,5.136,FN,15,,,,,,
91,,,,,40.727,49.562,2.914,FN,16,,,,,,
91,,,,,69.137,57.525,30.681,FN,17,,,,,,
97,0,167.86,13.19,31.35,23.081,1.814,15.676,FP,,,,,,,
97,1,168.27,11.98,18.44,23.137,1.647,9.219,FP,,,,,,,
97,2,167.99,11.07,23.39,23.099,1.523,11.697,FP,,,,,,,
97,3,167.59,12.96,51.4,23.044,1.783,25.701,TP,1,0.252,4.478,4.485,-0.127,0.218,-4.478
97,4,166.91,10.04,95.43,22.951,1.381,47.717,FP,,,,,,,
97,5,168.0,10.0,44.0,23.1,1.375,22.0,FP,,,,,,,
97,6,168.12,12.24,47.52,23.116,1.683,23.76,FP,,,,,,,
97,7,164.44,21.93,95.98,22.611,3.015,47.991,FP,,,,,,,
97,8,168.0,17.5,59.0,23.1,2.406,29.5,FP,,,,,,,
97,9,95.51,68.81,95.74,13.132,9.462,47.868,FP,,,,,,,
97,10,96.33,69.75,30.98,13.245,9.59,15.491,FP,,,,,,,
97,11,430.0,111.83,32.9,59.125,15.377,16.451,FP,,,,,,,
97,12,428.46,114.6,92.65,58.913,15.758,46.323,TP,4,0.028,3.197,3.198,0.005,0.027,-3.197
97,13,427.8,116.78,50.76,58.823,16.057,25.382,FP,,,,,,,
97,14,427.45,114.84,64.99,58.774,15.79,32.494,FP,,,,,,,
97,15,429.67,115.98,107.48,59.079,15.947,53.742,FP,,,,,,,
97,16,431.08,115.75,103.25,59.274,15.916,51.625,FP,,,,,,,
97,17,23.58,123.09,95.48,3.242,16.925,47.742,FP,,,,,,,
97,18,334.95,123.29,96.79,46.055,16.953,48.394,FP,,,,,,,
97,19,334.38,123.43,107.5,45.977,16.971,53.75,FP,,,,,,,
97,20,334.5,123.5,103.0,45.994,16.981,51.5,FP,,,,,,,
97,21,22.69,131.42,47.06,3.12,18.07,23.531,FP,,,,,,,
97,22,23.19,131.69,30.65,3.189,18.108,15.327,FP,,,,,,,
97,23,339.66,132.05,95.1,46.704,18.156,47.552,FP,,,,,,,
97,24,340.15,135.35,43.38,46.77,18.61,21.692,FP,,,,,,,
97,25,235.77,173.01,40.36,32.418,23.789,20.181,FP,,,,,,,
97,26,237.08,172.53,19.13,32.599,23.723,9.564,TP,7,0.405,0.141,0.429,0.395,-0.089,-0.141
97,27,233.68,173.82,95.89,32.131,23.9,47.944,FP,,,,,,,
97,28,234.92,172.94,167.58,32.302,23.78,83.788,FP,,,,,,,
97,29,236.88,172.56,175.12,32.57,23.727,87.562,FP,,,,,,,
97,30,236.9,172.4,179.1,32.574,23.705,89.55,FP,,,,,,,
97,31,235.54,173.23,159.77,32.387,23.819,79.885,FP,,,,,,,
97,32,236.5,173.0,162.0,32.519,23.788,81.0,FP,,,,,,,
97,33,348.51,196.05,167.44,47.92,26.957,83.721,FP,,,,,,,
97,34,348.93,197.48,27.75,47.978,27.154,13.877,TP,8,0.352,1.623,1.66,-0.055,-0.348,-1.623
97,35,349.0,196.9,159.48,47.987,27.074,79.738,FP,,,,,,,
97,36,350.49,199.51,95.07,48.193,27.433,47.537,FP,,,,,,,
97,37,331.34,215.83,95.01,45.559,29.676,47.506,FP,,,,,,,
97,38,345.93,262.37,31.71,47.565,36.075,15.857,FP,,,,,,,
97,39,294.98,312.53,31.68,40.56,42.972,15.838,FP,,,,,,,
97,40,13.94,333.77,96.77,1.917,45.893,48.387,FP,,,,,,,
97,41,14.7,332.13,31.83,2.021,45.667,15.913,FP,,,,,,,
97,42,505.07,328.67,167.0,69.447,45.192,83.5,FP,,,,,,,
97,43,13.5,331.02,51.35,1.856,45.515,25.675,FP,,,,,,,
97,44,12.0,331.64,43.5,1.65,45.601,21.748,FP,,,,,,,
97,45,11.72,332.41,19.47,1.611,45.707,9.734,FP,,,,,,,
97,46,15.14,331.02,59.12,2.082,45.516,29.558,FP,,,,,,,
97,47,13.24,331.86,47.5,1.821,45.631,23.75,FP,,,,,,,
97,48,13.56,332.62,39.48,1.865,45.736,19.741,FP,,,,,,,
97,49,12.0,333.0,23.15,1.65,45.788,11.575,FP,,,,,,,
97,50,11.48,335.42,107.49,1.579,46.12,53.745,FP,,,,,,,
97,51,12.0,333.0,16.0,1.65,45.788,8.0,FP,,,,,,,
97,52,341.3,354.85,32.5,46.929,48.792,16.251,FP,,,,,,,
97,53,341.92,354.89,95.39,47.014,48.797,47.693,TP,14,0.096,2.633,2.635,0.038,0.088,-2.633
97,54,341.95,354.25,64.95,47.019,48.709,32.477,FP,,,,,,,
97,55,341.34,354.51,53.12,46.934,48.745,26.561,FP,,,,,,,
97,56,341.88,353.41,119.0,47.009,48.594,59.5,FP,,,,,,,
97,57,340.73,355.35,43.5,46.85,48.86,21.75,FP,,,,,,,
97,58,340.57,354.43,47.43,46.829,48.734,23.714,FP,,,,,,,
97,59,36.83,379.33,95.17,5.065,52.158,47.583,TP,15,0.68,2.167,2.271,-0.183,-0.654,2.167
97,60,38.62,387.52,94.98,5.31,53.284,47.491,FP,,,,,,,
97,61,38.29,390.16,31.59,5.265,53.648,15.797,FP,,,,,,,
97,62,39.0,389.75,51.0,5.363,53.591,25.5,FP,,,,,,,
97,63,440.42,414.31,96.94,60.558,56.967,48.47,FP,,,,,,,
97,64,441.55,415.21,40.05,60.713,57.092,20.026,FP,,,,,,,
97,65,181.57,477.92,94.82,24.966,65.714,47.409,FP,,,,,,,
97,66,181.46,476.06,32.08,24.951,65.459,16.04,FP,,,,,,,
97,67,181.36,475.19,51.6,24.937,65.338,25.8,FP,,,,,,,
97,68,180.83,474.58,55.25,24.865,65.255,27.625,FP,,,,,,,
97,69,180.71,477.07,107.43,24.848,65.597,53.714,TP,19,0.163,0.976,0.989,-0.16,0.032,0.976
97,70,181.55,477.64,75.45,24.963,65.675,37.727,FP,,,,,,,
97,71,163.81,506.56,167.98,22.523,69.652,83.991,FP,,,,,,,
97,72,175.53,507.03,95.5,24.135,69.716,47.75,FP,,,,,,,
97,73,164.12,506.97,159.62,22.567,69.708,79.812,FP,,,,,,,
97,,,,,61.565,0.778,1.313,FN,0,,,,,,
97,,,,,13.317,9.496,68.713,FN,2,,,,,,
97,,,,,59.485,14.342,67.479,FN,3,,,,,,
97,,,,,3.176,17.951,73.398,FN,5,,,,,,
97,,,,,46.832,18.598,69.853,FN,6,,,,,,
97,,,,,47.699,35.904,50.136,FN,9,,,,,,
97,,,,,40.674,42.841,69.753,FN,10,,,,,,
97,,,,,4.328,44.913,40.5,FN,11,,,,,,
97,,,,,1.376,46.121,40.799,FN,12,,,,,,
97,,,,,40.863,47.593,88.335,FN,13,,,,,,
97,,,,,55.435,53.637,94.717,FN,16,,,,,,
97,,,,,60.027,56.709,57.5,FN,17,,,,,,
97,,,,,60.999,57.042,64.45,FN,18,,,,,,
