vol_idx,pred_id,x_px,y_px,z_plane,x_um,y_um,z_um,status,gt_id,err_xy_um,err_z_um,err_um,dx_um,dy_um,dz_um
103,0,495.0,12.1,7.59,68.062,1.664,3.795,TP,0,0.613,0.083,0.619,-0.288,-0.541,0.083
103,1,98.79,13.1,2.04,13.584,1.802,1.022,TP,1,0.019,0.04,0.044,0.015,0.012,0.04
103,2,500.01,20.93,2.88,68.752,2.878,1.438,TP,2,0.004,0.182,0.182,-0.003,-0.003,0.182
103,3,228.67,35.52,3.1,31.442,4.884,1.548,TP,3,0.072,0.021,0.075,-0.031,-0.065,0.021
103,4,57.18,33.39,3.07,7.862,4.591,1.537,TP,4,0.044,0.018,0.047,-0.0,0.044,0.018
103,5,59.05,47.53,5.72,8.12,6.535,2.859,TP,6,0.107,0.274,0.294,-0.078,-0.074,0.274
103,6,375.14,51.27,4.06,51.582,7.05,2.03,TP,5,0.032,0.017,0.036,-0.018,-0.027,0.017
103,7,414.0,83.01,5.39,56.925,11.414,2.693,TP,7,0.044,0.002,0.044,-0.036,-0.026,0.002
103,8,482.26,92.35,3.27,66.31,12.699,1.634,TP,8,0.015,0.096,0.097,-0.015,0.002,-0.096
103,9,34.0,106.88,1.0,4.675,14.697,0.5,TP,9,0.019,0.0,0.019,-0.011,-0.016,0.0
103,10,281.88,138.72,5.67,38.758,19.074,2.837,TP,10,0.072,0.051,0.088,-0.052,-0.049,0.051
103,11,104.92,151.6,3.59,14.426,20.844,1.796,TP,11,0.074,0.017,0.076,0.072,0.017,-0.017
103,12,353.15,164.6,1.96,48.558,22.633,0.98,TP,12,0.003,0.007,0.008,0.002,0.002,-0.007
103,13,210.73,175.53,2.15,28.975,24.135,1.075,TP,14,0.017,0.004,0.018,0.014,0.01,0.004
103,14,258.96,189.0,6.73,35.607,25.988,3.365,TP,15,0.856,0.572,1.029,0.625,0.585,-0.572
103,15,266.0,191.5,9.0,36.575,26.331,4.5,FP,,,,,,,
103,16,240.37,205.44,2.9,33.051,28.249,1.45,TP,16,0.048,0.03,0.057,-0.042,-0.024,0.03
103,17,285.78,202.3,1.99,39.294,27.817,0.993,TP,17,0.022,0.014,0.026,0.002,0.022,-0.014
103,18,456.5,202.0,9.0,62.769,27.775,4.5,TP,19,1.139,1.729,2.07,-0.342,-1.086,1.729
103,19,138.23,205.89,3.33,19.007,28.31,1.666,TP,18,0.012,0.006,0.013,-0.011,-0.002,-0.006
103,20,458.74,209.38,5.71,63.077,28.789,2.854,FP,,,,,,,
103,21,307.0,210.0,9.0,42.213,28.875,4.5,TP,20,0.832,0.592,1.021,-0.696,-0.457,0.592
103,22,313.78,213.97,6.93,43.145,29.421,3.464,FP,,,,,,,
103,23,355.52,233.13,2.53,48.884,32.056,1.267,TP,21,0.02,0.028,0.034,0.009,0.018,-0.028
103,24,302.13,237.23,3.66,41.543,32.619,1.832,TP,22,0.012,0.104,0.104,0.012,-0.003,-0.104
103,25,205.96,258.23,1.99,28.32,35.507,0.996,TP,23,0.013,0.008,0.015,-0.013,-0.002,-0.008
103,26,257.6,275.67,6.49,35.42,37.904,3.246,TP,24,0.028,0.006,0.029,0.003,-0.028,-0.006
103,27,13.89,277.43,1.0,1.909,38.147,0.5,TP,25,0.012,0.011,0.017,-0.012,0.0,-0.011
103,28,146.34,286.79,3.63,20.121,39.433,1.817,TP,26,0.016,0.01,0.019,-0.013,-0.009,-0.01
103,29,93.43,286.5,8.65,12.847,39.394,4.326,TP,27,0.846,3.082,3.196,-0.739,-0.413,3.082
103,30,100.88,290.01,4.23,13.871,39.876,2.115,TP,28,0.235,0.988,1.015,-0.235,-0.003,-0.988
103,31,232.67,309.22,4.13,31.992,42.518,2.063,TP,29,0.112,0.03,0.116,-0.105,-0.04,0.03
103,32,178.07,324.59,1.0,24.485,44.631,0.5,TP,30,0.027,0.0,0.027,-0.017,0.021,0.0
103,33,153.37,331.11,5.1,21.088,45.528,2.552,TP,31,0.072,0.004,0.072,-0.04,-0.06,-0.004
103,34,207.57,335.65,6.44,28.541,46.152,3.221,TP,32,0.015,0.088,0.09,-0.0,-0.015,0.088
103,35,240.89,339.55,4.4,33.123,46.688,2.202,TP,33,0.017,0.037,0.041,0.016,-0.004,-0.037
103,36,313.42,350.9,8.21,43.096,48.248,4.106,TP,34,0.059,0.231,0.238,0.034,0.048,0.231
103,37,95.24,369.61,7.34,13.095,50.821,3.669,TP,35,0.254,0.151,0.295,-0.253,-0.014,0.151
103,38,276.15,397.0,7.67,37.971,54.588,3.837,TP,36,0.029,0.08,0.085,-0.011,-0.026,0.08
103,39,461.62,403.78,7.86,63.473,55.519,3.928,TP,37,0.082,0.066,0.106,0.028,0.077,0.066
103,40,490.11,409.88,1.84,67.39,56.358,0.922,TP,38,0.038,0.008,0.039,-0.012,-0.036,-0.008
103,41,48.71,426.72,6.88,6.698,58.674,3.442,TP,39,0.212,0.153,0.261,-0.092,-0.191,0.153
103,42,25.46,427.1,6.56,3.501,58.727,3.281,TP,40,0.234,0.151,0.278,-0.206,-0.11,0.151
103,43,145.44,428.26,5.85,19.998,58.886,2.924,TP,41,0.017,0.031,0.035,-0.003,0.016,-0.031
103,44,437.73,433.95,1.45,60.187,59.668,0.725,TP,42,0.021,0.014,0.026,-0.016,-0.014,0.014
103,45,203.66,451.56,1.87,28.004,62.089,0.935,TP,43,0.047,0.028,0.054,-0.043,-0.019,0.028
103,46,113.11,454.01,2.49,15.552,62.426,1.245,TP,44,0.015,0.027,0.031,-0.012,0.01,-0.027
103,47,230.15,482.76,3.68,31.646,66.38,1.842,TP,45,0.036,0.145,0.149,0.013,0.034,-0.145
103,48,78.21,496.92,2.17,10.753,68.327,1.083,TP,46,0.155,0.149,0.215,0.119,0.1,-0.149
103,49,445.19,497.03,1.48,61.214,68.342,0.742,TP,47,0.014,0.016,0.021,0.004,-0.013,0.016
103,50,109.31,503.4,2.92,15.029,69.217,1.462,TP,48,0.02,0.033,0.039,0.016,0.012,-0.033
103,,,,,41.213,23.709,4.5,FN,13,,,,,,
104,0,232.29,4.16,5.01,31.94,0.572,2.504,TP,0,0.008,0.238,0.238,0.007,-0.002,-0.238
104,1,9.01,7.98,6.05,1.239,1.097,3.027,TP,1,0.071,0.027,0.076,0.066,0.025,0.027
104,2,490.49,26.61,7.43,67.443,3.659,3.717,TP,3,0.362,0.242,0.436,-0.071,-0.356,0.242
104,3,341.65,21.64,4.4,46.976,2.975,2.199,TP,2,0.008,0.007,0.011,-0.005,-0.006,-0.007
104,4,289.6,33.68,8.21,39.82,4.63,4.103,TP,4,0.445,0.029,0.446,0.073,0.439,-0.029
104,5,361.69,46.95,5.83,49.732,6.456,2.914,TP,5,0.032,0.03,0.044,0.018,0.026,-0.03
104,6,438.12,74.64,5.31,60.242,10.262,2.656,TP,6,0.09,0.073,0.116,-0.065,-0.063,0.073
104,7,390.59,75.19,2.45,53.707,10.338,1.226,TP,7,0.068,0.01,0.069,-0.066,-0.016,-0.01
104,8,141.13,83.33,2.07,19.406,11.458,1.033,TP,8,0.011,0.048,0.049,-0.006,-0.009,-0.048
104,9,448.92,109.11,7.12,61.727,15.002,3.558,TP,9,0.021,0.085,0.088,0.018,-0.011,0.085
104,10,248.5,132.55,1.0,34.169,18.226,0.5,TP,10,0.058,0.0,0.058,0.028,0.051,0.0
104,11,127.93,139.91,2.71,17.591,19.237,1.356,TP,12,0.012,0.113,0.114,-0.012,0.002,-0.113
104,12,495.44,142.82,3.68,68.123,19.637,1.842,TP,11,0.069,0.056,0.089,-0.054,-0.043,0.056
104,13,45.98,175.64,2.91,6.322,24.15,1.456,TP,13,0.105,0.143,0.177,0.016,0.103,-0.143
104,14,72.78,172.11,7.26,10.007,23.665,3.63,TP,14,0.038,0.005,0.038,-0.027,0.026,-0.005
104,15,120.56,172.85,1.34,16.577,23.767,0.671,TP,15,0.009,0.079,0.08,-0.004,-0.008,-0.079
104,16,7.59,186.66,5.81,1.043,25.666,2.905,TP,16,0.151,0.072,0.168,0.039,0.146,-0.072
104,17,357.55,186.24,1.99,49.162,25.608,0.997,TP,17,0.071,0.01,0.072,-0.032,-0.063,0.01
104,18,324.5,179.35,7.87,44.619,24.661,3.933,TP,18,0.08,0.046,0.092,0.077,0.02,0.046
104,19,333.67,181.11,9.0,45.879,24.903,4.5,FP,,,,,,,
104,20,292.52,186.97,1.37,40.221,25.708,0.685,TP,19,0.021,0.061,0.064,-0.019,0.008,-0.061
104,21,95.22,195.4,8.33,13.093,26.867,4.167,TP,20,0.117,0.167,0.204,-0.11,-0.041,0.167
104,22,135.11,200.77,4.76,18.578,27.606,2.382,TP,21,0.075,0.066,0.1,-0.074,-0.011,0.066
104,23,113.83,202.17,9.0,15.652,27.798,4.5,FP,,,,,,,
104,24,20.06,216.29,4.25,2.759,29.74,2.126,TP,22,0.007,0.032,0.033,0.001,0.007,-0.032
104,25,477.07,246.69,2.87,65.597,33.92,1.433,TP,23,0.01,0.015,0.018,0.005,-0.009,-0.015
104,26,348.95,257.69,5.72,47.981,35.432,2.859,TP,24,0.139,0.386,0.411,0.105,0.091,-0.386
104,27,406.75,269.81,1.4,55.929,37.099,0.698,TP,25,0.036,0.012,0.038,0.035,0.005,-0.012
104,28,231.22,300.75,4.18,31.793,41.353,2.088,TP,26,0.052,0.037,0.063,0.041,0.031,-0.037
104,29,331.92,305.86,6.59,45.64,42.055,3.297,TP,27,0.051,0.077,0.093,-0.014,-0.05,0.077
104,30,365.8,310.72,7.12,50.298,42.724,3.56,TP,28,0.131,0.332,0.357,-0.119,-0.055,0.332
104,31,451.58,310.98,7.51,62.092,42.76,3.754,TP,29,0.071,0.028,0.076,-0.045,0.055,0.028
104,32,388.71,322.88,5.43,53.448,44.397,2.716,TP,31,0.026,0.04,0.047,0.026,-0.0,-0.04
104,33,15.21,319.36,1.0,2.092,43.912,0.5,TP,30,0.057,0.0,0.057,0.029,0.049,0.0
104,34,442.0,335.23,1.22,60.775,46.094,0.611,TP,32,0.03,0.035,0.046,-0.024,0.017,-0.035
104,35,144.74,381.77,4.37,19.902,52.493,2.184,TP,33,0.03,0.13,0.134,-0.027,-0.013,0.13
104,36,101.8,387.88,1.0,13.998,53.333,0.5,TP,34,0.007,0.049,0.049,-0.007,0.003,-0.049
104,37,330.11,403.34,2.92,45.391,55.459,1.462,TP,35,0.008,0.018,0.02,-0.008,0.001,-0.018
104,38,245.5,417.16,2.47,33.756,57.359,1.237,TP,36,0.022,0.002,0.022,-0.005,0.022,-0.002
104,39,62.46,433.43,8.08,8.588,59.597,4.042,TP,37,0.082,0.193,0.21,-0.058,-0.057,0.193
104,40,130.01,430.78,5.07,17.876,59.232,2.535,TP,38,0.028,0.009,0.03,-0.023,-0.017,0.009
104,41,223.38,438.83,6.17,30.715,60.339,3.086,TP,39,0.133,0.343,0.368,-0.13,-0.029,0.343
104,42,142.54,452.08,5.15,19.6,62.161,2.576,TP,40,0.165,0.115,0.202,0.067,0.151,-0.115
104,43,127.97,450.18,5.95,17.595,61.9,2.973,TP,42,0.046,0.135,0.142,0.011,0.044,-0.135
104,44,358.94,448.94,2.35,49.354,61.729,1.173,TP,41,0.009,0.009,0.013,0.002,-0.009,-0.009
104,45,196.45,467.77,5.27,27.012,64.318,2.633,TP,43,0.138,0.162,0.213,-0.119,-0.069,0.162
104,46,158.98,481.67,3.41,21.86,66.229,1.704,TP,44,0.036,0.002,0.036,0.007,-0.035,-0.002
104,47,208.39,486.49,8.11,28.654,66.892,4.057,TP,45,0.137,0.117,0.18,0.132,0.037,0.117
104,48,231.5,511.0,9.0,31.831,70.263,4.5,FP,,,,,,,
105,0,369.51,7.64,5.98,50.808,1.05,2.988,TP,0,0.098,0.068,0.119,-0.062,-0.076,0.068
105,1,137.7,18.43,7.47,18.934,2.535,3.737,TP,1,0.047,0.237,0.242,-0.038,-0.028,0.237
105,2,252.64,33.67,5.66,34.738,4.629,2.829,TP,3,0.07,0.133,0.15,-0.07,0.006,0.133
105,3,486.29,44.59,6.24,66.864,6.132,3.12,TP,4,0.103,0.362,0.376,-0.068,-0.077,0.362
105,4,10.05,71.7,5.86,1.383,9.859,2.929,TP,5,0.067,0.023,0.071,0.057,0.036,-0.023
105,5,399.43,86.9,6.93,54.922,11.949,3.465,TP,6,0.248,0.134,0.282,-0.232,-0.088,0.134
105,6,162.22,97.46,1.54,22.305,13.401,0.768,TP,7,0.036,0.052,0.064,-0.033,0.014,-0.052
105,7,327.23,108.41,3.49,44.994,14.906,1.744,TP,8,0.005,0.049,0.049,-0.002,0.005,-0.049
105,8,197.03,113.93,6.55,27.091,15.665,3.276,TP,9,0.156,0.293,0.332,-0.041,-0.15,0.293
105,9,270.57,171.38,5.18,37.204,23.564,2.589,TP,10,0.051,0.035,0.062,-0.032,-0.04,0.035
105,10,314.47,184.6,1.0,43.24,25.383,0.5,TP,11,0.066,0.0,0.066,0.036,-0.055,0.0
105,11,330.57,186.08,6.63,45.453,25.586,3.315,TP,13,0.311,0.24,0.393,0.309,0.035,-0.24
105,12,320.01,191.45,6.26,44.001,26.324,3.129,TP,12,0.283,0.173,0.332,0.184,0.215,-0.173
105,13,159.19,194.38,1.38,21.889,26.728,0.691,TP,14,0.04,0.017,0.044,-0.006,0.04,0.017
105,14,450.7,203.88,1.88,61.971,28.033,0.939,TP,15,0.033,0.121,0.126,-0.032,0.011,0.121
105,15,125.98,215.55,7.42,17.322,29.638,3.711,TP,16,0.129,0.103,0.165,0.063,0.113,-0.103
105,16,242.63,221.15,2.95,33.362,30.408,1.476,TP,17,0.017,0.057,0.06,0.015,0.008,-0.057
105,17,4.19,226.87,7.62,0.576,31.194,3.809,TP,18,0.099,0.008,0.099,0.046,0.088,-0.008
105,18,94.3,239.04,6.83,12.966,32.868,3.416,TP,19,0.01,0.183,0.183,-0.006,-0.008,0.183
105,19,145.94,251.78,2.18,20.067,34.619,1.089,TP,20,0.011,0.069,0.069,-0.009,0.005,0.069
105,20,108.42,259.73,7.06,14.908,35.713,3.529,TP,21,0.157,0.239,0.286,0.06,0.145,-0.239
105,21,409.69,262.44,5.31,56.333,36.086,2.654,TP,22,0.073,0.046,0.087,-0.016,-0.072,0.046
105,22,31.59,273.63,4.05,4.343,37.624,2.024,TP,23,0.053,0.132,0.143,-0.025,-0.047,0.132
105,23,171.8,299.63,3.36,23.623,41.2,1.68,TP,24,0.017,0.089,0.091,-0.003,0.017,-0.089
105,24,96.31,307.11,3.66,13.243,42.228,1.831,TP,25,0.028,0.13,0.133,-0.0,0.028,-0.13
105,25,142.25,305.77,3.31,19.559,42.044,1.653,TP,26,0.021,0.015,0.026,-0.02,-0.007,0.015
105,26,444.84,317.71,6.12,61.165,43.685,3.061,TP,29,0.088,0.159,0.182,-0.026,-0.084,0.159
105,27,293.38,321.46,2.12,40.339,44.2,1.06,TP,28,0.005,0.012,0.013,0.002,0.004,-0.012
105,28,31.89,319.74,8.52,4.385,43.964,4.261,TP,27,0.554,0.014,0.554,0.353,0.427,0.014
105,29,134.64,330.81,1.0,18.513,45.486,0.5,TP,30,0.036,0.0,0.036,-0.035,0.004,0.0
105,30,47.0,331.0,9.0,6.463,45.513,4.5,FP,,,,,,,
105,31,322.92,356.92,1.16,44.402,49.077,0.58,TP,31,0.014,0.003,0.015,0.01,0.01,0.003
105,32,495.74,390.24,7.66,68.164,53.658,3.83,TP,32,0.032,0.013,0.035,0.031,-0.01,-0.013
105,33,79.86,397.33,1.53,10.981,54.632,0.767,TP,34,0.026,0.058,0.064,0.013,0.022,-0.058
105,34,4.12,400.81,3.94,0.567,55.112,1.969,TP,33,0.157,0.431,0.459,0.059,0.146,-0.431
105,35,422.96,402.22,2.38,58.158,55.305,1.189,TP,35,0.041,0.039,0.056,-0.041,0.003,0.039
105,36,159.39,406.47,6.5,21.917,55.889,3.248,TP,36,0.025,0.0,0.025,-0.004,0.025,0.0
105,37,204.44,427.6,7.8,28.111,58.796,3.901,TP,37,0.058,0.062,0.085,0.0,0.058,0.062
105,38,324.21,445.02,6.16,44.58,61.191,3.08,TP,38,0.013,0.074,0.075,0.009,-0.009,-0.074
105,39,428.87,447.96,6.62,58.969,61.595,3.309,TP,40,0.008,0.037,0.038,-0.001,0.008,0.037
105,40,506.28,451.27,8.34,69.614,62.05,4.168,TP,39,0.601,0.039,0.602,0.047,0.599,-0.039
105,41,403.95,454.43,1.0,55.543,62.484,0.5,TP,42,0.066,0.0,0.066,0.005,-0.066,0.0
105,42,222.19,459.76,1.0,30.551,63.217,0.5,TP,41,0.03,0.0,0.03,0.024,0.018,0.0
105,43,101.34,473.84,1.69,13.935,65.153,0.843,TP,43,0.038,0.014,0.041,0.003,-0.038,-0.014
105,44,406.85,469.88,1.46,55.941,64.609,0.731,TP,44,0.033,0.008,0.034,-0.009,0.032,-0.008
105,45,260.48,473.04,7.0,35.816,65.043,3.5,TP,45,0.008,0.025,0.026,0.007,-0.003,-0.025
105,46,417.12,492.1,8.15,57.355,67.663,4.074,TP,46,0.262,0.176,0.316,0.168,0.202,0.176
105,47,321.53,499.4,1.99,44.211,68.667,0.995,TP,48,0.035,0.016,0.039,0.034,0.01,-0.016
105,48,158.7,503.91,6.88,21.821,69.288,3.442,TP,47,0.091,0.083,0.123,0.052,0.075,-0.083
105,49,191.85,499.56,1.97,26.379,68.689,0.986,TP,49,0.004,0.022,0.023,-0.0,0.004,-0.022
105,50,365.5,511.0,9.0,50.256,70.263,4.5,FP,,,,,,,
105,,,,,67.82,5.46,4.07,FN,2,,,,,,
118,0,198.16,12.3,2.48,27.247,1.691,1.24,TP,0,0.027,0.07,0.075,-0.027,0.0,0.07
118,1,96.98,23.25,6.55,13.334,3.197,3.274,TP,1,0.219,0.423,0.476,-0.061,-0.211,0.423
118,2,207.75,60.68,2.11,28.565,8.344,1.057,TP,2,0.009,0.057,0.058,-0.005,0.007,0.057
118,3,428.68,76.73,8.24,58.944,10.55,4.118,TP,3,0.493,0.087,0.501,0.014,0.493,-0.087
118,4,481.25,86.9,2.0,66.172,11.948,1.0,TP,5,0.059,0.062,0.085,-0.058,-0.011,0.062
118,5,211.62,87.62,8.0,29.097,12.047,4.0,FP,,,,,,,
118,6,192.21,109.45,1.0,26.429,15.05,0.5,TP,6,0.049,0.0,0.049,0.01,0.048,0.0
118,7,6.84,113.78,2.38,0.94,15.645,1.19,TP,7,0.014,0.077,0.078,-0.005,0.013,0.077
118,8,473.96,110.71,2.17,65.17,15.223,1.084,TP,8,0.015,0.067,0.068,-0.015,0.001,0.067
118,9,272.17,127.98,1.0,37.423,17.597,0.5,TP,9,0.051,0.0,0.051,-0.003,0.051,0.0
118,10,122.91,143.88,1.59,16.901,19.783,0.796,TP,10,0.041,0.058,0.071,-0.039,-0.013,0.058
118,11,430.31,144.9,1.0,59.168,19.924,0.5,TP,11,0.032,0.0,0.032,0.01,0.031,0.0
118,12,256.42,147.1,7.52,35.257,20.226,3.761,TP,12,0.109,0.03,0.114,0.108,0.017,-0.03
118,13,186.76,158.35,2.13,25.68,21.773,1.063,TP,13,0.007,0.047,0.047,-0.001,0.007,0.047
118,14,502.76,166.43,3.0,69.129,22.884,1.5,TP,14,0.127,0.007,0.127,-0.103,-0.075,0.007
118,15,502.3,161.8,7.0,69.066,22.248,3.5,FP,,,,,,,
118,16,503.89,164.22,6.0,69.285,22.581,3.0,FP,,,,,,,
118,17,0.0,172.0,5.0,0.0,23.65,2.5,FP,,,,,,,
118,18,156.96,174.88,7.47,21.582,24.047,3.736,TP,15,0.006,0.057,0.057,0.004,0.004,0.057
118,19,166.91,185.19,2.15,22.95,25.464,1.076,TP,16,0.068,0.082,0.107,-0.068,-0.009,0.082
118,20,332.56,194.73,4.62,45.727,26.776,2.311,TP,17,0.104,0.03,0.108,0.006,0.104,-0.03
118,21,228.12,200.01,1.47,31.367,27.502,0.736,TP,18,0.033,0.006,0.034,0.025,0.022,-0.006
118,22,303.61,208.16,5.69,41.747,28.622,2.846,TP,19,0.274,0.277,0.39,-0.074,-0.264,0.277
118,23,379.48,217.95,7.85,52.179,29.968,3.927,TP,22,0.099,0.151,0.18,-0.075,-0.065,0.151
118,24,504.23,216.01,1.79,69.332,29.701,0.897,TP,20,0.025,0.171,0.173,0.013,0.022,0.171
118,25,353.34,221.23,6.29,48.584,30.418,3.146,TP,21,0.081,0.079,0.114,-0.044,-0.068,0.079
118,26,69.64,227.73,6.19,9.576,31.313,3.094,TP,23,0.027,0.008,0.028,0.024,0.012,-0.008
118,27,454.39,235.54,3.09,62.479,32.387,1.546,TP,24,0.005,0.001,0.005,-0.003,-0.004,-0.001
118,28,96.13,247.46,4.94,13.218,34.026,2.47,TP,25,0.048,0.034,0.059,0.039,0.029,-0.034
118,29,496.76,247.27,4.57,68.305,33.999,2.285,TP,26,0.023,0.048,0.053,-0.003,-0.022,0.048
118,30,34.62,275.97,6.54,4.76,37.946,3.271,TP,27,0.117,0.087,0.146,-0.056,-0.103,0.087
118,31,254.2,287.79,2.4,34.953,39.571,1.199,TP,28,0.042,0.032,0.053,0.041,0.011,-0.032
118,32,164.05,308.94,2.19,22.557,42.479,1.094,TP,29,0.012,0.087,0.088,0.009,0.008,0.087
118,33,268.18,335.63,8.0,36.875,46.149,3.998,TP,30,0.586,0.242,0.634,0.455,0.369,0.242
118,34,273.51,350.26,2.63,37.607,48.161,1.314,TP,31,0.123,0.095,0.155,-0.108,-0.059,0.095
118,35,239.41,355.19,1.02,32.918,48.838,0.511,TP,32,0.03,0.002,0.03,0.03,-0.003,0.002
118,36,261.02,356.64,5.49,35.89,49.038,2.747,TP,33,0.073,0.053,0.091,0.027,0.068,-0.053
118,37,479.54,376.1,3.06,65.936,51.714,1.532,TP,34,0.03,0.046,0.055,0.015,-0.026,0.046
118,38,465.05,377.89,1.99,63.945,51.96,0.993,TP,35,0.062,0.016,0.064,-0.061,0.004,0.016
118,39,451.52,392.32,6.32,62.084,53.944,3.161,TP,36,0.193,0.099,0.217,0.039,0.189,-0.099
118,40,403.46,403.28,1.8,55.476,55.452,0.899,TP,37,0.038,0.02,0.043,-0.037,0.01,0.02
118,41,154.93,444.2,2.45,21.303,61.078,1.224,TP,38,0.026,0.02,0.032,-0.002,0.026,-0.02
118,42,395.45,446.54,4.0,54.375,61.399,2.0,TP,39,0.047,0.0,0.047,-0.042,-0.022,0.0
118,43,324.51,451.1,2.03,44.62,62.026,1.014,TP,40,0.009,0.006,0.011,0.001,0.009,0.006
118,44,187.67,471.19,2.03,25.805,64.789,1.017,TP,41,0.008,0.027,0.028,-0.003,0.008,0.027
118,45,482.78,472.98,2.44,66.382,65.035,1.222,TP,42,0.011,0.004,0.011,-0.009,0.006,-0.004
118,46,306.12,482.47,6.52,42.092,66.34,3.259,TP,43,0.168,0.124,0.209,-0.053,-0.159,0.124
118,47,223.2,503.64,6.66,30.691,69.251,3.328,TP,44,0.051,0.115,0.125,-0.012,-0.049,-0.115
118,48,344.31,505.78,2.36,47.342,69.545,1.182,TP,45,0.03,0.008,0.031,-0.002,0.03,0.008
118,,,,,28.142,10.868,4.448,FN,4,,,,,,
119,0,46.88,5.63,5.87,6.446,0.775,2.936,TP,0,0.059,0.038,0.07,-0.023,0.054,-0.038
119,1,131.76,8.55,3.21,18.117,1.176,1.605,TP,1,0.06,0.104,0.12,0.03,0.052,-0.104
119,2,19.85,14.66,7.86,2.729,2.016,3.931,TP,3,0.078,0.177,0.194,-0.078,-0.004,0.177
119,3,208.19,13.96,7.21,28.626,1.92,3.603,TP,2,0.058,0.07,0.091,-0.057,-0.011,0.07
119,4,4.0,17.0,9.0,0.55,2.338,4.5,FP,,,,,,,
119,5,431.14,72.36,3.47,59.281,9.95,1.734,TP,4,0.106,0.007,0.107,-0.106,-0.013,-0.007
119,6,260.12,76.38,1.45,35.767,10.502,0.723,TP,5,0.014,0.019,0.024,-0.014,-0.005,0.019
119,7,444.95,103.36,5.36,61.181,14.212,2.681,TP,6,0.026,0.023,0.034,-0.006,0.025,-0.023
119,8,481.8,99.25,6.65,66.248,13.647,3.324,TP,7,0.005,0.026,0.027,0.0,0.005,0.026
119,9,347.32,112.69,3.65,47.756,15.495,1.825,TP,8,0.018,0.024,0.029,-0.007,0.016,-0.024
119,10,223.7,110.24,7.2,30.759,15.158,3.598,TP,9,0.01,0.077,0.078,0.008,-0.006,0.077
119,11,281.08,113.71,5.13,38.649,15.635,2.564,TP,10,0.014,0.001,0.014,-0.002,-0.014,-0.001
119,12,191.05,114.63,7.23,26.269,15.762,3.613,TP,11,0.029,0.107,0.11,-0.017,-0.023,0.107
119,13,238.7,128.35,2.36,32.821,17.647,1.181,TP,12,0.051,0.03,0.059,-0.044,-0.026,-0.03
119,14,3.75,134.6,3.88,0.516,18.508,1.941,TP,13,0.072,0.217,0.229,0.028,0.067,-0.217
119,15,221.89,144.08,3.26,30.51,19.81,1.63,TP,14,0.032,0.023,0.039,0.032,-0.003,-0.023
119,16,202.91,158.32,7.83,27.901,21.768,3.916,TP,15,0.43,0.164,0.46,0.204,0.379,0.164
119,17,328.01,157.15,4.15,45.101,21.609,2.076,TP,16,0.009,0.145,0.145,0.003,0.009,-0.145
119,18,439.87,172.63,2.31,60.482,23.736,1.155,TP,17,0.047,0.005,0.047,-0.041,-0.022,0.005
119,19,9.8,174.38,1.76,1.348,23.977,0.882,TP,18,0.013,0.044,0.046,-0.009,0.009,0.044
119,20,69.5,174.0,1.0,9.556,23.925,0.5,TP,19,0.0,0.0,0.0,0.0,0.0,0.0
119,21,275.88,179.61,1.93,37.933,24.697,0.965,TP,20,0.016,0.035,0.039,0.003,0.016,-0.035
119,22,42.45,184.92,3.91,5.836,25.427,1.954,TP,21,0.004,0.055,0.055,0.002,-0.003,-0.055
119,23,379.75,194.95,7.78,52.215,26.806,3.892,TP,22,0.08,0.113,0.138,0.04,0.069,-0.113
119,24,354.31,201.39,3.15,48.718,27.691,1.574,TP,23,0.047,0.065,0.08,-0.043,0.019,0.065
119,25,144.47,214.91,3.5,19.865,29.55,1.748,TP,24,0.099,0.069,0.121,0.074,0.066,-0.069
119,26,327.97,263.29,1.46,45.096,36.202,0.729,TP,25,0.015,0.029,0.033,-0.008,0.013,-0.029
119,27,424.13,267.35,6.98,58.318,36.76,3.488,TP,26,0.079,0.026,0.083,0.018,0.077,-0.026
119,28,67.52,271.38,4.38,9.285,37.315,2.19,TP,27,0.014,0.204,0.205,-0.007,0.012,-0.204
119,29,343.37,270.44,7.53,47.214,37.186,3.767,TP,28,0.009,0.222,0.222,-0.009,0.001,-0.222
119,30,22.97,278.4,7.21,3.158,38.279,3.604,TP,29,0.027,0.055,0.061,0.019,0.02,0.055
119,31,327.37,297.92,2.87,45.013,40.964,1.436,TP,31,0.024,0.016,0.029,-0.001,-0.024,-0.016
119,32,442.43,301.53,1.0,60.835,41.461,0.5,TP,32,0.061,0.0,0.061,0.046,0.041,0.0
119,33,404.83,303.3,3.21,55.664,41.704,1.606,TP,33,0.085,0.048,0.098,-0.084,-0.015,0.048
119,34,8.48,308.09,6.85,1.166,42.362,3.423,TP,34,0.255,0.294,0.389,-0.253,-0.035,0.294
119,35,165.88,326.55,3.29,22.808,44.9,1.646,TP,35,0.042,0.146,0.152,0.024,0.035,-0.146
119,36,300.71,354.22,2.97,41.347,48.706,1.486,TP,36,0.026,0.08,0.084,0.012,0.023,-0.08
119,37,143.41,359.94,2.84,19.719,49.491,1.419,TP,37,0.021,0.042,0.047,0.02,0.004,-0.042
119,38,82.66,367.91,4.37,11.366,50.588,2.187,TP,38,0.058,0.011,0.059,-0.048,-0.032,-0.011
119,39,359.23,365.63,1.29,49.394,50.274,0.643,TP,39,0.074,0.011,0.075,-0.074,0.01,0.011
119,40,173.32,371.86,4.13,23.831,51.131,2.064,TP,40,0.019,0.064,0.067,0.001,-0.019,0.064
119,41,475.74,384.9,2.58,65.415,52.923,1.291,TP,41,0.03,0.038,0.048,0.003,-0.03,0.038
119,42,261.05,405.45,2.27,35.895,55.75,1.134,TP,42,0.102,0.032,0.107,-0.021,-0.1,0.032
119,43,341.22,435.92,2.95,46.918,59.94,1.477,TP,43,0.006,0.012,0.013,0.003,0.005,0.012
119,44,218.43,443.03,3.99,30.034,60.917,1.994,TP,44,0.035,0.131,0.136,0.001,0.035,-0.131
119,45,300.48,468.15,3.34,41.316,64.37,1.672,TP,45,0.016,0.061,0.063,-0.011,0.012,-0.061
119,46,275.89,480.44,5.47,37.936,66.06,2.737,TP,46,0.023,0.013,0.027,-0.023,-0.001,-0.013
119,47,483.33,492.62,7.61,66.458,67.735,3.803,TP,47,0.133,0.106,0.17,-0.041,-0.127,0.106
119,48,176.08,508.51,6.62,24.212,69.92,3.31,TP,48,0.153,0.81,0.824,-0.076,-0.133,0.81
119,,,,,44.481,39.188,0.5,FN,30,,,,,,
121,0,8.73,16.14,5.63,1.201,2.22,2.815,TP,0,0.013,0.168,0.169,-0.012,-0.003,0.168
121,1,66.18,20.5,2.36,9.099,2.819,1.178,TP,1,0.069,0.023,0.073,-0.033,-0.061,0.023
121,2,425.0,34.0,1.0,58.438,4.675,0.5,TP,2,0.069,0.0,0.069,0.0,-0.069,0.0
121,3,86.86,52.66,1.98,11.943,7.241,0.988,TP,3,0.016,0.012,0.02,-0.015,0.007,-0.012
121,4,196.56,53.25,6.2,27.027,7.321,3.101,TP,4,0.236,0.269,0.358,-0.234,-0.036,0.269
121,5,277.01,57.75,2.57,38.089,7.94,1.283,TP,5,0.013,0.016,0.021,0.001,0.013,-0.016
121,6,400.89,106.24,8.19,55.123,14.608,4.093,TP,6,0.525,0.093,0.533,0.524,0.025,0.093
121,7,384.55,135.6,5.4,52.875,18.645,2.699,TP,7,0.039,0.013,0.041,0.038,0.008,-0.013
121,8,325.62,133.27,2.6,44.773,18.325,1.299,TP,8,0.013,0.032,0.035,-0.002,0.013,-0.032
121,9,95.68,144.14,3.63,13.156,19.819,1.815,TP,9,0.022,0.118,0.12,0.019,-0.01,0.118
121,10,511.0,150.5,1.0,70.263,20.694,0.5,FP,,,,,,,
121,11,3.08,153.61,2.72,0.424,21.122,1.361,TP,10,0.182,0.139,0.229,0.056,0.174,-0.139
121,12,92.79,161.74,2.68,12.758,22.239,1.339,TP,11,0.118,0.089,0.147,0.046,0.108,-0.089
121,13,83.55,210.03,6.55,11.488,28.88,3.277,TP,12,0.029,0.073,0.079,0.008,0.028,0.073
121,14,402.94,217.43,7.27,55.405,29.897,3.634,TP,15,0.046,0.092,0.103,0.006,-0.045,0.092
121,15,31.15,222.83,7.3,4.283,30.639,3.65,TP,14,0.025,0.099,0.103,0.006,-0.025,0.099
121,16,159.88,224.25,8.1,21.984,30.834,4.049,TP,13,0.325,0.045,0.328,0.18,0.271,-0.045
121,17,405.88,230.97,1.06,55.808,31.758,0.531,TP,16,0.043,0.031,0.053,0.032,0.029,0.031
121,18,334.24,234.72,7.52,45.958,32.274,3.761,TP,17,0.418,0.233,0.478,0.355,0.22,-0.233
121,19,109.63,254.74,1.99,15.074,35.027,0.995,TP,18,0.038,0.016,0.041,0.009,0.037,0.016
121,20,453.16,261.99,3.08,62.31,36.024,1.539,TP,20,0.056,0.313,0.318,-0.04,-0.04,0.313
121,21,463.25,260.04,6.92,63.697,35.756,3.462,TP,19,0.023,0.194,0.195,-0.022,-0.006,0.194
121,22,334.79,263.92,1.49,46.034,36.29,0.745,TP,21,0.009,0.013,0.015,0.0,0.009,0.013
121,23,310.91,271.91,1.0,42.75,37.388,0.5,TP,22,0.018,0.0,0.018,-0.013,-0.013,0.0
121,24,255.42,280.8,4.43,35.12,38.61,2.213,TP,23,0.021,0.054,0.058,-0.02,-0.005,0.054
121,25,393.24,286.04,1.0,54.07,39.331,0.5,TP,24,0.013,0.0,0.013,-0.007,0.011,0.0
121,26,279.12,290.04,1.9,38.378,39.88,0.949,TP,25,0.02,0.033,0.039,-0.02,0.001,0.033
121,27,325.12,301.01,6.79,44.704,41.388,3.394,TP,28,0.247,0.17,0.3,-0.091,-0.23,0.17
121,28,204.5,292.0,1.0,28.119,40.15,0.5,TP,27,0.026,0.0,0.026,-0.026,0.0,0.0
121,29,2.73,295.3,1.83,0.376,40.604,0.917,TP,26,0.064,0.147,0.16,0.051,0.038,0.147
121,30,276.95,312.35,7.41,38.081,42.948,3.705,TP,29,0.043,0.014,0.045,0.006,0.043,-0.014
121,31,74.78,322.39,2.27,10.282,44.329,1.137,TP,30,0.067,0.062,0.091,-0.062,-0.026,0.062
121,32,253.11,342.0,2.36,34.803,47.025,1.18,TP,31,0.027,0.007,0.028,-0.018,-0.019,0.007
121,33,415.25,342.71,6.43,57.097,47.122,3.213,TP,32,0.019,0.037,0.041,-0.002,0.019,-0.037
121,34,367.58,360.35,1.52,50.543,49.549,0.762,TP,33,0.042,0.056,0.07,0.035,0.025,-0.056
121,35,300.77,363.05,7.03,41.356,49.919,3.514,TP,34,0.005,0.051,0.051,-0.003,0.004,0.051
121,36,41.13,367.44,6.28,5.656,50.522,3.139,TP,35,0.325,0.273,0.425,-0.322,-0.045,0.273
121,37,245.15,400.93,8.43,33.708,55.128,4.214,TP,36,0.357,0.095,0.37,-0.062,0.352,-0.095
121,38,172.38,409.92,1.11,23.702,56.364,0.557,TP,37,0.031,0.01,0.033,-0.031,-0.003,0.01
121,39,248.0,410.0,9.0,34.1,56.375,4.5,FP,,,,,,,
121,40,294.12,416.51,7.47,40.441,57.271,3.733,TP,38,0.143,0.035,0.147,0.029,0.14,-0.035
121,41,272.58,415.46,4.97,37.48,57.126,2.484,TP,39,0.222,0.264,0.345,-0.222,-0.015,0.264
121,42,501.31,436.5,4.0,68.93,60.019,2.0,TP,41,0.035,0.02,0.041,0.032,0.016,0.02
121,43,76.62,439.35,7.02,10.536,60.41,3.51,TP,40,0.093,0.04,0.101,0.05,0.079,-0.04
121,44,335.19,440.78,1.59,46.089,60.608,0.797,TP,42,0.016,0.041,0.044,-0.006,0.015,-0.041
121,45,23.98,449.03,8.25,3.297,61.741,4.123,TP,44,0.208,0.466,0.511,-0.152,-0.142,0.466
121,46,424.33,451.28,3.64,58.346,62.051,1.821,TP,43,0.017,0.076,0.077,0.004,0.016,-0.076
121,47,266.5,454.29,7.58,36.643,62.464,3.792,TP,45,0.113,0.049,0.123,0.11,0.027,-0.049
121,48,293.92,468.36,2.43,40.414,64.4,1.217,TP,46,0.013,0.011,0.017,0.007,0.011,0.011
121,49,24.25,471.06,4.66,3.334,64.771,2.329,TP,47,0.013,0.079,0.08,0.01,0.009,0.079
121,50,180.37,489.91,7.72,24.801,67.363,3.861,TP,48,0.264,0.053,0.269,0.058,0.258,-0.053
121,51,476.67,482.95,4.11,65.542,66.406,2.054,TP,49,0.019,0.026,0.033,0.01,0.017,-0.026
123,0,342.23,10.75,2.92,47.056,1.478,1.459,TP,0,0.027,0.006,0.028,-0.01,0.025,-0.006
123,1,42.64,12.42,7.01,5.863,1.708,3.504,TP,1,0.014,0.026,0.03,0.003,-0.014,-0.026
123,2,200.22,22.99,2.93,27.53,3.161,1.467,TP,2,0.009,0.083,0.083,-0.006,0.007,-0.083
123,3,65.08,50.64,4.01,8.948,6.963,2.003,TP,3,0.05,0.314,0.318,0.042,0.027,-0.314
123,4,397.39,58.67,5.17,54.641,8.068,2.584,TP,4,0.133,0.153,0.203,-0.055,-0.121,0.153
123,5,366.57,67.95,1.88,50.403,9.343,0.942,TP,5,0.025,0.033,0.041,-0.017,-0.018,-0.033
123,6,139.73,69.05,1.81,19.213,9.494,0.903,TP,6,0.039,0.0,0.039,-0.034,-0.019,0.0
123,7,416.39,86.82,1.0,57.254,11.938,0.5,TP,7,0.017,0.0,0.017,-0.008,0.015,0.0
123,8,72.04,91.29,1.02,9.905,12.552,0.509,TP,8,0.079,0.039,0.088,0.038,0.069,-0.039
123,9,21.63,114.87,8.18,2.974,15.794,4.088,TP,9,0.237,0.165,0.288,0.04,0.233,0.165
123,10,401.95,125.82,2.19,55.268,17.301,1.093,TP,10,0.018,0.04,0.044,-0.001,0.018,-0.04
123,11,509.08,126.54,5.42,69.998,17.399,2.712,TP,12,0.323,0.764,0.83,-0.159,-0.281,0.764
123,12,7.12,130.72,7.64,0.98,17.973,3.818,TP,11,0.267,0.226,0.35,0.01,0.267,-0.226
123,13,483.96,142.94,5.03,66.544,19.654,2.516,TP,13,0.073,0.058,0.094,-0.07,-0.021,0.058
123,14,28.72,145.57,7.1,3.95,20.016,3.548,TP,14,0.058,0.121,0.134,-0.042,-0.041,0.121
123,15,447.32,161.97,4.43,61.506,22.271,2.217,TP,15,0.017,0.054,0.057,0.016,0.004,-0.054
123,16,463.1,165.11,7.68,63.676,22.703,3.84,TP,16,0.057,0.01,0.058,0.005,-0.057,-0.01
123,17,276.95,168.29,4.13,38.08,23.14,2.065,TP,17,0.023,0.049,0.054,-0.023,-0.001,0.049
123,18,235.71,184.47,5.21,32.41,25.364,2.603,TP,18,0.021,0.012,0.024,-0.021,-0.001,0.012
123,19,150.54,183.61,7.09,20.699,25.246,3.546,TP,19,0.011,0.033,0.035,0.008,-0.007,0.033
123,20,268.08,206.02,8.22,36.861,28.328,4.111,TP,20,0.095,0.292,0.307,0.068,0.066,0.292
123,21,194.42,218.86,7.65,26.733,30.093,3.825,TP,21,0.035,0.075,0.082,-0.004,0.035,0.075
123,22,336.8,221.87,1.9,46.31,30.507,0.95,TP,22,0.034,0.057,0.067,-0.001,0.034,-0.057
123,23,296.11,230.6,5.97,40.715,31.708,2.984,TP,23,0.02,0.095,0.097,0.005,0.02,-0.095
123,24,150.73,256.82,5.02,20.725,35.313,2.512,TP,26,0.795,0.175,0.815,-0.348,-0.715,0.175
123,25,44.2,249.42,4.42,6.078,34.295,2.208,TP,25,0.044,0.092,0.102,-0.042,-0.011,0.092
123,26,2.86,261.66,1.4,0.393,35.978,0.7,TP,27,0.047,0.033,0.057,0.041,0.022,0.033
123,27,322.62,272.2,2.04,44.36,37.427,1.021,TP,28,0.019,0.093,0.094,-0.019,-0.0,0.093
123,28,248.39,310.11,2.02,34.153,42.641,1.008,TP,29,0.05,0.008,0.051,0.049,0.01,0.008
123,29,163.83,309.98,1.4,22.527,42.623,0.7,TP,30,0.025,0.042,0.049,-0.005,0.025,-0.042
123,30,448.41,340.95,5.33,61.656,46.881,2.665,TP,31,0.014,0.034,0.036,-0.001,0.014,-0.034
123,31,123.69,339.99,5.23,17.008,46.749,2.614,TP,32,0.052,0.3,0.304,-0.003,0.052,-0.3
123,32,115.85,352.87,4.45,15.929,48.52,2.224,TP,33,0.046,0.001,0.046,0.012,-0.044,0.001
123,33,462.83,358.01,3.25,63.639,49.227,1.624,TP,34,0.017,0.015,0.023,0.015,0.008,-0.015
123,34,174.15,363.35,6.51,23.945,49.96,3.257,TP,35,0.013,0.026,0.029,-0.013,-0.003,0.026
123,35,21.24,395.87,2.47,2.92,54.432,1.233,TP,36,0.017,0.025,0.03,-0.003,0.016,-0.025
123,36,255.19,398.46,3.46,35.088,54.789,1.729,TP,37,0.017,0.018,0.024,-0.014,0.009,0.018
123,37,308.49,414.98,4.99,42.417,57.059,2.494,TP,38,0.04,0.043,0.059,-0.021,-0.034,0.043
123,38,438.05,423.37,2.97,60.232,58.213,1.485,TP,39,0.016,0.026,0.031,0.011,0.012,-0.026
123,39,177.89,433.96,3.8,24.459,59.67,1.898,TP,40,0.034,0.198,0.201,0.026,0.022,-0.198
123,40,330.75,459.25,1.0,45.478,63.147,0.5,TP,41,0.0,0.0,0.0,0.0,0.0,0.0
123,41,432.57,460.81,1.41,59.479,63.362,0.704,TP,42,0.009,0.041,0.042,0.006,-0.007,-0.041
123,42,62.11,469.58,4.1,8.541,64.568,2.052,TP,43,0.035,0.052,0.063,-0.029,-0.02,0.052
123,43,86.43,468.0,2.92,11.884,64.35,1.462,TP,44,0.012,0.02,0.023,-0.011,-0.005,-0.02
123,44,422.43,467.65,1.83,58.085,64.302,0.917,TP,45,0.03,0.072,0.078,-0.0,0.03,-0.072
123,45,309.11,480.11,5.05,42.503,66.015,2.523,TP,46,0.049,0.142,0.15,0.041,0.028,-0.142
123,46,424.01,491.99,6.52,58.301,67.649,3.261,TP,47,0.024,0.011,0.027,0.003,0.024,0.011
123,47,165.58,506.58,1.58,22.768,69.655,0.792,TP,48,0.016,0.042,0.045,0.011,0.011,0.042
123,,,,,20.387,34.414,1.643,FN,24,,,,,,
13,0,396.51,2.74,5.71,54.521,0.376,2.854,TP,1,0.202,0.476,0.517,0.2,0.025,-0.476
13,1,49.93,10.21,8.44,6.866,1.404,4.222,TP,0,0.355,0.049,0.358,0.188,0.302,0.049
13,2,326.08,7.82,2.81,44.837,1.076,1.403,TP,2,0.016,0.055,0.058,0.007,-0.015,-0.055
13,3,478.99,47.29,5.0,65.862,6.503,2.5,TP,3,0.026,0.0,0.026,-0.002,0.026,0.0
13,4,205.45,56.86,3.26,28.249,7.818,1.631,TP,4,0.009,0.001,0.009,-0.005,-0.007,-0.001
13,5,48.94,63.29,2.19,6.729,8.702,1.097,TP,5,0.019,0.018,0.026,-0.01,-0.017,0.018
13,6,55.22,82.61,1.48,7.592,11.359,0.739,TP,6,0.035,0.019,0.04,-0.035,-0.005,0.019
13,7,479.44,93.59,1.54,65.923,12.868,0.768,TP,7,0.009,0.011,0.014,-0.006,0.006,0.011
13,8,205.95,95.95,1.0,28.318,13.193,0.5,TP,8,0.025,0.0,0.025,-0.007,-0.023,0.0
13,9,380.22,117.61,4.91,52.281,16.172,2.454,TP,9,0.048,0.059,0.076,0.044,0.02,-0.059
13,10,51.78,116.5,1.0,7.119,16.019,0.5,TP,10,0.018,0.0,0.018,0.018,-0.004,0.0
13,11,389.5,128.0,4.0,53.556,17.6,2.0,FP,,,,,,,
13,12,98.69,136.88,4.11,13.57,18.821,2.053,TP,11,0.052,0.02,0.056,-0.049,-0.016,-0.02
13,13,0.84,139.37,9.0,0.116,19.163,4.5,FP,,,,,,,
13,14,509.4,140.29,8.04,70.042,19.29,4.022,TP,12,0.098,0.085,0.129,-0.077,0.06,0.085
13,15,66.8,147.22,3.03,9.186,20.242,1.515,TP,13,0.009,0.002,0.009,-0.002,-0.008,0.002
13,16,376.49,182.97,6.53,51.768,25.158,3.265,TP,14,0.037,0.237,0.24,-0.036,-0.01,0.237
13,17,384.0,178.0,7.0,52.8,24.475,3.5,FP,,,,,,,
13,18,387.76,191.97,3.11,53.318,26.396,1.554,TP,15,0.628,0.723,0.957,0.15,0.609,-0.723
13,19,430.99,196.12,4.92,59.261,26.967,2.462,TP,16,0.112,0.057,0.126,0.093,0.063,-0.057
13,20,31.14,199.42,1.57,4.282,27.42,0.786,TP,17,0.044,0.039,0.059,0.044,0.003,0.039
13,21,48.95,207.42,2.63,6.731,28.52,1.313,TP,18,0.066,0.18,0.192,0.066,0.009,-0.18
13,22,369.23,208.45,3.65,50.768,28.662,1.824,TP,19,0.042,0.0,0.042,-0.009,-0.041,-0.0
13,23,311.69,203.18,5.07,42.857,27.938,2.534,TP,20,0.01,0.047,0.048,-0.009,0.004,0.047
13,24,54.53,240.75,2.45,7.498,33.103,1.223,TP,21,0.066,0.055,0.086,-0.032,-0.058,0.055
13,25,419.21,253.02,5.34,57.641,34.79,2.668,TP,22,0.036,0.0,0.036,-0.007,-0.035,-0.0
13,26,122.61,261.38,1.97,16.859,35.939,0.984,TP,23,0.031,0.016,0.034,-0.016,-0.026,-0.016
13,27,360.88,280.33,5.52,49.621,38.545,2.76,TP,24,0.035,0.008,0.036,0.008,0.034,-0.008
13,28,129.81,281.09,6.8,17.848,38.65,3.399,TP,26,0.024,0.105,0.108,-0.024,0.0,-0.105
13,29,109.63,277.17,5.37,15.075,38.11,2.683,TP,25,0.109,0.145,0.181,-0.109,-0.001,0.145
13,30,168.38,278.16,5.0,23.152,38.247,2.502,TP,27,0.035,0.039,0.052,-0.018,0.03,-0.039
13,31,73.86,283.36,4.35,10.155,38.962,2.176,TP,28,0.127,0.036,0.132,0.124,0.029,-0.036
13,32,160.36,295.14,3.54,22.05,40.581,1.769,TP,29,0.279,0.292,0.404,0.132,0.246,-0.292
13,33,402.67,289.68,6.29,55.367,39.831,3.147,TP,30,0.192,0.123,0.228,-0.165,-0.098,0.123
13,34,201.22,310.68,4.06,27.668,42.718,2.032,TP,31,0.089,0.053,0.103,-0.0,-0.089,-0.053
13,35,214.38,303.71,7.9,29.477,41.76,3.948,TP,32,0.197,0.175,0.263,0.16,0.114,0.175
13,36,265.41,377.82,1.0,36.494,51.95,0.5,TP,33,0.014,0.0,0.014,0.01,-0.01,0.0
13,37,13.36,389.7,3.21,1.837,53.584,1.607,TP,34,0.012,0.023,0.026,0.008,0.009,-0.023
13,38,108.9,396.82,2.0,14.973,54.563,1.0,TP,35,0.005,0.008,0.009,0.001,0.005,-0.008
13,39,492.37,404.73,6.46,67.701,55.651,3.23,TP,36,0.3,0.25,0.391,-0.242,-0.177,0.25
13,40,55.45,412.65,2.95,7.625,56.74,1.474,TP,37,0.035,0.029,0.045,0.026,0.023,-0.029
13,41,54.55,448.57,2.02,7.501,61.678,1.009,TP,38,0.013,0.029,0.031,-0.004,0.012,0.029
13,42,217.49,452.29,2.04,29.904,62.19,1.022,TP,39,0.087,0.028,0.091,0.073,0.047,0.028
13,43,231.18,465.09,5.55,31.788,63.95,2.775,TP,40,0.02,0.017,0.026,-0.018,-0.009,0.017
13,44,205.59,479.35,7.97,28.268,65.911,3.985,TP,41,0.173,0.151,0.23,0.171,0.024,0.151
13,45,337.69,481.99,4.39,46.433,66.274,2.195,TP,42,0.042,0.05,0.065,-0.033,-0.027,0.05
13,46,142.27,503.53,7.72,19.562,69.235,3.861,TP,43,0.11,0.175,0.207,0.014,0.109,0.175
13,47,6.78,501.47,4.58,0.933,68.952,2.291,TP,44,0.019,0.004,0.02,-0.017,-0.009,0.004
13,48,312.5,498.03,2.66,42.968,68.479,1.332,TP,45,0.012,0.092,0.093,-0.008,0.009,0.092
13,49,207.52,504.33,7.74,28.534,69.345,3.869,TP,46,0.164,0.244,0.294,-0.097,-0.132,0.244
13,50,333.0,501.5,6.0,45.788,68.956,3.0,FP,,,,,,,
13,51,218.0,509.0,9.0,29.975,69.988,4.5,FP,,,,,,,
13,52,398.5,511.0,9.0,54.794,70.263,4.5,FP,,,,,,,
143,0,295.15,5.44,2.4,40.583,0.748,1.201,TP,0,0.08,0.01,0.081,0.065,0.047,-0.01
143,1,69.53,15.97,7.79,9.56,2.196,3.895,TP,1,0.466,0.076,0.472,0.001,0.466,-0.076
143,2,57.06,21.69,1.47,7.846,2.983,0.735,TP,2,0.048,0.068,0.083,-0.045,-0.015,0.068
143,3,377.19,24.94,7.18,51.864,3.43,3.592,TP,3,0.065,0.092,0.112,0.007,-0.065,0.092
143,4,192.85,33.43,1.38,26.517,4.596,0.691,TP,4,0.028,0.047,0.055,-0.024,0.015,-0.047
143,5,465.99,39.36,1.97,64.073,5.412,0.986,TP,5,0.009,0.031,0.032,-0.006,-0.006,-0.031
143,6,504.2,39.69,6.06,69.328,5.457,3.03,TP,6,0.026,0.314,0.316,-0.019,0.018,0.314
143,7,181.82,57.8,3.68,25.0,7.947,1.842,TP,7,0.042,0.158,0.163,0.026,0.033,-0.158
143,8,141.38,58.76,8.42,19.44,8.079,4.212,TP,8,0.113,0.108,0.156,0.106,0.04,-0.108
143,9,344.2,75.37,8.02,47.328,10.363,4.012,TP,9,0.13,0.117,0.175,0.075,0.106,0.117
143,10,326.39,80.54,7.05,44.879,11.075,3.525,TP,11,0.303,0.397,0.499,-0.219,-0.209,0.397
143,11,56.1,79.18,8.09,7.714,10.887,4.044,TP,10,0.193,0.023,0.194,0.183,0.06,0.023
143,12,369.72,88.14,7.43,50.837,12.119,3.713,TP,12,0.308,0.46,0.554,-0.299,-0.075,0.46
143,13,448.4,93.52,2.49,61.655,12.859,1.246,TP,13,0.012,0.005,0.013,-0.011,0.005,0.005
143,14,126.11,108.39,1.46,17.341,14.904,0.73,TP,14,0.008,0.004,0.009,0.001,0.008,0.004
143,15,506.74,118.87,8.4,69.676,16.344,4.202,TP,15,0.522,0.023,0.523,0.096,0.513,0.023
143,16,72.32,125.57,6.17,9.944,17.266,3.083,TP,16,0.048,0.055,0.073,-0.046,0.015,0.055
143,17,61.0,124.0,9.0,8.387,17.05,4.5,FP,,,,,,,
143,18,375.34,133.11,4.5,51.609,18.303,2.25,TP,17,0.017,0.033,0.037,-0.004,0.017,0.033
143,19,2.19,147.74,5.27,0.301,20.315,2.635,TP,18,0.118,0.338,0.358,0.016,0.117,-0.338
143,20,181.69,149.14,3.47,24.982,20.507,1.735,TP,19,0.011,0.004,0.011,0.002,0.01,-0.004
143,21,87.93,160.13,1.72,12.09,22.018,0.86,TP,20,0.026,0.024,0.036,-0.02,-0.017,0.024
143,22,22.53,163.54,6.4,3.098,22.487,3.201,TP,21,0.017,0.054,0.056,0.017,0.004,-0.054
143,23,108.17,197.83,2.89,14.873,27.202,1.447,TP,22,0.018,0.013,0.022,-0.015,0.009,0.013
143,24,37.86,204.41,6.45,5.206,28.107,3.227,TP,23,0.052,0.095,0.108,-0.041,-0.031,0.095
143,25,373.28,210.6,2.43,51.326,28.957,1.214,TP,24,0.013,0.021,0.025,0.01,0.008,-0.021
143,26,145.47,221.75,5.99,20.002,30.49,2.994,TP,25,0.008,0.03,0.031,0.002,0.007,-0.03
143,27,336.58,242.91,5.67,46.28,33.4,2.835,TP,26,0.039,0.074,0.084,-0.016,-0.036,0.074
143,28,40.94,255.46,2.62,5.63,35.126,1.31,TP,27,0.038,0.025,0.045,-0.037,-0.005,0.025
143,29,52.75,266.23,2.3,7.253,36.607,1.148,TP,28,0.01,0.008,0.013,-0.01,0.002,-0.008
143,30,231.64,280.87,3.68,31.851,38.619,1.842,TP,29,0.036,0.128,0.132,0.022,0.028,-0.128
143,31,494.51,311.16,5.21,67.994,42.785,2.605,TP,30,0.667,0.57,0.877,0.344,0.571,0.57
143,32,432.71,306.09,7.75,59.497,42.087,3.877,TP,31,0.123,0.158,0.2,-0.111,-0.052,0.158
143,33,141.82,306.52,6.52,19.5,42.147,3.259,TP,32,0.072,0.338,0.345,-0.07,0.015,0.338
143,34,314.08,307.89,7.82,43.185,42.334,3.91,TP,33,0.028,0.119,0.122,-0.013,0.025,0.119
143,35,152.9,318.02,7.72,21.024,43.727,3.858,TP,34,0.334,0.033,0.336,0.174,0.285,-0.033
143,36,506.42,318.0,8.75,69.632,43.725,4.375,TP,36,0.495,2.782,2.826,-0.412,-0.275,2.782
143,37,508.91,319.85,3.4,69.975,43.98,1.698,FP,,,,,,,
143,38,23.98,352.47,6.58,3.297,48.465,3.288,TP,37,0.105,0.167,0.197,-0.091,0.052,0.167
143,39,425.59,355.12,1.0,58.518,48.829,0.5,TP,38,0.0,0.0,0.0,0.0,0.0,0.0
143,40,14.26,362.93,2.92,1.961,49.903,1.458,TP,39,0.044,0.054,0.07,0.035,-0.027,-0.054
143,41,312.78,369.78,1.43,43.008,50.845,0.716,TP,40,0.0,0.0,0.0,0.0,0.0,0.0
143,42,229.46,387.3,1.48,31.551,53.253,0.738,TP,41,0.014,0.004,0.015,0.006,0.013,-0.004
143,43,317.05,414.27,7.44,43.594,56.962,3.721,TP,42,0.078,0.044,0.09,0.048,0.062,-0.044
143,44,132.2,422.95,4.26,18.178,58.156,2.129,TP,43,0.078,0.004,0.078,-0.069,-0.037,-0.004
143,45,505.65,438.02,2.81,69.527,60.228,1.403,TP,44,0.136,0.076,0.156,-0.057,-0.123,0.076
143,46,96.53,433.64,1.47,13.273,59.625,0.736,TP,45,0.01,0.007,0.012,-0.002,0.009,-0.007
143,47,481.06,438.81,7.56,66.146,60.337,3.782,TP,46,0.103,0.231,0.253,-0.103,0.001,0.231
143,48,81.41,447.36,7.88,11.193,61.512,3.939,TP,47,0.106,0.165,0.196,-0.013,-0.105,0.165
143,49,507.0,447.0,3.0,69.713,61.463,1.5,FP,,,,,,,
143,50,247.07,467.09,7.06,33.972,64.226,3.53,TP,48,0.06,0.289,0.295,-0.051,-0.033,0.289
143,,,,,68.32,43.389,3.649,FN,35,,,,,,
148,0,123.84,16.23,2.66,17.028,2.231,1.331,TP,0,0.088,0.002,0.088,0.086,0.022,0.002
148,1,316.85,40.83,2.91,43.567,5.614,1.455,TP,1,0.059,0.137,0.149,-0.005,0.059,-0.137
148,2,390.77,46.56,7.24,53.731,6.402,3.621,TP,2,0.111,0.14,0.179,-0.109,-0.017,0.14
148,3,52.54,78.44,2.16,7.225,10.786,1.082,TP,3,0.052,0.034,0.062,0.009,0.051,-0.034
148,4,261.71,89.24,1.39,35.985,12.271,0.695,TP,4,0.05,0.084,0.098,-0.01,0.049,0.084
148,5,276.12,95.25,5.89,37.967,13.097,2.943,TP,5,0.034,0.022,0.041,-0.012,-0.032,0.022
148,6,148.1,98.36,1.0,20.363,13.524,0.5,TP,6,0.046,0.0,0.046,-0.005,0.045,0.0
148,7,5.23,108.14,6.26,0.719,14.869,3.129,TP,8,0.044,0.048,0.065,0.044,0.003,-0.048
148,8,206.31,110.97,7.48,28.367,15.258,3.739,TP,9,0.081,0.239,0.252,-0.078,-0.021,0.239
148,9,16.73,108.5,1.0,2.3,14.919,0.5,TP,10,0.085,0.0,0.085,0.084,0.012,0.0
148,10,511.0,108.0,9.0,70.263,14.85,4.5,FP,,,,,,,
148,11,337.7,118.87,7.21,46.433,16.345,3.606,TP,11,0.154,0.042,0.16,0.052,0.145,-0.042
148,12,390.78,116.66,5.41,53.732,16.04,2.703,TP,12,0.174,0.385,0.422,-0.173,-0.015,0.385
148,13,352.23,128.75,1.1,48.431,17.703,0.55,TP,13,0.017,0.05,0.053,-0.015,-0.009,0.05
148,14,248.89,155.27,6.65,34.222,21.349,3.327,TP,14,0.021,0.082,0.085,-0.012,0.017,-0.082
148,15,194.61,161.4,5.21,26.759,22.193,2.605,TP,15,0.091,0.046,0.102,-0.069,-0.06,0.046
148,16,420.7,158.87,5.87,57.846,21.845,2.934,TP,16,0.158,0.14,0.211,-0.157,-0.011,0.14
148,17,36.9,164.25,2.03,5.074,22.584,1.014,TP,17,0.022,0.006,0.023,0.001,0.022,0.006
148,18,2.36,172.33,8.0,0.324,23.696,4.0,FP,,,,,,,
148,19,508.09,173.81,3.69,69.863,23.899,1.844,TP,18,0.033,0.13,0.134,-0.011,0.031,-0.13
148,20,0.0,174.71,5.57,0.0,24.023,2.786,FP,,,,,,,
148,21,157.08,177.08,8.03,21.598,24.348,4.016,TP,19,0.32,0.174,0.364,0.32,0.008,-0.174
148,22,267.11,184.93,2.62,36.727,25.427,1.312,TP,20,0.064,0.056,0.085,-0.057,-0.03,0.056
148,23,106.36,190.78,2.82,14.624,26.232,1.408,TP,21,0.017,0.03,0.034,0.015,0.007,-0.03
148,24,331.24,196.05,2.23,45.545,26.957,1.115,TP,22,0.078,0.028,0.083,-0.05,-0.06,0.028
148,25,460.74,209.33,3.01,63.352,28.783,1.506,TP,23,0.049,0.018,0.052,-0.021,-0.044,0.018
148,26,159.36,217.71,5.45,21.912,29.936,2.723,TP,24,0.088,0.12,0.148,-0.064,-0.06,0.12
148,27,439.26,262.94,4.42,60.398,36.154,2.212,TP,25,0.089,0.059,0.107,-0.02,-0.087,0.059
148,28,88.9,261.44,1.92,12.224,35.947,0.96,TP,26,0.008,0.051,0.052,-0.007,-0.002,-0.051
148,29,105.85,287.41,6.29,14.555,39.519,3.143,TP,27,0.081,0.123,0.147,-0.071,-0.039,0.123
148,30,165.07,300.84,5.6,22.698,41.365,2.8,TP,28,0.032,0.015,0.035,0.024,0.021,-0.015
148,31,255.46,312.75,2.88,35.126,43.003,1.44,TP,29,0.027,0.005,0.028,0.016,0.022,0.005
148,32,287.88,317.41,1.9,39.584,43.643,0.949,TP,30,0.042,0.082,0.093,-0.035,-0.024,0.082
148,33,270.12,325.86,7.57,37.142,44.806,3.787,TP,31,0.099,0.076,0.125,-0.099,-0.003,-0.076
148,34,231.1,340.44,5.09,31.777,46.81,2.544,TP,32,0.017,0.09,0.092,-0.014,-0.01,0.09
148,35,280.4,358.49,6.71,38.555,49.293,3.356,TP,33,0.219,0.132,0.256,-0.135,-0.172,0.132
148,36,402.59,368.75,8.5,55.356,50.703,4.252,TP,34,0.665,0.051,0.667,0.352,0.564,-0.051
148,37,212.72,376.56,5.23,29.25,51.777,2.615,TP,35,0.06,0.108,0.124,-0.033,-0.05,0.108
148,38,90.83,412.65,2.96,12.489,56.739,1.481,TP,36,0.039,0.013,0.041,-0.034,-0.019,0.013
148,39,399.47,425.34,3.08,54.928,58.484,1.538,TP,37,0.011,0.023,0.026,0.008,0.008,-0.023
148,40,124.2,423.82,8.23,17.078,58.275,4.115,TP,38,0.32,0.115,0.34,-0.314,-0.058,0.115
148,41,458.87,424.59,1.46,63.095,58.381,0.731,TP,39,0.018,0.005,0.019,-0.018,-0.003,0.005
148,42,437.17,438.29,3.97,60.11,60.265,1.987,TP,40,0.035,0.098,0.104,0.024,0.026,-0.098
148,43,73.98,450.96,1.45,10.172,62.007,0.724,TP,41,0.025,0.006,0.025,-0.015,-0.019,0.006
148,44,307.67,466.35,8.01,42.304,64.124,4.005,TP,42,0.269,0.084,0.281,0.075,0.258,-0.084
148,45,289.88,465.95,7.73,39.859,64.069,3.864,TP,43,0.08,0.076,0.11,0.079,-0.009,0.076
148,46,84.89,467.78,5.96,11.673,64.319,2.981,TP,44,0.145,0.307,0.339,-0.136,-0.049,0.307
148,47,476.28,485.79,3.91,65.488,66.796,1.953,TP,45,0.014,0.004,0.015,-0.014,0.003,0.004
148,48,438.79,495.03,6.71,60.334,68.066,3.355,TP,46,0.022,0.113,0.115,-0.017,-0.014,0.113
148,49,463.05,506.98,5.94,63.669,69.709,2.972,TP,47,0.045,0.134,0.142,0.033,0.031,-0.134
148,,,,,36.512,13.39,0.5,FN,7,,,,,,
149,0,465.35,10.51,3.68,63.986,1.444,1.842,TP,0,0.038,0.123,0.129,0.022,0.031,-0.123
149,1,426.18,13.03,3.03,58.599,1.791,1.514,TP,1,0.024,0.002,0.024,0.018,0.016,0.002
149,2,202.76,23.61,8.2,27.88,3.246,4.1,TP,2,0.075,0.137,0.156,-0.074,-0.008,0.137
149,3,149.82,31.15,6.16,20.6,4.283,3.079,TP,3,0.026,0.117,0.12,-0.002,0.026,-0.117
149,4,295.57,47.2,1.0,40.641,6.49,0.5,TP,4,0.025,0.0,0.025,0.022,0.013,0.0
149,5,416.12,54.18,1.89,57.217,7.45,0.946,TP,5,0.024,0.015,0.028,-0.024,0.002,-0.015
149,6,303.14,68.11,1.66,41.682,9.365,0.831,TP,6,0.004,0.004,0.006,0.003,0.003,-0.004
149,7,87.89,106.84,7.86,12.084,14.691,3.93,TP,8,0.199,0.324,0.38,-0.093,-0.176,0.324
149,8,381.28,105.6,6.23,52.426,14.52,3.114,TP,7,0.224,0.266,0.348,0.109,0.196,-0.266
149,9,397.73,117.98,1.74,54.688,16.223,0.87,TP,9,0.084,0.074,0.112,0.017,0.083,-0.074
149,10,419.77,138.76,6.8,57.719,19.079,3.402,TP,10,0.076,0.144,0.163,-0.076,0.002,0.144
149,11,283.13,150.78,2.47,38.931,20.733,1.237,TP,11,0.06,0.052,0.08,-0.044,-0.04,0.052
149,12,317.05,153.33,2.86,43.594,21.083,1.432,TP,12,0.035,0.068,0.077,0.021,0.029,-0.068
149,13,209.76,157.1,1.94,28.843,21.601,0.971,TP,13,0.007,0.04,0.041,-0.0,-0.007,-0.04
149,14,260.45,160.77,7.43,35.811,22.106,3.716,TP,14,0.024,0.223,0.224,-0.013,0.021,0.223
149,15,489.34,178.24,1.5,67.284,24.508,0.75,TP,15,0.016,0.015,0.022,-0.004,-0.016,0.015
149,16,336.56,206.73,4.45,46.277,28.425,2.223,TP,16,0.06,0.042,0.073,0.036,0.048,-0.042
149,17,173.1,206.35,6.82,23.802,28.373,3.411,TP,17,0.098,0.19,0.214,-0.032,-0.093,0.19
149,18,276.99,207.94,5.65,38.087,28.591,2.826,TP,18,0.123,0.16,0.202,-0.049,-0.113,0.16
149,19,398.66,208.23,7.13,54.816,28.632,3.563,TP,19,0.299,0.349,0.46,-0.299,-0.015,0.349
149,20,238.81,212.95,4.43,32.836,29.281,2.214,TP,21,0.028,0.027,0.039,0.027,0.006,-0.027
149,21,63.36,225.62,5.32,8.713,31.023,2.661,TP,23,0.023,0.005,0.024,-0.003,0.023,-0.005
149,22,126.56,236.0,1.81,17.402,32.45,0.903,TP,24,0.14,0.097,0.171,-0.02,0.139,-0.097
149,23,19.57,261.74,3.59,2.691,35.99,1.793,TP,25,0.018,0.002,0.019,-0.01,0.016,-0.002
149,24,160.06,270.95,6.73,22.008,37.256,3.366,TP,26,0.261,0.306,0.402,-0.258,-0.038,0.306
149,25,497.69,290.78,1.0,68.433,39.982,0.5,TP,27,0.132,0.0,0.132,-0.036,-0.127,0.0
149,26,178.16,290.29,6.15,24.497,39.915,3.074,TP,28,0.031,0.231,0.233,-0.01,-0.03,0.231
149,27,150.0,296.36,1.49,20.625,40.75,0.745,TP,29,0.053,0.0,0.053,-0.051,0.015,0.0
149,28,493.07,304.75,1.97,67.797,41.903,0.983,TP,30,0.052,0.04,0.065,-0.052,0.0,0.04
149,29,120.96,313.66,3.0,16.632,43.128,1.5,TP,31,0.017,0.005,0.018,-0.002,0.017,-0.005
149,30,320.07,321.98,3.02,44.01,44.273,1.509,TP,32,0.02,0.093,0.095,-0.001,0.02,-0.093
149,31,90.62,355.0,5.98,12.461,48.812,2.992,TP,33,0.182,0.052,0.189,-0.117,-0.14,0.052
149,32,95.38,355.0,1.1,13.115,48.812,0.548,TP,34,0.052,0.048,0.07,0.001,-0.052,0.048
149,33,477.0,359.85,8.07,65.587,49.479,4.033,TP,35,0.166,0.227,0.282,0.136,0.096,0.227
149,34,312.37,377.73,7.06,42.95,51.938,3.531,TP,36,0.229,0.226,0.322,-0.219,-0.068,0.226
149,35,43.32,394.96,8.09,5.957,54.307,4.045,TP,37,0.032,0.061,0.069,0.032,-0.001,0.061
149,36,260.77,398.16,1.98,35.856,54.747,0.988,TP,38,0.012,0.006,0.013,0.007,-0.01,-0.006
149,37,147.74,406.77,6.93,20.314,55.93,3.466,TP,39,0.065,0.05,0.082,-0.025,-0.06,0.05
149,38,408.99,406.5,5.55,56.236,55.893,2.776,TP,41,0.085,0.056,0.102,-0.081,0.024,0.056
149,39,398.36,416.18,3.99,54.775,57.224,1.995,TP,42,0.051,0.105,0.117,0.05,-0.011,-0.105
149,40,471.73,419.19,7.73,64.862,57.639,3.863,TP,43,0.015,0.125,0.126,0.005,-0.014,0.125
149,41,410.03,458.61,7.61,56.379,63.059,3.806,TP,44,0.264,0.183,0.321,-0.068,-0.255,0.183
149,42,170.76,461.12,1.38,23.479,63.404,0.69,TP,45,0.021,0.001,0.021,-0.013,-0.016,-0.001
149,43,413.0,474.0,9.0,56.788,65.175,4.5,FP,,,,,,,
149,44,300.84,484.66,2.44,41.366,66.641,1.219,TP,46,0.009,0.02,0.022,0.009,-0.001,-0.02
149,45,72.71,493.53,7.83,9.997,67.861,3.914,TP,47,0.021,0.414,0.415,0.007,0.02,0.414
149,46,251.68,498.56,8.0,34.606,68.552,4.0,TP,48,0.211,0.014,0.212,-0.202,-0.062,-0.014
149,47,259.42,501.9,6.78,35.67,69.011,3.39,FP,,,,,,,
149,,,,,24.845,28.71,4.262,FN,20,,,,,,
149,,,,,36.558,29.504,4.322,FN,22,,,,,,
149,,,,,29.356,55.206,0.5,FN,40,,,,,,
15,0,382.59,4.92,3.49,52.606,0.676,1.746,TP,0,0.114,0.281,0.303,-0.034,0.109,-0.281
15,1,472.36,6.48,6.63,64.949,0.892,3.314,TP,1,0.184,0.314,0.364,-0.028,-0.182,0.314
15,2,358.36,12.08,3.33,49.274,1.661,1.663,TP,2,0.008,0.003,0.008,-0.006,0.004,0.003
15,3,266.96,16.34,6.01,36.706,2.247,3.005,TP,3,0.028,0.195,0.197,-0.026,-0.009,0.195
15,4,285.5,20.0,5.0,39.256,2.75,2.5,FP,,,,,,,
15,5,292.05,33.12,3.8,40.157,4.554,1.901,TP,4,0.278,0.056,0.283,0.129,0.246,-0.056
15,6,373.6,27.06,6.21,51.369,3.721,3.103,TP,5,0.125,0.218,0.251,0.097,0.079,-0.218
15,7,311.39,38.44,8.25,42.816,5.286,4.126,TP,6,0.026,0.119,0.122,0.018,0.019,0.119
15,8,55.97,52.67,2.78,7.696,7.243,1.391,TP,7,0.051,0.01,0.052,0.011,0.05,-0.01
15,9,465.07,60.75,2.9,63.948,8.353,1.451,TP,8,0.029,0.088,0.092,-0.01,0.027,-0.088
15,10,275.09,86.91,6.81,37.826,11.949,3.405,TP,9,0.095,0.277,0.293,-0.091,0.028,0.277
15,11,403.15,110.04,4.85,55.434,15.13,2.423,TP,10,0.002,0.055,0.055,-0.001,0.002,0.055
15,12,54.26,119.74,1.0,7.461,16.464,0.5,TP,11,0.048,0.0,0.048,0.013,0.047,0.0
15,13,189.5,146.8,2.97,26.056,20.185,1.487,TP,12,0.03,0.079,0.085,-0.028,-0.011,0.079
15,14,177.61,156.86,1.0,24.422,21.568,0.5,TP,13,0.073,0.0,0.073,-0.053,0.05,0.0
15,15,402.11,164.97,4.0,55.29,22.683,2.0,TP,14,0.037,0.009,0.038,0.025,0.028,0.009
15,16,96.96,185.85,2.49,13.332,25.554,1.244,TP,15,0.019,0.068,0.071,-0.018,-0.008,0.068
15,17,36.75,196.29,2.34,5.053,26.99,1.172,TP,16,0.006,0.116,0.116,-0.005,0.002,0.116
15,18,309.89,214.93,2.49,42.61,29.553,1.243,TP,17,0.006,0.02,0.021,-0.005,0.004,-0.02
15,19,86.26,222.09,2.53,11.861,30.538,1.264,TP,18,0.014,0.006,0.016,-0.014,0.005,0.006
15,20,502.0,225.08,6.92,69.025,30.949,3.462,TP,20,0.355,0.315,0.475,-0.273,-0.227,0.315
15,21,422.2,221.94,2.83,58.052,30.517,1.414,TP,19,0.014,0.031,0.034,-0.011,0.009,0.031
15,22,38.42,230.99,8.48,5.282,31.761,4.239,TP,21,0.402,0.212,0.455,0.384,0.119,0.212
15,23,67.25,237.78,3.44,9.247,32.695,1.722,TP,22,0.017,0.025,0.03,-0.006,-0.015,0.025
15,24,437.0,238.5,8.0,60.088,32.794,4.0,FP,,,,,,,
15,25,449.0,256.42,8.0,61.738,35.257,4.0,TP,23,0.695,3.324,3.396,-0.151,-0.678,3.324
15,26,450.2,261.61,1.13,61.903,35.971,0.563,FP,,,,,,,
15,27,409.42,265.31,3.4,56.295,36.481,1.701,TP,24,0.019,0.028,0.034,-0.006,0.018,-0.028
15,28,203.49,274.5,4.55,27.979,37.744,2.276,TP,25,0.024,0.005,0.024,-0.005,0.024,-0.005
15,29,273.67,276.75,1.0,37.629,38.053,0.5,TP,26,0.057,0.0,0.057,-0.046,-0.034,0.0
15,30,29.98,282.48,8.17,4.122,38.841,4.086,TP,27,0.246,0.073,0.257,-0.234,-0.077,0.073
15,31,447.35,284.54,6.35,61.51,39.124,3.176,TP,29,0.076,0.217,0.23,-0.046,-0.06,0.217
15,32,496.89,285.01,7.59,68.322,39.189,3.795,TP,28,0.034,0.058,0.067,0.012,-0.031,0.058
15,33,58.02,291.33,3.38,7.978,40.058,1.692,TP,30,0.021,0.008,0.022,-0.017,-0.012,0.008
15,34,391.27,301.66,5.09,53.8,41.478,2.547,TP,31,0.135,0.233,0.269,-0.132,-0.029,0.233
15,35,209.15,390.15,2.71,28.759,53.646,1.355,TP,32,0.296,0.302,0.423,-0.293,-0.044,-0.302
15,36,149.97,404.4,1.88,20.621,55.605,0.94,TP,34,0.028,0.056,0.063,0.021,-0.018,0.056
15,37,374.0,406.5,1.0,51.425,55.894,0.5,TP,35,0.0,0.0,0.0,0.0,0.0,0.0
15,38,435.5,411.5,1.0,59.881,56.581,0.5,TP,36,0.014,0.045,0.048,0.013,0.006,-0.045
15,39,138.99,421.48,6.7,19.112,57.954,3.348,TP,37,0.079,0.046,0.092,-0.008,0.079,0.046
15,40,214.81,435.59,4.0,29.536,59.893,2.0,TP,38,0.05,0.0,0.05,-0.022,-0.045,0.0
15,41,70.24,424.04,1.0,9.658,58.306,0.5,TP,39,0.018,0.0,0.018,0.017,-0.005,0.0
15,42,299.28,453.88,3.91,41.151,62.409,1.957,TP,40,0.034,0.001,0.034,-0.022,-0.027,0.001
15,43,280.21,467.04,2.32,38.529,64.218,1.162,TP,41,0.014,0.085,0.087,0.002,0.014,0.085
15,44,489.89,474.83,3.6,67.359,65.289,1.801,TP,46,0.174,0.557,0.583,-0.059,-0.164,0.557
15,45,323.33,466.73,3.93,44.457,64.175,1.967,TP,43,0.012,0.008,0.015,0.005,0.011,-0.008
15,46,242.02,471.96,7.69,33.278,64.895,3.844,TP,45,0.031,0.042,0.052,-0.002,-0.031,0.042
15,47,500.84,470.1,6.62,68.865,64.639,3.312,TP,44,0.145,0.053,0.154,0.117,0.085,0.053
15,48,421.07,489.49,7.75,57.897,67.306,3.874,TP,47,0.009,0.112,0.113,0.005,0.007,0.112
15,,,,,28.077,53.498,0.991,FN,33,,,,,,
15,,,,,67.234,64.795,2.94,FN,42,,,,,,
151,0,156.43,26.85,7.58,21.509,3.692,3.79,TP,0,0.026,0.052,0.058,-0.017,0.02,0.052
151,1,88.93,37.99,7.34,12.228,5.224,3.672,TP,1,0.032,0.058,0.067,-0.001,-0.032,0.058
151,2,142.57,48.06,7.86,19.603,6.608,3.93,TP,2,0.59,0.07,0.594,0.227,0.545,-0.07
151,3,129.21,50.83,2.23,17.766,6.989,1.114,TP,3,0.021,0.047,0.052,-0.017,-0.012,0.047
151,4,403.91,54.48,2.43,55.538,7.491,1.217,TP,4,0.003,0.01,0.01,-0.003,-0.0,-0.01
151,5,385.41,62.61,1.47,52.993,8.609,0.737,TP,5,0.045,0.025,0.051,0.04,0.022,-0.025
151,6,292.74,77.01,5.61,40.251,10.589,2.805,TP,6,0.067,0.126,0.143,0.025,0.062,-0.126
151,7,294.64,95.02,6.65,40.513,13.065,3.323,TP,7,0.107,0.212,0.237,-0.103,0.029,0.212
151,8,282.45,100.57,6.85,38.836,13.828,3.425,TP,8,0.022,0.046,0.051,0.005,-0.022,0.046
151,9,341.16,107.48,2.35,46.909,14.778,1.177,TP,9,0.065,0.116,0.133,0.062,0.02,-0.116
151,10,459.48,109.96,2.5,63.178,15.12,1.248,TP,10,0.026,0.005,0.026,-0.023,-0.012,-0.005
151,11,248.88,124.74,4.59,34.22,17.152,2.295,TP,11,0.125,0.077,0.146,-0.125,0.001,0.077
151,12,280.5,120.5,2.0,38.569,16.569,1.0,FP,,,,,,,
151,13,348.6,127.05,4.8,47.933,17.47,2.4,TP,12,0.049,0.116,0.125,0.048,-0.007,-0.116
151,14,267.8,136.53,6.53,36.823,18.773,3.263,TP,14,0.178,0.249,0.306,-0.165,-0.068,0.249
151,15,251.22,136.89,6.0,34.543,18.822,3.0,TP,13,0.548,2.5,2.559,-0.393,0.382,2.5
151,16,249.0,138.0,7.0,34.237,18.975,3.5,FP,,,,,,,
151,17,354.58,158.13,1.35,48.754,21.742,0.676,TP,15,0.044,0.053,0.069,-0.031,0.031,-0.053
151,18,283.28,169.32,2.91,38.95,23.281,1.455,TP,16,0.028,0.019,0.034,-0.028,-0.002,-0.019
151,19,351.99,171.81,6.68,48.399,23.624,3.339,TP,17,0.142,0.112,0.181,0.139,0.027,-0.112
151,20,135.99,176.56,7.51,18.699,24.277,3.757,TP,18,0.018,0.002,0.018,-0.003,-0.017,-0.002
151,21,321.47,200.3,8.09,44.202,27.541,4.046,TP,20,0.022,0.115,0.117,0.017,-0.014,0.115
151,22,163.24,196.49,8.01,22.446,27.018,4.007,TP,19,0.033,0.022,0.04,0.033,0.003,0.022
151,23,62.04,207.2,8.0,8.531,28.49,4.0,TP,21,0.204,0.032,0.207,0.197,0.056,0.032
151,24,109.24,236.33,2.95,15.021,32.496,1.477,TP,22,0.016,0.01,0.019,-0.015,-0.006,0.01
151,25,447.47,255.87,4.19,61.528,35.183,2.095,TP,24,0.121,0.02,0.123,-0.05,-0.11,0.02
151,26,334.0,250.0,8.0,45.925,34.375,4.0,TP,23,1.04,0.238,1.066,-0.189,-1.022,0.238
151,27,323.42,254.36,6.79,44.47,34.974,3.393,TP,25,0.155,0.122,0.197,0.098,0.12,-0.122
151,28,335.48,261.91,7.44,46.128,36.013,3.72,FP,,,,,,,
151,29,402.86,262.72,2.44,55.393,36.124,1.22,TP,26,0.042,0.002,0.042,0.0,-0.042,0.002
151,30,386.4,273.4,7.26,53.131,37.592,3.63,TP,27,0.053,0.411,0.414,0.047,0.026,0.411
151,31,383.0,269.5,9.0,52.663,37.056,4.5,FP,,,,,,,
151,32,307.95,281.03,2.03,42.343,38.642,1.016,TP,28,0.026,0.008,0.027,-0.02,-0.017,-0.008
151,33,163.78,297.59,8.27,22.519,40.918,4.136,TP,29,0.164,0.185,0.247,0.092,0.136,0.185
151,34,411.7,322.9,6.69,56.609,44.399,3.346,TP,30,0.103,0.016,0.104,-0.069,-0.076,0.016
151,35,501.07,332.33,5.68,68.897,45.696,2.84,TP,31,0.028,0.09,0.094,-0.016,-0.023,0.09
151,36,335.0,330.5,1.0,46.062,45.444,0.5,TP,32,0.0,0.0,0.0,0.0,0.0,0.0
151,37,29.03,365.63,3.06,3.992,50.274,1.529,TP,33,0.026,0.02,0.033,-0.01,-0.024,0.02
151,38,403.09,365.36,7.69,55.425,50.237,3.846,TP,34,0.024,0.094,0.097,0.023,-0.006,0.094
151,39,372.06,370.14,1.37,51.158,50.894,0.686,TP,35,0.021,0.008,0.023,-0.021,-0.0,-0.008
151,40,185.16,381.33,2.33,25.46,52.433,1.164,TP,36,0.01,0.038,0.039,0.001,-0.01,-0.038
151,41,471.69,394.25,1.37,64.858,54.209,0.684,TP,37,0.032,0.004,0.032,-0.031,-0.007,0.004
151,42,376.53,405.74,4.94,51.772,55.79,2.469,TP,38,0.025,0.038,0.046,0.006,0.025,-0.038
151,43,502.83,423.81,3.26,69.139,58.274,1.631,TP,39,0.044,0.166,0.172,-0.035,-0.027,0.166
151,44,27.38,443.36,1.38,3.765,60.962,0.689,TP,40,0.023,0.013,0.026,-0.022,0.006,-0.013
151,45,394.73,461.19,2.55,54.275,63.414,1.275,TP,41,0.004,0.029,0.029,-0.003,0.003,0.029
151,46,134.38,473.1,7.55,18.477,65.052,3.773,TP,42,0.01,0.063,0.064,0.01,0.0,0.063
151,47,238.17,478.37,3.3,32.749,65.776,1.648,TP,44,0.348,0.319,0.472,-0.323,-0.131,-0.319
151,48,55.48,489.29,3.78,7.628,67.277,1.892,TP,45,0.007,0.061,0.061,0.001,0.007,-0.061
151,49,332.03,490.47,4.27,45.654,67.44,2.136,TP,46,0.093,0.129,0.159,-0.091,-0.02,0.129
151,50,81.25,494.95,2.0,11.172,68.056,1.0,FP,,,,,,,
151,51,91.99,504.52,1.16,12.649,69.372,0.578,TP,47,0.433,0.033,0.435,0.326,0.286,-0.033
151,,,,,32.126,65.556,1.038,FN,43,,,,,,
154,0,239.27,6.75,1.55,32.9,0.929,0.775,TP,1,0.03,0.103,0.108,-0.004,-0.03,-0.103
154,1,421.5,0.0,1.0,57.956,0.0,0.5,FP,,,,,,,
154,2,110.72,13.4,6.18,15.224,1.842,3.091,TP,0,0.247,0.213,0.326,0.022,0.246,-0.213
154,3,10.76,21.31,5.61,1.48,2.93,2.804,TP,2,0.018,0.171,0.172,-0.018,0.0,0.171
154,4,344.29,23.06,1.44,47.34,3.171,0.719,TP,3,0.013,0.026,0.029,-0.013,0.003,-0.026
154,5,84.53,32.28,5.64,11.623,4.438,2.819,TP,4,0.027,0.016,0.032,-0.022,0.016,0.016
154,6,399.41,47.67,2.55,54.919,6.555,1.277,TP,6,0.026,0.031,0.041,0.005,0.025,-0.031
154,7,285.77,47.41,4.97,39.294,6.518,2.486,TP,5,0.019,0.032,0.038,0.002,0.019,-0.032
154,8,136.17,56.56,4.43,18.723,7.777,2.215,TP,7,0.13,0.177,0.22,-0.118,-0.056,0.177
154,9,226.44,69.73,2.9,31.136,9.588,1.451,TP,8,0.033,0.017,0.037,-0.03,-0.014,-0.017
154,10,409.83,78.48,3.89,56.351,10.79,1.947,TP,9,0.008,0.032,0.033,-0.003,-0.008,-0.032
154,11,363.93,116.92,3.13,50.04,16.076,1.566,TP,10,0.036,0.036,0.051,0.006,0.035,-0.036
154,12,330.07,124.74,2.26,45.385,17.152,1.13,TP,11,0.074,0.078,0.107,0.067,0.03,-0.078
154,13,481.0,128.5,1.0,66.138,17.669,0.5,TP,12,0.0,0.0,0.0,0.0,0.0,0.0
154,14,148.7,139.9,1.0,20.446,19.236,0.5,TP,13,0.021,0.0,0.021,0.001,0.021,0.0
154,15,330.82,171.9,2.44,45.487,23.636,1.221,TP,14,0.01,0.004,0.01,-0.004,-0.009,-0.004
154,16,293.09,169.4,7.46,40.299,23.292,3.728,TP,15,0.083,0.178,0.197,-0.08,-0.024,0.178
154,17,47.45,186.23,5.81,6.525,25.607,2.907,TP,16,0.116,0.288,0.311,-0.017,-0.115,0.288
154,18,101.27,190.53,2.04,13.925,26.198,1.018,TP,17,0.013,0.005,0.013,-0.013,0.001,-0.005
154,19,340.13,193.77,2.32,46.769,26.643,1.159,TP,18,0.034,0.026,0.043,0.03,0.015,-0.026
154,20,484.92,216.84,1.48,66.677,29.816,0.74,TP,19,0.011,0.013,0.017,0.005,-0.01,0.013
154,21,432.15,228.27,7.13,59.421,31.387,3.564,TP,20,0.37,0.618,0.72,-0.362,-0.075,0.618
154,22,505.07,231.33,6.71,69.447,31.807,3.356,TP,21,0.167,0.223,0.278,-0.148,-0.078,0.223
154,23,212.51,241.9,6.5,29.22,33.261,3.249,TP,23,0.263,0.198,0.329,-0.15,-0.216,0.198
154,24,104.18,234.9,1.45,14.324,32.299,0.725,TP,22,0.041,0.007,0.042,-0.036,0.02,-0.007
154,25,358.87,247.22,1.0,49.345,33.992,0.5,TP,24,0.007,0.0,0.007,0.004,-0.006,0.0
154,26,209.31,276.49,2.98,28.781,38.018,1.492,TP,25,0.017,0.003,0.017,-0.015,0.008,-0.003
154,27,170.63,280.09,6.12,23.462,38.512,3.06,TP,26,0.191,0.361,0.409,-0.171,-0.086,0.361
154,28,63.24,311.06,3.9,8.696,42.77,1.948,TP,27,0.013,0.028,0.031,-0.009,-0.01,0.028
154,29,138.69,320.82,6.97,19.07,44.113,3.483,TP,29,0.487,0.561,0.743,-0.403,-0.273,0.561
154,30,123.19,322.86,2.52,16.939,44.393,1.259,TP,28,0.019,0.122,0.124,-0.002,0.019,-0.122
154,31,312.98,328.11,7.16,43.035,45.115,3.579,TP,30,0.261,0.307,0.403,-0.085,-0.247,0.307
154,32,431.67,332.42,4.0,59.355,45.708,2.002,TP,31,0.004,0.006,0.007,-0.003,0.002,-0.006
154,33,67.56,336.89,4.34,9.29,46.323,2.171,TP,32,0.106,0.03,0.11,-0.106,-0.006,0.03
154,34,272.81,388.53,2.86,37.512,53.423,1.429,TP,33,0.022,0.071,0.074,-0.021,0.008,-0.071
154,35,269.2,386.6,1.0,37.015,53.158,0.5,FP,,,,,,,
154,36,249.42,391.2,3.15,34.296,53.79,1.576,TP,34,0.016,0.305,0.306,-0.016,-0.004,0.305
154,37,434.45,398.92,7.1,59.738,54.852,3.548,TP,35,0.237,0.288,0.373,-0.075,-0.225,0.288
154,38,10.02,400.46,1.33,1.378,55.063,0.663,TP,36,0.027,0.001,0.027,-0.023,-0.015,-0.001
154,39,250.89,405.05,3.79,34.498,55.695,1.897,TP,37,0.011,0.002,0.012,-0.003,0.011,0.002
154,40,267.84,416.94,7.01,36.828,57.329,3.506,TP,38,0.104,0.092,0.138,-0.045,-0.093,0.092
154,41,325.39,418.43,6.62,44.741,57.534,3.31,TP,39,0.146,0.108,0.181,-0.033,-0.142,0.108
154,42,230.99,445.88,2.51,31.761,61.308,1.255,TP,40,0.041,0.006,0.041,0.004,0.041,0.006
154,43,49.48,451.11,4.38,6.804,62.028,2.19,TP,41,0.055,0.009,0.056,-0.049,-0.026,0.009
154,44,402.95,475.27,3.4,55.406,65.35,1.699,TP,42,0.007,0.024,0.025,0.0,-0.007,-0.024
154,45,377.59,486.2,3.24,51.918,66.852,1.618,TP,43,0.053,0.124,0.135,0.024,0.048,-0.124
154,46,163.74,490.69,4.44,22.514,67.469,2.221,TP,44,0.006,0.019,0.02,0.006,0.001,-0.019
154,47,490.89,491.69,4.9,67.497,67.607,2.45,TP,45,0.014,0.155,0.155,0.012,0.007,0.155
154,48,301.24,498.01,4.42,41.42,68.476,2.21,TP,46,0.03,0.033,0.045,-0.024,-0.018,-0.033
154,49,399.34,508.47,2.6,54.909,69.914,1.301,TP,47,0.076,0.266,0.276,-0.036,0.067,-0.266
154,50,437.12,508.9,2.27,60.104,69.974,1.134,TP,48,0.321,0.366,0.487,-0.321,-0.015,-0.366
154,51,420.34,509.07,8.19,57.797,69.997,4.094,TP,49,0.075,0.19,0.204,0.021,-0.072,0.19
161,0,172.5,2.5,8.0,23.719,0.344,4.0,TP,0,1.031,0.5,1.145,1.009,0.209,0.5
161,1,27.15,6.81,7.75,3.734,0.936,3.877,TP,1,0.114,0.091,0.146,-0.058,0.098,0.091
161,2,330.28,11.49,1.1,45.413,1.58,0.551,TP,2,0.036,0.051,0.062,0.007,-0.036,0.051
161,3,337.64,25.78,4.85,46.426,3.544,2.427,TP,3,0.008,0.053,0.054,0.008,0.001,-0.053
161,4,440.04,29.55,6.0,60.506,4.063,3.0,TP,4,0.087,0.0,0.087,0.079,0.037,0.0
161,5,158.88,33.53,9.0,21.846,4.61,4.5,FP,,,,,,,
161,6,172.39,36.81,7.43,23.704,5.061,3.714,TP,5,0.183,0.118,0.218,0.183,0.009,0.118
161,7,498.09,36.09,1.0,68.488,4.963,0.5,TP,6,0.026,0.0,0.026,-0.026,-0.003,0.0
161,8,219.82,44.25,1.98,30.226,6.084,0.988,TP,7,0.036,0.012,0.038,-0.015,-0.032,-0.012
161,9,315.6,55.7,1.91,43.395,7.659,0.956,TP,8,0.003,0.058,0.058,-0.003,-0.001,-0.058
161,10,230.64,57.62,1.34,31.713,7.923,0.67,TP,9,0.019,0.018,0.026,0.008,0.017,-0.018
161,11,1.93,89.69,2.07,0.265,12.332,1.036,TP,10,0.179,0.024,0.181,0.138,0.115,0.024
161,12,511.0,88.5,1.0,70.263,12.169,0.5,FP,,,,,,,
161,13,509.17,101.54,8.0,70.01,13.962,4.0,TP,12,0.512,0.292,0.589,0.509,0.054,-0.292
161,14,110.76,105.64,1.62,15.229,14.525,0.808,TP,11,0.037,0.106,0.112,-0.015,-0.034,0.106
161,15,108.25,122.99,6.04,14.884,16.911,3.022,TP,13,0.415,0.004,0.415,0.146,0.389,-0.004
161,16,65.92,135.29,8.1,9.063,18.602,4.048,TP,14,0.051,0.065,0.082,-0.036,0.035,0.065
161,17,364.69,158.23,3.28,50.145,21.756,1.642,TP,15,0.018,0.0,0.018,0.007,0.017,0.0
161,18,182.35,170.55,6.29,25.073,23.45,3.144,TP,18,0.663,0.431,0.791,0.199,-0.632,0.431
161,19,453.29,164.63,7.33,62.328,22.637,3.667,TP,17,0.028,0.025,0.037,-0.007,-0.027,0.025
161,20,293.55,212.59,4.74,40.364,29.231,2.371,TP,19,0.092,0.172,0.195,-0.028,-0.087,0.172
161,21,284.48,207.27,1.05,39.116,28.499,0.523,TP,20,0.165,0.001,0.165,-0.114,-0.119,0.001
161,22,153.41,224.36,4.55,21.093,30.85,2.275,TP,21,0.019,0.038,0.043,-0.016,0.01,0.038
161,23,234.01,236.6,5.38,32.176,32.533,2.691,TP,22,0.013,0.057,0.058,-0.013,-0.001,-0.057
161,24,209.19,255.27,1.53,28.764,35.1,0.763,TP,23,0.023,0.012,0.026,0.022,0.007,-0.012
161,25,287.88,258.58,5.71,39.583,35.555,2.855,TP,24,0.035,0.262,0.264,0.022,-0.027,-0.262
161,26,273.93,265.83,4.96,37.665,36.552,2.48,TP,25,0.07,0.024,0.073,0.024,-0.065,-0.024
161,27,269.0,258.0,9.0,36.987,35.475,4.5,FP,,,,,,,
161,28,436.95,281.68,2.03,60.08,38.732,1.013,TP,26,0.028,0.006,0.028,-0.024,-0.014,0.006
161,29,58.02,285.37,6.41,7.978,39.239,3.207,TP,27,0.012,0.108,0.109,0.001,0.012,-0.108
161,30,139.88,302.62,6.62,19.234,41.61,3.311,TP,28,0.041,0.055,0.069,-0.034,0.024,0.055
161,31,348.15,317.32,5.01,47.871,43.631,2.507,TP,29,1.015,0.261,1.049,1.006,0.137,-0.261
161,32,4.9,327.46,5.52,0.674,45.026,2.76,TP,31,0.018,0.045,0.048,-0.014,0.011,0.045
161,33,18.18,328.62,7.72,2.5,45.185,3.862,TP,32,0.05,0.11,0.121,-0.033,-0.037,0.11
161,34,414.49,336.14,1.51,56.992,46.22,0.755,TP,33,0.006,0.068,0.069,-0.0,0.006,-0.068
161,35,259.0,335.0,8.0,35.612,46.062,4.0,FP,,,,,,,
161,36,266.48,349.37,7.93,36.641,48.038,3.965,TP,34,0.161,0.303,0.343,-0.11,-0.118,0.303
161,37,423.01,364.67,8.18,58.164,50.142,4.09,TP,35,0.123,0.052,0.133,0.102,0.068,-0.052
161,38,480.5,364.0,1.0,66.069,50.05,0.5,TP,36,0.026,0.058,0.063,-0.021,0.016,-0.058
161,39,230.13,367.19,5.71,31.643,50.488,2.853,TP,37,0.004,0.09,0.09,-0.004,0.001,0.09
161,40,198.92,379.52,4.36,27.351,52.184,2.181,TP,38,0.19,0.192,0.27,-0.188,-0.028,0.192
161,41,434.0,371.0,9.0,59.675,51.013,4.5,FP,,,,,,,
161,42,361.22,390.43,7.86,49.668,53.684,3.93,TP,40,0.016,0.139,0.14,-0.002,-0.016,0.139
161,43,364.43,417.83,6.98,50.109,57.452,3.491,TP,42,0.391,0.211,0.444,-0.223,-0.321,0.211
161,44,449.42,417.73,2.05,61.796,57.437,1.027,TP,41,0.02,0.022,0.03,-0.016,-0.013,-0.022
161,45,487.83,417.43,2.95,67.076,57.397,1.473,TP,43,0.02,0.034,0.039,-0.017,0.011,-0.034
161,46,91.17,418.83,7.51,12.535,57.588,3.757,TP,44,0.008,0.031,0.032,-0.006,0.005,0.031
161,47,343.3,454.14,4.3,47.203,62.445,2.149,TP,45,0.029,0.095,0.099,0.023,0.018,-0.095
161,48,126.3,480.75,2.0,17.366,66.103,1.0,TP,46,0.077,0.0,0.077,-0.069,-0.035,0.0
161,49,164.47,485.29,5.32,22.615,66.727,2.659,TP,47,0.03,0.018,0.034,0.029,0.002,-0.018
161,50,28.23,501.2,1.98,3.882,68.914,0.988,TP,48,0.132,0.012,0.133,-0.095,-0.091,-0.012
161,51,232.26,504.04,1.88,31.936,69.305,0.938,TP,49,0.047,0.035,0.059,0.017,0.044,-0.035
161,,,,,25.444,22.215,3.75,FN,16,,,,,,
161,,,,,49.451,43.99,1.775,FN,30,,,,,,
161,,,,,26.61,52.017,3.786,FN,39,,,,,,
195,0,372.39,5.77,1.0,51.204,0.794,0.5,TP,1,0.019,0.0,0.019,0.0,0.019,0.0
195,1,23.19,4.49,5.7,3.188,0.617,2.849,TP,0,0.088,0.155,0.178,0.068,0.056,-0.155
195,2,300.04,6.46,1.89,41.256,0.888,0.945,TP,2,0.056,0.245,0.251,-0.027,-0.05,0.245
195,3,312.22,6.35,1.5,42.93,0.874,0.75,TP,3,0.043,0.038,0.058,0.043,-0.002,-0.038
195,4,397.96,16.44,3.79,54.72,2.261,1.896,TP,4,0.195,0.008,0.195,0.087,0.174,-0.008
195,5,205.11,49.31,5.43,28.202,6.78,2.717,TP,5,0.026,0.049,0.055,-0.003,0.025,-0.049
195,6,89.85,59.63,1.84,12.355,8.199,0.921,TP,6,0.074,0.016,0.075,-0.042,-0.06,0.016
195,7,305.34,56.82,7.44,41.984,7.812,3.72,TP,7,0.042,0.05,0.065,0.031,-0.028,-0.05
195,8,56.24,59.8,2.01,7.734,8.223,1.006,TP,8,0.02,0.052,0.056,0.017,0.009,0.052
195,9,430.21,61.43,7.64,59.154,8.446,3.821,FP,,,,,,,
195,10,439.21,71.02,4.14,60.392,9.766,2.069,TP,9,0.243,0.557,0.607,0.189,0.153,-0.557
195,11,303.4,104.8,6.57,41.717,14.41,3.285,TP,10,0.075,0.129,0.149,0.039,0.064,-0.129
195,12,4.38,124.65,3.44,0.602,17.14,1.72,TP,11,0.068,0.309,0.316,-0.058,0.035,-0.309
195,13,215.6,132.83,7.74,29.645,18.265,3.871,TP,12,0.069,0.095,0.118,0.02,-0.066,0.095
195,14,483.15,143.26,1.42,66.433,19.699,0.711,TP,13,0.027,0.006,0.028,0.018,0.02,-0.006
195,15,289.5,139.5,1.0,39.806,19.181,0.5,TP,14,0.0,0.0,0.0,0.0,0.0,0.0
195,16,94.15,169.98,2.75,12.946,23.372,1.376,TP,15,0.006,0.019,0.02,0.001,-0.006,-0.019
195,17,462.45,202.35,2.93,63.587,27.823,1.464,TP,16,0.021,0.029,0.036,-0.021,-0.005,-0.029
195,18,117.21,214.6,4.98,16.117,29.508,2.49,TP,17,0.017,0.021,0.027,-0.011,-0.013,-0.021
195,19,3.68,220.85,1.51,0.507,30.367,0.753,TP,18,0.059,0.031,0.067,0.035,0.048,-0.031
195,20,468.0,222.5,8.0,64.35,30.594,4.0,FP,,,,,,,
195,21,446.23,231.37,3.13,61.356,31.813,1.564,TP,19,0.03,0.205,0.207,0.03,-0.001,-0.205
195,22,162.12,238.38,1.0,22.291,32.778,0.5,TP,20,0.04,0.0,0.04,-0.019,0.035,0.0
195,23,435.21,257.45,6.17,59.841,35.399,3.084,TP,21,0.044,0.09,0.101,0.02,-0.039,0.09
195,24,79.26,285.11,2.41,10.899,39.203,1.203,TP,22,0.02,0.026,0.033,-0.02,0.004,-0.026
195,25,487.18,296.25,8.43,66.987,40.735,4.216,TP,23,0.678,0.037,0.679,0.018,0.678,-0.037
195,26,279.58,297.22,1.27,38.442,40.868,0.637,TP,24,0.02,0.028,0.034,-0.02,-0.002,0.028
195,27,191.22,304.65,6.18,26.292,41.89,3.088,TP,25,0.293,0.35,0.456,-0.262,-0.131,0.35
195,28,511.0,314.5,9.0,70.263,43.244,4.5,FP,,,,,,,
195,29,5.1,317.39,6.97,0.701,43.642,3.484,TP,26,0.104,0.161,0.191,0.087,0.056,-0.161
195,30,353.84,317.59,7.5,48.653,43.668,3.748,TP,27,0.054,0.002,0.054,0.053,-0.01,-0.002
195,31,13.5,321.5,9.0,1.856,44.206,4.5,FP,,,,,,,
195,32,133.13,329.79,7.42,18.305,45.347,3.711,TP,28,0.433,0.001,0.433,0.075,0.427,0.001
195,33,36.11,326.39,1.0,4.965,44.878,0.5,TP,29,0.011,0.0,0.011,-0.006,-0.009,0.0
195,34,147.75,328.26,2.77,20.316,45.135,1.386,TP,30,0.032,0.165,0.169,0.029,0.014,-0.165
195,35,415.68,335.88,4.11,57.156,46.183,2.054,TP,31,0.122,0.01,0.123,-0.017,-0.121,0.01
195,36,296.67,337.32,2.47,40.793,46.382,1.233,TP,32,0.039,0.028,0.048,0.004,-0.038,0.028
195,37,151.69,343.54,7.37,20.858,47.237,3.685,TP,33,0.13,0.185,0.226,-0.114,-0.062,0.185
195,38,293.22,359.89,6.4,40.318,49.484,3.202,TP,34,0.034,0.059,0.068,0.026,0.022,0.059
195,39,273.83,364.89,2.83,37.652,50.173,1.413,TP,35,0.139,0.155,0.208,0.126,0.058,0.155
195,40,270.79,369.64,5.0,37.233,50.826,2.5,FP,,,,,,,
195,41,270.36,370.09,8.0,37.175,50.888,4.0,FP,,,,,,,
195,42,270.88,380.59,3.08,37.245,52.33,1.541,TP,37,0.188,0.01,0.189,-0.174,-0.072,-0.01
195,43,85.14,388.11,6.91,11.706,53.364,3.457,TP,38,0.077,0.234,0.247,-0.062,-0.047,0.234
195,44,34.41,404.33,1.81,4.731,55.595,0.905,TP,39,0.018,0.046,0.049,-0.0,0.018,-0.046
195,45,385.89,402.41,3.97,53.06,55.331,1.986,TP,40,0.139,0.147,0.203,-0.139,-0.002,0.147
195,46,376.5,403.5,9.0,51.769,55.481,4.5,FP,,,,,,,
195,47,281.07,418.13,2.97,38.646,57.493,1.487,TP,41,0.079,0.018,0.081,-0.071,-0.034,-0.018
195,48,390.5,423.0,8.0,53.694,58.163,4.0,FP,,,,,,,
195,49,364.76,432.42,1.95,50.155,59.458,0.975,TP,43,0.035,0.008,0.036,-0.01,-0.034,0.008
195,50,368.05,445.53,6.88,50.607,61.261,3.441,TP,44,0.096,0.188,0.211,-0.053,-0.079,0.188
195,51,487.18,480.14,1.41,66.988,66.019,0.705,TP,45,0.025,0.048,0.054,0.016,0.019,0.048
195,52,506.08,482.43,1.79,69.586,66.334,0.896,TP,46,0.021,0.141,0.142,0.019,-0.008,0.141
195,53,177.13,505.96,1.7,24.356,69.57,0.849,TP,47,0.008,0.093,0.093,-0.007,-0.005,0.093
195,,,,,35.67,51.408,3.748,FN,36,,,,,,
195,,,,,50.27,57.173,0.5,FN,42,,,,,,
196,0,413.64,0.91,1.0,56.875,0.125,0.5,TP,0,0.024,0.0,0.024,0.019,0.015,0.0
196,1,399.21,22.49,3.83,54.891,3.092,1.917,TP,1,0.017,0.119,0.12,0.006,0.015,-0.119
196,2,31.66,25.73,4.84,4.354,3.538,2.422,TP,2,0.044,0.065,0.078,-0.029,-0.033,0.065
196,3,87.77,37.92,4.54,12.068,5.214,2.271,TP,3,0.056,0.07,0.09,-0.056,0.007,0.07
196,4,394.08,55.77,6.66,54.186,7.669,3.332,TP,4,0.07,0.371,0.377,-0.069,-0.011,0.371
196,5,489.93,67.05,3.04,67.366,9.219,1.522,TP,5,0.038,0.022,0.044,0.018,0.033,0.022
196,6,488.49,96.83,6.56,67.167,13.314,3.281,TP,6,0.034,0.031,0.046,-0.033,0.007,0.031
196,7,78.59,106.28,8.15,10.806,14.613,4.073,TP,7,0.324,0.036,0.326,0.217,0.241,0.036
196,8,344.46,110.87,4.83,47.364,15.244,2.417,TP,8,0.095,0.01,0.095,0.011,0.094,-0.01
196,9,289.08,107.04,2.96,39.748,14.718,1.481,TP,9,0.03,0.015,0.033,-0.019,-0.023,0.015
196,10,57.57,122.3,7.18,7.916,16.817,3.591,TP,10,0.06,0.122,0.136,-0.031,-0.051,0.122
196,11,82.1,126.05,2.92,11.289,17.332,1.458,TP,11,0.019,0.042,0.046,0.019,-0.0,-0.042
196,12,359.67,158.44,2.51,49.455,21.785,1.253,TP,12,0.028,0.007,0.029,-0.016,-0.023,-0.007
196,13,474.68,172.87,7.71,65.269,23.769,3.856,TP,13,0.137,0.064,0.151,-0.134,-0.029,0.064
196,14,255.57,175.64,6.49,35.142,24.151,3.243,TP,14,0.066,0.079,0.103,0.043,0.051,-0.079
196,15,448.14,198.5,2.5,61.619,27.294,1.25,TP,15,0.018,0.025,0.031,0.005,0.017,-0.025
196,16,370.75,202.8,1.95,50.978,27.886,0.974,TP,16,0.037,0.023,0.043,-0.032,-0.017,0.023
196,17,351.95,206.15,6.73,48.393,28.345,3.363,TP,17,0.092,0.09,0.129,-0.088,0.027,0.09
196,18,391.51,209.46,7.6,53.832,28.8,3.801,TP,18,0.023,0.061,0.066,0.023,-0.003,0.061
196,19,438.0,220.5,8.0,60.225,30.319,4.0,TP,19,0.844,3.0,3.117,0.376,-0.756,3.0
196,20,435.21,226.31,1.77,59.841,31.118,0.886,FP,,,,,,,
196,21,453.24,228.36,7.53,62.321,31.399,3.763,TP,20,0.074,0.408,0.414,-0.033,0.067,0.408
196,22,447.33,237.65,3.7,61.507,32.677,1.848,TP,21,0.033,0.182,0.185,0.027,0.019,-0.182
196,23,422.68,237.85,6.47,58.118,32.705,3.234,TP,22,0.047,0.018,0.05,0.046,0.009,-0.018
196,24,17.1,252.86,7.6,2.352,34.769,3.799,TP,24,0.312,0.268,0.411,-0.201,-0.238,0.268
196,25,403.99,248.35,6.83,55.549,34.148,3.415,TP,23,0.075,0.085,0.113,0.042,0.062,-0.085
196,26,199.5,265.39,1.5,27.431,36.491,0.75,TP,25,0.01,0.006,0.012,-0.002,0.01,0.006
196,27,335.53,284.22,7.94,46.136,39.08,3.971,TP,26,0.993,0.147,1.004,0.859,0.498,0.147
196,28,91.96,290.29,4.1,12.645,39.915,2.051,TP,28,0.013,0.023,0.027,-0.013,-0.001,-0.023
196,29,26.66,299.53,6.01,3.666,41.185,3.003,TP,29,0.06,0.053,0.08,-0.027,-0.053,0.053
196,30,299.6,332.93,1.96,41.195,45.778,0.982,TP,30,0.021,0.018,0.027,0.007,0.02,-0.018
196,31,110.6,342.93,1.45,15.207,47.152,0.724,TP,31,0.044,0.045,0.063,0.029,0.033,-0.045
196,32,49.0,356.15,1.98,6.738,48.971,0.992,TP,32,0.009,0.023,0.025,0.009,-0.001,-0.023
196,33,505.96,356.62,2.14,69.569,49.035,1.068,TP,34,0.029,0.017,0.034,0.029,-0.001,0.017
196,34,132.92,358.91,8.01,18.276,49.35,4.006,TP,33,0.099,0.014,0.1,0.048,0.087,-0.014
196,35,434.67,367.52,8.14,59.767,50.534,4.069,TP,35,0.288,0.093,0.303,0.117,0.263,0.093
196,36,454.25,369.15,2.87,62.459,50.758,1.434,TP,36,0.012,0.019,0.023,-0.012,-0.003,0.019
196,37,264.88,387.0,3.65,36.421,53.213,1.826,TP,37,0.025,0.054,0.06,-0.025,-0.001,-0.054
196,38,263.0,384.0,2.0,36.163,52.8,1.0,FP,,,,,,,
196,39,90.68,392.16,7.23,12.469,53.922,3.613,TP,38,0.119,0.375,0.393,0.029,-0.115,0.375
196,40,261.68,413.69,4.0,35.982,56.883,2.0,TP,39,0.035,0.006,0.036,-0.001,0.035,0.006
196,41,383.77,465.01,1.81,52.769,63.938,0.903,TP,40,0.037,0.058,0.069,-0.032,-0.018,-0.058
196,42,490.58,472.89,8.56,67.455,65.022,4.28,TP,41,0.316,0.022,0.316,0.248,0.196,0.022
196,43,268.47,473.38,6.84,36.915,65.089,3.421,TP,42,0.014,0.067,0.069,-0.0,0.014,-0.067
196,44,418.55,485.1,2.45,57.55,66.701,1.226,TP,43,0.057,0.012,0.059,-0.047,-0.033,0.012
196,45,315.55,489.43,1.49,43.388,67.297,0.743,TP,44,0.067,0.007,0.067,-0.064,-0.02,-0.007
196,46,303.08,499.37,4.05,41.674,68.663,2.025,TP,45,0.031,0.109,0.113,-0.014,-0.027,0.109
196,47,391.8,499.71,6.58,53.873,68.71,3.291,TP,46,0.059,0.188,0.197,-0.049,-0.032,0.188
196,,,,,47.237,39.6,3.691,FN,27,,,,,,
21,0,238.82,7.11,8.42,32.838,0.977,4.212,TP,0,0.459,0.054,0.462,0.149,0.434,0.054
21,1,310.4,9.13,1.87,42.68,1.255,0.937,TP,1,0.038,0.143,0.148,-0.038,0.003,0.143
21,2,491.61,37.61,1.46,67.596,5.171,0.728,TP,2,0.017,0.015,0.023,-0.004,0.016,0.015
21,3,95.88,54.19,2.92,13.183,7.452,1.458,TP,3,0.039,0.031,0.05,0.007,0.039,-0.031
21,4,483.08,80.32,7.55,66.423,11.045,3.773,TP,4,0.357,0.277,0.452,-0.077,-0.349,0.277
21,5,276.93,87.35,3.46,38.078,12.011,1.728,TP,5,0.021,0.018,0.027,0.013,0.017,0.018
21,6,315.48,92.32,2.02,43.379,12.694,1.008,TP,6,0.006,0.001,0.006,-0.001,-0.006,-0.001
21,7,139.28,103.25,7.71,19.151,14.196,3.855,TP,7,0.029,0.275,0.276,-0.028,-0.007,0.275
21,8,25.29,132.88,6.17,3.477,18.272,3.087,TP,8,0.17,0.127,0.212,-0.071,-0.155,0.127
21,9,141.12,137.42,3.45,19.405,18.895,1.725,TP,9,0.02,0.011,0.023,0.008,0.018,-0.011
21,10,279.79,139.93,7.67,38.472,19.241,3.836,TP,10,0.014,0.099,0.1,-0.013,-0.006,0.099
21,11,195.77,154.28,1.4,26.918,21.213,0.7,TP,11,0.009,0.008,0.012,0.008,0.004,-0.008
21,12,65.33,160.58,4.59,8.983,22.08,2.296,TP,12,0.038,0.032,0.049,0.036,-0.011,-0.032
21,13,465.54,164.87,5.39,64.011,22.67,2.694,TP,13,0.163,0.205,0.262,-0.16,-0.032,0.205
21,14,502.78,171.63,1.96,69.132,23.599,0.98,TP,14,0.019,0.007,0.02,0.009,0.017,-0.007
21,15,46.99,189.98,7.24,6.461,26.123,3.619,TP,16,0.333,0.318,0.46,-0.282,-0.177,0.318
21,16,230.99,190.82,2.4,31.76,26.237,1.199,TP,15,0.046,0.07,0.084,-0.038,-0.025,-0.07
21,17,286.11,211.49,2.43,39.34,29.08,1.216,TP,17,0.008,0.005,0.009,-0.001,0.008,0.005
21,18,142.77,234.71,1.91,19.631,32.272,0.957,TP,18,0.033,0.089,0.095,-0.032,-0.009,-0.089
21,19,210.3,232.86,1.3,28.916,32.018,0.649,TP,19,0.011,0.047,0.049,-0.01,0.005,-0.047
21,20,116.71,244.16,7.92,16.047,33.572,3.958,TP,20,0.42,0.39,0.573,-0.163,-0.387,0.39
21,21,48.12,255.78,2.53,6.616,35.169,1.264,TP,21,0.023,0.093,0.096,-0.008,0.021,-0.093
21,22,198.94,258.76,5.75,27.354,35.58,2.875,TP,23,0.057,0.072,0.092,0.032,0.048,-0.072
21,23,25.28,254.0,7.56,3.476,34.925,3.78,TP,22,0.239,0.03,0.241,0.22,0.095,0.03
21,24,122.09,257.77,6.0,16.788,35.444,3.0,FP,,,,,,,
21,25,357.4,286.91,2.96,49.143,39.451,1.482,TP,24,0.056,0.014,0.057,0.026,0.049,-0.014
21,26,25.66,285.62,5.0,3.529,39.273,2.5,TP,25,0.048,0.0,0.048,-0.035,-0.032,0.0
21,27,368.96,300.21,7.07,50.732,41.279,3.534,TP,26,0.031,0.011,0.033,-0.018,0.025,0.011
21,28,79.79,306.94,2.47,10.971,42.204,1.234,TP,27,0.011,0.016,0.019,0.006,-0.009,-0.016
21,29,296.71,308.44,1.34,40.797,42.41,0.671,TP,28,0.019,0.039,0.044,0.003,-0.019,0.039
21,30,149.35,308.65,1.29,20.536,42.439,0.645,TP,29,0.023,0.014,0.027,0.011,0.02,-0.014
21,31,117.55,311.45,1.79,16.163,42.824,0.897,TP,30,0.053,0.093,0.107,0.017,0.05,-0.093
21,32,129.12,323.55,6.24,17.754,44.488,3.118,TP,31,0.282,1.088,1.124,0.062,-0.275,1.088
21,33,130.0,329.5,7.0,17.875,45.306,3.5,FP,,,,,,,
21,34,125.84,334.3,4.89,17.303,45.967,2.446,TP,32,0.016,0.016,0.023,0.008,0.014,-0.016
21,35,458.67,334.93,5.77,63.068,46.053,2.887,TP,33,0.023,0.143,0.145,0.006,0.022,-0.143
21,36,29.11,361.4,3.04,4.002,49.692,1.522,TP,34,0.02,0.052,0.056,0.007,0.019,-0.052
21,37,365.22,363.35,2.92,50.217,49.96,1.462,TP,35,0.014,0.075,0.076,0.005,0.013,-0.075
21,38,273.46,370.54,2.93,37.601,50.949,1.465,TP,36,0.007,0.035,0.036,-0.005,0.005,-0.035
21,39,42.2,395.33,4.25,5.802,54.358,2.126,TP,37,0.005,0.007,0.008,-0.002,-0.005,0.007
21,40,380.38,390.99,3.86,52.302,53.762,1.929,TP,38,0.049,0.182,0.188,0.047,0.016,-0.182
21,41,112.19,409.86,5.35,15.427,56.355,2.677,TP,40,0.059,0.221,0.229,-0.027,-0.052,0.221
21,42,192.5,405.41,6.47,26.469,55.743,3.234,TP,39,0.343,0.602,0.693,0.33,0.094,-0.602
21,43,191.85,410.19,3.0,26.379,56.401,1.5,TP,41,0.861,0.581,1.039,-0.85,-0.136,-0.581
21,44,205.02,411.57,4.0,28.19,56.591,2.0,FP,,,,,,,
21,45,185.8,412.0,6.0,25.548,56.65,3.0,FP,,,,,,,
21,46,29.57,432.18,2.46,4.065,59.425,1.23,TP,42,0.005,0.004,0.007,0.004,0.004,-0.004
21,47,55.59,448.5,2.07,7.644,61.669,1.036,TP,43,0.011,0.036,0.037,-0.004,-0.01,0.036
21,48,28.83,492.51,6.68,3.964,67.721,3.339,TP,44,0.089,0.027,0.093,0.025,0.085,0.027
21,49,53.98,486.48,7.88,7.422,66.891,3.938,TP,45,0.544,0.062,0.548,0.428,0.337,-0.062
21,50,381.87,493.03,4.96,52.508,67.791,2.478,TP,46,0.123,0.492,0.507,-0.12,-0.024,0.492
21,51,376.23,503.29,6.59,51.731,69.203,3.294,TP,47,0.076,0.343,0.352,0.025,-0.072,0.343
35,0,51.39,12.48,1.0,7.066,1.716,0.5,TP,0,0.014,0.0,0.014,0.003,-0.014,0.0
35,1,482.78,28.8,5.04,66.382,3.96,2.522,TP,2,0.06,0.053,0.08,-0.0,-0.06,0.053
35,2,102.0,20.5,9.0,14.025,2.819,4.5,TP,1,0.85,0.553,1.014,-0.685,-0.504,0.553
35,3,111.84,30.67,7.65,15.378,4.217,3.825,TP,5,0.456,0.029,0.457,0.1,-0.445,0.029
35,4,398.82,28.1,8.55,54.838,3.863,4.275,TP,3,0.323,0.033,0.324,0.308,0.097,0.033
35,5,330.63,28.74,2.97,45.461,3.952,1.484,TP,4,0.012,0.003,0.013,0.005,0.011,-0.003
35,6,109.92,40.59,2.01,15.114,5.582,1.007,TP,6,0.057,0.007,0.057,-0.011,-0.056,0.007
35,7,455.93,45.95,1.47,62.69,6.319,0.733,TP,7,0.025,0.017,0.03,-0.023,0.01,-0.017
35,8,340.18,57.79,7.06,46.775,7.946,3.528,TP,8,0.324,0.242,0.404,0.015,0.323,-0.242
35,9,147.93,66.31,1.07,20.34,9.118,0.536,TP,9,0.172,0.217,0.277,-0.156,0.074,-0.217
35,10,258.03,76.28,2.24,35.479,10.488,1.121,TP,11,0.042,0.119,0.126,0.0,0.042,-0.119
35,11,154.15,92.27,1.85,21.195,12.687,0.927,TP,12,0.031,0.026,0.04,-0.031,-0.002,0.026
35,12,244.06,94.16,7.66,33.558,12.947,3.83,TP,13,0.118,0.201,0.233,0.118,0.007,-0.201
35,13,277.37,99.4,2.02,38.138,13.668,1.008,TP,14,0.02,0.008,0.022,-0.018,0.009,0.008
35,14,487.88,102.04,3.56,67.084,14.03,1.78,TP,15,0.054,0.191,0.199,0.016,0.052,-0.191
35,15,39.46,110.07,6.91,5.426,15.134,3.454,TP,16,0.029,0.051,0.058,-0.003,0.029,-0.051
35,16,318.29,126.57,4.0,43.764,17.404,2.0,TP,17,1.039,0.968,1.42,-0.216,-1.016,0.968
35,17,319.91,134.36,1.89,43.988,18.475,0.944,FP,,,,,,,
35,18,36.76,132.94,1.37,5.054,18.279,0.684,TP,18,0.031,0.047,0.056,-0.027,0.016,-0.047
35,19,3.22,154.82,3.67,0.443,21.288,1.836,TP,19,0.155,0.145,0.212,0.076,0.135,-0.145
35,20,192.79,164.63,7.56,26.508,22.637,3.781,TP,20,0.258,0.122,0.285,-0.255,-0.037,0.122
35,21,399.01,170.36,3.94,54.864,23.425,1.969,TP,21,0.071,0.018,0.073,-0.011,-0.07,0.018
35,22,475.66,168.97,2.0,65.403,23.233,1.0,TP,22,0.021,0.009,0.023,-0.002,0.02,0.009
35,23,148.56,183.09,2.51,20.427,25.175,1.253,TP,23,0.02,0.017,0.026,-0.014,-0.014,0.017
35,24,497.41,196.33,6.27,68.394,26.996,3.133,TP,24,0.05,0.275,0.28,0.005,-0.05,0.275
35,25,82.56,215.55,3.47,11.352,29.638,1.734,TP,25,0.08,0.035,0.087,-0.045,-0.066,0.035
35,26,424.54,212.45,4.98,58.374,29.212,2.491,TP,26,0.171,0.214,0.274,-0.167,-0.036,0.214
35,27,398.69,222.51,3.49,54.82,30.596,1.743,TP,27,0.085,0.017,0.087,-0.069,-0.049,0.017
35,28,134.1,218.96,1.97,18.439,30.107,0.987,TP,28,0.01,0.006,0.012,0.001,0.01,-0.006
35,29,149.68,223.5,1.93,20.58,30.731,0.963,TP,29,0.018,0.008,0.019,-0.017,0.005,0.008
35,30,182.18,220.36,7.53,25.05,30.299,3.764,TP,30,0.024,0.093,0.096,-0.022,0.01,0.093
35,31,90.77,229.19,6.92,12.48,31.514,3.462,TP,31,0.35,0.423,0.548,-0.171,-0.305,0.423
35,32,422.0,234.0,8.0,58.025,32.175,4.0,FP,,,,,,,
35,33,404.19,246.9,2.38,55.577,33.948,1.189,TP,32,0.04,0.01,0.041,-0.037,-0.016,-0.01
35,34,154.82,290.77,3.44,21.288,39.98,1.722,TP,34,0.034,0.009,0.035,0.018,0.029,0.009
35,35,375.98,317.76,7.98,51.697,43.692,3.988,TP,35,0.051,0.023,0.056,0.043,0.027,0.023
35,36,289.41,322.06,6.09,39.793,44.283,3.046,TP,38,0.327,0.314,0.453,-0.2,-0.259,0.314
35,37,227.39,325.36,4.15,31.266,44.736,2.075,TP,37,0.064,0.015,0.066,-0.035,-0.054,0.015
35,38,489.41,329.79,6.23,67.294,45.346,3.116,TP,36,0.347,0.304,0.461,0.13,0.322,-0.304
35,39,432.96,336.55,6.92,59.532,46.275,3.459,TP,39,0.401,0.295,0.498,-0.146,-0.373,0.295
35,40,4.53,379.13,7.49,0.624,52.131,3.744,TP,40,0.22,0.139,0.26,0.079,0.206,-0.139
35,41,170.89,401.78,1.34,23.497,55.245,0.672,TP,41,0.045,0.033,0.056,-0.042,-0.015,-0.033
35,42,119.98,416.89,4.58,16.497,57.322,2.288,TP,42,0.017,0.043,0.047,-0.009,-0.015,-0.043
35,43,389.85,461.01,4.88,53.604,63.389,2.441,TP,43,0.1,0.238,0.258,0.047,0.088,-0.238
35,44,107.42,487.81,4.58,14.77,67.074,2.289,TP,44,0.018,0.008,0.02,-0.003,-0.018,-0.008
35,45,224.5,505.6,7.01,30.869,69.519,3.507,TP,46,0.314,0.497,0.588,-0.192,-0.249,0.497
35,46,477.01,504.58,3.46,65.588,69.38,1.728,TP,45,0.158,0.29,0.33,0.061,0.146,-0.29
35,,,,,19.603,9.541,0.5,FN,10,,,,,,
35,,,,,22.289,38.754,0.5,FN,33,,,,,,
44,0,434.21,24.31,4.5,59.703,3.342,2.25,TP,0,0.029,0.002,0.029,-0.029,-0.002,0.002
44,1,389.58,61.3,1.47,53.567,8.429,0.737,TP,1,0.02,0.003,0.02,-0.017,-0.009,-0.003
44,2,146.59,69.0,3.0,20.156,9.488,1.5,TP,2,0.071,0.0,0.071,0.057,0.042,0.0
44,3,507.78,127.29,3.16,69.819,17.503,1.581,TP,3,0.073,0.168,0.183,-0.063,0.037,0.168
44,4,188.31,133.65,2.31,25.893,18.377,1.155,TP,4,0.022,0.02,0.03,-0.019,0.011,-0.02
44,5,484.58,141.0,1.49,66.63,19.388,0.747,TP,5,0.069,0.014,0.071,0.058,0.037,0.014
44,6,277.62,143.71,8.27,38.172,19.761,4.136,TP,6,0.038,0.123,0.129,-0.038,0.003,0.123
44,7,31.03,142.48,6.66,4.267,19.592,3.33,TP,7,0.016,0.077,0.078,-0.005,-0.015,0.077
44,8,12.04,148.2,5.47,1.655,20.378,2.733,TP,8,0.047,0.148,0.155,-0.045,-0.014,0.148
44,9,78.16,153.48,6.65,10.746,21.104,3.323,TP,10,0.14,0.127,0.189,-0.085,-0.111,0.127
44,10,401.85,155.45,2.74,55.254,21.374,1.369,TP,9,0.492,2.274,2.327,-0.119,0.477,-2.274
44,11,18.0,151.5,1.0,2.475,20.831,0.5,FP,,,,,,,
44,12,234.25,175.13,5.96,32.21,24.08,2.979,TP,13,0.013,0.035,0.037,0.004,0.012,0.035
44,13,406.03,180.26,3.45,55.829,24.785,1.724,TP,14,0.116,0.0,0.116,0.018,0.114,-0.0
44,14,284.99,189.37,6.08,39.186,26.038,3.04,TP,15,0.183,0.241,0.303,-0.178,-0.04,0.241
44,15,508.75,208.48,8.08,69.953,28.666,4.042,TP,16,0.051,0.041,0.065,0.021,-0.046,-0.041
44,16,104.61,240.98,8.15,14.384,33.134,4.076,TP,17,0.085,0.102,0.133,0.016,0.084,0.102
44,17,4.05,235.68,3.64,0.557,32.406,1.819,TP,18,0.017,0.235,0.236,0.012,0.012,-0.235
44,18,511.0,235.5,8.0,70.263,32.381,4.0,FP,,,,,,,
44,19,67.09,244.24,3.51,9.224,33.583,1.754,TP,19,0.022,0.0,0.022,-0.012,-0.018,-0.0
44,20,109.77,263.69,6.58,15.094,36.258,3.288,TP,20,0.037,0.132,0.137,-0.025,-0.028,0.132
44,21,357.46,267.18,6.49,49.15,36.737,3.246,TP,21,0.011,0.246,0.247,-0.006,-0.009,0.246
44,22,144.71,286.57,7.23,19.897,39.404,3.617,TP,22,0.176,0.102,0.203,0.137,0.11,-0.102
44,23,202.0,301.19,8.42,27.775,41.413,4.209,TP,23,0.4,0.063,0.405,0.238,0.321,-0.063
44,24,269.34,313.46,4.93,37.034,43.1,2.463,TP,24,0.015,0.009,0.018,-0.01,-0.011,0.009
44,25,485.73,311.25,6.73,66.787,42.796,3.363,TP,25,0.058,0.142,0.153,0.056,0.015,-0.142
44,26,476.62,311.06,3.61,65.535,42.771,1.803,TP,26,0.014,0.045,0.048,0.013,0.006,0.045
44,27,217.33,323.44,3.09,29.883,44.473,1.543,TP,27,0.014,0.059,0.06,-0.01,0.009,0.059
44,28,198.99,335.33,6.12,27.362,46.107,3.061,TP,28,0.307,0.528,0.611,-0.307,-0.006,0.528
44,29,452.18,349.33,7.73,62.175,48.033,3.864,TP,29,0.155,0.364,0.395,0.133,0.08,0.364
44,30,421.6,361.57,5.37,57.969,49.716,2.686,TP,30,0.128,0.025,0.13,0.092,0.088,-0.025
44,31,434.04,353.11,1.0,59.68,48.553,0.5,TP,32,0.054,0.0,0.054,0.005,-0.053,0.0
44,32,363.08,356.03,7.02,49.924,48.954,3.509,TP,31,0.053,0.062,0.082,0.031,0.043,-0.062
44,33,249.57,356.01,3.01,34.316,48.951,1.504,TP,33,0.01,0.01,0.014,0.009,-0.005,-0.01
44,34,432.82,381.01,6.16,59.513,52.389,3.081,TP,34,0.094,0.117,0.15,-0.089,-0.03,0.117
44,35,64.61,410.63,4.76,8.883,56.462,2.379,TP,35,0.025,0.024,0.034,-0.022,-0.01,0.024
44,36,105.13,419.7,3.87,14.456,57.708,1.937,TP,36,0.016,0.052,0.055,0.005,0.015,-0.052
44,37,91.07,423.21,7.48,12.522,58.191,3.741,TP,37,0.042,0.018,0.046,0.041,-0.012,-0.018
44,38,197.21,430.19,1.94,27.116,59.152,0.968,TP,38,0.01,0.015,0.018,0.003,0.009,0.015
44,39,72.68,437.53,1.58,9.993,60.161,0.792,TP,39,0.025,0.029,0.038,0.007,-0.024,-0.029
44,40,111.82,449.43,2.51,15.376,61.797,1.253,TP,40,0.03,0.01,0.031,-0.028,-0.01,-0.01
44,41,141.61,466.7,8.23,19.471,64.171,4.116,TP,41,0.245,0.075,0.256,-0.234,-0.072,0.075
44,42,155.19,472.5,9.0,21.338,64.969,4.5,FP,,,,,,,
44,43,225.15,482.33,5.18,30.958,66.321,2.591,TP,42,0.143,0.202,0.248,-0.139,-0.036,0.202
44,44,209.65,487.93,2.41,28.827,67.09,1.205,TP,43,0.021,0.094,0.097,-0.018,-0.012,0.094
44,45,338.09,501.52,4.58,46.487,68.959,2.292,TP,44,0.105,0.051,0.117,-0.099,-0.035,0.051
44,46,372.13,504.54,1.99,51.168,69.374,0.993,TP,45,0.024,0.013,0.027,-0.016,0.018,0.013
44,47,467.82,506.27,1.53,64.326,69.612,0.767,TP,46,0.025,0.017,0.03,0.024,0.007,-0.017
44,,,,,54.317,20.704,1.486,FN,11,,,,,,
44,,,,,56.17,22.283,0.619,FN,12,,,,,,
48,0,321.4,18.92,3.25,44.193,2.602,1.627,TP,0,0.014,0.026,0.03,-0.012,0.008,0.026
48,1,394.94,23.48,4.5,54.304,3.228,2.252,TP,1,0.009,0.002,0.009,-0.009,-0.003,0.002
48,2,85.78,30.02,6.27,11.795,4.128,3.136,TP,2,0.04,0.104,0.111,0.019,0.036,-0.104
48,3,489.0,47.99,7.3,67.238,6.599,3.649,TP,3,0.206,0.292,0.357,-0.139,-0.152,0.292
48,4,402.09,53.96,2.02,55.288,7.42,1.009,TP,4,0.018,0.002,0.018,-0.014,-0.011,-0.002
48,5,201.45,59.43,8.08,27.699,8.172,4.042,TP,5,0.075,0.02,0.078,-0.01,0.075,0.02
48,6,475.38,61.05,1.36,65.364,8.395,0.679,TP,6,0.073,0.321,0.329,-0.068,-0.027,-0.321
48,7,250.53,62.22,1.41,34.448,8.555,0.706,TP,7,0.031,0.044,0.054,-0.03,0.004,-0.044
48,8,205.85,105.12,7.14,28.304,14.454,3.57,TP,8,0.096,0.034,0.102,0.059,0.076,-0.034
48,9,370.38,108.0,5.61,50.927,14.851,2.803,TP,9,0.124,0.099,0.158,-0.12,-0.03,0.099
48,10,243.19,116.49,2.61,33.438,16.018,1.306,TP,10,0.038,0.086,0.095,0.017,0.034,-0.086
48,11,201.05,119.55,1.11,27.644,16.438,0.556,TP,11,0.174,0.175,0.247,-0.173,0.017,-0.175
48,12,366.53,123.34,1.96,50.398,16.959,0.978,TP,12,0.03,0.017,0.034,0.025,0.016,0.017
48,13,203.5,120.5,4.0,27.981,16.569,2.0,FP,,,,,,,
48,14,506.04,145.09,5.73,69.581,19.95,2.864,TP,13,0.138,0.117,0.181,-0.067,-0.121,0.117
48,15,510.17,151.83,1.0,70.148,20.877,0.5,FP,,,,,,,
48,16,440.3,155.14,6.98,60.542,21.331,3.489,TP,15,0.028,0.011,0.03,-0.021,0.019,-0.011
48,17,192.35,160.96,6.4,26.448,22.131,3.202,TP,16,0.112,0.017,0.114,-0.108,-0.03,0.017
48,18,181.5,159.0,9.0,24.956,21.863,4.5,FP,,,,,,,
48,19,449.62,165.42,8.17,61.822,22.745,4.085,TP,17,0.397,0.033,0.398,0.373,0.135,-0.033
48,20,402.28,175.68,7.73,55.314,24.157,3.865,TP,19,0.059,0.215,0.223,-0.057,-0.013,0.215
48,21,137.66,174.03,3.28,18.928,23.929,1.641,TP,18,0.001,0.005,0.005,-0.001,0.0,-0.005
48,22,282.17,186.11,8.48,38.798,25.59,4.238,TP,21,0.215,0.238,0.32,0.178,0.119,0.238
48,23,424.25,184.0,9.0,58.334,25.3,4.5,TP,20,0.22,0.0,0.22,-0.148,-0.164,0.0
48,24,188.83,195.57,6.69,25.964,26.891,3.345,TP,22,0.016,0.042,0.046,-0.004,0.016,0.042
48,25,52.96,197.53,6.6,7.282,27.16,3.302,TP,23,0.01,0.017,0.02,-0.004,0.009,-0.017
48,26,147.72,198.22,5.67,20.311,27.255,2.835,TP,24,0.031,0.085,0.09,-0.018,0.026,-0.085
48,27,130.48,209.98,1.25,17.94,28.872,0.625,TP,25,0.015,0.062,0.064,0.014,0.005,0.062
48,28,367.9,212.07,4.48,50.587,29.159,2.242,TP,26,0.01,0.001,0.01,-0.008,0.006,0.001
48,29,41.33,235.33,1.0,5.683,32.358,0.5,TP,27,0.024,0.0,0.024,-0.023,0.007,0.0
48,30,292.64,240.01,7.79,40.238,33.001,3.894,TP,28,0.022,0.09,0.093,0.011,0.019,0.09
48,31,132.97,249.86,2.49,18.283,34.355,1.244,TP,30,0.013,0.03,0.033,0.008,0.01,0.03
48,32,370.2,258.71,7.85,50.902,35.573,3.925,TP,31,0.534,0.123,0.548,0.481,0.232,-0.123
48,33,504.24,256.68,3.86,69.332,35.293,1.931,TP,32,0.027,0.076,0.081,0.02,0.018,-0.076
48,34,82.15,259.94,3.84,11.296,35.742,1.921,TP,33,0.036,0.083,0.091,0.033,0.016,-0.083
48,35,368.5,255.0,9.0,50.669,35.062,4.5,FP,,,,,,,
48,36,22.01,266.5,7.83,3.026,36.643,3.917,TP,29,1.094,0.242,1.12,0.023,1.094,-0.242
48,37,383.0,264.5,9.0,52.663,36.369,4.5,FP,,,,,,,
48,38,60.05,269.68,8.05,8.257,37.081,4.024,TP,34,0.799,0.349,0.872,0.711,0.365,-0.349
48,39,83.07,298.36,1.17,11.422,41.024,0.585,TP,35,0.063,0.026,0.068,-0.037,-0.051,0.026
48,40,272.75,317.52,6.45,37.503,43.66,3.227,TP,36,0.07,0.253,0.263,-0.058,-0.04,0.253
48,41,399.75,336.02,2.78,54.966,46.203,1.39,TP,37,0.015,0.005,0.015,0.003,0.014,-0.005
48,42,69.91,350.85,3.42,9.613,48.242,1.71,TP,38,0.023,0.004,0.023,0.004,-0.022,-0.004
48,43,349.71,376.91,8.53,48.085,51.825,4.267,TP,39,0.266,0.099,0.284,-0.141,-0.225,0.099
48,44,357.53,377.33,9.0,49.161,51.883,4.5,FP,,,,,,,
48,45,169.06,389.87,2.67,23.246,53.608,1.336,TP,40,0.036,0.042,0.056,-0.018,-0.032,-0.042
48,46,373.91,387.62,3.46,51.413,53.298,1.731,TP,41,0.007,0.053,0.053,-0.006,0.003,-0.053
48,47,177.02,416.22,4.76,24.34,57.23,2.381,TP,42,0.006,0.024,0.025,-0.005,-0.001,0.024
48,48,383.75,430.12,1.53,52.765,59.141,0.763,TP,43,0.035,0.063,0.072,-0.031,-0.015,0.063
48,49,83.84,450.05,4.47,11.527,61.882,2.234,TP,44,0.036,0.066,0.075,0.014,0.033,-0.066
48,50,334.83,479.19,3.12,46.039,65.888,1.561,TP,45,0.046,0.178,0.184,0.001,0.046,-0.178
48,51,321.46,489.16,3.48,44.201,67.26,1.738,TP,46,0.056,0.072,0.092,0.056,-0.005,-0.072
48,52,415.04,506.4,1.0,57.068,69.63,0.5,TP,48,0.055,0.0,0.055,-0.04,0.038,0.0
48,,,,,25.575,19.663,0.5,FN,14,,,,,,
48,,,,,0.192,69.259,0.5,FN,47,,,,,,
55,0,329.79,9.87,4.81,45.346,1.357,2.403,TP,0,0.043,0.017,0.046,-0.02,-0.038,0.017
55,1,509.04,24.12,2.02,69.993,3.317,1.01,TP,1,0.076,0.267,0.277,-0.075,0.006,0.267
55,2,247.8,30.41,4.33,34.072,4.181,2.165,TP,2,0.011,0.044,0.046,-0.007,0.008,-0.044
55,3,18.96,49.16,6.63,2.607,6.759,3.313,TP,3,0.049,0.016,0.052,-0.023,-0.043,0.016
55,4,351.96,59.54,1.95,48.395,8.186,0.975,TP,4,0.012,0.019,0.022,0.007,0.01,-0.019
55,5,215.14,103.5,1.78,29.582,14.231,0.888,TP,5,0.057,0.035,0.067,-0.025,-0.051,0.035
55,6,246.51,122.4,4.91,33.895,16.83,2.457,TP,6,0.072,0.58,0.585,-0.022,-0.068,0.58
55,7,495.1,128.88,1.85,68.077,17.722,0.923,TP,7,0.054,0.028,0.061,-0.049,-0.023,0.028
55,8,261.1,129.2,2.59,35.901,17.765,1.297,TP,8,0.033,0.039,0.051,0.023,-0.024,0.039
55,9,126.67,132.08,8.25,17.417,18.161,4.125,TP,9,0.263,0.386,0.467,-0.263,0.005,0.386
55,10,130.68,132.93,6.39,17.969,18.277,3.195,FP,,,,,,,
55,11,383.32,160.58,3.59,52.706,22.079,1.797,TP,10,0.026,0.058,0.064,0.007,0.026,-0.058
55,12,333.0,157.09,4.54,45.788,21.6,2.27,TP,11,0.021,0.018,0.028,0.021,-0.002,-0.018
55,13,23.85,162.46,1.0,3.279,22.338,0.5,TP,12,0.036,0.0,0.036,-0.034,0.013,0.0
55,14,113.72,175.58,4.9,15.637,24.142,2.449,TP,13,0.032,0.086,0.092,0.002,-0.032,0.086
55,15,185.22,198.41,4.75,25.468,27.282,2.373,TP,14,0.062,0.154,0.166,-0.023,-0.058,0.154
55,16,409.65,198.74,8.4,56.327,27.327,4.198,TP,15,0.015,0.198,0.199,-0.015,-0.004,0.198
55,17,13.02,198.51,5.96,1.79,27.296,2.979,TP,16,0.057,0.233,0.24,-0.054,0.019,0.233
55,18,208.31,231.86,6.22,28.642,31.881,3.111,TP,17,0.059,0.001,0.059,0.038,0.045,-0.001
55,19,429.98,236.46,3.53,59.122,32.513,1.765,TP,18,0.014,0.03,0.033,0.013,0.006,-0.03
55,20,36.15,237.07,1.48,4.97,32.598,0.741,TP,19,0.01,0.019,0.021,-0.01,0.0,0.019
55,21,304.67,247.01,7.98,41.892,33.964,3.991,TP,20,0.877,0.009,0.877,0.7,0.528,-0.009
55,22,321.72,257.52,2.26,44.237,35.409,1.128,TP,21,0.03,0.104,0.108,-0.029,0.005,0.104
55,23,336.01,258.46,6.7,46.201,35.539,3.348,TP,22,0.027,0.117,0.12,-0.003,-0.027,-0.117
55,24,278.54,269.52,2.38,38.3,37.059,1.191,TP,24,0.007,0.03,0.03,-0.004,0.005,0.03
55,25,56.97,287.54,2.4,7.833,39.537,1.202,TP,25,0.036,0.021,0.042,0.01,0.035,-0.021
55,26,198.47,283.5,8.1,27.29,38.982,4.049,TP,26,0.309,0.005,0.309,0.294,0.096,0.005
55,27,203.41,299.57,6.41,27.968,41.191,3.203,TP,27,0.175,0.479,0.51,-0.173,-0.024,0.479
55,28,253.21,313.22,1.45,34.816,43.068,0.724,TP,28,0.017,0.0,0.017,-0.003,0.017,-0.0
55,29,400.12,318.67,8.12,55.017,43.817,4.06,TP,29,0.268,0.047,0.272,0.006,0.268,-0.047
55,30,369.51,348.56,5.43,50.808,47.927,2.716,TP,30,0.12,0.455,0.471,-0.113,-0.04,0.455
55,31,38.71,363.09,2.73,5.323,49.925,1.366,TP,31,0.152,0.02,0.154,0.067,0.137,0.02
55,32,366.61,360.22,4.56,50.409,49.531,2.281,TP,32,0.047,0.29,0.294,-0.036,-0.03,0.29
55,33,370.91,373.98,5.84,51.0,51.422,2.918,TP,34,0.209,0.678,0.71,-0.167,-0.127,0.678
55,34,368.4,391.25,8.0,50.655,53.797,4.0,TP,35,1.254,0.266,1.282,0.342,1.207,-0.266
55,35,251.24,403.52,3.02,34.546,55.483,1.508,TP,36,0.059,0.045,0.074,0.009,0.058,-0.045
55,36,214.35,429.58,2.82,29.474,59.067,1.412,TP,37,0.066,0.032,0.074,0.037,0.055,-0.032
55,37,102.63,430.96,5.58,14.112,59.258,2.788,TP,38,0.048,0.068,0.083,-0.025,-0.041,0.068
55,38,250.46,430.73,2.75,34.438,59.225,1.375,TP,39,0.016,0.001,0.016,-0.016,-0.002,0.001
55,39,439.5,447.85,6.31,60.431,61.579,3.154,TP,40,0.08,0.097,0.126,-0.055,-0.058,0.097
55,40,293.5,474.41,5.96,40.356,65.231,2.978,TP,41,0.11,0.176,0.207,-0.019,-0.109,0.176
55,41,409.58,489.05,3.93,56.317,67.245,1.966,TP,42,0.009,0.001,0.009,-0.003,0.009,0.001
55,42,158.15,493.12,6.08,21.746,67.804,3.04,TP,43,0.112,0.197,0.226,0.003,0.112,-0.197
55,43,179.3,486.51,2.49,24.653,66.895,1.247,TP,44,0.032,0.032,0.046,-0.02,0.025,-0.032
55,44,226.7,495.78,1.98,31.171,68.169,0.992,TP,45,0.027,0.016,0.032,0.002,0.027,0.016
55,45,101.54,501.06,5.77,13.962,68.896,2.886,TP,46,0.045,0.178,0.184,-0.018,-0.041,0.178
55,46,307.65,503.58,2.45,42.302,69.242,1.226,TP,47,0.022,0.004,0.023,-0.002,0.022,-0.004
55,,,,,38.011,36.787,4.0,FN,23,,,,,,
55,,,,,4.56,50.183,2.988,FN,33,,,,,,
58,0,105.01,2.82,2.47,14.439,0.388,1.237,TP,0,0.103,0.046,0.113,0.046,0.092,-0.046
58,1,420.78,9.2,5.57,57.858,1.266,2.785,TP,1,0.02,0.086,0.088,-0.018,0.009,0.086
58,2,2.69,12.37,2.32,0.37,1.701,1.162,TP,2,0.107,0.362,0.377,0.106,0.015,0.362
58,3,223.89,28.93,1.47,30.785,3.978,0.733,TP,3,0.018,0.017,0.024,-0.015,-0.009,-0.017
58,4,423.17,48.61,3.42,58.186,6.684,1.708,TP,4,0.051,0.114,0.125,0.05,-0.01,-0.114
58,5,9.49,49.53,3.39,1.305,6.81,1.695,TP,5,0.025,0.034,0.042,0.02,0.015,-0.034
58,6,177.42,62.24,5.49,24.395,8.558,2.747,TP,6,0.093,0.415,0.425,-0.075,0.056,0.415
58,7,142.25,57.6,1.0,19.559,7.92,0.5,TP,7,0.026,0.065,0.07,-0.019,0.017,-0.065
58,8,41.36,70.3,7.55,5.688,9.667,3.774,TP,10,0.382,0.319,0.498,-0.134,-0.358,0.319
58,9,370.12,62.59,1.0,50.891,8.606,0.5,TP,8,0.019,0.0,0.019,-0.018,-0.005,0.0
58,10,187.65,64.07,6.76,25.802,8.809,3.38,TP,9,0.001,0.053,0.053,0.001,0.001,0.053
58,11,286.39,79.61,5.61,39.378,10.947,2.804,TP,11,0.093,0.069,0.115,0.086,0.033,-0.069
58,12,298.93,77.12,7.09,41.103,10.604,3.544,TP,12,0.028,0.009,0.029,-0.026,0.01,0.009
58,13,476.01,111.01,5.07,65.452,15.264,2.536,TP,13,0.393,0.505,0.639,-0.214,-0.329,0.505
58,14,487.34,119.0,3.01,67.01,16.363,1.504,TP,14,0.077,0.092,0.12,-0.058,0.05,-0.092
58,15,447.62,115.58,4.86,61.547,15.892,2.429,TP,15,0.081,0.183,0.201,-0.015,-0.08,0.183
58,16,467.84,113.69,4.81,64.329,15.632,2.406,FP,,,,,,,
58,17,464.0,127.0,1.0,63.8,17.462,0.5,FP,,,,,,,
58,18,468.64,151.18,3.42,64.438,20.787,1.71,TP,16,0.01,0.023,0.026,0.01,0.002,-0.023
58,19,334.95,159.49,7.33,46.056,21.93,3.665,TP,17,0.236,0.289,0.373,-0.161,-0.172,0.289
58,20,347.19,200.09,2.41,47.739,27.512,1.206,TP,18,0.022,0.061,0.064,0.003,0.021,-0.061
58,21,201.7,201.22,1.42,27.734,27.668,0.711,TP,19,0.017,0.023,0.029,-0.017,0.0,-0.023
58,22,482.51,225.96,4.99,66.345,31.07,2.495,TP,20,0.009,0.011,0.014,0.003,-0.009,-0.011
58,23,67.97,248.82,2.61,9.346,34.213,1.305,TP,21,0.095,0.036,0.101,0.015,0.093,-0.036
58,24,263.02,261.08,1.42,36.165,35.898,0.712,TP,22,0.011,0.038,0.04,0.003,0.011,-0.038
58,25,232.09,271.61,6.02,31.912,37.346,3.011,TP,23,0.004,0.007,0.008,-0.003,-0.002,-0.007
58,26,89.34,272.8,2.41,12.284,37.511,1.207,TP,24,0.02,0.001,0.02,-0.02,0.005,0.001
58,27,443.44,282.85,2.71,60.973,38.892,1.357,TP,25,0.025,0.012,0.027,-0.023,-0.008,-0.012
58,28,416.41,282.04,6.56,57.256,38.781,3.28,TP,26,0.109,0.261,0.283,-0.04,-0.101,0.261
58,29,488.67,297.64,8.24,67.191,40.926,4.118,TP,27,0.361,0.107,0.377,0.149,0.329,0.107
58,30,88.33,293.88,3.01,12.145,40.408,1.505,TP,28,0.033,0.009,0.034,-0.021,0.026,-0.009
58,31,108.34,302.19,6.25,14.896,41.551,3.126,TP,29,0.308,0.384,0.492,-0.298,-0.076,0.384
58,32,384.29,308.99,2.16,52.839,42.486,1.08,TP,30,0.007,0.1,0.101,-0.004,0.006,0.1
58,33,32.51,314.78,4.01,4.47,43.283,2.006,TP,31,0.028,0.014,0.031,0.026,0.01,-0.014
58,34,305.6,323.94,2.2,42.019,44.542,1.101,TP,32,0.027,0.0,0.027,-0.026,0.003,-0.0
58,35,409.72,326.2,1.49,56.337,44.853,0.746,TP,34,0.012,0.007,0.014,0.011,-0.003,-0.007
58,36,509.64,327.83,8.31,70.075,45.077,4.153,TP,33,0.343,0.198,0.396,0.219,0.264,-0.198
58,37,211.57,333.67,3.82,29.091,45.88,1.912,TP,35,0.019,0.21,0.211,0.001,0.019,-0.21
58,38,179.74,350.19,7.42,24.715,48.151,3.712,TP,36,0.113,0.018,0.114,-0.031,0.109,-0.018
58,39,382.7,366.08,3.14,52.621,50.336,1.571,TP,37,0.089,0.016,0.091,0.087,0.018,-0.016
58,40,54.62,379.47,6.16,7.511,52.178,3.079,TP,38,0.062,0.097,0.116,-0.03,-0.055,0.097
58,41,71.1,392.0,2.47,9.776,53.9,1.234,TP,39,0.015,0.062,0.064,-0.006,0.014,0.062
58,42,337.6,386.82,3.28,46.42,53.188,1.641,TP,40,0.021,0.1,0.102,0.01,-0.019,-0.1
58,43,270.99,409.86,7.96,37.261,56.355,3.98,TP,41,0.152,0.029,0.155,0.02,0.151,0.029
58,44,502.2,447.59,1.69,69.053,61.543,0.846,TP,42,0.039,0.017,0.043,0.029,0.026,0.017
58,45,107.0,449.64,1.4,14.713,61.826,0.702,TP,43,0.007,0.053,0.054,-0.006,0.003,-0.053
58,46,31.41,452.0,1.0,4.319,62.15,0.5,TP,44,0.019,0.0,0.019,0.013,0.015,0.0
58,47,34.98,480.36,2.84,4.81,66.05,1.421,TP,45,0.019,0.038,0.043,0.004,0.019,-0.038
58,48,371.46,491.16,3.92,51.075,67.534,1.96,TP,46,0.105,0.027,0.109,0.104,0.019,-0.027
58,49,286.51,499.41,5.42,39.395,68.668,2.709,TP,47,0.068,0.009,0.069,0.062,0.03,-0.009
66,0,29.51,3.84,3.19,4.058,0.528,1.596,TP,0,0.03,0.132,0.136,0.01,0.028,-0.132
66,1,351.93,2.59,5.57,48.39,0.356,2.783,TP,1,0.043,0.217,0.222,0.005,0.043,-0.217
66,2,165.46,70.49,1.0,22.75,9.693,0.5,TP,3,0.067,0.0,0.067,0.025,0.062,0.0
66,3,62.59,76.39,6.19,8.606,10.504,3.093,TP,4,0.053,0.168,0.176,-0.029,-0.045,0.168
66,4,333.74,84.12,1.8,45.889,11.567,0.901,TP,5,0.05,0.065,0.082,0.024,0.044,-0.065
66,5,49.48,93.13,1.33,6.803,12.806,0.663,TP,6,0.026,0.023,0.035,-0.026,-0.005,-0.023
66,6,465.77,100.25,6.37,64.043,13.784,3.186,TP,7,0.232,0.226,0.324,-0.095,-0.212,0.226
66,7,188.12,100.78,2.48,25.867,13.857,1.242,TP,8,0.018,0.001,0.018,-0.015,0.01,0.001
66,8,349.96,119.52,7.07,48.12,16.435,3.536,TP,9,0.48,0.291,0.561,0.458,0.142,-0.291
66,9,331.19,117.8,8.39,45.538,16.198,4.193,FP,,,,,,,
66,10,140.38,126.23,9.0,19.303,17.357,4.5,TP,11,0.948,1.152,1.492,-0.463,-0.828,1.152
66,11,143.47,131.95,6.93,19.728,18.143,3.464,FP,,,,,,,
66,12,349.93,128.73,8.87,48.116,17.701,4.433,FP,,,,,,,
66,13,236.13,133.81,2.44,32.468,18.399,1.221,TP,12,0.017,0.054,0.057,-0.017,-0.0,0.054
66,14,3.32,139.52,7.74,0.457,19.184,3.87,TP,10,0.577,0.29,0.646,0.087,0.571,-0.29
66,15,113.44,154.0,6.39,15.598,21.175,3.194,TP,13,0.116,0.137,0.18,0.115,0.014,-0.137
66,16,134.83,175.81,5.77,18.539,24.174,2.886,TP,14,0.141,0.233,0.272,0.112,0.086,-0.233
66,17,302.28,179.88,2.92,41.564,24.733,1.462,TP,15,0.01,0.02,0.023,-0.01,-0.001,-0.02
66,18,127.0,174.0,9.0,17.462,23.925,4.5,FP,,,,,,,
66,19,334.35,178.47,4.41,45.974,24.54,2.207,TP,16,0.021,0.151,0.153,0.013,0.016,-0.151
66,20,287.76,192.92,1.92,39.568,26.526,0.958,TP,17,0.026,0.003,0.026,0.026,0.004,-0.003
66,21,100.84,220.34,6.42,13.866,30.297,3.208,TP,18,0.128,0.201,0.238,-0.118,-0.049,0.201
66,22,387.29,220.19,2.29,53.253,30.276,1.146,TP,19,0.008,0.08,0.08,0.007,0.004,-0.08
66,23,17.19,230.94,2.9,2.363,31.754,1.452,TP,20,0.017,0.034,0.038,-0.017,-0.003,-0.034
66,24,107.0,242.35,1.47,14.713,33.323,0.735,TP,21,0.03,0.009,0.031,-0.006,-0.029,-0.009
66,25,31.27,273.14,8.2,4.3,37.556,4.099,TP,22,0.375,0.074,0.382,0.19,0.323,-0.074
66,26,120.03,272.31,2.46,16.504,37.443,1.232,TP,23,0.013,0.009,0.015,0.004,0.012,0.009
66,27,451.3,272.31,2.07,62.053,37.443,1.033,TP,24,0.02,0.024,0.031,-0.004,-0.02,0.024
66,28,205.88,307.18,1.26,28.309,42.237,0.63,TP,25,0.013,0.03,0.033,-0.006,0.011,0.03
66,29,91.63,317.82,1.52,12.599,43.7,0.76,TP,26,0.493,0.055,0.496,-0.361,0.336,0.055
66,30,332.45,319.76,4.9,45.712,43.967,2.448,TP,27,0.043,0.026,0.05,-0.035,-0.025,-0.026
66,31,398.71,336.51,8.61,54.823,46.27,4.306,TP,29,0.736,0.118,0.746,0.733,0.065,-0.118
66,32,417.0,345.0,9.0,57.338,47.438,4.5,FP,,,,,,,
66,33,168.92,369.78,5.3,23.227,50.845,2.648,TP,30,0.041,0.031,0.051,-0.027,-0.03,0.031
66,34,295.93,370.93,1.42,40.691,51.003,0.711,TP,31,0.017,0.021,0.026,-0.013,0.011,-0.021
66,35,459.99,372.48,5.77,63.248,51.216,2.886,TP,32,0.008,0.025,0.026,0.002,0.007,0.025
66,36,359.09,374.68,7.09,49.374,51.518,3.543,TP,33,0.015,0.112,0.113,0.015,0.001,0.112
66,37,485.1,383.4,6.22,66.701,52.718,3.108,TP,34,0.072,0.344,0.351,-0.071,0.012,0.344
66,38,221.18,389.67,7.1,30.412,53.58,3.549,TP,35,0.106,0.171,0.201,0.103,0.024,-0.171
66,39,62.33,404.5,8.11,8.571,55.619,4.056,TP,36,0.487,0.062,0.491,0.116,0.473,-0.062
66,40,487.85,420.2,3.03,67.08,57.778,1.513,TP,37,0.018,0.003,0.018,-0.015,-0.01,-0.003
66,41,34.52,437.18,7.13,4.747,60.112,3.566,TP,38,0.144,0.221,0.264,-0.004,-0.144,0.221
66,42,127.3,452.29,1.91,17.504,62.19,0.957,TP,40,0.03,0.056,0.063,-0.011,0.028,-0.056
66,43,9.56,449.25,8.0,1.315,61.772,4.0,TP,39,0.705,0.211,0.736,0.197,0.677,-0.211
66,44,435.23,459.39,1.38,59.844,63.166,0.69,TP,41,0.014,0.0,0.014,-0.005,-0.013,0.0
66,45,232.74,456.76,4.35,32.002,62.804,2.176,TP,42,0.023,0.013,0.027,-0.012,-0.02,-0.013
66,46,356.66,461.87,2.74,49.041,63.507,1.372,TP,43,0.009,0.012,0.016,-0.009,0.0,-0.012
66,47,10.97,464.54,7.55,1.509,63.874,3.777,TP,44,0.025,0.062,0.067,0.018,-0.016,-0.062
66,48,270.57,483.54,5.0,37.203,66.487,2.5,TP,45,0.017,0.007,0.019,0.015,0.009,0.007
66,49,352.0,511.0,8.0,48.4,70.263,4.0,FP,,,,,,,
66,,,,,70.183,7.367,4.342,FN,2,,,,,,
66,,,,,11.755,44.232,0.991,FN,28,,,,,,
69,0,354.09,19.32,1.0,48.687,2.657,0.5,TP,0,0.065,0.0,0.065,-0.041,-0.051,0.0
69,1,374.5,32.86,2.19,51.494,4.518,1.096,TP,1,0.828,0.312,0.885,0.641,0.525,-0.312
69,2,469.13,27.3,6.18,64.505,3.754,3.091,TP,3,0.087,0.012,0.088,-0.081,-0.033,0.012
69,3,105.65,25.82,3.3,14.527,3.551,1.65,TP,2,0.018,0.082,0.084,0.006,0.017,-0.082
69,4,159.97,30.95,6.65,21.996,4.256,3.327,TP,4,0.117,0.317,0.338,-0.046,-0.107,0.317
69,5,203.26,65.29,3.08,27.949,8.977,1.542,TP,6,0.013,0.077,0.078,-0.003,0.013,-0.077
69,6,479.0,68.69,1.25,65.863,9.445,0.625,TP,7,0.025,0.004,0.025,-0.022,-0.012,-0.004
69,7,369.6,90.51,3.02,50.819,12.446,1.509,TP,8,0.071,0.014,0.072,-0.07,-0.014,0.014
69,8,26.54,95.63,3.84,3.649,13.149,1.918,TP,9,0.009,0.035,0.037,0.001,0.009,-0.035
69,9,413.87,96.07,3.98,56.907,13.21,1.99,TP,10,0.046,0.012,0.047,-0.042,-0.019,0.012
69,10,180.06,95.62,7.69,24.758,13.148,3.846,TP,11,0.128,0.058,0.14,0.121,0.041,-0.058
69,11,197.84,119.32,5.74,27.203,16.406,2.87,TP,12,0.066,0.133,0.149,0.022,0.062,-0.133
69,12,415.15,119.39,6.05,57.083,16.416,3.025,TP,13,0.139,0.318,0.347,-0.031,-0.136,0.318
69,13,6.13,130.32,4.76,0.843,17.918,2.38,TP,14,0.047,0.03,0.056,0.043,0.02,-0.03
69,14,92.68,133.24,3.26,12.744,18.32,1.629,TP,16,0.036,0.107,0.113,0.002,0.036,-0.107
69,15,418.1,151.11,4.11,57.489,20.777,2.053,TP,17,0.003,0.084,0.084,-0.003,0.001,-0.084
69,16,260.46,175.17,7.81,35.813,24.086,3.903,TP,18,0.095,0.156,0.183,-0.093,0.017,0.156
69,17,205.2,186.79,3.1,28.215,25.684,1.552,TP,19,0.034,0.0,0.034,-0.016,-0.03,-0.0
69,18,126.47,186.39,2.02,17.389,25.629,1.01,TP,20,0.05,0.025,0.056,-0.042,-0.027,-0.025
69,19,334.63,200.32,3.53,46.012,27.545,1.766,TP,23,0.569,0.117,0.581,-0.442,-0.358,0.117
69,20,387.84,199.07,2.32,53.328,27.372,1.158,TP,22,0.018,0.047,0.05,-0.005,0.017,-0.047
69,21,356.49,207.46,7.48,49.017,28.526,3.739,TP,24,0.341,0.154,0.374,0.286,0.186,0.154
69,22,111.55,232.07,3.94,15.338,31.909,1.97,TP,25,0.035,0.013,0.037,-0.035,0.0,0.013
69,23,314.23,234.12,5.65,43.206,32.191,2.827,TP,26,0.027,0.19,0.192,-0.025,0.009,0.19
69,24,265.02,240.13,1.78,36.44,33.018,0.89,TP,27,0.043,0.012,0.045,-0.01,-0.042,-0.012
69,25,55.25,244.35,5.59,7.597,33.598,2.793,TP,28,0.046,0.003,0.046,-0.025,-0.039,0.003
69,26,140.45,263.69,8.41,19.312,36.258,4.204,TP,29,0.691,0.049,0.693,0.421,0.548,-0.049
69,27,384.2,270.77,3.5,52.828,37.231,1.75,TP,31,0.033,0.01,0.034,-0.03,0.014,-0.01
69,28,480.28,269.46,4.49,66.038,37.051,2.243,TP,30,0.013,0.01,0.016,-0.002,0.013,-0.01
69,29,238.72,276.14,1.42,32.824,37.969,0.708,TP,32,0.014,0.006,0.015,-0.001,-0.014,0.006
69,30,330.2,339.36,7.54,45.402,46.661,3.771,TP,34,0.005,0.003,0.006,0.005,0.001,0.003
69,31,170.91,349.99,8.58,23.5,48.123,4.288,TP,33,0.808,0.037,0.809,0.451,0.671,-0.037
69,32,489.16,358.25,4.77,67.26,49.259,2.386,TP,35,0.015,0.02,0.025,0.003,0.015,-0.02
69,33,190.84,361.97,7.68,26.241,49.771,3.838,TP,36,0.113,0.054,0.125,-0.088,-0.07,0.054
69,34,424.04,377.35,1.42,58.305,51.885,0.709,TP,37,0.031,0.049,0.058,-0.02,-0.024,0.049
69,35,320.02,381.41,6.5,44.003,52.444,3.252,TP,38,0.06,0.232,0.24,-0.034,-0.05,0.232
69,36,294.05,417.14,5.37,40.432,57.357,2.686,TP,39,0.006,0.08,0.08,-0.002,0.006,-0.08
69,37,112.01,449.03,8.15,15.401,61.742,4.073,TP,41,0.097,0.166,0.192,-0.075,0.061,0.166
69,38,382.39,447.64,1.9,52.578,61.551,0.95,TP,40,0.038,0.008,0.039,0.038,0.001,-0.008
69,39,132.74,459.1,4.24,18.252,63.126,2.118,TP,42,0.341,0.276,0.439,0.322,-0.112,0.276
69,40,121.22,457.25,4.25,16.668,62.872,2.125,FP,,,,,,,
69,41,128.0,454.0,4.0,17.6,62.425,2.0,FP,,,,,,,
69,42,218.25,457.5,2.41,30.009,62.906,1.206,TP,43,0.026,0.084,0.088,-0.026,-0.005,0.084
69,43,127.0,458.5,4.0,17.462,63.044,2.0,FP,,,,,,,
69,44,127.0,461.0,3.0,17.462,63.388,1.5,FP,,,,,,,
69,45,77.98,469.66,1.98,10.723,64.578,0.992,TP,44,0.008,0.008,0.011,-0.0,0.008,-0.008
69,46,27.59,487.56,1.0,3.794,67.039,0.5,TP,45,0.046,0.0,0.046,0.044,-0.014,0.0
69,47,379.91,491.91,1.0,52.237,67.638,0.5,TP,47,0.018,0.0,0.018,-0.013,-0.013,0.0
69,48,190.66,497.06,3.42,26.216,68.346,1.712,TP,46,0.022,0.08,0.083,-0.015,0.017,-0.08
69,,,,,52.753,5.66,0.831,FN,5,,,,,,
69,,,,,0.717,19.869,4.5,FN,15,,,,,,
69,,,,,44.867,26.75,2.234,FN,21,,,,,,
75,0,104.83,3.65,3.81,14.414,0.501,1.903,TP,0,0.043,0.28,0.284,0.042,0.007,-0.28
75,1,72.05,40.58,6.91,9.907,5.579,3.454,TP,2,0.048,0.066,0.082,0.043,0.021,-0.066
75,2,342.33,50.04,6.01,47.07,6.881,3.003,TP,3,0.105,0.083,0.134,-0.099,-0.035,0.083
75,3,182.18,63.25,3.77,25.049,8.697,1.886,TP,5,0.011,0.09,0.091,0.006,0.01,-0.09
75,4,474.51,59.16,7.42,65.245,8.135,3.712,TP,4,0.117,0.158,0.197,0.106,0.05,-0.158
75,5,458.11,65.88,3.29,62.99,9.059,1.647,TP,6,0.017,0.04,0.044,-0.017,-0.001,-0.04
75,6,416.63,68.29,1.42,57.287,9.39,0.711,TP,7,0.023,0.07,0.074,-0.016,-0.016,0.07
75,7,176.56,76.28,6.43,24.277,10.488,3.217,TP,8,0.041,0.381,0.383,0.007,-0.04,0.381
75,8,180.89,95.35,7.54,24.872,13.111,3.768,TP,9,0.077,0.021,0.08,-0.077,-0.001,0.021
75,9,304.9,100.64,8.01,41.923,13.837,4.007,TP,11,0.062,0.045,0.077,0.054,-0.031,0.045
75,10,74.46,99.87,8.0,10.239,13.732,3.998,TP,10,0.039,0.227,0.23,-0.037,-0.015,0.227
75,11,117.6,106.88,1.98,16.17,14.695,0.992,TP,12,0.019,0.007,0.02,-0.016,-0.009,0.007
75,12,151.74,106.18,6.86,20.865,14.6,3.43,TP,14,0.063,0.044,0.077,0.042,0.048,-0.044
75,13,5.3,103.97,3.88,0.729,14.296,1.941,TP,13,0.013,0.138,0.138,0.001,0.013,-0.138
75,14,262.35,120.74,4.61,36.073,16.602,2.306,TP,15,0.012,0.081,0.082,-0.008,-0.01,0.081
75,15,107.72,131.55,1.43,14.812,18.089,0.713,TP,16,0.037,0.018,0.041,-0.031,0.02,-0.018
75,16,360.87,133.6,7.21,49.62,18.37,3.605,TP,18,0.168,0.349,0.387,-0.168,-0.009,0.349
75,17,268.72,136.88,5.21,36.949,18.822,2.604,TP,19,0.016,0.104,0.105,0.016,0.001,-0.104
75,18,288.76,139.96,7.68,39.705,19.244,3.838,TP,17,0.766,0.12,0.775,0.659,0.39,-0.12
75,19,404.56,149.14,3.15,55.627,20.507,1.577,TP,20,0.025,0.004,0.026,0.009,0.024,-0.004
75,20,478.5,144.0,1.0,65.794,19.8,0.5,TP,21,0.027,0.0,0.027,0.026,0.009,0.0
75,21,88.96,157.34,3.65,12.233,21.634,1.827,TP,22,0.008,0.057,0.058,-0.008,0.0,-0.057
75,22,265.08,185.09,2.52,36.448,25.449,1.258,TP,23,0.016,0.026,0.03,-0.001,-0.016,-0.026
75,23,466.34,197.63,1.0,64.122,27.175,0.5,TP,24,0.031,0.0,0.031,-0.02,0.024,0.0
75,24,126.12,233.05,6.79,17.341,32.044,3.395,TP,25,0.06,0.127,0.14,0.047,-0.037,0.127
75,25,443.53,236.98,4.0,60.985,32.584,2.0,TP,26,0.008,0.008,0.012,0.002,-0.008,-0.008
75,26,6.91,236.0,2.23,0.95,32.45,1.117,TP,27,0.048,0.051,0.07,-0.046,0.015,0.051
75,27,325.53,237.97,7.46,44.761,32.72,3.73,TP,28,0.096,0.049,0.108,0.021,0.094,-0.049
75,28,44.7,238.34,4.8,6.146,32.771,2.398,TP,29,0.061,0.091,0.11,-0.046,-0.04,0.091
75,29,57.33,243.49,7.67,7.883,33.48,3.836,TP,30,0.466,0.199,0.507,0.338,0.321,-0.199
75,30,235.69,253.67,1.77,32.407,34.88,0.886,TP,31,0.022,0.082,0.085,0.006,0.021,0.082
75,31,108.89,258.0,4.43,14.973,35.475,2.217,TP,32,0.111,0.147,0.184,-0.11,-0.009,0.147
75,32,289.02,278.89,6.48,39.74,38.347,3.24,TP,33,0.115,0.313,0.334,-0.109,-0.037,0.313
75,33,47.58,302.3,2.88,6.543,41.566,1.441,TP,34,0.017,0.064,0.066,-0.01,0.013,-0.064
75,34,197.82,316.9,1.33,27.2,43.573,0.663,TP,35,0.014,0.002,0.014,-0.012,-0.007,0.002
75,35,279.14,320.42,6.87,38.382,44.057,3.435,TP,36,0.164,0.158,0.228,0.034,0.16,-0.158
75,36,181.7,325.53,1.0,24.984,44.76,0.5,TP,37,0.048,0.036,0.06,0.047,0.009,-0.036
75,37,126.7,329.45,7.19,17.421,45.299,3.597,TP,38,0.034,0.077,0.084,-0.011,0.032,0.077
75,38,507.96,345.51,4.61,69.844,47.508,2.304,TP,39,0.074,0.188,0.202,-0.072,-0.018,0.188
75,39,103.92,357.25,1.0,14.289,49.122,0.5,TP,40,0.032,0.0,0.032,0.013,0.029,0.0
75,40,142.86,363.75,4.21,19.643,50.016,2.107,TP,41,0.039,0.032,0.05,0.021,0.032,-0.032
75,41,284.99,369.84,6.48,39.187,50.853,3.242,TP,42,0.067,0.279,0.287,-0.003,-0.067,0.279
75,42,293.18,412.38,5.51,40.312,56.703,2.753,TP,43,0.107,0.1,0.146,-0.074,-0.078,0.1
75,43,320.19,447.51,3.45,44.027,61.533,1.727,TP,44,0.057,0.023,0.062,-0.057,-0.005,0.023
75,44,448.89,495.07,7.84,61.723,68.072,3.92,TP,45,0.048,0.189,0.195,-0.042,0.024,0.189
75,45,394.93,502.67,1.96,54.303,69.117,0.98,TP,47,0.029,0.027,0.04,-0.007,0.028,-0.027
75,46,5.02,504.01,3.92,0.691,69.302,1.959,TP,46,0.018,0.051,0.054,0.014,-0.011,0.051
75,,,,,25.487,6.263,4.401,FN,1,,,,,,
89,0,174.63,6.19,1.9,24.012,0.851,0.952,TP,0,0.11,0.314,0.332,-0.106,-0.026,0.314
89,1,457.91,19.76,1.0,62.963,2.717,0.5,TP,1,0.017,0.0,0.017,-0.006,0.016,0.0
89,2,116.55,29.59,4.93,16.025,4.068,2.465,TP,2,0.038,0.009,0.039,0.016,0.035,-0.009
89,3,263.41,31.95,6.9,36.219,4.393,3.45,TP,3,0.04,0.087,0.096,-0.002,0.04,-0.087
89,4,503.37,31.01,7.54,69.214,4.264,3.769,TP,4,0.156,0.236,0.283,-0.154,0.026,0.236
89,5,489.63,42.63,4.5,67.324,5.862,2.252,TP,5,0.018,0.004,0.019,-0.018,-0.003,0.004
89,6,88.35,54.11,8.15,12.148,7.44,4.075,TP,6,0.232,0.075,0.244,-0.093,-0.213,0.075
89,7,162.7,48.24,6.88,22.371,6.632,3.438,TP,7,0.07,0.188,0.2,-0.062,-0.032,0.188
89,8,253.17,82.77,2.07,34.811,11.381,1.035,TP,8,0.01,0.028,0.03,0.01,0.001,0.028
89,9,450.19,97.2,1.75,61.901,13.365,0.873,TP,9,0.063,0.016,0.065,-0.033,-0.053,0.016
89,10,298.5,107.07,3.04,41.044,14.722,1.522,TP,10,0.041,0.022,0.046,-0.023,-0.033,0.022
89,11,430.82,111.0,1.06,59.237,15.263,0.53,TP,11,0.104,0.03,0.108,-0.102,-0.017,0.03
89,12,103.97,118.46,6.56,14.295,16.289,3.278,TP,12,0.009,0.283,0.283,-0.002,-0.009,0.283
89,13,417.38,144.23,8.3,57.389,19.832,4.15,TP,13,0.184,0.087,0.204,0.156,0.098,0.087
89,14,112.55,152.29,1.0,15.475,20.94,0.5,TP,14,0.017,0.0,0.017,-0.0,-0.017,0.0
89,15,471.28,154.72,2.41,64.801,21.274,1.206,TP,15,0.022,0.011,0.025,-0.017,0.014,-0.011
89,16,426.0,153.0,9.0,58.575,21.038,4.5,FP,,,,,,,
89,17,413.52,200.22,2.44,56.858,27.531,1.222,TP,16,0.035,0.044,0.057,0.018,0.031,-0.044
89,18,420.89,206.56,7.44,57.872,28.401,3.722,TP,17,0.738,0.469,0.875,-0.623,-0.396,0.469
89,19,151.56,208.59,1.0,20.839,28.681,0.5,TP,18,0.015,0.0,0.015,0.008,0.013,0.0
89,20,425.7,218.85,1.72,58.534,30.092,0.861,TP,19,0.011,0.14,0.14,-0.009,-0.007,0.14
89,21,313.28,230.51,3.97,43.076,31.695,1.986,TP,20,0.019,0.014,0.023,-0.014,0.012,-0.014
89,22,27.11,244.19,7.51,3.728,33.576,3.755,TP,21,0.042,0.008,0.042,0.033,0.026,0.008
89,23,154.2,245.1,2.45,21.203,33.701,1.227,TP,22,0.041,0.002,0.041,-0.015,0.038,0.002
89,24,341.31,254.13,1.24,46.931,34.943,0.62,TP,23,0.037,0.021,0.043,0.03,0.022,-0.021
89,25,179.11,261.63,7.66,24.627,35.975,3.829,TP,24,0.297,0.22,0.37,0.095,0.281,-0.22
89,26,146.73,260.76,1.93,20.175,35.854,0.967,TP,26,0.009,0.017,0.019,0.002,-0.009,0.017
89,27,12.18,266.86,4.92,1.675,36.693,2.458,TP,27,0.026,0.042,0.049,0.024,0.01,-0.042
89,28,148.12,297.97,3.75,20.367,40.971,1.876,TP,28,0.04,0.119,0.126,0.012,0.039,-0.119
89,29,88.33,304.83,7.54,12.145,41.915,3.772,TP,29,0.129,0.283,0.311,-0.084,-0.098,0.283
89,30,300.46,326.22,8.09,41.313,44.855,4.045,TP,30,0.386,0.038,0.388,0.116,0.369,0.038
89,31,173.65,327.24,6.23,23.877,44.996,3.117,TP,31,0.042,0.15,0.156,0.003,0.042,-0.15
89,32,473.78,364.92,3.39,65.144,50.177,1.694,TP,32,0.027,0.058,0.064,-0.015,0.022,-0.058
89,33,126.32,372.15,1.0,17.369,51.17,0.5,TP,33,0.014,0.0,0.014,-0.014,0.001,0.0
89,34,297.21,382.9,4.78,40.866,52.649,2.392,TP,34,0.133,0.155,0.204,-0.043,-0.126,0.155
89,35,380.91,376.42,6.93,52.375,51.758,3.465,TP,35,0.037,0.15,0.155,-0.02,-0.032,0.15
89,36,418.0,383.0,8.0,57.475,52.663,4.0,TP,36,0.99,1.528,1.821,-0.113,-0.984,1.528
89,37,418.79,390.26,4.89,57.583,53.66,2.446,FP,,,,,,,
89,38,293.04,411.53,8.17,40.294,56.586,4.085,TP,37,0.574,0.082,0.58,0.359,0.447,0.082
89,39,144.98,405.71,3.12,19.935,55.785,1.559,TP,38,0.012,0.038,0.039,-0.012,0.0,-0.038
89,40,333.11,419.9,3.22,45.803,57.736,1.609,TP,39,0.019,0.032,0.038,0.011,-0.016,0.032
89,41,478.92,414.82,2.65,65.852,57.038,1.324,TP,40,0.013,0.017,0.022,-0.013,0.001,-0.017
89,42,75.6,428.35,7.41,10.395,58.898,3.707,TP,41,0.054,0.04,0.068,0.053,0.013,-0.04
89,43,392.0,429.0,9.0,53.9,58.988,4.5,FP,,,,,,,
89,44,397.1,442.96,5.63,54.602,60.907,2.813,TP,42,0.095,0.049,0.107,-0.032,-0.09,0.049
89,45,221.94,474.06,1.0,30.516,65.184,0.5,TP,43,0.018,0.0,0.018,0.001,0.018,0.0
89,46,377.24,481.39,1.5,51.871,66.191,0.748,TP,44,0.043,0.005,0.043,0.033,0.027,-0.005
89,47,231.79,497.17,1.75,31.872,68.362,0.873,TP,46,0.027,0.0,0.027,0.026,0.007,0.0
89,48,291.42,498.5,5.97,40.07,68.543,2.984,TP,48,1.001,0.713,1.229,-0.764,-0.647,0.713
89,49,45.05,503.8,4.87,6.195,69.273,2.434,TP,47,0.014,0.023,0.027,-0.011,-0.009,0.023
89,50,123.81,500.86,1.0,17.024,68.868,0.5,TP,49,0.063,0.0,0.063,-0.048,-0.041,0.0
89,,,,,42.783,34.775,4.315,FN,25,,,,,,
89,,,,,39.311,67.881,3.752,FN,45,,,,,,
9,0,340.92,8.06,6.96,46.877,1.109,3.481,TP,1,0.268,0.221,0.348,-0.256,-0.079,0.221
9,1,306.79,10.96,8.34,42.183,1.507,4.172,TP,0,0.736,0.053,0.738,0.644,0.356,-0.053
9,2,415.67,16.0,7.8,57.155,2.2,3.9,TP,2,0.069,0.034,0.077,0.061,0.031,0.034
9,3,97.32,26.82,2.83,13.382,3.688,1.415,TP,3,0.031,0.007,0.031,-0.016,-0.026,-0.007
9,4,508.82,39.43,2.57,69.963,5.422,1.284,TP,4,0.034,0.05,0.06,-0.022,-0.025,-0.05
9,5,81.22,41.93,8.09,11.168,5.766,4.044,TP,5,0.064,0.026,0.069,0.064,-0.004,-0.026
9,6,363.98,65.31,5.88,50.047,8.98,2.942,TP,6,0.053,0.015,0.055,-0.009,-0.053,0.015
9,7,466.04,58.53,4.27,64.08,8.048,2.136,TP,7,0.019,0.082,0.084,0.008,0.017,-0.082
9,8,246.63,106.76,5.1,33.912,14.68,2.55,TP,8,0.055,0.007,0.055,0.008,0.054,0.007
9,9,228.03,119.76,6.0,31.354,16.467,3.0,TP,9,0.03,0.0,0.03,-0.027,0.014,0.0
9,10,283.13,142.54,7.93,38.931,19.6,3.967,TP,10,0.641,0.204,0.672,0.628,0.125,-0.204
9,11,48.24,155.06,1.52,6.633,21.321,0.758,TP,11,0.014,0.0,0.014,0.011,0.008,-0.0
9,12,345.62,162.24,1.0,47.523,22.308,0.5,TP,13,0.015,0.0,0.015,0.001,-0.015,0.0
9,13,110.37,163.77,6.25,15.176,22.518,3.124,TP,12,0.023,0.019,0.03,-0.015,0.017,0.019
9,14,144.17,166.13,5.99,19.823,22.843,2.994,TP,15,0.021,0.052,0.056,-0.016,0.013,-0.052
9,15,252.51,165.12,2.41,34.72,22.704,1.203,TP,14,0.061,0.001,0.061,0.061,0.009,-0.001
9,16,268.88,167.6,3.44,36.97,23.045,1.721,TP,16,0.025,0.043,0.049,-0.02,0.014,-0.043
9,17,496.74,193.45,1.83,68.302,26.6,0.915,TP,17,0.024,0.04,0.047,-0.023,-0.008,-0.04
9,18,209.08,205.42,2.74,28.749,28.246,1.371,TP,19,0.032,0.035,0.048,-0.021,-0.024,-0.035
9,19,394.82,206.08,7.94,54.288,28.336,3.968,TP,18,0.346,0.022,0.347,0.071,0.339,-0.022
9,20,456.94,205.54,6.03,62.829,28.262,3.013,TP,20,0.018,0.003,0.019,-0.016,0.008,0.003
9,21,151.74,215.83,4.48,20.864,29.677,2.242,TP,21,0.047,0.117,0.126,-0.025,-0.04,-0.117
9,22,3.88,223.43,2.49,0.533,30.722,1.243,TP,22,0.06,0.431,0.435,0.029,0.053,-0.431
9,23,223.81,227.5,7.0,30.774,31.281,3.5,FP,,,,,,,
9,24,223.31,237.76,3.41,30.705,32.693,1.703,TP,23,0.072,0.149,0.166,-0.002,0.072,0.149
9,25,222.67,230.67,8.0,30.617,31.717,4.0,FP,,,,,,,
9,26,481.42,236.96,5.5,66.195,32.581,2.749,TP,24,0.08,0.276,0.287,-0.037,-0.07,0.276
9,27,424.16,257.49,7.73,58.322,35.405,3.867,TP,25,0.513,0.141,0.532,0.395,0.327,-0.141
9,28,9.85,273.58,1.0,1.354,37.617,0.5,TP,26,0.017,0.022,0.028,-0.013,0.01,-0.022
9,29,31.0,279.79,2.44,4.263,38.472,1.218,TP,27,0.028,0.028,0.04,0.013,0.025,-0.028
9,30,263.25,301.34,7.4,36.197,41.434,3.699,TP,28,0.31,0.131,0.336,0.109,0.29,-0.131
9,31,85.88,321.26,1.92,11.808,44.173,0.962,TP,29,0.01,0.037,0.039,-0.01,0.003,0.037
9,32,329.89,346.32,3.95,45.36,47.619,1.977,TP,30,0.062,0.023,0.066,-0.06,-0.018,-0.023
9,33,51.12,348.09,7.26,7.029,47.862,3.629,TP,31,0.061,0.025,0.066,0.058,0.017,-0.025
9,34,357.57,356.85,2.5,49.165,49.067,1.25,TP,32,0.007,0.012,0.014,-0.004,0.005,0.012
9,35,309.6,367.23,1.0,42.571,50.494,0.5,TP,34,0.019,0.0,0.019,-0.013,-0.014,0.0
9,36,285.73,376.8,6.65,39.288,51.81,3.327,TP,33,0.045,0.051,0.068,-0.008,-0.044,0.051
9,37,50.62,375.85,2.81,6.96,51.68,1.403,TP,35,0.017,0.001,0.017,-0.008,-0.015,0.001
9,38,293.61,376.04,9.0,40.371,51.706,4.5,FP,,,,,,,
9,39,290.0,375.5,8.0,39.875,51.631,4.0,FP,,,,,,,
9,40,380.48,400.38,3.87,52.316,55.052,1.935,TP,36,0.042,0.015,0.045,-0.027,-0.032,-0.015
9,41,54.82,410.32,6.23,7.537,56.419,3.117,TP,37,0.088,0.109,0.14,-0.087,-0.011,0.109
9,42,97.62,411.62,1.0,13.422,56.597,0.5,TP,38,0.079,0.0,0.079,-0.036,-0.07,0.0
9,43,250.27,448.57,3.56,34.412,61.679,1.781,TP,39,0.051,0.031,0.06,0.051,0.007,0.031
9,44,246.56,462.24,2.69,33.902,63.558,1.344,TP,40,0.033,0.064,0.072,-0.019,0.027,0.064
9,45,131.96,468.62,6.72,18.145,64.436,3.362,TP,41,0.323,0.352,0.477,0.308,0.097,-0.352
9,46,99.57,476.8,4.91,13.69,65.56,2.457,TP,42,0.007,0.057,0.057,0.006,-0.004,-0.057
9,47,340.43,478.26,7.13,46.81,65.761,3.567,TP,43,0.066,0.166,0.179,-0.037,0.055,0.166
9,48,137.13,495.84,7.87,18.856,68.179,3.935,TP,45,0.24,0.24,0.339,-0.184,-0.153,0.24
9,49,437.48,493.94,7.61,60.153,67.916,3.806,TP,44,0.032,0.056,0.065,-0.023,0.022,0.056
9,50,341.56,492.96,1.35,46.965,67.783,0.675,TP,46,0.007,0.085,0.085,-0.005,-0.005,-0.085
9,51,194.38,504.93,1.0,26.727,69.428,0.5,TP,47,0.069,0.0,0.069,-0.044,-0.053,0.0
91,0,173.32,29.5,6.33,23.831,4.056,3.167,TP,0,0.172,0.077,0.189,-0.12,-0.123,0.077
91,1,444.01,59.84,1.22,61.052,8.228,0.61,TP,1,0.024,0.015,0.028,-0.009,-0.022,-0.015
91,2,451.89,83.4,2.47,62.135,11.468,1.237,TP,2,0.007,0.007,0.01,-0.001,0.007,0.007
91,3,265.06,95.45,6.75,36.446,13.124,3.377,TP,3,0.017,0.102,0.104,0.004,-0.017,0.102
91,4,285.7,96.56,2.59,39.284,13.277,1.296,TP,4,0.028,0.046,0.054,-0.028,0.002,0.046
91,5,90.24,104.43,1.16,12.407,14.36,0.58,TP,5,0.109,0.047,0.119,-0.101,-0.041,0.047
91,6,165.58,117.08,2.35,22.767,16.099,1.174,TP,6,0.126,0.009,0.127,-0.094,-0.084,0.009
91,7,74.31,115.93,1.11,10.218,15.94,0.557,TP,7,0.056,0.019,0.06,-0.038,-0.041,0.019
91,8,448.71,121.84,7.86,61.698,16.753,3.93,TP,8,0.955,0.792,1.241,-0.432,-0.852,0.792
91,9,84.0,127.0,9.0,11.55,17.462,4.5,FP,,,,,,,
91,10,454.17,132.66,5.47,62.449,18.24,2.734,FP,,,,,,,
91,11,89.99,143.12,6.05,12.374,19.679,3.027,TP,9,0.02,0.043,0.047,-0.018,-0.009,0.043
91,12,246.83,152.33,6.1,33.939,20.946,3.048,TP,10,0.327,0.441,0.549,-0.32,-0.064,0.441
91,13,233.15,161.73,3.32,32.058,22.238,1.659,TP,11,0.026,0.038,0.046,0.026,-0.002,0.038
91,14,90.38,165.9,7.3,12.428,22.812,3.651,TP,12,0.076,0.102,0.127,0.059,0.047,-0.102
91,15,272.06,167.91,2.45,37.408,23.087,1.227,TP,13,0.033,0.014,0.036,-0.012,-0.031,0.014
91,16,275.47,185.53,5.93,37.877,25.51,2.967,TP,14,0.298,0.266,0.399,-0.191,-0.228,0.266
91,17,86.65,182.06,3.98,11.915,25.033,1.989,TP,15,0.019,0.042,0.046,0.014,-0.013,-0.042
91,18,310.55,183.9,6.71,42.7,25.286,3.353,TP,16,0.024,0.078,0.081,-0.019,-0.014,0.078
91,19,375.97,207.89,6.5,51.696,28.585,3.25,TP,17,0.57,0.566,0.803,-0.568,-0.041,0.566
91,20,417.15,211.84,2.41,57.358,29.128,1.206,TP,18,0.004,0.031,0.031,-0.004,-0.001,-0.031
91,21,386.26,208.93,4.0,53.111,28.727,2.0,FP,,,,,,,
91,22,32.13,220.09,6.88,4.418,30.263,3.439,TP,19,0.021,0.042,0.047,-0.012,0.017,-0.042
91,23,40.64,267.66,1.92,5.588,36.803,0.959,TP,20,0.038,0.07,0.08,-0.038,-0.0,-0.07
91,24,476.48,273.38,6.85,65.516,37.59,3.427,TP,21,0.314,0.338,0.462,-0.211,-0.233,0.338
91,25,403.49,273.43,3.75,55.48,37.597,1.873,TP,22,0.002,0.087,0.087,0.002,-0.0,-0.087
91,26,30.84,294.02,8.1,4.241,40.427,4.049,TP,23,0.127,0.18,0.22,0.123,0.031,0.18
91,27,326.57,300.52,4.3,44.904,41.321,2.152,TP,24,0.088,0.027,0.092,-0.078,-0.04,0.027
91,28,298.89,299.71,2.68,41.097,41.21,1.339,TP,25,0.011,0.041,0.043,0.005,0.01,-0.041
91,29,275.5,320.63,3.38,37.881,44.086,1.69,TP,26,0.042,0.021,0.047,-0.01,-0.041,-0.021
91,30,236.54,326.07,1.94,32.524,44.834,0.971,TP,27,0.011,0.029,0.031,0.006,0.009,-0.029
91,31,191.81,332.94,1.42,26.373,45.78,0.708,TP,28,0.021,0.066,0.069,-0.018,0.01,-0.066
91,32,200.04,341.49,1.19,27.505,46.955,0.594,TP,29,0.02,0.04,0.045,-0.013,0.015,0.04
91,33,265.92,343.75,1.25,36.564,47.265,0.626,TP,30,0.015,0.017,0.023,-0.015,-0.003,0.017
91,34,25.05,350.85,7.58,3.445,48.243,3.791,TP,31,0.092,0.213,0.232,-0.091,0.01,0.213
91,35,384.52,351.52,1.0,52.871,48.333,0.5,TP,32,0.024,0.0,0.024,-0.013,0.02,0.0
91,36,126.87,365.52,7.3,17.444,50.259,3.648,TP,35,0.002,0.016,0.016,-0.002,-0.002,0.016
91,37,316.78,363.36,8.33,43.558,49.962,4.167,TP,34,1.21,0.101,1.214,1.208,0.064,0.101
91,38,335.5,363.5,9.0,46.131,49.981,4.5,TP,33,1.331,0.244,1.353,1.328,0.089,0.244
91,39,128.68,373.23,1.26,17.694,51.32,0.628,TP,36,0.104,0.028,0.107,-0.103,0.013,0.028
91,40,448.47,386.08,3.45,61.665,53.086,1.723,TP,37,0.089,0.019,0.091,-0.082,-0.036,-0.019
91,41,338.92,403.66,2.06,46.601,55.503,1.032,TP,38,0.029,0.014,0.033,-0.028,0.007,0.014
91,42,440.89,425.45,1.95,60.622,58.5,0.977,TP,39,0.02,0.023,0.031,-0.015,-0.013,-0.023
91,43,502.22,427.65,5.51,69.055,58.803,2.755,TP,40,0.96,0.27,0.998,0.383,-0.881,-0.27
91,44,496.77,435.19,6.71,68.305,59.839,3.354,FP,,,,,,,
91,45,352.38,437.93,7.98,48.453,60.215,3.992,TP,41,0.109,0.009,0.109,0.082,0.072,0.009
91,46,2.33,484.28,3.13,0.32,66.589,1.567,TP,42,0.06,0.214,0.222,0.059,-0.012,0.214
91,47,80.27,497.02,2.31,11.037,68.341,1.153,TP,43,0.05,0.001,0.05,-0.031,-0.039,0.001
91,48,497.36,504.73,2.67,68.387,69.4,1.337,TP,44,0.073,0.016,0.075,-0.004,0.073,0.016
97,0,87.32,17.91,4.23,12.007,2.463,2.117,TP,1,0.013,0.05,0.052,0.012,0.002,-0.05
97,1,430.05,20.22,6.41,59.132,2.781,3.204,TP,2,0.024,0.084,0.087,-0.019,-0.014,0.084
97,2,393.02,20.59,5.01,54.04,2.832,2.504,TP,3,0.122,0.142,0.187,-0.117,-0.033,0.142
97,3,6.71,29.87,5.85,0.922,4.107,2.924,TP,4,0.038,0.098,0.105,0.037,0.008,-0.098
97,4,147.33,37.19,2.03,20.258,5.114,1.014,TP,5,0.006,0.014,0.015,0.003,0.005,0.014
97,5,286.87,51.7,5.86,39.444,7.108,2.928,TP,6,0.115,0.1,0.153,-0.097,-0.063,0.1
97,6,378.34,73.01,3.34,52.022,10.039,1.671,TP,7,0.026,0.008,0.027,-0.013,-0.022,-0.008
97,7,24.12,68.33,1.0,3.317,9.396,0.5,TP,8,0.047,0.0,0.047,-0.008,-0.046,0.0
97,8,426.07,69.94,3.0,58.585,9.617,1.5,TP,10,0.021,0.006,0.022,-0.006,0.02,0.006
97,9,481.35,70.2,6.02,66.186,9.653,3.008,TP,9,0.126,0.278,0.306,-0.126,-0.013,0.278
97,10,161.63,89.69,1.99,22.224,12.333,0.994,TP,11,0.008,0.014,0.016,0.003,0.008,0.014
97,11,5.83,93.08,1.0,0.802,12.799,0.5,TP,12,0.038,0.0,0.038,-0.035,-0.014,0.0
97,12,26.38,96.08,7.15,3.627,13.21,3.576,TP,13,0.378,0.505,0.631,-0.373,-0.061,0.505
97,13,162.68,140.96,7.85,22.369,19.382,3.927,TP,14,0.016,0.174,0.174,0.016,-0.002,0.174
97,14,492.29,151.01,7.38,67.689,20.764,3.692,TP,15,0.149,0.134,0.2,-0.062,-0.136,0.134
97,15,361.09,151.77,1.43,49.649,20.869,0.714,TP,16,0.016,0.071,0.073,-0.013,0.01,-0.071
97,16,380.62,162.31,6.36,52.335,22.318,3.181,TP,17,0.123,0.231,0.262,-0.083,-0.092,0.231
97,17,201.78,175.83,7.06,27.744,24.177,3.532,TP,18,0.086,0.166,0.187,-0.068,-0.053,0.166
97,18,184.06,192.21,7.6,25.308,26.43,3.799,TP,19,0.096,0.042,0.105,-0.026,-0.092,0.042
97,19,167.77,204.14,3.95,23.068,28.069,1.977,TP,20,0.045,0.092,0.102,-0.014,-0.043,-0.092
97,20,454.67,202.76,3.34,62.517,27.88,1.67,TP,21,0.04,0.024,0.046,-0.015,-0.037,0.024
97,21,305.55,202.57,4.64,42.014,27.854,2.319,TP,22,0.009,0.067,0.067,0.008,-0.003,-0.067
97,22,404.28,210.09,4.48,55.588,28.887,2.238,TP,23,0.01,0.034,0.035,-0.006,0.009,-0.034
97,23,142.12,243.28,7.03,19.542,33.451,3.517,TP,24,0.096,0.029,0.1,-0.094,0.019,0.029
97,24,26.85,249.17,1.56,3.691,34.261,0.782,TP,25,0.017,0.011,0.021,-0.014,-0.01,-0.011
97,25,443.59,292.5,8.08,60.994,40.218,4.04,TP,26,0.082,0.098,0.128,0.077,0.027,0.098
97,26,210.7,302.18,1.93,28.971,41.55,0.966,TP,27,0.024,0.004,0.024,-0.004,-0.023,-0.004
97,27,433.42,315.11,1.0,59.595,43.327,0.5,TP,28,0.018,0.0,0.018,-0.011,0.014,0.0
97,28,174.24,325.23,4.58,23.958,44.719,2.292,TP,29,0.334,0.076,0.342,-0.315,0.109,-0.076
97,29,185.44,322.89,4.2,25.498,44.398,2.098,FP,,,,,,,
97,30,226.46,335.89,7.07,31.138,46.185,3.536,TP,31,0.296,0.244,0.384,-0.125,-0.268,0.244
97,31,256.28,334.65,1.63,35.239,46.014,0.815,TP,30,0.048,0.081,0.094,-0.026,-0.04,-0.081
97,32,185.16,345.65,8.1,25.46,47.526,4.048,FP,,,,,,,
97,33,97.0,357.52,8.4,13.338,49.158,4.202,TP,32,0.322,0.077,0.331,0.141,0.289,0.077
97,34,190.75,356.39,7.91,26.228,49.003,3.955,TP,33,0.118,0.026,0.12,0.11,0.04,-0.026
97,35,425.45,368.17,2.08,58.499,50.623,1.042,TP,34,0.015,0.042,0.044,-0.014,-0.004,0.042
97,36,99.73,379.96,3.97,13.713,52.244,1.983,TP,35,0.072,0.017,0.074,0.067,0.027,-0.017
97,37,355.99,380.93,3.83,48.949,52.377,1.915,TP,36,0.033,0.08,0.086,-0.006,0.033,-0.08
97,38,4.14,384.3,4.52,0.569,52.841,2.26,TP,37,0.043,0.367,0.37,0.043,-0.004,-0.367
97,39,407.39,396.71,5.94,56.015,54.548,2.968,TP,39,0.092,0.132,0.161,-0.072,-0.058,0.132
97,40,227.39,392.03,3.93,31.266,53.904,1.964,TP,38,0.018,0.027,0.033,0.004,0.017,-0.027
97,41,367.82,410.5,7.66,50.575,56.443,3.829,TP,40,0.121,0.008,0.121,-0.03,0.118,0.008
97,42,275.22,412.69,8.0,37.843,56.746,4.0,TP,41,0.048,0.028,0.055,0.038,0.028,-0.028
97,43,360.34,417.73,1.73,49.547,57.438,0.866,TP,42,0.054,0.078,0.095,-0.028,0.046,0.078
97,44,247.04,428.6,4.26,33.968,58.933,2.129,TP,43,0.076,0.04,0.086,-0.039,-0.066,0.04
97,45,380.13,488.09,5.26,52.268,67.113,2.632,TP,44,0.008,0.026,0.027,-0.003,-0.007,0.026
97,46,397.95,501.04,4.03,54.718,68.893,2.015,TP,45,0.065,0.111,0.128,0.061,0.022,-0.111
97,47,192.24,504.71,3.18,26.433,69.398,1.588,TP,46,0.011,0.014,0.018,0.002,0.011,-0.014
97,48,416.47,508.93,3.53,57.264,69.978,1.767,TP,47,0.952,0.233,0.981,-0.95,-0.072,-0.233
97,49,427.79,510.35,2.82,58.822,70.174,1.412,FP,,,,,,,
97,,,,,69.87,0.128,0.5,FN,0,,,,,,
