vol_idx,pred_id,x_px,y_px,z_plane,x_um,y_um,z_um,status,gt_id,err_xy_um,err_z_um,err_um,dx_um,dy_um,dz_um
103,0,98.55,12.9,2.0,13.551,1.773,1.0,TP,1,0.025,0.018,0.03,-0.018,-0.017,0.018
103,1,500.62,22.27,5.09,68.835,3.062,2.547,TP,2,0.198,1.291,1.306,0.08,0.182,1.291
103,2,228.86,36.06,3.19,31.468,4.958,1.595,TP,3,0.01,0.068,0.069,-0.005,0.009,0.068
103,3,57.06,33.45,3.02,7.846,4.599,1.508,TP,4,0.054,0.01,0.055,-0.016,0.051,-0.01
103,4,58.92,47.5,5.98,8.101,6.531,2.99,TP,6,0.124,0.405,0.424,-0.096,-0.078,0.405
103,5,375.08,50.82,4.69,51.573,6.988,2.346,TP,5,0.092,0.333,0.345,-0.027,-0.088,0.333
103,6,412.29,82.02,5.93,56.689,11.278,2.967,TP,7,0.316,0.275,0.419,-0.271,-0.162,0.275
103,7,482.45,92.51,3.23,66.336,12.72,1.617,TP,8,0.026,0.113,0.116,0.011,0.024,-0.113
103,8,33.96,106.76,1.0,4.669,14.68,0.5,TP,9,0.037,0.0,0.037,-0.017,-0.033,0.0
103,9,280.62,137.33,6.39,38.586,18.883,3.195,TP,10,0.329,0.409,0.525,-0.225,-0.24,0.409
103,10,105.27,151.73,3.68,14.475,20.863,1.842,TP,11,0.125,0.029,0.129,0.121,0.035,0.029
103,11,352.89,164.58,1.96,48.523,22.63,0.98,TP,12,0.032,0.007,0.033,-0.032,-0.001,-0.007
103,12,210.69,175.6,2.37,28.97,24.144,1.183,TP,14,0.021,0.111,0.113,0.009,0.019,0.111
103,13,259.57,188.95,7.51,35.691,25.981,3.755,TP,15,0.915,0.182,0.933,0.709,0.578,-0.182
103,14,240.66,205.58,3.04,33.091,28.267,1.519,TP,16,0.006,0.099,0.099,-0.002,-0.006,0.099
103,15,285.75,202.44,1.93,39.291,27.836,0.963,TP,17,0.041,0.044,0.06,-0.001,0.041,-0.044
103,16,138.25,205.88,3.55,19.01,28.309,1.775,TP,18,0.009,0.103,0.103,-0.008,-0.004,0.103
103,17,458.37,208.29,6.67,63.026,28.64,3.337,TP,19,0.236,0.565,0.613,-0.084,-0.221,0.565
103,18,314.14,214.17,7.71,43.194,29.449,3.854,TP,20,0.31,0.053,0.314,0.286,0.117,-0.053
103,19,301.46,235.92,5.04,41.451,32.439,2.52,TP,22,0.2,0.584,0.617,-0.08,-0.183,0.584
103,20,355.3,232.99,2.92,48.854,32.036,1.461,TP,21,0.021,0.167,0.168,-0.02,-0.002,0.167
103,21,206.04,258.5,1.97,28.33,35.543,0.985,TP,23,0.035,0.019,0.039,-0.003,0.034,-0.019
103,22,257.27,275.28,6.96,35.375,37.851,3.481,TP,24,0.092,0.229,0.247,-0.043,-0.082,0.229
103,23,13.89,277.43,1.0,1.909,38.147,0.5,TP,25,0.012,0.011,0.017,-0.012,0.0,-0.011
103,24,146.53,286.88,3.83,20.148,39.446,1.914,TP,26,0.014,0.086,0.087,0.014,0.003,0.086
103,25,101.25,290.1,4.97,13.922,39.888,2.483,TP,28,0.184,0.621,0.647,-0.184,0.009,-0.621
103,26,232.39,309.01,4.17,31.953,42.489,2.087,TP,29,0.159,0.054,0.168,-0.144,-0.069,0.054
103,27,178.5,324.5,1.0,24.544,44.619,0.5,TP,30,0.042,0.0,0.042,0.041,0.008,0.0
103,28,153.15,330.76,5.2,21.058,45.479,2.6,TP,31,0.129,0.044,0.137,-0.07,-0.109,0.044
103,29,207.86,335.35,6.83,28.581,46.111,3.415,TP,32,0.068,0.282,0.29,0.04,-0.055,0.282
103,30,240.6,339.51,4.79,33.083,46.683,2.395,TP,33,0.026,0.156,0.158,-0.024,-0.009,0.156
103,31,313.62,350.65,8.23,43.123,48.214,4.113,TP,34,0.063,0.238,0.246,0.061,0.014,0.238
103,32,95.04,369.75,7.61,13.068,50.841,3.807,TP,35,0.281,0.289,0.403,-0.281,0.005,0.289
103,33,108.72,370.24,8.68,14.949,50.908,4.34,FP,,,,,,,
103,34,276.52,397.68,7.62,38.022,54.681,3.808,TP,36,0.078,0.052,0.094,0.04,0.067,0.052
103,35,461.9,404.16,7.9,63.511,55.571,3.948,TP,37,0.145,0.086,0.169,0.066,0.129,0.086
103,36,489.97,409.81,2.0,67.371,56.349,1.0,TP,38,0.055,0.071,0.089,-0.031,-0.046,0.071
103,37,49.42,428.23,7.85,6.795,58.881,3.926,TP,39,0.017,0.636,0.637,0.005,0.017,0.636
103,38,27.77,428.58,7.17,3.818,58.93,3.585,TP,40,0.144,0.455,0.477,0.11,0.093,0.455
103,39,144.47,427.79,6.41,19.865,58.821,3.204,TP,41,0.144,0.249,0.288,-0.136,-0.049,0.249
103,40,437.7,434.14,1.39,60.184,59.694,0.693,TP,42,0.022,0.017,0.028,-0.019,0.012,-0.017
103,41,203.76,451.65,1.94,28.017,62.103,0.97,TP,43,0.029,0.063,0.07,-0.029,-0.006,0.063
103,42,113.03,454.17,2.57,15.542,62.449,1.287,TP,44,0.039,0.016,0.042,-0.022,0.032,0.016
103,43,229.95,482.42,4.34,31.618,66.333,2.172,TP,45,0.02,0.186,0.187,-0.016,-0.012,0.186
103,44,78.44,497.05,2.26,10.785,68.345,1.131,TP,46,0.191,0.101,0.216,0.15,0.118,-0.101
103,45,445.03,497.0,1.38,61.191,68.338,0.692,TP,47,0.026,0.033,0.042,-0.019,-0.018,-0.033
103,46,108.94,503.14,3.29,14.979,69.182,1.647,TP,48,0.042,0.152,0.158,-0.035,-0.024,0.152
103,,,,,68.351,2.205,3.712,FN,0,,,,,,
103,,,,,41.213,23.709,4.5,FN,13,,,,,,
103,,,,,13.586,39.806,1.244,FN,27,,,,,,
104,0,232.26,4.15,5.42,31.936,0.571,2.711,TP,0,0.004,0.031,0.031,0.003,-0.002,-0.031
104,1,9.27,8.07,6.25,1.275,1.109,3.126,TP,1,0.109,0.126,0.166,0.102,0.037,0.126
104,2,17.71,9.57,8.29,2.436,1.316,4.143,FP,,,,,,,
104,3,342.48,22.45,4.58,47.091,3.087,2.29,TP,2,0.152,0.085,0.174,0.109,0.105,0.085
104,4,490.99,28.65,7.86,67.511,3.94,3.929,TP,3,0.075,0.453,0.46,-0.003,-0.075,0.453
104,5,289.98,35.77,8.11,39.872,4.919,4.054,TP,4,0.738,0.077,0.742,0.125,0.727,-0.077
104,6,362.0,47.01,5.93,49.775,6.463,2.967,TP,5,0.07,0.023,0.073,0.061,0.034,0.023
104,7,361.0,49.0,8.0,49.638,6.738,4.0,FP,,,,,,,
104,8,437.13,73.69,6.13,60.106,10.133,3.065,TP,6,0.278,0.481,0.556,-0.201,-0.192,0.481
104,9,391.03,75.28,2.52,53.767,10.351,1.262,TP,7,0.007,0.026,0.027,-0.006,-0.004,0.026
104,10,141.28,83.37,2.34,19.426,11.464,1.17,TP,8,0.014,0.089,0.09,0.014,-0.003,0.089
104,11,448.82,109.27,7.27,61.712,15.024,3.634,TP,9,0.012,0.161,0.162,0.003,0.011,0.161
104,12,248.62,132.68,1.03,34.185,18.243,0.515,TP,10,0.081,0.015,0.083,0.044,0.068,0.015
104,13,495.55,142.98,3.9,68.139,19.659,1.951,TP,11,0.044,0.165,0.171,-0.039,-0.021,0.165
104,14,127.85,140.0,2.93,17.58,19.25,1.466,TP,12,0.027,0.004,0.027,-0.022,0.015,-0.004
104,15,44.65,169.31,3.44,6.139,23.279,1.718,TP,13,0.785,0.119,0.794,-0.166,-0.767,0.119
104,16,72.87,172.87,7.63,10.02,23.769,3.815,TP,14,0.131,0.18,0.222,-0.014,0.13,0.18
104,17,120.5,172.9,1.35,16.569,23.774,0.675,TP,15,0.013,0.075,0.076,-0.013,-0.001,-0.075
104,18,7.33,184.73,7.04,1.008,25.4,3.521,TP,16,0.12,0.543,0.556,0.004,-0.12,0.543
104,19,64.5,173.5,6.0,8.869,23.856,3.0,FP,,,,,,,
104,20,357.65,186.58,2.1,49.176,25.655,1.051,TP,17,0.024,0.064,0.069,-0.018,-0.016,0.064
104,21,326.49,179.53,7.91,44.892,24.686,3.954,TP,18,0.353,0.067,0.36,0.35,0.046,0.067
104,22,50.58,188.83,2.75,6.955,25.964,1.377,FP,,,,,,,
104,23,292.36,186.99,1.41,40.199,25.711,0.707,TP,19,0.042,0.039,0.058,-0.041,0.01,-0.039
104,24,105.22,198.87,8.69,14.468,27.345,4.343,TP,20,1.338,0.343,1.381,1.265,0.436,0.343
104,25,133.96,200.52,5.78,18.419,27.572,2.892,TP,21,0.237,0.576,0.622,-0.233,-0.045,0.576
104,26,19.26,216.03,5.33,2.648,29.704,2.667,TP,22,0.114,0.509,0.521,-0.11,-0.029,0.509
104,27,477.05,246.65,2.91,65.595,33.914,1.456,TP,23,0.015,0.008,0.017,0.002,-0.015,0.008
104,28,348.86,257.51,6.4,47.968,35.407,3.199,TP,24,0.113,0.046,0.122,0.093,0.065,-0.046
104,29,406.68,269.74,1.52,55.918,37.09,0.76,TP,25,0.025,0.05,0.056,0.025,-0.004,0.05
104,30,231.46,300.95,4.22,31.826,41.381,2.11,TP,26,0.095,0.015,0.096,0.075,0.059,-0.015
104,31,332.11,305.94,6.78,45.664,42.067,3.388,TP,27,0.039,0.169,0.173,0.011,-0.038,0.169
104,32,365.74,310.7,7.08,50.29,42.722,3.54,TP,28,0.139,0.312,0.341,-0.126,-0.057,0.312
104,33,451.63,310.96,7.44,62.099,42.757,3.719,TP,29,0.064,0.007,0.065,-0.038,0.052,-0.007
104,34,458.0,311.0,8.0,62.975,42.763,4.0,FP,,,,,,,
104,35,388.07,322.04,6.32,53.359,44.28,3.158,TP,31,0.133,0.402,0.423,-0.063,-0.117,0.402
104,36,442.02,335.19,1.44,60.778,46.089,0.721,TP,32,0.024,0.075,0.079,-0.021,0.012,0.075
104,37,144.6,381.54,5.01,19.882,52.462,2.506,TP,33,0.064,0.452,0.457,-0.046,-0.044,0.452
104,38,101.55,387.71,1.1,13.963,53.311,0.548,TP,34,0.046,0.001,0.046,-0.042,-0.019,-0.001
104,39,330.03,403.32,3.01,45.379,55.457,1.504,TP,35,0.02,0.024,0.031,-0.019,-0.001,0.024
104,40,245.57,417.0,2.72,33.766,57.338,1.361,TP,36,0.005,0.122,0.122,0.005,0.0,0.122
104,41,130.5,430.74,5.42,17.943,59.227,2.709,TP,38,0.05,0.182,0.189,0.045,-0.022,0.182
104,42,64.8,436.39,8.16,8.91,60.004,4.082,TP,37,0.438,0.232,0.496,0.264,0.35,0.232
104,43,142.74,432.16,8.42,19.626,59.422,4.211,FP,,,,,,,
104,44,223.34,438.77,6.49,30.71,60.331,3.245,TP,39,0.14,0.502,0.521,-0.135,-0.037,0.502
104,45,137.9,443.4,5.63,18.961,60.967,2.817,TP,40,1.189,0.125,1.195,-0.572,-1.042,0.125
104,46,358.77,448.84,2.57,49.33,61.716,1.286,TP,41,0.03,0.104,0.108,-0.021,-0.021,0.104
104,47,127.78,449.92,6.13,17.57,61.864,3.066,TP,42,0.016,0.041,0.044,-0.014,0.008,-0.041
104,48,145.83,458.12,4.87,20.052,62.991,2.433,FP,,,,,,,
104,49,195.71,467.32,5.88,26.91,64.257,2.938,TP,43,0.257,0.468,0.533,-0.221,-0.13,0.468
104,50,159.03,480.68,4.31,21.866,66.093,2.154,TP,44,0.172,0.448,0.48,0.013,-0.171,0.448
104,51,210.39,486.35,8.36,28.928,66.873,4.178,TP,45,0.407,0.238,0.471,0.406,0.018,0.238
104,,,,,2.062,43.862,0.5,FN,30,,,,,,
105,0,369.23,7.2,6.53,50.769,0.99,3.265,TP,0,0.169,0.344,0.383,-0.101,-0.136,0.344
105,1,138.85,18.96,7.79,19.092,2.607,3.893,TP,1,0.129,0.393,0.413,0.121,0.044,0.393
105,2,251.86,33.72,6.28,34.631,4.637,3.138,TP,3,0.177,0.442,0.477,-0.177,0.014,0.442
105,3,486.36,44.5,6.71,66.875,6.119,3.357,TP,4,0.107,0.599,0.608,-0.057,-0.09,0.599
105,4,494.2,45.4,7.0,67.952,6.243,3.5,TP,2,0.793,0.57,0.977,0.133,0.782,-0.57
105,5,10.38,71.88,6.15,1.428,9.884,3.075,TP,5,0.119,0.124,0.171,0.102,0.06,0.124
105,6,401.12,87.51,7.31,55.154,12.032,3.656,TP,6,0.005,0.326,0.326,0.0,-0.005,0.326
105,7,162.39,97.26,1.7,22.329,13.373,0.848,TP,7,0.017,0.027,0.032,-0.01,-0.013,0.027
105,8,327.01,107.66,4.4,44.964,14.803,2.198,TP,8,0.104,0.404,0.417,-0.032,-0.099,0.404
105,9,197.09,114.25,6.73,27.1,15.71,3.363,TP,9,0.111,0.38,0.396,-0.033,-0.106,0.38
105,10,269.71,170.2,6.13,37.085,23.402,3.064,TP,10,0.253,0.511,0.57,-0.151,-0.203,0.511
105,11,311.9,184.54,1.18,42.886,25.374,0.59,TP,11,0.324,0.09,0.336,-0.318,-0.063,0.09
105,12,330.99,186.33,6.89,45.512,25.62,3.447,TP,13,0.374,0.108,0.389,0.367,0.069,-0.108
105,13,319.5,191.04,6.53,43.931,26.269,3.264,TP,12,0.197,0.038,0.2,0.115,0.16,-0.038
105,14,159.21,194.08,1.39,21.892,26.686,0.697,TP,14,0.003,0.022,0.023,-0.003,-0.002,0.022
105,15,450.83,203.78,1.76,61.988,28.019,0.881,TP,15,0.014,0.063,0.064,-0.014,-0.003,0.063
105,16,126.72,216.23,7.64,17.424,29.732,3.819,TP,16,0.265,0.006,0.265,0.165,0.207,0.006
105,17,242.38,221.05,3.24,33.327,30.394,1.622,TP,17,0.022,0.089,0.091,-0.021,-0.006,0.089
105,18,4.69,226.85,7.6,0.645,31.192,3.802,TP,18,0.143,0.015,0.144,0.115,0.086,-0.015
105,19,94.35,239.1,7.11,12.974,32.876,3.556,TP,19,0.002,0.323,0.323,0.002,0.0,0.323
105,20,145.98,251.75,2.24,20.072,34.616,1.118,TP,20,0.005,0.097,0.098,-0.005,0.001,0.097
105,21,409.0,255.0,9.0,56.238,35.062,4.5,TP,22,1.101,1.892,2.189,-0.111,-1.095,1.892
105,22,108.48,260.03,7.76,14.916,35.755,3.882,TP,21,0.199,0.113,0.228,0.068,0.187,0.113
105,23,409.81,262.94,5.35,56.349,36.155,2.677,FP,,,,,,,
105,24,31.42,273.46,4.56,4.32,37.601,2.281,TP,23,0.084,0.389,0.398,-0.047,-0.07,0.389
105,25,171.96,299.43,3.52,23.644,41.172,1.759,TP,24,0.021,0.01,0.023,0.018,-0.01,-0.01
105,26,96.35,306.43,4.64,13.248,42.135,2.318,TP,25,0.066,0.358,0.364,0.005,-0.066,0.358
105,27,142.43,305.8,3.25,19.584,42.048,1.624,TP,26,0.005,0.015,0.015,0.004,-0.002,-0.015
105,28,293.36,321.67,2.35,40.336,44.229,1.175,TP,28,0.033,0.103,0.108,-0.001,0.033,0.103
105,29,444.99,317.8,6.39,61.187,43.698,3.193,TP,29,0.07,0.291,0.299,-0.004,-0.07,0.291
105,30,32.19,320.16,8.38,4.426,44.022,4.192,TP,27,0.625,0.055,0.627,0.394,0.485,-0.055
105,31,135.1,331.26,1.01,18.576,45.548,0.507,TP,30,0.072,0.007,0.072,0.028,0.066,0.007
105,32,322.62,356.85,1.0,44.36,49.066,0.5,TP,31,0.032,0.077,0.083,-0.032,0.0,-0.077
105,33,496.07,390.45,7.82,68.21,53.687,3.911,TP,32,0.079,0.068,0.105,0.077,0.018,0.068
105,34,3.51,399.54,5.26,0.483,54.937,2.631,TP,33,0.038,0.231,0.234,-0.025,-0.029,0.231
105,35,79.73,397.37,1.65,10.962,54.639,0.824,TP,34,0.029,0.002,0.029,-0.006,0.029,-0.002
105,36,423.48,402.2,2.44,58.229,55.302,1.22,TP,35,0.03,0.069,0.076,0.03,0.001,0.069
105,37,159.71,406.46,6.48,21.96,55.888,3.241,TP,36,0.046,0.006,0.046,0.04,0.023,-0.006
105,38,204.73,427.96,7.74,28.15,58.845,3.868,TP,37,0.113,0.029,0.117,0.039,0.106,0.029
105,39,323.94,444.61,6.62,44.542,61.134,3.312,TP,38,0.072,0.158,0.173,-0.028,-0.066,0.158
105,40,428.89,447.88,6.82,58.973,61.584,3.41,TP,40,0.004,0.139,0.139,0.003,-0.003,0.139
105,41,506.31,451.36,8.45,69.617,62.061,4.224,TP,39,0.613,0.017,0.613,0.05,0.611,0.017
105,42,403.72,454.38,1.0,55.512,62.477,0.5,TP,42,0.077,0.0,0.077,-0.025,-0.073,0.0
105,43,222.2,459.75,1.18,30.552,63.216,0.592,TP,41,0.03,0.092,0.097,0.025,0.017,0.092
105,44,101.28,474.03,1.78,13.925,65.18,0.892,TP,43,0.013,0.035,0.038,-0.006,-0.012,0.035
105,45,406.84,469.8,1.47,55.941,64.598,0.735,TP,44,0.023,0.004,0.023,-0.01,0.021,-0.004
105,46,260.43,473.12,7.49,35.81,65.055,3.743,TP,45,0.008,0.217,0.217,0.0,0.008,0.217
105,47,417.23,491.76,8.29,57.369,67.617,4.143,TP,46,0.24,0.245,0.343,0.182,0.155,0.245
105,48,158.53,503.22,7.35,21.797,69.192,3.673,TP,47,0.035,0.148,0.152,0.028,-0.021,0.148
105,49,321.68,499.57,2.15,44.231,68.69,1.075,TP,48,0.063,0.064,0.09,0.054,0.034,0.064
105,50,192.16,499.71,2.04,26.422,68.71,1.019,TP,49,0.05,0.01,0.051,0.043,0.026,0.01
118,0,224.64,0.91,9.0,30.888,0.125,4.5,FP,,,,,,,
118,1,198.53,12.53,2.64,27.299,1.724,1.318,TP,0,0.04,0.147,0.153,0.024,0.033,0.147
118,2,97.14,23.57,6.7,13.356,3.241,3.35,TP,1,0.171,0.499,0.527,-0.039,-0.167,0.499
118,3,207.64,60.62,2.16,28.551,8.335,1.08,TP,2,0.019,0.08,0.083,-0.019,-0.002,0.08
118,4,428.89,77.27,8.44,58.972,10.625,4.219,TP,3,0.57,0.014,0.57,0.042,0.568,0.014
118,5,211.61,87.27,8.64,29.097,12.0,4.318,FP,,,,,,,
118,6,481.68,86.89,2.15,66.231,11.948,1.073,TP,5,0.012,0.135,0.136,0.002,-0.012,0.135
118,7,192.04,109.53,1.04,26.406,15.06,0.521,TP,6,0.06,0.021,0.063,-0.013,0.058,0.021
118,8,7.23,114.22,2.9,0.994,15.705,1.452,TP,7,0.088,0.338,0.35,0.049,0.073,0.338
118,9,473.92,110.64,2.31,65.164,15.213,1.157,TP,8,0.023,0.139,0.141,-0.021,-0.009,0.139
118,10,272.16,127.97,1.08,37.422,17.596,0.542,TP,9,0.051,0.042,0.066,-0.005,0.05,0.042
118,11,122.99,143.75,1.64,16.911,19.766,0.819,TP,10,0.042,0.081,0.091,-0.029,-0.03,0.081
118,12,430.01,144.73,1.18,59.127,19.901,0.589,TP,11,0.032,0.089,0.094,-0.031,0.008,0.089
118,13,256.97,146.98,7.53,35.333,20.209,3.766,TP,12,0.184,0.025,0.186,0.184,0.001,-0.025
118,14,268.75,147.75,8.62,36.953,20.316,4.312,FP,,,,,,,
118,15,186.62,158.27,2.06,25.66,21.762,1.028,TP,13,0.021,0.012,0.024,-0.02,-0.004,0.012
118,16,496.62,160.86,3.72,68.285,22.118,1.859,TP,14,1.267,0.366,1.318,-0.948,-0.841,0.366
118,17,507.9,171.71,3.68,69.837,23.61,1.84,FP,,,,,,,
118,18,0.4,172.5,1.0,0.055,23.719,0.5,FP,,,,,,,
118,19,1.05,171.65,7.7,0.144,23.602,3.85,FP,,,,,,,
118,20,156.98,174.87,7.43,21.584,24.044,3.713,TP,15,0.007,0.034,0.035,0.007,0.001,0.034
118,21,166.9,185.36,2.29,22.948,25.487,1.145,TP,16,0.071,0.151,0.167,-0.069,0.014,0.151
118,22,332.47,194.57,4.7,45.714,26.754,2.35,TP,17,0.082,0.009,0.083,-0.007,0.082,0.009
118,23,227.99,199.99,1.48,31.348,27.498,0.739,TP,18,0.019,0.003,0.02,0.006,0.018,-0.003
118,24,303.48,207.02,6.4,41.728,28.465,3.2,TP,19,0.432,0.631,0.765,-0.093,-0.421,0.631
118,25,504.18,215.78,1.88,69.325,29.669,0.942,TP,20,0.012,0.216,0.216,0.007,-0.01,0.216
118,26,353.24,220.54,6.86,48.57,30.324,3.429,TP,21,0.173,0.363,0.402,-0.058,-0.162,0.363
118,27,381.08,218.88,7.87,52.398,30.096,3.936,TP,22,0.157,0.16,0.224,0.144,0.063,0.16
118,28,70.16,227.82,5.95,9.647,31.326,2.974,TP,23,0.098,0.128,0.162,0.095,0.025,-0.128
118,29,454.39,235.66,3.14,62.478,32.404,1.571,TP,24,0.013,0.025,0.028,-0.004,0.013,0.025
118,30,496.63,245.76,5.84,68.287,33.792,2.919,TP,26,0.23,0.682,0.72,-0.021,-0.229,0.682
118,31,95.44,246.94,5.32,13.123,33.955,2.658,TP,25,0.07,0.154,0.169,-0.056,-0.042,0.154
118,32,34.11,274.86,7.1,4.69,37.794,3.552,TP,27,0.284,0.368,0.465,-0.127,-0.255,0.368
118,33,254.21,287.68,2.68,34.954,39.557,1.342,TP,28,0.042,0.111,0.119,0.042,-0.003,0.111
118,34,163.81,308.88,2.17,22.523,42.471,1.084,TP,29,0.025,0.078,0.082,-0.025,0.001,0.078
118,35,267.98,334.92,7.92,36.847,46.051,3.962,TP,30,0.506,0.205,0.546,0.427,0.271,0.205
118,36,238.99,355.05,1.3,32.862,48.82,0.649,TP,32,0.034,0.14,0.144,-0.027,-0.021,0.14
118,37,273.51,350.31,2.65,37.607,48.168,1.326,TP,31,0.12,0.107,0.161,-0.108,-0.053,0.107
118,38,261.17,356.43,5.47,35.912,49.01,2.735,TP,33,0.063,0.066,0.091,0.048,0.04,-0.066
118,39,479.49,376.09,3.14,65.93,51.712,1.571,TP,34,0.029,0.085,0.09,0.009,-0.028,0.085
118,40,465.03,377.8,2.04,63.941,51.947,1.021,TP,35,0.065,0.044,0.079,-0.065,-0.009,0.044
118,41,451.26,390.26,7.3,62.048,53.661,3.649,TP,36,0.093,0.388,0.399,0.003,-0.093,0.388
118,42,403.85,403.29,1.91,55.529,55.452,0.954,TP,37,0.02,0.075,0.078,0.017,0.011,0.075
118,43,154.91,444.06,2.47,21.3,61.058,1.235,TP,38,0.008,0.008,0.012,-0.005,0.007,-0.008
118,44,396.52,446.96,4.36,54.521,61.457,2.18,TP,39,0.11,0.18,0.211,0.104,0.036,0.18
118,45,324.41,450.93,2.08,44.607,62.003,1.04,TP,40,0.018,0.033,0.037,-0.012,-0.013,0.033
118,46,187.61,471.08,2.08,25.797,64.774,1.04,TP,41,0.013,0.05,0.052,-0.011,-0.007,0.05
118,47,482.78,472.93,2.55,66.382,65.029,1.276,TP,42,0.009,0.049,0.05,-0.009,-0.0,0.049
118,48,306.58,483.65,7.27,42.155,66.502,3.633,TP,43,0.01,0.498,0.499,0.009,0.004,0.498
118,49,223.07,502.16,7.76,30.672,69.046,3.88,TP,44,0.255,0.437,0.506,-0.03,-0.254,0.437
118,50,344.39,505.67,2.44,47.354,69.53,1.221,TP,45,0.018,0.047,0.05,0.009,0.015,0.047
118,,,,,28.142,10.868,4.448,FN,4,,,,,,
119,0,176.71,0.65,8.29,24.297,0.089,4.147,FP,,,,,,,
119,1,46.71,5.64,6.54,6.423,0.776,3.268,TP,0,0.072,0.295,0.303,-0.046,0.055,0.295
119,2,131.08,8.28,4.36,18.024,1.139,2.18,TP,1,0.065,0.471,0.475,-0.063,0.014,0.471
119,3,208.56,14.11,7.13,28.677,1.94,3.563,TP,2,0.011,0.031,0.033,-0.006,0.009,0.031
119,4,22.39,14.86,7.93,3.079,2.044,3.966,TP,3,0.273,0.212,0.346,0.272,0.023,0.212
119,5,432.5,72.5,3.5,59.469,9.968,1.749,TP,4,0.082,0.007,0.083,0.082,0.005,0.007
119,6,259.9,76.13,1.35,35.737,10.467,0.675,TP,5,0.059,0.029,0.066,-0.044,-0.039,-0.029
119,7,444.79,102.91,5.44,61.159,14.15,2.72,TP,6,0.046,0.017,0.049,-0.027,-0.037,0.017
119,8,442.67,95.67,8.0,60.867,13.154,4.0,FP,,,,,,,
119,9,482.0,99.31,6.64,66.275,13.655,3.319,TP,7,0.03,0.022,0.037,0.027,0.013,0.022
119,10,347.5,112.95,3.82,47.781,15.53,1.909,TP,8,0.055,0.061,0.082,0.018,0.052,0.061
119,11,223.9,110.3,7.37,30.786,15.166,3.683,TP,9,0.035,0.162,0.166,0.035,0.002,0.162
119,12,280.69,113.54,5.37,38.595,15.612,2.686,TP,10,0.067,0.121,0.139,-0.056,-0.037,0.121
119,13,191.26,114.78,7.41,26.299,15.782,3.704,TP,11,0.013,0.197,0.198,0.013,-0.004,0.197
119,14,238.32,127.9,2.58,32.769,17.587,1.288,TP,12,0.129,0.077,0.151,-0.096,-0.086,0.077
119,15,3.92,134.76,4.35,0.539,18.529,2.174,TP,13,0.101,0.017,0.102,0.05,0.088,0.017
119,16,222.02,144.22,3.46,30.527,19.83,1.73,TP,14,0.052,0.076,0.092,0.049,0.016,0.076
119,17,203.07,158.63,8.09,27.922,21.812,4.046,TP,15,0.479,0.293,0.562,0.226,0.422,0.293
119,18,327.84,156.89,5.3,45.078,21.572,2.651,TP,16,0.034,0.43,0.431,-0.019,-0.028,0.43
119,19,440.18,172.96,2.38,60.525,23.782,1.188,TP,17,0.023,0.038,0.045,0.002,0.023,0.038
119,20,10.05,174.37,1.89,1.381,23.976,0.946,TP,18,0.026,0.108,0.111,0.025,0.008,0.108
119,21,275.7,179.55,1.88,37.908,24.689,0.938,TP,20,0.023,0.062,0.066,-0.021,0.007,-0.062
119,22,42.4,184.85,4.18,5.83,25.416,2.089,TP,21,0.015,0.081,0.082,-0.005,-0.014,0.081
119,23,380.94,194.86,7.86,52.379,26.793,3.93,TP,22,0.211,0.075,0.224,0.203,0.057,-0.075
119,24,354.62,201.3,3.11,48.761,27.679,1.554,TP,23,0.007,0.045,0.045,0.0,0.007,0.045
119,25,144.09,214.61,3.76,19.812,29.51,1.881,TP,24,0.034,0.064,0.072,0.022,0.026,0.064
119,26,424.07,266.8,7.12,58.31,36.686,3.561,TP,26,0.011,0.047,0.048,0.01,0.003,0.047
119,27,328.24,263.39,1.39,45.133,36.217,0.697,TP,25,0.039,0.061,0.072,0.028,0.028,-0.061
119,28,67.38,270.96,5.59,9.265,37.257,2.795,TP,27,0.053,0.401,0.404,-0.026,-0.046,0.401
119,29,343.51,270.36,8.17,47.232,37.174,4.084,TP,28,0.014,0.095,0.096,0.01,-0.01,0.095
119,30,23.08,278.5,7.6,3.174,38.294,3.801,TP,29,0.049,0.252,0.256,0.034,0.034,0.252
119,31,327.32,297.98,2.97,45.007,40.973,1.485,TP,31,0.017,0.033,0.037,-0.007,-0.015,0.033
119,32,442.86,301.88,1.0,60.893,41.508,0.5,TP,32,0.137,0.0,0.137,0.105,0.088,0.0
119,33,405.39,303.41,3.44,55.742,41.719,1.72,TP,33,0.006,0.162,0.162,-0.006,0.001,0.162
119,34,9.49,308.24,6.82,1.305,42.383,3.41,TP,34,0.115,0.282,0.304,-0.114,-0.015,0.282
119,35,165.76,326.35,3.66,22.793,44.874,1.832,TP,35,0.011,0.04,0.042,0.008,0.008,0.04
119,36,300.61,354.12,3.16,41.334,48.691,1.58,TP,36,0.008,0.014,0.016,-0.001,0.008,0.014
119,37,143.91,360.07,2.81,19.787,49.509,1.406,TP,37,0.091,0.055,0.107,0.089,0.022,-0.055
119,38,82.61,367.82,4.67,11.359,50.575,2.336,TP,38,0.071,0.138,0.155,-0.055,-0.045,0.138
119,39,359.35,365.54,1.32,49.411,50.262,0.662,TP,39,0.057,0.03,0.064,-0.057,-0.003,0.03
119,40,173.39,371.06,5.13,23.841,51.02,2.564,TP,40,0.13,0.564,0.578,0.011,-0.13,0.564
119,41,475.65,384.58,2.95,65.402,52.879,1.476,TP,41,0.074,0.223,0.235,-0.009,-0.074,0.223
119,42,261.14,405.8,2.42,35.906,55.797,1.209,TP,42,0.053,0.107,0.12,-0.01,-0.052,0.107
119,43,341.05,435.9,2.98,46.895,59.936,1.492,TP,43,0.02,0.027,0.034,-0.02,0.002,0.027
119,44,218.49,442.69,4.49,30.042,60.869,2.243,TP,44,0.015,0.118,0.119,0.009,-0.012,0.118
119,45,300.74,468.23,3.52,41.351,64.381,1.76,TP,45,0.034,0.027,0.043,0.025,0.023,0.027
119,46,275.98,477.29,7.05,37.948,65.628,3.525,TP,46,0.434,0.775,0.888,-0.011,-0.434,0.775
119,47,483.63,494.53,7.92,66.5,67.998,3.959,TP,47,0.136,0.262,0.295,0.001,0.136,0.262
119,48,176.32,508.14,6.64,24.244,69.869,3.321,TP,48,0.189,0.821,0.842,-0.044,-0.184,0.821
119,,,,,9.556,23.925,0.5,FN,19,,,,,,
119,,,,,44.481,39.188,0.5,FN,30,,,,,,
121,0,8.69,16.1,5.78,1.195,2.214,2.89,TP,0,0.019,0.243,0.244,-0.017,-0.009,0.243
121,1,66.37,20.96,2.34,9.125,2.883,1.17,TP,1,0.007,0.015,0.017,-0.007,0.002,0.015
121,2,87.27,52.75,2.36,12.0,7.253,1.178,TP,3,0.046,0.178,0.184,0.042,0.019,0.178
121,3,196.43,53.15,6.47,27.009,7.309,3.237,TP,4,0.256,0.405,0.48,-0.252,-0.048,0.405
121,4,277.16,58.21,2.51,38.109,8.004,1.257,TP,5,0.08,0.042,0.091,0.021,0.077,-0.042
121,5,397.53,106.11,8.49,54.661,14.59,4.243,TP,6,0.063,0.243,0.251,0.063,0.007,0.243
121,6,384.5,126.5,8.0,52.869,17.394,4.0,TP,7,1.244,1.288,1.79,0.031,-1.243,1.288
121,7,325.02,132.82,2.88,44.69,18.262,1.439,TP,8,0.098,0.108,0.146,-0.085,-0.049,0.108
121,8,384.74,138.15,5.47,52.902,18.996,2.735,FP,,,,,,,
121,9,382.47,132.73,8.4,52.589,18.251,4.2,FP,,,,,,,
121,10,94.98,143.75,4.09,13.059,19.766,2.047,TP,9,0.1,0.35,0.364,-0.077,-0.063,0.35
121,11,3.75,153.18,3.5,0.516,21.063,1.75,TP,10,0.187,0.25,0.312,0.148,0.115,0.25
121,12,92.29,160.88,3.04,12.69,22.121,1.521,TP,11,0.024,0.094,0.097,-0.022,-0.01,0.094
121,13,83.53,210.06,6.85,11.486,28.883,3.424,TP,12,0.031,0.22,0.223,0.006,0.031,0.22
121,14,31.55,223.83,7.83,4.339,30.777,3.915,TP,14,0.129,0.365,0.387,0.062,0.113,0.365
121,15,402.86,217.87,7.15,55.393,29.957,3.575,TP,15,0.015,0.033,0.037,-0.005,0.015,0.033
121,16,160.78,224.84,8.24,22.108,30.915,4.12,TP,13,0.465,0.026,0.466,0.304,0.352,0.026
121,17,405.67,231.12,1.0,55.779,31.78,0.5,TP,16,0.05,0.0,0.05,0.004,0.05,0.0
121,18,334.44,234.83,8.01,45.986,32.289,4.004,TP,17,0.449,0.01,0.45,0.383,0.235,0.01
121,19,109.43,255.18,2.39,15.046,35.088,1.194,TP,18,0.099,0.216,0.238,-0.019,0.097,0.216
121,20,463.59,260.0,7.06,63.743,35.75,3.532,TP,19,0.026,0.263,0.265,0.024,-0.012,0.263
121,21,452.87,262.28,2.86,62.269,36.063,1.429,TP,20,0.081,0.202,0.218,-0.081,-0.001,0.202
121,22,334.92,263.9,1.45,46.051,36.286,0.724,TP,21,0.018,0.008,0.02,0.018,0.005,-0.008
121,23,311.09,272.22,1.0,42.774,37.43,0.5,TP,22,0.032,0.0,0.032,0.012,0.03,0.0
121,24,254.88,279.88,5.61,35.046,38.483,2.807,TP,23,0.162,0.648,0.668,-0.093,-0.133,0.648
121,25,393.33,286.12,1.0,54.083,39.342,0.5,TP,24,0.024,0.0,0.024,0.006,0.023,0.0
121,26,279.22,290.0,1.93,38.393,39.875,0.963,TP,25,0.007,0.048,0.049,-0.006,-0.004,0.048
121,27,324.74,300.26,7.32,44.652,41.286,3.66,TP,28,0.361,0.436,0.567,-0.143,-0.332,0.436
121,28,204.89,291.72,1.0,28.172,40.112,0.5,TP,27,0.047,0.0,0.047,0.027,-0.038,0.0
121,29,3.24,295.31,2.39,0.446,40.605,1.193,TP,26,0.127,0.423,0.442,0.121,0.039,0.423
121,30,276.89,312.85,7.48,38.073,43.017,3.74,TP,29,0.113,0.022,0.115,-0.002,0.113,0.022
121,31,75.03,322.56,2.45,10.317,44.352,1.224,TP,30,0.027,0.149,0.151,-0.027,-0.002,0.149
121,32,252.84,341.79,2.54,34.765,46.997,1.268,TP,31,0.074,0.095,0.12,-0.056,-0.048,0.095
121,33,415.48,342.53,6.68,57.128,47.099,3.34,TP,32,0.03,0.09,0.095,0.03,-0.005,0.09
121,34,367.57,360.34,1.83,50.54,49.547,0.914,TP,33,0.039,0.097,0.105,0.032,0.023,0.097
121,35,301.06,363.25,7.09,41.396,49.947,3.544,TP,34,0.049,0.081,0.095,0.038,0.032,0.081
121,36,41.81,367.61,6.26,5.749,50.547,3.13,TP,35,0.23,0.264,0.35,-0.229,-0.021,0.264
121,37,246.54,404.48,8.5,33.9,55.615,4.252,TP,36,0.849,0.056,0.851,0.131,0.839,-0.056
121,38,172.15,409.87,1.23,23.671,56.358,0.613,TP,37,0.062,0.066,0.091,-0.062,-0.01,0.066
121,39,294.68,417.69,7.82,40.519,57.433,3.911,TP,38,0.32,0.143,0.35,0.107,0.302,0.143
121,40,271.88,415.39,5.37,37.384,57.116,2.685,TP,39,0.318,0.466,0.564,-0.317,-0.025,0.466
121,41,502.12,436.7,4.23,69.041,60.046,2.115,TP,41,0.149,0.135,0.201,0.143,0.043,0.135
121,42,76.85,439.19,7.14,10.567,60.389,3.57,TP,40,0.099,0.02,0.101,0.081,0.057,0.02
121,43,335.24,440.78,1.59,46.096,60.607,0.793,TP,42,0.014,0.046,0.048,0.001,0.014,-0.046
121,44,424.53,451.62,3.69,58.373,62.098,1.847,TP,43,0.07,0.05,0.086,0.031,0.063,-0.05
121,45,22.58,447.46,8.39,3.104,61.526,4.197,TP,44,0.496,0.54,0.733,-0.344,-0.357,0.54
121,46,266.93,454.49,7.68,36.703,62.492,3.839,TP,45,0.178,0.002,0.178,0.17,0.054,-0.002
121,47,293.76,468.18,2.54,40.392,64.375,1.27,TP,46,0.021,0.064,0.067,-0.015,-0.014,0.064
121,48,24.07,470.89,5.11,3.31,64.748,2.556,TP,47,0.021,0.306,0.307,-0.014,-0.015,0.306
121,49,476.53,482.75,4.87,65.523,66.378,2.435,TP,49,0.015,0.355,0.355,-0.01,-0.011,0.355
121,50,181.11,492.13,8.02,24.903,67.668,4.008,TP,48,0.585,0.095,0.593,0.161,0.563,0.095
121,,,,,58.438,4.744,0.5,FN,2,,,,,,
123,0,342.29,10.67,2.89,47.065,1.468,1.447,TP,0,0.015,0.018,0.024,-0.001,0.015,-0.018
123,1,42.79,12.56,7.26,5.883,1.727,3.632,TP,1,0.023,0.101,0.104,0.022,0.005,0.101
123,2,200.28,22.98,3.1,27.538,3.16,1.548,TP,2,0.006,0.002,0.007,0.002,0.006,-0.002
123,3,64.35,50.43,5.43,8.848,6.935,2.717,TP,3,0.058,0.401,0.405,-0.058,-0.002,0.401
123,4,396.91,57.8,5.75,54.576,7.947,2.876,TP,4,0.27,0.445,0.521,-0.121,-0.242,0.445
123,5,366.67,68.27,1.96,50.417,9.387,0.979,TP,5,0.026,0.004,0.026,-0.003,0.026,0.004
123,6,139.92,69.24,1.9,19.239,9.52,0.95,TP,6,0.011,0.047,0.048,-0.008,0.008,0.047
123,7,416.37,86.63,1.0,57.25,11.912,0.5,TP,7,0.016,0.0,0.016,-0.012,-0.01,0.0
123,8,71.63,90.76,1.09,9.849,12.48,0.546,TP,8,0.018,0.002,0.018,-0.017,-0.004,-0.002
123,9,21.41,112.43,8.61,2.944,15.459,4.303,TP,9,0.103,0.38,0.393,0.01,-0.102,0.38
123,10,402.0,125.79,2.33,55.275,17.297,1.163,TP,10,0.015,0.03,0.033,0.006,0.014,0.03
123,11,509.3,127.11,5.26,70.028,17.478,2.63,TP,12,0.24,0.682,0.723,-0.129,-0.202,0.682
123,12,8.11,130.88,8.16,1.115,17.996,4.078,TP,11,0.323,0.034,0.325,0.145,0.289,0.034
123,13,482.55,142.33,5.77,66.35,19.57,2.886,TP,13,0.284,0.429,0.514,-0.263,-0.106,0.429
123,14,28.9,145.86,7.22,3.974,20.056,3.608,TP,14,0.017,0.182,0.183,-0.017,-0.001,0.182
123,15,447.05,161.82,4.88,61.469,22.25,2.44,TP,15,0.026,0.169,0.171,-0.021,-0.017,0.169
123,16,463.36,165.89,8.15,63.713,22.81,4.073,TP,16,0.065,0.224,0.233,0.041,0.05,0.224
123,17,276.78,168.24,4.52,38.058,23.133,2.259,TP,17,0.046,0.243,0.247,-0.045,-0.007,0.243
123,18,233.78,183.3,5.95,32.145,25.204,2.974,TP,18,0.329,0.382,0.504,-0.286,-0.162,0.382
123,19,150.72,183.66,7.25,20.724,25.253,3.624,TP,19,0.033,0.111,0.116,0.033,-0.0,0.111
123,20,268.56,205.93,8.29,36.927,28.315,4.145,TP,20,0.144,0.325,0.356,0.134,0.053,0.325
123,21,195.09,218.81,7.61,26.825,30.086,3.806,TP,21,0.092,0.056,0.108,0.088,0.028,0.056
123,22,336.64,221.64,1.93,46.288,30.476,0.963,TP,22,0.023,0.045,0.05,-0.023,0.003,-0.045
123,23,296.12,230.34,6.42,40.717,31.671,3.21,TP,23,0.018,0.131,0.132,0.007,-0.017,0.131
123,24,147.23,249.45,5.32,20.244,34.3,2.662,TP,24,0.184,1.018,1.035,-0.144,-0.115,1.018
123,25,43.28,248.9,5.22,5.952,34.223,2.612,TP,25,0.188,0.496,0.53,-0.169,-0.082,0.496
123,26,153.71,262.31,4.59,21.135,36.068,2.297,TP,26,0.073,0.04,0.083,0.062,0.04,-0.04
123,27,3.47,261.68,1.85,0.477,35.981,0.926,TP,27,0.128,0.26,0.29,0.126,0.024,0.26
123,28,322.67,272.31,2.03,44.367,37.443,1.014,TP,28,0.02,0.086,0.088,-0.012,0.016,0.086
123,29,247.67,309.97,2.36,34.054,42.621,1.179,TP,29,0.051,0.179,0.186,-0.05,-0.009,0.179
123,30,163.68,309.97,1.43,22.506,42.621,0.714,TP,30,0.034,0.028,0.044,-0.025,0.023,-0.028
123,31,447.75,339.27,6.0,61.566,46.65,3.0,TP,31,0.236,0.301,0.382,-0.091,-0.218,0.301
123,32,123.42,340.24,5.65,16.971,46.783,2.824,TP,32,0.094,0.09,0.13,-0.04,0.085,-0.09
123,33,115.59,352.41,5.16,15.894,48.457,2.579,TP,33,0.109,0.356,0.372,-0.023,-0.107,0.356
123,34,463.06,358.3,3.38,63.671,49.266,1.692,TP,34,0.066,0.053,0.085,0.046,0.048,0.053
123,35,174.27,363.22,6.7,23.962,49.943,3.351,TP,35,0.02,0.12,0.121,0.004,-0.02,0.12
123,36,21.08,395.81,2.54,2.898,54.424,1.27,TP,36,0.026,0.012,0.029,-0.025,0.008,0.012
123,37,254.86,398.22,4.19,35.043,54.755,2.097,TP,37,0.064,0.386,0.391,-0.059,-0.025,0.386
123,38,308.59,414.89,5.0,42.431,57.047,2.5,TP,38,0.047,0.048,0.067,-0.008,-0.046,0.048
123,39,437.86,423.23,3.26,60.206,58.194,1.628,TP,39,0.016,0.117,0.118,-0.014,-0.007,0.117
123,40,177.38,433.79,5.05,24.389,59.646,2.527,TP,40,0.044,0.431,0.433,-0.044,-0.002,0.431
123,41,330.91,459.09,1.0,45.5,63.125,0.5,TP,41,0.031,0.0,0.031,0.022,-0.022,0.0
123,42,432.76,460.33,1.78,59.505,63.295,0.891,TP,42,0.081,0.146,0.167,0.032,-0.074,0.146
123,43,61.73,469.37,4.72,8.488,64.538,2.359,TP,43,0.096,0.359,0.371,-0.081,-0.051,0.359
123,44,86.69,468.09,3.02,11.92,64.363,1.511,TP,44,0.026,0.029,0.038,0.024,0.008,0.029
123,45,422.43,467.55,2.05,58.084,64.289,1.027,TP,45,0.016,0.038,0.041,-0.001,0.016,0.038
123,46,308.24,479.57,5.83,42.383,65.94,2.916,TP,46,0.092,0.251,0.267,-0.079,-0.046,0.251
123,47,424.05,491.86,6.38,58.307,67.63,3.19,TP,47,0.011,0.06,0.061,0.009,0.005,-0.06
123,48,165.55,506.36,1.76,22.763,69.625,0.879,TP,48,0.02,0.129,0.131,0.007,-0.019,0.129
13,0,212.33,0.67,9.0,29.196,0.092,4.5,FP,,,,,,,
13,1,395.92,2.76,6.21,54.439,0.38,3.106,TP,1,0.122,0.223,0.255,0.119,0.029,-0.223
13,2,51.34,12.58,8.4,7.059,1.73,4.2,TP,0,0.734,0.026,0.735,0.381,0.628,0.026
13,3,326.15,7.98,3.1,44.846,1.097,1.552,TP,2,0.017,0.093,0.095,0.016,0.006,0.093
13,4,479.02,46.54,5.22,65.865,6.399,2.612,TP,3,0.077,0.112,0.136,0.002,-0.077,0.112
13,5,205.33,56.52,3.54,28.232,7.771,1.772,TP,4,0.058,0.14,0.152,-0.022,-0.054,0.14
13,6,47.91,63.03,2.41,6.588,8.666,1.204,TP,5,0.16,0.126,0.203,-0.151,-0.053,0.126
13,7,55.37,82.63,1.47,7.613,11.362,0.735,TP,6,0.014,0.014,0.02,-0.014,-0.002,0.014
13,8,479.3,93.57,1.48,65.904,12.865,0.739,TP,7,0.025,0.018,0.031,-0.025,0.003,-0.018
13,9,205.91,95.91,1.0,28.312,13.188,0.5,TP,8,0.031,0.0,0.031,-0.013,-0.029,0.0
13,10,378.78,116.37,5.24,52.082,16.001,2.622,TP,9,0.216,0.11,0.242,-0.155,-0.151,0.11
13,11,51.9,116.7,1.0,7.136,16.046,0.5,TP,10,0.042,0.0,0.042,0.035,0.023,0.0
13,12,381.36,119.64,8.14,52.437,16.451,4.071,FP,,,,,,,
13,13,98.89,136.93,4.42,13.597,18.828,2.21,TP,11,0.025,0.136,0.138,-0.022,-0.01,0.136
13,14,509.19,140.3,8.01,70.014,19.291,4.007,TP,12,0.122,0.07,0.14,-0.105,0.061,0.07
13,15,0.83,140.22,8.78,0.115,19.281,4.389,FP,,,,,,,
13,16,66.79,147.28,3.36,9.184,20.251,1.678,TP,13,0.004,0.166,0.166,-0.004,0.0,0.166
13,17,376.56,183.33,6.39,51.778,25.207,3.195,TP,14,0.047,0.167,0.173,-0.026,0.039,0.167
13,18,388.49,193.26,2.98,53.417,26.574,1.488,TP,15,0.826,0.788,1.142,0.249,0.787,-0.788
13,19,382.5,190.5,8.0,52.594,26.194,4.0,FP,,,,,,,
13,20,430.87,196.9,5.06,59.245,27.074,2.531,TP,16,0.187,0.012,0.188,0.077,0.17,0.012
13,21,29.94,198.63,2.22,4.117,27.311,1.112,TP,17,0.161,0.366,0.399,-0.122,-0.105,0.366
13,22,384.0,196.5,1.0,52.8,27.019,0.5,FP,,,,,,,
13,23,369.04,208.07,3.51,50.743,28.61,1.754,TP,19,0.099,0.07,0.122,-0.034,-0.093,-0.07
13,24,48.86,207.51,3.08,6.718,28.533,1.538,TP,18,0.057,0.045,0.073,0.053,0.022,0.045
13,25,310.99,203.18,6.1,42.761,27.937,3.049,TP,20,0.106,0.562,0.571,-0.106,0.003,0.562
13,26,54.73,241.37,2.44,7.526,33.188,1.219,TP,21,0.028,0.05,0.058,-0.004,0.027,0.05
13,27,418.87,252.78,5.52,57.594,34.758,2.76,TP,22,0.086,0.091,0.126,-0.054,-0.067,0.091
13,28,122.7,261.52,1.68,16.872,35.959,0.838,TP,23,0.007,0.162,0.162,-0.003,-0.006,-0.162
13,29,418.26,253.0,8.19,57.511,34.788,4.093,FP,,,,,,,
13,30,360.88,278.2,6.18,49.621,38.252,3.092,TP,24,0.259,0.324,0.415,0.008,-0.259,0.324
13,31,108.05,276.78,6.36,14.856,38.057,3.181,TP,25,0.332,0.643,0.724,-0.327,-0.055,0.643
13,32,167.86,278.13,5.94,23.08,38.242,2.97,TP,27,0.094,0.429,0.439,-0.09,0.025,0.429
13,33,129.72,281.55,7.17,17.836,38.713,3.585,TP,26,0.072,0.081,0.108,-0.036,0.063,0.081
13,34,72.83,283.14,4.58,10.014,38.932,2.292,TP,28,0.017,0.08,0.082,-0.017,-0.001,0.08
13,35,401.58,288.93,6.85,55.217,39.728,3.423,TP,30,0.373,0.399,0.547,-0.315,-0.201,0.399
13,36,162.51,300.01,3.36,22.346,41.252,1.679,TP,29,1.012,0.382,1.081,0.428,0.917,-0.382
13,37,201.14,310.14,4.26,27.657,42.644,2.129,TP,31,0.163,0.044,0.168,-0.012,-0.162,0.044
13,38,215.19,303.94,7.86,29.588,41.791,3.931,TP,32,0.308,0.158,0.346,0.272,0.145,0.158
13,39,265.05,377.73,1.0,36.444,51.938,0.5,TP,33,0.045,0.0,0.045,-0.04,-0.022,0.0
13,40,13.14,389.52,3.69,1.807,53.559,1.846,TP,34,0.028,0.216,0.218,-0.023,-0.016,0.216
13,41,108.8,396.86,2.04,14.96,54.568,1.021,TP,35,0.016,0.013,0.021,-0.012,0.01,0.013
13,42,492.86,405.04,6.54,67.768,55.693,3.271,TP,36,0.221,0.291,0.366,-0.175,-0.135,0.291
13,43,55.33,412.62,3.1,7.608,56.736,1.552,TP,37,0.021,0.049,0.053,0.009,0.019,0.049
13,44,54.5,448.59,2.06,7.494,61.682,1.031,TP,38,0.019,0.051,0.055,-0.011,0.016,0.051
13,45,217.23,451.96,2.41,29.87,62.144,1.204,TP,39,0.039,0.21,0.214,0.039,0.001,0.21
13,46,231.15,465.13,5.88,31.783,63.955,2.942,TP,40,0.023,0.184,0.185,-0.022,-0.004,0.184
13,47,205.67,479.36,8.46,28.279,65.912,4.232,TP,41,0.184,0.398,0.439,0.182,0.025,0.398
13,48,337.64,482.02,4.69,46.426,66.278,2.343,TP,42,0.046,0.197,0.203,-0.039,-0.024,0.197
13,49,142.39,502.85,8.06,19.579,69.141,4.03,TP,43,0.035,0.344,0.346,0.031,0.016,0.344
13,50,6.86,501.5,4.86,0.943,68.956,2.43,TP,44,0.008,0.143,0.143,-0.007,-0.005,0.143
13,51,312.49,498.17,2.56,42.968,68.498,1.279,TP,45,0.03,0.039,0.049,-0.008,0.029,0.039
13,52,208.24,504.96,7.85,28.633,69.432,3.924,TP,46,0.045,0.299,0.303,0.002,-0.045,0.299
143,0,296.61,6.7,2.69,40.784,0.921,1.345,TP,0,0.346,0.134,0.371,0.266,0.22,0.134
143,1,69.8,17.16,8.23,9.598,2.359,4.115,TP,1,0.63,0.143,0.646,0.039,0.629,0.143
143,2,57.08,21.57,1.41,7.848,2.966,0.706,TP,2,0.054,0.039,0.066,-0.043,-0.033,0.039
143,3,377.32,25.53,7.32,51.881,3.511,3.659,TP,3,0.029,0.159,0.161,0.024,0.016,0.159
143,4,192.91,33.47,1.27,26.525,4.602,0.633,TP,4,0.026,0.105,0.108,-0.015,0.02,-0.105
143,5,466.05,39.63,1.97,64.082,5.45,0.987,TP,5,0.032,0.029,0.043,0.003,0.032,-0.029
143,6,503.97,39.68,6.41,69.296,5.456,3.204,TP,6,0.053,0.488,0.491,-0.051,0.017,0.488
143,7,181.61,57.26,4.76,24.971,7.873,2.38,TP,7,0.042,0.38,0.382,-0.003,-0.042,0.38
143,8,144.51,58.79,8.45,19.87,8.084,4.227,TP,8,0.537,0.093,0.545,0.536,0.045,-0.093
143,9,344.34,77.02,8.16,47.346,10.59,4.079,TP,9,0.346,0.184,0.392,0.094,0.333,0.184
143,10,327.35,81.46,6.83,45.011,11.201,3.413,TP,11,0.121,0.284,0.309,-0.088,-0.083,0.284
143,11,56.88,79.17,7.95,7.821,10.886,3.974,TP,10,0.297,0.047,0.3,0.291,0.059,-0.047
143,12,371.03,88.66,7.04,51.017,12.19,3.52,TP,12,0.119,0.267,0.292,-0.119,-0.004,0.267
143,13,448.48,93.62,2.52,61.665,12.873,1.262,TP,13,0.019,0.02,0.028,-0.001,0.019,0.02
143,14,125.81,108.3,1.61,17.298,14.892,0.806,TP,14,0.041,0.08,0.09,-0.041,-0.005,0.08
143,15,507.29,121.0,8.09,69.753,16.638,4.045,TP,15,0.825,0.134,0.835,0.173,0.806,-0.134
143,16,71.62,125.01,7.01,9.848,17.189,3.507,TP,16,0.155,0.479,0.503,-0.142,-0.062,0.479
143,17,80.0,128.0,8.0,11.0,17.6,4.0,FP,,,,,,,
143,18,375.23,133.04,5.04,51.595,18.293,2.521,TP,17,0.02,0.304,0.305,-0.019,0.007,0.304
143,19,2.39,147.89,5.68,0.329,20.335,2.842,TP,18,0.144,0.13,0.194,0.044,0.137,-0.13
143,20,182.38,149.87,3.59,25.077,20.608,1.793,TP,19,0.148,0.054,0.157,0.097,0.111,0.054
143,21,510.44,146.78,9.0,70.186,20.182,4.5,FP,,,,,,,
143,22,87.88,160.05,1.85,12.083,22.007,0.926,TP,20,0.038,0.089,0.097,-0.026,-0.028,0.089
143,23,22.29,163.54,6.56,3.065,22.486,3.282,TP,21,0.016,0.027,0.031,-0.016,0.003,0.027
143,24,108.21,197.71,2.96,14.879,27.185,1.479,TP,22,0.012,0.045,0.046,-0.009,-0.008,0.045
143,25,37.84,204.14,6.62,5.203,28.069,3.308,TP,23,0.081,0.176,0.194,-0.044,-0.068,0.176
143,26,373.46,210.75,2.54,51.351,28.978,1.269,TP,24,0.045,0.033,0.056,0.035,0.029,0.033
143,27,145.51,221.49,6.47,20.008,30.456,3.234,TP,25,0.029,0.21,0.212,0.008,-0.027,0.21
143,28,335.69,241.8,6.59,46.158,33.248,3.293,TP,26,0.233,0.532,0.581,-0.138,-0.189,0.532
143,29,41.12,255.66,3.27,5.654,35.153,1.634,TP,27,0.025,0.35,0.351,-0.013,0.022,0.35
143,30,52.86,266.35,2.44,7.268,36.623,1.219,TP,28,0.019,0.063,0.066,0.005,0.018,0.063
143,31,231.08,280.53,4.53,31.774,38.573,2.266,TP,29,0.058,0.297,0.302,-0.055,-0.019,0.297
143,32,434.69,306.93,7.97,59.77,42.203,3.983,TP,31,0.174,0.263,0.316,0.162,0.064,0.263
143,33,495.19,311.16,5.84,68.089,42.785,2.92,TP,35,0.647,0.729,0.974,-0.231,-0.604,-0.729
143,34,141.71,306.48,6.83,19.485,42.141,3.416,TP,32,0.086,0.495,0.503,-0.086,0.009,0.495
143,35,314.55,308.17,7.67,43.25,42.374,3.837,TP,33,0.083,0.045,0.094,0.052,0.064,0.045
143,36,153.96,319.36,8.2,21.169,43.912,4.101,TP,34,0.568,0.21,0.605,0.319,0.47,0.21
143,37,508.46,319.4,3.74,69.914,43.918,1.869,TP,36,0.154,0.277,0.317,-0.131,-0.082,0.277
143,38,0.17,320.83,1.33,0.023,44.115,0.667,FP,,,,,,,
143,39,24.35,352.42,6.61,3.348,48.457,3.303,TP,37,0.06,0.182,0.191,-0.04,0.044,0.182
143,40,425.73,355.05,1.0,58.537,48.819,0.5,TP,38,0.022,0.0,0.022,0.019,-0.01,0.0
143,41,14.41,363.07,2.82,1.982,49.922,1.412,TP,39,0.056,0.101,0.115,0.055,-0.008,-0.101
143,42,312.74,369.79,1.43,43.001,50.846,0.714,TP,40,0.006,0.002,0.007,-0.006,0.0,-0.002
143,43,229.35,387.2,1.68,31.536,53.24,0.841,TP,41,0.009,0.1,0.1,-0.009,0.0,0.1
143,44,317.4,414.56,7.41,43.642,57.003,3.705,TP,42,0.141,0.061,0.153,0.096,0.103,-0.061
143,45,133.27,423.44,4.6,18.324,58.223,2.302,TP,43,0.083,0.169,0.188,0.077,0.03,0.169
143,46,505.82,438.59,3.02,69.551,60.305,1.511,TP,44,0.056,0.185,0.194,-0.034,-0.045,0.185
143,47,96.59,433.68,1.55,13.281,59.631,0.773,TP,45,0.017,0.03,0.034,0.007,0.015,0.03
143,48,481.95,439.03,7.18,66.269,60.367,3.59,TP,46,0.037,0.038,0.053,0.019,0.031,0.038
143,49,81.69,448.96,7.76,11.232,61.732,3.878,TP,47,0.117,0.105,0.157,0.026,0.114,0.105
143,50,247.12,467.04,7.26,33.98,64.218,3.629,TP,48,0.059,0.387,0.392,-0.043,-0.041,0.387
143,,,,,67.65,42.214,2.036,FN,30,,,,,,
148,0,123.52,16.21,2.83,16.984,2.229,1.415,TP,0,0.046,0.087,0.099,0.042,0.019,0.087
148,1,316.93,40.55,3.21,43.577,5.576,1.603,TP,1,0.022,0.011,0.024,0.006,0.021,0.011
148,2,391.82,46.81,7.05,53.876,6.437,3.527,TP,2,0.039,0.046,0.06,0.035,0.018,0.046
148,3,52.57,78.61,2.34,7.229,10.809,1.17,TP,3,0.076,0.053,0.093,0.013,0.075,0.053
148,4,275.24,93.78,7.02,37.845,12.894,3.51,TP,5,0.27,0.589,0.648,-0.134,-0.235,0.589
148,5,261.35,89.09,1.4,35.935,12.25,0.698,TP,4,0.065,0.087,0.108,-0.059,0.028,0.087
148,6,147.96,98.07,1.0,20.344,13.484,0.5,TP,6,0.025,0.0,0.025,-0.024,0.005,0.0
148,7,207.49,111.31,7.77,28.53,15.305,3.883,TP,9,0.088,0.383,0.393,0.085,0.025,0.383
148,8,5.25,108.13,6.18,0.721,14.868,3.09,TP,8,0.046,0.087,0.098,0.046,0.003,-0.087
148,9,16.6,108.2,1.0,2.283,14.877,0.5,TP,10,0.072,0.0,0.072,0.066,-0.029,0.0
148,10,337.63,118.44,7.52,46.425,16.285,3.758,TP,11,0.096,0.11,0.146,0.043,0.086,0.11
148,11,390.71,116.64,5.54,53.722,16.038,2.769,TP,12,0.183,0.451,0.487,-0.183,-0.017,0.451
148,12,352.31,128.92,1.36,48.442,17.726,0.681,TP,13,0.015,0.181,0.181,-0.004,0.014,0.181
148,13,249.01,155.16,6.97,34.239,21.334,3.485,TP,14,0.005,0.076,0.077,0.005,0.002,0.076
148,14,194.65,161.51,5.39,26.764,22.207,2.697,TP,15,0.078,0.138,0.158,-0.063,-0.046,0.138
148,15,421.02,158.94,5.94,57.89,21.854,2.971,TP,16,0.113,0.177,0.21,-0.113,-0.001,0.177
148,16,36.77,164.1,1.94,5.056,22.564,0.971,TP,17,0.018,0.036,0.04,-0.018,0.002,-0.036
148,17,507.83,173.46,4.45,69.827,23.851,2.225,TP,18,0.05,0.25,0.255,-0.047,-0.017,0.25
148,18,0.8,173.5,8.0,0.11,23.856,4.0,FP,,,,,,,
148,19,157.93,177.06,8.4,21.716,24.346,4.201,TP,19,0.437,0.01,0.437,0.437,0.006,0.01
148,20,268.12,185.63,2.67,36.867,25.524,1.333,TP,20,0.106,0.078,0.132,0.083,0.066,0.078
148,21,106.57,191.02,2.98,14.653,26.265,1.49,TP,21,0.06,0.053,0.08,0.044,0.041,0.053
148,22,331.52,196.46,2.28,45.584,27.014,1.14,TP,22,0.012,0.053,0.054,-0.011,-0.003,0.053
148,23,460.8,209.48,2.99,63.36,28.803,1.495,TP,23,0.028,0.007,0.029,-0.013,-0.024,0.007
148,24,158.65,217.11,6.31,21.815,29.852,3.156,TP,24,0.216,0.552,0.593,-0.162,-0.143,0.552
148,25,439.02,261.56,5.65,60.365,35.965,2.824,TP,25,0.281,0.671,0.728,-0.053,-0.276,0.671
148,26,88.98,261.69,1.95,12.235,35.983,0.975,TP,26,0.034,0.036,0.05,0.004,0.034,-0.036
148,27,105.73,287.35,6.61,14.538,39.51,3.303,TP,27,0.1,0.282,0.3,-0.088,-0.048,0.282
148,28,164.83,300.65,5.76,22.664,41.339,2.881,TP,28,0.011,0.066,0.066,-0.01,-0.005,0.066
148,29,255.16,312.71,3.2,35.084,42.997,1.6,TP,29,0.031,0.165,0.168,-0.026,0.017,0.165
148,30,287.96,317.68,1.86,39.595,43.682,0.93,TP,30,0.027,0.063,0.069,-0.023,0.015,0.063
148,31,272.56,326.08,7.71,37.478,44.835,3.855,TP,31,0.238,0.008,0.238,0.237,0.026,-0.008
148,32,231.05,340.21,5.69,31.769,46.778,2.843,TP,32,0.047,0.389,0.392,-0.022,-0.042,0.389
148,33,280.66,358.55,7.64,38.59,49.301,3.822,TP,33,0.192,0.599,0.629,-0.099,-0.165,0.599
148,34,403.17,369.95,8.53,55.436,50.868,4.264,TP,34,0.847,0.039,0.848,0.432,0.729,-0.039
148,35,211.5,375.01,6.29,29.081,51.563,3.147,TP,35,0.332,0.641,0.721,-0.201,-0.264,0.641
148,36,91.13,412.87,3.07,12.53,56.769,1.536,TP,36,0.013,0.069,0.07,0.007,0.011,0.069
148,37,399.53,425.64,3.16,54.936,58.525,1.581,TP,37,0.052,0.02,0.056,0.017,0.049,0.02
148,38,125.5,424.16,8.39,17.257,58.322,4.194,TP,38,0.136,0.194,0.237,-0.136,-0.011,0.194
148,39,458.96,424.47,1.42,63.106,58.364,0.711,TP,39,0.021,0.015,0.026,-0.006,-0.02,-0.015
148,40,111.0,423.75,9.0,15.263,58.266,4.5,FP,,,,,,,
148,41,436.53,437.95,5.29,60.024,60.218,2.644,TP,40,0.066,0.559,0.563,-0.063,-0.022,0.559
148,42,74.55,451.88,1.61,10.251,62.133,0.804,TP,41,0.124,0.085,0.15,0.063,0.106,0.085
148,43,290.22,466.11,7.6,39.906,64.09,3.799,TP,43,0.127,0.011,0.127,0.126,0.012,0.011
148,44,308.26,468.37,8.25,42.386,64.401,4.127,TP,42,0.557,0.038,0.559,0.157,0.535,0.038
148,45,84.85,467.69,6.14,11.667,64.307,3.071,TP,44,0.155,0.397,0.426,-0.142,-0.061,0.397
148,46,476.6,486.55,3.61,65.533,66.901,1.806,TP,45,0.111,0.143,0.181,0.031,0.107,-0.143
148,47,439.02,495.06,6.82,60.366,68.071,3.409,TP,46,0.017,0.167,0.168,0.015,-0.009,0.167
148,48,477.0,493.71,0.0,65.588,67.886,0.0,FP,,,,,,,
148,49,463.12,506.96,6.11,63.679,69.707,3.053,TP,47,0.051,0.054,0.074,0.042,0.029,-0.054
148,,,,,36.512,13.39,0.5,FN,7,,,,,,
149,0,464.9,10.32,4.68,63.923,1.42,2.338,TP,0,0.041,0.372,0.375,-0.04,0.006,0.372
149,1,426.13,12.8,3.37,58.593,1.76,1.686,TP,1,0.019,0.174,0.175,0.011,-0.016,0.174
149,2,203.86,23.74,8.49,28.031,3.264,4.245,TP,2,0.077,0.282,0.292,0.076,0.011,0.282
149,3,149.8,30.95,6.55,20.597,4.255,3.277,TP,3,0.005,0.081,0.081,-0.005,-0.001,0.081
149,4,295.45,46.98,1.0,40.625,6.46,0.5,TP,4,0.017,0.0,0.017,0.005,-0.016,0.0
149,5,416.4,54.32,1.97,57.255,7.47,0.987,TP,5,0.026,0.026,0.037,0.015,0.021,0.026
149,6,303.22,68.22,1.78,41.693,9.381,0.888,TP,6,0.024,0.052,0.058,0.014,0.019,0.052
149,7,88.89,108.56,8.24,12.222,14.926,4.119,TP,8,0.074,0.512,0.518,0.045,0.059,0.512
149,8,381.02,105.04,7.12,52.391,14.443,3.558,TP,7,0.14,0.178,0.227,0.074,0.119,0.178
149,9,397.54,117.38,1.67,54.662,16.139,0.835,TP,9,0.009,0.109,0.11,-0.009,-0.001,-0.109
149,10,419.91,138.66,6.84,57.737,19.066,3.421,TP,10,0.059,0.163,0.173,-0.058,-0.012,0.163
149,11,283.08,150.93,2.46,38.923,20.753,1.23,TP,11,0.056,0.046,0.072,-0.052,-0.02,0.046
149,12,317.24,153.51,2.92,43.621,21.108,1.461,TP,12,0.071,0.039,0.081,0.047,0.054,-0.039
149,13,209.83,157.27,1.85,28.851,21.625,0.923,TP,13,0.019,0.088,0.09,0.008,0.017,-0.088
149,14,260.39,161.03,7.21,35.804,22.142,3.605,TP,14,0.06,0.112,0.127,-0.021,0.056,0.112
149,15,489.28,178.09,1.48,67.276,24.488,0.741,TP,15,0.038,0.005,0.038,-0.013,-0.036,0.005
149,16,336.43,206.57,4.6,46.258,28.403,2.299,TP,16,0.031,0.034,0.046,0.017,0.026,0.034
149,17,173.12,206.06,7.12,23.804,28.333,3.56,TP,17,0.136,0.339,0.365,-0.03,-0.133,0.339
149,18,276.51,206.66,6.48,38.021,28.416,3.238,TP,18,0.311,0.571,0.65,-0.115,-0.289,0.571
149,19,399.86,208.46,6.87,54.981,28.663,3.436,TP,19,0.134,0.223,0.26,-0.133,0.017,0.223
149,20,238.27,212.84,5.3,32.762,29.265,2.648,TP,21,0.049,0.407,0.41,-0.048,-0.01,0.407
149,21,62.52,224.15,6.22,8.596,30.82,3.11,TP,23,0.215,0.444,0.493,-0.119,-0.179,0.444
149,22,126.61,235.83,2.15,17.409,32.427,1.076,TP,24,0.117,0.076,0.139,-0.013,0.116,0.076
149,23,19.6,262.24,3.61,2.694,36.057,1.803,TP,25,0.084,0.009,0.084,-0.007,0.083,0.009
149,24,160.92,271.16,6.5,22.127,37.284,3.249,TP,26,0.14,0.189,0.235,-0.139,-0.01,0.189
149,25,496.7,287.81,1.0,68.297,39.574,0.5,TP,27,0.562,0.0,0.562,-0.172,-0.535,0.0
149,26,178.01,290.36,6.38,24.477,39.924,3.189,TP,28,0.037,0.346,0.348,-0.031,-0.02,0.346
149,27,150.2,296.59,1.43,20.653,40.781,0.716,TP,29,0.052,0.028,0.059,-0.023,0.046,-0.028
149,28,493.51,304.92,1.93,67.858,41.926,0.965,TP,30,0.025,0.022,0.033,0.009,0.023,0.022
149,29,120.63,313.53,3.23,16.586,43.111,1.615,TP,31,0.047,0.11,0.12,-0.047,-0.001,0.11
149,30,320.27,321.96,3.04,44.037,44.269,1.522,TP,32,0.03,0.08,0.085,0.026,0.016,-0.08
149,31,91.18,355.11,6.1,12.538,48.828,3.049,TP,33,0.13,0.11,0.17,-0.039,-0.124,0.11
149,32,477.43,359.86,8.18,65.646,49.481,4.091,TP,35,0.218,0.285,0.359,0.195,0.098,0.285
149,33,312.56,377.78,7.21,42.976,51.945,3.605,TP,36,0.202,0.3,0.361,-0.193,-0.062,0.3
149,34,43.34,395.22,8.02,5.959,54.343,4.012,TP,37,0.048,0.027,0.055,0.034,0.035,0.027
149,35,260.77,398.13,1.96,35.856,54.743,0.982,TP,38,0.014,0.012,0.019,0.006,-0.013,-0.012
149,36,147.82,406.54,7.22,20.325,55.899,3.608,TP,39,0.093,0.192,0.213,-0.013,-0.092,0.192
149,37,408.48,406.27,6.46,56.166,55.862,3.232,TP,41,0.152,0.513,0.534,-0.151,-0.008,0.513
149,38,397.94,416.04,4.66,54.716,57.205,2.328,TP,42,0.031,0.229,0.231,-0.009,-0.03,0.229
149,39,472.42,419.73,7.65,64.958,57.713,3.827,TP,43,0.117,0.088,0.147,0.1,0.06,0.088
149,40,410.87,460.93,7.91,56.495,63.378,3.954,TP,44,0.08,0.331,0.341,0.048,0.063,0.331
149,41,170.95,461.0,1.36,23.506,63.388,0.682,TP,45,0.035,0.009,0.036,0.014,-0.032,-0.009
149,42,300.95,484.87,2.61,41.381,66.669,1.303,TP,46,0.036,0.064,0.073,0.024,0.027,0.064
149,43,73.86,493.75,7.86,10.155,67.89,3.928,TP,47,0.172,0.428,0.462,0.165,0.05,0.428
149,44,257.26,500.73,8.25,35.374,68.85,4.126,TP,48,0.613,0.112,0.623,0.566,0.236,0.112
149,,,,,24.845,28.71,4.262,FN,20,,,,,,
149,,,,,36.558,29.504,4.322,FN,22,,,,,,
149,,,,,13.114,48.864,0.5,FN,34,,,,,,
149,,,,,29.356,55.206,0.5,FN,40,,,,,,
15,0,472.44,6.38,6.92,64.96,0.878,3.462,TP,1,0.196,0.462,0.502,-0.018,-0.196,0.462
15,1,383.12,5.62,3.56,52.679,0.772,1.779,TP,0,0.209,0.247,0.324,0.038,0.205,-0.247
15,2,358.44,12.15,3.53,49.286,1.671,1.766,TP,2,0.016,0.107,0.108,0.006,0.015,0.107
15,3,266.78,16.47,6.22,36.683,2.264,3.111,TP,3,0.05,0.301,0.305,-0.05,0.008,0.301
15,4,292.08,33.36,3.89,40.161,4.587,1.947,TP,4,0.309,0.01,0.309,0.133,0.279,-0.01
15,5,373.37,26.83,6.49,51.338,3.69,3.243,TP,5,0.082,0.078,0.113,0.066,0.048,-0.078
15,6,313.75,39.69,8.2,43.141,5.457,4.1,TP,6,0.392,0.093,0.403,0.342,0.191,0.093
15,7,55.94,52.84,2.79,7.692,7.266,1.394,TP,7,0.074,0.007,0.074,0.008,0.074,-0.007
15,8,465.23,60.77,2.96,63.969,8.356,1.479,TP,8,0.032,0.06,0.068,0.012,0.03,-0.06
15,9,275.24,86.78,7.1,37.845,11.932,3.552,TP,9,0.072,0.425,0.431,-0.071,0.01,0.425
15,10,402.96,109.57,5.77,55.407,15.066,2.883,TP,10,0.068,0.515,0.52,-0.028,-0.062,0.515
15,11,54.12,119.24,1.03,7.441,16.396,0.514,TP,11,0.023,0.014,0.027,-0.008,-0.022,0.014
15,12,189.82,146.85,3.35,26.1,20.192,1.676,TP,12,0.017,0.268,0.268,0.016,-0.004,0.268
15,13,177.55,156.14,1.0,24.413,21.469,0.5,TP,13,0.08,0.0,0.08,-0.062,-0.05,0.0
15,14,401.96,164.84,4.0,55.269,22.665,2.0,TP,14,0.01,0.009,0.013,0.004,0.009,0.009
15,15,97.07,185.92,2.48,13.347,25.563,1.241,TP,15,0.003,0.066,0.066,-0.003,0.001,0.066
15,16,36.66,196.45,2.43,5.041,27.012,1.216,TP,16,0.03,0.16,0.163,-0.017,0.024,0.16
15,17,309.83,214.92,2.54,42.602,29.551,1.268,TP,17,0.013,0.005,0.014,-0.013,0.002,0.005
15,18,86.29,222.11,2.44,11.864,30.54,1.218,TP,18,0.013,0.039,0.041,-0.01,0.007,-0.039
15,19,502.23,225.24,7.12,69.056,30.97,3.559,TP,20,0.317,0.413,0.521,-0.241,-0.206,0.413
15,20,422.27,221.91,2.87,58.062,30.512,1.436,TP,19,0.004,0.053,0.053,-0.001,0.004,0.053
15,21,38.65,230.96,8.34,5.315,31.757,4.169,TP,21,0.432,0.142,0.455,0.417,0.115,0.142
15,22,67.45,238.04,3.43,9.274,32.73,1.716,TP,22,0.029,0.02,0.035,0.021,0.02,0.02
15,23,449.83,261.4,1.12,61.851,35.942,0.559,TP,23,0.037,0.116,0.122,-0.037,0.006,-0.116
15,24,409.58,265.1,3.78,56.318,36.452,1.89,TP,24,0.019,0.161,0.162,0.016,-0.011,0.161
15,25,203.43,273.67,5.31,27.971,37.629,2.654,TP,25,0.092,0.373,0.385,-0.013,-0.091,0.373
15,26,274.0,277.0,1.0,37.675,38.088,0.5,TP,26,0.0,0.0,0.0,0.0,0.0,0.0
15,27,32.42,283.21,8.51,4.458,38.941,4.256,TP,27,0.105,0.244,0.265,0.102,0.023,0.244
15,28,447.5,284.4,6.61,61.531,39.105,3.305,TP,29,0.084,0.346,0.356,-0.026,-0.08,0.346
15,29,497.83,286.19,7.42,68.451,39.351,3.709,TP,28,0.193,0.028,0.195,0.141,0.131,-0.028
15,30,58.24,291.4,3.63,8.007,40.068,1.815,TP,30,0.013,0.131,0.132,0.013,-0.003,0.131
15,31,391.49,301.73,5.27,53.83,41.488,2.636,TP,31,0.103,0.322,0.338,-0.101,-0.019,0.322
15,32,209.06,390.08,3.13,28.746,53.637,1.563,TP,32,0.31,0.093,0.324,-0.306,-0.054,-0.093
15,33,149.93,404.5,2.22,20.616,55.618,1.111,TP,34,0.017,0.228,0.228,0.016,-0.004,0.228
15,34,374.25,406.25,1.0,51.459,55.859,0.5,TP,35,0.049,0.0,0.049,0.034,-0.034,0.0
15,35,435.62,411.67,1.0,59.898,56.604,0.5,TP,36,0.042,0.045,0.062,0.03,0.029,-0.045
15,36,138.98,421.3,6.98,19.11,57.928,3.488,TP,37,0.054,0.186,0.194,-0.01,0.053,0.186
15,37,214.86,435.95,4.06,29.543,59.943,2.029,TP,38,0.015,0.029,0.033,-0.015,0.005,0.029
15,38,70.07,423.93,1.0,9.635,58.29,0.5,TP,39,0.021,0.0,0.021,-0.006,-0.02,0.0
15,39,299.45,453.98,3.79,41.174,62.422,1.895,TP,40,0.014,0.061,0.063,0.001,-0.014,-0.061
15,40,280.5,467.57,2.26,38.569,64.291,1.129,TP,41,0.096,0.052,0.109,0.041,0.086,0.052
15,41,488.65,472.27,4.92,67.19,64.937,2.461,TP,42,0.149,0.48,0.502,-0.045,0.142,-0.48
15,42,322.6,466.65,4.69,44.357,64.164,2.345,TP,43,0.096,0.37,0.382,-0.096,0.001,0.37
15,43,500.8,470.07,6.79,68.86,64.634,3.395,TP,44,0.138,0.135,0.193,0.112,0.081,0.135
15,44,242.75,473.44,7.71,33.378,65.098,3.854,TP,45,0.198,0.052,0.204,0.098,0.172,0.052
15,45,421.25,489.62,7.76,57.922,67.323,3.879,TP,47,0.039,0.117,0.123,0.03,0.024,0.117
15,,,,,28.077,53.498,0.991,FN,33,,,,,,
15,,,,,67.418,65.453,1.245,FN,46,,,,,,
151,0,156.63,27.05,7.51,21.537,3.719,3.756,TP,0,0.049,0.018,0.052,0.011,0.048,0.018
151,1,89.34,39.2,7.82,12.284,5.391,3.91,TP,1,0.145,0.296,0.33,0.055,0.134,0.296
151,2,144.53,52.17,8.12,19.873,7.173,4.06,TP,2,1.216,0.06,1.217,0.497,1.109,0.06
151,3,128.9,50.83,2.46,17.724,6.989,1.231,TP,3,0.06,0.164,0.175,-0.059,-0.013,0.164
151,4,403.82,54.45,2.43,55.525,7.486,1.217,TP,4,0.017,0.01,0.02,-0.016,-0.005,-0.01
151,5,385.16,62.35,1.96,52.96,8.574,0.981,TP,5,0.015,0.219,0.22,0.006,-0.013,0.219
151,6,292.67,77.14,5.56,40.242,10.606,2.78,TP,6,0.081,0.151,0.171,0.015,0.079,-0.151
151,7,295.26,94.85,6.73,40.598,13.042,3.367,TP,7,0.02,0.255,0.256,-0.019,0.006,0.255
151,8,282.72,100.72,7.05,38.874,13.849,3.524,TP,8,0.043,0.146,0.152,0.043,-0.001,0.146
151,9,340.38,107.34,2.6,46.803,14.759,1.301,TP,9,0.045,0.008,0.045,-0.045,0.001,0.008
151,10,459.58,110.31,2.4,63.192,15.168,1.201,TP,10,0.037,0.051,0.064,-0.009,0.036,-0.051
151,11,245.18,122.49,5.87,33.713,16.843,2.933,TP,11,0.704,0.715,1.003,-0.632,-0.308,0.715
151,12,280.82,120.76,2.0,38.613,16.605,1.0,FP,,,,,,,
151,13,281.0,121.0,0.0,38.638,16.638,0.0,FP,,,,,,,
151,14,349.29,127.58,4.78,48.027,17.542,2.39,TP,12,0.157,0.126,0.202,0.143,0.066,-0.126
151,15,257.5,129.37,2.73,35.406,17.788,1.367,TP,13,0.804,0.867,1.182,0.47,-0.652,0.867
151,16,268.59,136.9,6.47,36.931,18.824,3.234,TP,14,0.059,0.219,0.227,-0.056,-0.017,0.219
151,17,354.43,157.91,1.26,48.734,21.713,0.629,TP,15,0.051,0.1,0.113,-0.051,0.002,-0.1
151,18,350.93,171.4,7.26,48.253,23.568,3.63,TP,17,0.03,0.18,0.182,-0.007,-0.029,0.18
151,19,283.68,169.33,3.11,39.006,23.283,1.555,TP,16,0.027,0.081,0.085,0.027,-0.001,0.081
151,20,136.45,177.2,7.69,18.761,24.365,3.846,TP,18,0.093,0.086,0.127,0.06,0.071,0.086
151,21,163.2,196.84,7.96,22.44,27.065,3.981,TP,19,0.058,0.003,0.058,0.028,0.05,-0.003
151,22,321.77,202.52,8.22,44.243,27.846,4.108,TP,20,0.297,0.177,0.346,0.058,0.292,0.177
151,23,64.23,207.66,7.92,8.832,28.554,3.959,TP,21,0.512,0.008,0.512,0.498,0.12,-0.008
151,24,109.14,236.35,3.06,15.007,32.498,1.528,TP,22,0.029,0.06,0.067,-0.029,-0.003,0.06
151,25,447.61,256.23,4.4,61.547,35.232,2.199,TP,24,0.068,0.124,0.141,-0.031,-0.061,0.124
151,26,323.69,253.83,6.96,44.507,34.901,3.478,TP,25,0.142,0.038,0.147,0.134,0.047,-0.038
151,27,335.99,262.23,8.08,46.198,36.056,4.04,TP,23,0.664,0.278,0.72,0.085,0.659,0.278
151,28,402.97,263.45,2.36,55.408,36.225,1.181,TP,26,0.061,0.037,0.071,0.015,0.059,-0.037
151,29,386.82,274.76,7.71,53.187,37.78,3.854,TP,27,0.237,0.634,0.677,0.103,0.214,0.634
151,30,308.12,281.37,2.15,42.366,38.688,1.076,TP,28,0.029,0.052,0.06,0.003,0.029,0.052
151,31,162.7,295.77,8.31,22.371,40.668,4.156,TP,29,0.128,0.205,0.241,-0.057,-0.114,0.205
151,32,411.74,322.79,6.97,56.614,44.383,3.483,TP,30,0.112,0.153,0.189,-0.064,-0.092,0.153
151,33,335.09,330.09,1.0,46.075,45.388,0.5,TP,32,0.058,0.0,0.058,0.013,-0.056,0.0
151,34,501.3,332.24,6.0,68.929,45.682,3.0,TP,31,0.04,0.25,0.253,0.017,-0.036,0.25
151,35,29.1,365.86,3.19,4.002,50.306,1.593,TP,33,0.008,0.084,0.085,-0.001,0.008,0.084
151,36,403.57,365.64,7.59,55.49,50.276,3.796,TP,34,0.095,0.043,0.104,0.089,0.033,0.043
151,37,372.42,370.44,1.45,51.208,50.935,0.724,TP,35,0.05,0.03,0.058,0.028,0.041,0.03
151,38,185.06,381.21,2.56,25.446,52.416,1.28,TP,36,0.03,0.078,0.083,-0.013,-0.027,0.078
151,39,472.13,394.48,1.62,64.918,54.24,0.81,TP,37,0.038,0.13,0.135,0.029,0.025,0.13
151,40,376.32,403.75,6.5,51.743,55.515,3.252,TP,38,0.251,0.744,0.786,-0.023,-0.25,0.744
151,41,502.61,422.16,3.57,69.109,58.047,1.783,TP,39,0.261,0.318,0.411,-0.065,-0.253,0.318
151,42,27.08,443.25,1.65,3.724,60.947,0.827,TP,40,0.063,0.125,0.14,-0.063,-0.009,0.125
151,43,394.63,461.23,2.54,54.262,63.419,1.268,TP,41,0.019,0.021,0.028,-0.017,0.008,0.021
151,44,135.43,474.58,7.58,18.622,65.255,3.791,TP,42,0.256,0.08,0.268,0.156,0.203,0.08
151,45,238.37,478.55,3.37,32.775,65.801,1.685,TP,44,0.315,0.281,0.422,-0.296,-0.105,-0.281
151,46,55.21,488.88,4.56,7.591,67.221,2.278,TP,45,0.061,0.325,0.331,-0.036,-0.049,0.325
151,47,331.75,490.36,4.79,45.616,67.424,2.395,TP,46,0.134,0.388,0.411,-0.129,-0.036,0.388
151,48,89.27,502.3,1.42,12.275,69.066,0.709,TP,47,0.053,0.098,0.111,-0.048,-0.02,0.098
151,,,,,32.126,65.556,1.038,FN,43,,,,,,
154,0,421.27,0.82,9.0,57.925,0.113,4.5,FP,,,,,,,
154,1,237.0,1.0,1.0,32.588,0.138,0.5,TP,1,0.88,0.379,0.958,-0.316,-0.821,-0.379
154,2,110.78,11.66,6.92,15.232,1.603,3.461,TP,0,0.03,0.157,0.16,0.03,0.006,0.157
154,3,240.02,7.96,1.75,33.003,1.095,0.876,FP,,,,,,,
154,4,10.66,20.89,6.23,1.465,2.872,3.117,TP,2,0.067,0.484,0.489,-0.033,-0.058,0.484
154,5,344.22,23.06,1.46,47.33,3.171,0.73,TP,3,0.023,0.015,0.027,-0.022,0.002,-0.015
154,6,83.69,31.88,6.06,11.507,4.383,3.031,TP,4,0.143,0.228,0.269,-0.137,-0.04,0.228
154,7,399.3,47.54,2.6,54.903,6.537,1.3,TP,6,0.013,0.008,0.015,-0.011,0.007,-0.008
154,8,285.01,45.63,5.59,39.188,6.274,2.795,TP,5,0.248,0.276,0.371,-0.103,-0.225,0.276
154,9,136.02,56.56,5.0,18.703,7.777,2.498,TP,7,0.149,0.46,0.483,-0.138,-0.056,0.46
154,10,226.46,69.92,3.13,31.138,9.614,1.566,TP,8,0.03,0.098,0.102,-0.028,0.012,0.098
154,11,409.21,77.47,4.71,56.266,10.653,2.353,TP,9,0.17,0.374,0.411,-0.089,-0.145,0.374
154,12,363.96,116.97,3.09,50.044,16.083,1.543,TP,10,0.043,0.059,0.073,0.01,0.042,-0.059
154,13,329.42,124.28,2.73,45.295,17.089,1.363,TP,11,0.041,0.155,0.16,-0.023,-0.033,0.155
154,14,480.9,128.22,1.4,66.124,17.63,0.699,TP,12,0.041,0.199,0.203,-0.013,-0.039,0.199
154,15,148.69,139.88,1.0,20.445,19.234,0.5,TP,13,0.018,0.0,0.018,-0.001,0.018,0.0
154,16,331.05,172.19,2.53,45.52,23.676,1.264,TP,14,0.042,0.038,0.057,0.029,0.031,0.038
154,17,293.43,169.73,7.63,40.346,23.338,3.814,TP,15,0.04,0.264,0.267,-0.033,0.022,0.264
154,18,47.57,185.81,6.53,6.541,25.548,3.264,TP,16,0.173,0.646,0.669,-0.001,-0.173,0.646
154,19,101.12,190.56,2.18,13.904,26.202,1.088,TP,17,0.034,0.065,0.073,-0.033,0.005,0.065
154,20,339.79,193.71,2.64,46.721,26.635,1.32,TP,18,0.018,0.135,0.136,-0.017,0.007,0.135
154,21,484.8,216.94,1.45,66.661,29.829,0.725,TP,19,0.012,0.002,0.012,-0.011,0.004,-0.002
154,22,433.99,228.87,6.7,59.674,31.47,3.349,TP,20,0.109,0.403,0.418,-0.109,0.008,0.403
154,23,504.07,230.74,7.39,69.309,31.726,3.697,TP,21,0.326,0.564,0.652,-0.285,-0.159,0.564
154,24,211.76,240.87,7.03,29.117,33.12,3.515,TP,23,0.438,0.465,0.639,-0.253,-0.357,0.465
154,25,104.26,234.98,1.47,14.335,32.31,0.734,TP,22,0.04,0.002,0.04,-0.025,0.031,0.002
154,26,359.09,247.09,1.0,49.375,33.975,0.5,TP,24,0.042,0.0,0.042,0.034,-0.024,0.0
154,27,209.44,276.42,2.96,28.798,38.008,1.479,TP,25,0.003,0.015,0.016,0.002,-0.002,-0.015
154,28,171.31,280.48,5.84,23.555,38.566,2.918,TP,26,0.084,0.219,0.235,-0.077,-0.033,0.219
154,29,63.75,311.66,3.71,8.766,42.853,1.855,TP,27,0.095,0.065,0.115,0.061,0.073,-0.065
154,30,123.4,322.99,2.57,16.968,44.411,1.283,TP,28,0.047,0.098,0.109,0.028,0.037,-0.098
154,31,140.99,322.46,6.45,19.386,44.339,3.223,TP,29,0.099,0.301,0.317,-0.087,-0.047,0.301
154,32,313.02,328.26,7.34,43.04,45.136,3.672,TP,30,0.239,0.4,0.466,-0.08,-0.225,0.4
154,33,431.84,332.39,4.23,59.378,45.703,2.116,TP,31,0.02,0.108,0.11,0.02,-0.002,0.108
154,34,67.75,336.9,4.47,9.316,46.324,2.234,TP,32,0.08,0.092,0.122,-0.08,-0.004,0.092
154,35,272.69,388.56,3.24,37.495,53.426,1.619,TP,33,0.039,0.119,0.125,-0.038,0.012,0.119
154,36,248.42,391.01,3.82,34.157,53.764,1.908,TP,34,0.158,0.638,0.657,-0.155,-0.03,0.638
154,37,434.61,398.9,7.22,59.759,54.848,3.608,TP,35,0.234,0.347,0.419,-0.054,-0.228,0.347
154,38,10.1,400.6,1.58,1.388,55.082,0.789,TP,36,0.013,0.125,0.125,-0.012,0.004,0.125
154,39,250.68,404.86,4.22,34.468,55.668,2.11,TP,37,0.035,0.215,0.218,-0.032,-0.016,0.215
154,40,325.24,418.07,7.33,44.721,57.484,3.664,TP,39,0.198,0.462,0.503,-0.053,-0.191,0.462
154,41,268.3,417.54,7.53,36.892,57.412,3.765,TP,38,0.021,0.35,0.351,0.018,-0.01,0.35
154,42,230.96,446.52,2.56,31.757,61.396,1.279,TP,40,0.128,0.031,0.132,0.001,0.128,0.031
154,43,49.28,451.01,4.72,6.776,62.014,2.361,TP,41,0.086,0.18,0.199,-0.077,-0.04,0.18
154,44,402.84,475.32,3.74,55.391,65.357,1.87,TP,42,0.015,0.147,0.148,-0.015,-0.0,0.147
154,45,377.41,486.0,3.48,51.894,66.825,1.739,TP,43,0.02,0.003,0.021,-0.0,0.02,-0.003
154,46,164.16,491.07,4.62,22.571,67.522,2.311,TP,44,0.083,0.072,0.11,0.064,0.053,0.072
154,47,490.65,491.6,5.28,67.464,67.596,2.638,TP,45,0.022,0.342,0.343,-0.021,-0.005,0.342
154,48,301.74,498.68,4.59,41.49,68.569,2.293,TP,46,0.088,0.05,0.101,0.046,0.075,0.05
154,49,400.04,508.33,3.03,55.005,69.896,1.513,TP,47,0.077,0.054,0.094,0.06,0.048,-0.054
154,50,436.92,508.75,2.98,60.077,69.953,1.492,TP,48,0.35,0.008,0.35,-0.348,-0.036,-0.008
154,51,420.89,508.92,8.06,57.872,69.977,4.028,TP,49,0.133,0.124,0.182,0.096,-0.093,0.124
161,0,172.0,2.0,8.0,23.65,0.275,4.0,TP,0,0.951,0.5,1.074,0.94,0.14,0.5
161,1,27.86,6.78,7.82,3.831,0.933,3.911,TP,1,0.103,0.125,0.162,0.04,0.095,0.125
161,2,329.81,11.46,1.35,45.349,1.576,0.673,TP,2,0.07,0.173,0.186,-0.058,-0.04,0.173
161,3,337.64,25.8,5.03,46.425,3.547,2.515,TP,3,0.008,0.035,0.036,0.007,0.004,0.035
161,4,331.5,25.5,8.0,45.581,3.506,4.0,FP,,,,,,,
161,5,441.14,29.79,6.43,60.657,4.096,3.217,TP,4,0.24,0.217,0.323,0.229,0.069,0.217
161,6,171.57,36.7,7.9,23.591,5.047,3.949,TP,5,0.07,0.354,0.36,0.069,-0.005,0.354
161,7,498.17,36.0,1.0,68.499,4.95,0.5,TP,6,0.021,0.0,0.021,-0.014,-0.015,0.0
161,8,219.85,44.29,2.09,30.229,6.09,1.044,TP,7,0.03,0.044,0.053,-0.012,-0.027,0.044
161,9,315.82,56.1,2.05,43.426,7.713,1.027,TP,8,0.06,0.012,0.061,0.028,0.053,0.012
161,10,230.39,57.63,1.37,31.678,7.924,0.685,TP,9,0.032,0.002,0.032,-0.027,0.018,-0.002
161,11,1.94,89.58,2.34,0.267,12.317,1.17,TP,10,0.171,0.158,0.233,0.139,0.099,0.158
161,12,110.49,105.31,1.79,15.192,14.48,0.894,TP,11,0.094,0.192,0.214,-0.052,-0.078,0.192
161,13,109.0,124.39,7.56,14.987,17.104,3.782,TP,13,0.633,0.756,0.986,0.249,0.582,0.756
161,14,67.76,135.79,8.1,9.318,18.671,4.051,TP,14,0.241,0.067,0.25,0.218,0.104,0.067
161,15,364.41,158.13,3.82,50.106,21.742,1.91,TP,15,0.031,0.268,0.27,-0.031,0.003,0.268
161,16,182.45,169.69,6.84,25.086,23.332,3.42,TP,18,0.78,0.707,1.053,0.212,-0.751,0.707
161,17,453.51,165.19,7.33,62.358,22.713,3.665,TP,17,0.054,0.023,0.059,0.023,0.049,0.023
161,18,290.87,212.02,2.83,39.995,29.152,1.416,TP,19,0.431,0.782,0.893,-0.397,-0.166,-0.782
161,19,153.08,224.26,4.91,21.049,30.836,2.453,TP,21,0.061,0.217,0.225,-0.061,-0.004,0.217
161,20,234.0,236.72,5.7,32.175,32.549,2.852,TP,22,0.021,0.104,0.106,-0.013,0.016,0.104
161,21,209.12,255.68,1.95,28.754,35.156,0.976,TP,23,0.065,0.201,0.212,0.012,0.064,0.201
161,22,287.59,259.06,5.97,39.544,35.62,2.986,TP,24,0.042,0.131,0.137,-0.017,0.038,-0.131
161,23,273.54,264.81,6.13,37.611,36.411,3.063,TP,25,0.208,0.56,0.597,-0.03,-0.206,0.56
161,24,437.21,281.96,2.04,60.117,38.769,1.022,TP,26,0.027,0.015,0.031,0.012,0.024,0.015
161,25,58.04,285.48,6.58,7.98,39.253,3.289,TP,27,0.027,0.027,0.038,0.003,0.027,-0.027
161,26,140.37,302.47,6.51,19.301,41.589,3.253,TP,28,0.034,0.003,0.034,0.034,0.002,-0.003
161,27,349.16,317.69,5.08,48.009,43.683,2.539,TP,29,1.16,0.229,1.183,1.145,0.189,-0.229
161,28,4.6,327.35,5.44,0.633,45.01,2.718,TP,31,0.055,0.003,0.055,-0.054,-0.005,0.003
161,29,18.56,329.25,7.57,2.552,45.272,3.784,TP,32,0.053,0.032,0.062,0.019,0.05,0.032
161,30,414.45,336.14,1.47,56.987,46.219,0.735,TP,33,0.008,0.088,0.089,-0.005,0.005,-0.088
161,31,267.03,349.71,8.19,36.716,48.085,4.094,TP,34,0.079,0.432,0.439,-0.034,-0.071,0.432
161,32,424.32,365.9,8.6,58.345,50.312,4.301,TP,35,0.369,0.159,0.402,0.282,0.238,0.159
161,33,480.59,364.07,1.0,66.081,50.06,0.5,TP,36,0.027,0.058,0.064,-0.008,0.026,-0.058
161,34,230.05,366.96,5.95,31.631,50.458,2.974,TP,37,0.034,0.211,0.214,-0.015,-0.03,0.211
161,35,199.06,380.05,5.31,27.371,52.257,2.653,TP,38,0.174,0.664,0.687,-0.169,0.045,0.664
161,36,362.23,390.8,7.96,49.806,53.735,3.979,TP,40,0.14,0.188,0.234,0.136,0.035,0.188
161,37,365.29,418.42,7.35,50.228,57.533,3.674,TP,42,0.262,0.394,0.473,-0.105,-0.24,0.394
161,38,449.62,417.9,2.33,61.823,57.462,1.167,TP,41,0.016,0.117,0.118,0.011,0.012,0.117
161,39,487.97,417.44,2.9,67.096,57.398,1.452,TP,43,0.012,0.054,0.055,0.003,0.011,-0.054
161,40,91.56,419.19,7.61,12.589,57.639,3.804,TP,44,0.073,0.078,0.107,0.048,0.055,0.078
161,41,370.0,428.5,8.0,50.875,58.919,4.0,FP,,,,,,,
161,42,342.95,454.0,4.95,47.156,62.425,2.474,TP,45,0.025,0.23,0.231,-0.025,-0.002,0.23
161,43,126.49,480.8,2.22,17.393,66.109,1.108,TP,46,0.051,0.108,0.119,-0.043,-0.028,0.108
161,44,164.4,485.17,5.36,22.606,66.712,2.679,TP,47,0.025,0.002,0.025,0.02,-0.014,0.002
161,45,29.03,502.02,1.99,3.992,69.028,0.993,TP,48,0.026,0.007,0.027,0.015,0.022,-0.007
161,46,232.07,503.78,2.01,31.909,69.27,1.007,TP,49,0.013,0.034,0.036,-0.009,0.009,0.034
161,,,,,69.502,13.908,4.292,FN,12,,,,,,
161,,,,,25.444,22.215,3.75,FN,16,,,,,,
161,,,,,39.229,28.619,0.523,FN,20,,,,,,
161,,,,,49.451,43.99,1.775,FN,30,,,,,,
161,,,,,26.61,52.017,3.786,FN,39,,,,,,
195,0,372.09,5.78,1.29,51.163,0.795,0.644,TP,1,0.046,0.144,0.151,-0.041,0.02,0.144
195,1,23.25,4.49,5.68,3.198,0.617,2.84,TP,0,0.096,0.164,0.19,0.078,0.056,-0.164
195,2,311.76,6.57,2.24,42.868,0.903,1.118,TP,3,0.034,0.329,0.331,-0.019,0.028,0.329
195,3,299.21,9.15,4.86,41.141,1.258,2.432,TP,2,0.351,1.732,1.767,-0.141,0.321,1.732
195,4,397.67,15.83,4.1,54.679,2.176,2.048,TP,4,0.101,0.144,0.176,0.047,0.09,0.144
195,5,204.81,47.49,6.17,28.162,6.529,3.084,TP,5,0.23,0.318,0.392,-0.043,-0.225,0.318
195,6,90.14,60.09,1.88,12.394,8.263,0.939,TP,6,0.005,0.033,0.034,-0.003,0.004,0.033
195,7,305.52,57.3,7.63,42.009,7.879,3.815,TP,7,0.068,0.045,0.081,0.056,0.039,0.045
195,8,56.18,59.79,2.0,7.725,8.221,1.0,TP,8,0.012,0.047,0.048,0.009,0.008,0.047
195,9,430.49,60.86,8.12,59.193,8.368,4.061,FP,,,,,,,
195,10,440.59,71.84,4.87,60.581,9.878,2.436,TP,9,0.462,0.189,0.499,0.378,0.265,-0.189
195,11,303.61,104.86,6.68,41.746,14.419,3.338,TP,10,0.099,0.076,0.125,0.067,0.073,-0.076
195,12,4.11,124.47,3.88,0.566,17.115,1.938,TP,11,0.095,0.091,0.132,-0.094,0.01,-0.091
195,13,216.11,133.61,7.76,29.716,18.371,3.882,TP,12,0.1,0.106,0.146,0.091,0.041,0.106
195,14,483.23,143.39,1.57,66.445,19.716,0.784,TP,13,0.048,0.067,0.083,0.03,0.038,0.067
195,15,289.5,139.5,1.0,39.806,19.181,0.5,TP,14,0.0,0.0,0.0,0.0,0.0,0.0
195,16,94.16,170.04,2.82,12.946,23.381,1.411,TP,15,0.004,0.017,0.017,0.002,0.003,0.017
195,17,462.65,202.37,3.11,63.614,27.825,1.556,TP,16,0.007,0.063,0.064,0.007,-0.002,0.063
195,18,116.3,212.72,6.1,15.991,29.249,3.051,TP,17,0.304,0.539,0.619,-0.137,-0.271,0.539
195,19,3.84,220.7,1.61,0.528,30.346,0.803,TP,18,0.063,0.019,0.065,0.056,0.027,0.019
195,20,446.87,231.6,3.27,61.445,31.845,1.636,TP,19,0.122,0.133,0.181,0.118,0.031,-0.133
195,21,162.18,238.24,1.0,22.299,32.757,0.5,TP,20,0.018,0.0,0.018,-0.011,0.015,0.0
195,22,435.25,257.64,6.69,59.847,35.426,3.343,TP,21,0.029,0.349,0.351,0.025,-0.013,0.349
195,23,79.4,285.15,2.42,10.917,39.208,1.208,TP,22,0.009,0.021,0.022,-0.002,0.008,-0.021
195,24,487.36,296.18,8.38,67.012,40.725,4.188,TP,23,0.67,0.065,0.673,0.043,0.669,-0.065
195,25,279.59,297.07,1.39,38.443,40.847,0.695,TP,24,0.029,0.086,0.091,-0.018,-0.023,0.086
195,26,191.29,304.62,6.36,26.303,41.886,3.18,TP,25,0.285,0.441,0.526,-0.251,-0.135,0.441
195,27,5.29,317.47,7.16,0.727,43.652,3.578,TP,26,0.132,0.066,0.147,0.114,0.066,-0.066
195,28,354.14,317.98,7.52,48.694,43.722,3.76,TP,27,0.104,0.01,0.104,0.094,0.044,0.01
195,29,133.36,328.95,7.95,18.338,45.23,3.975,TP,28,0.329,0.265,0.422,0.108,0.31,0.265
195,30,36.19,326.57,1.0,4.976,44.903,0.5,TP,29,0.016,0.0,0.016,0.005,0.016,0.0
195,31,415.65,334.94,4.18,57.152,46.055,2.091,TP,31,0.251,0.047,0.255,-0.022,-0.25,0.047
195,32,147.48,328.36,2.96,20.279,45.149,1.48,TP,30,0.028,0.072,0.077,-0.008,0.027,-0.072
195,33,296.64,338.38,2.55,40.787,46.527,1.273,TP,32,0.107,0.067,0.126,-0.001,0.107,0.067
195,34,152.83,343.85,7.1,21.015,47.28,3.552,TP,33,0.047,0.052,0.071,0.043,-0.019,0.052
195,35,292.44,358.6,7.06,40.211,49.307,3.528,TP,34,0.175,0.385,0.423,-0.081,-0.155,0.385
195,36,272.43,363.31,4.38,37.459,49.954,2.191,TP,35,0.174,0.933,0.949,-0.066,-0.161,0.933
195,37,271.03,380.67,3.43,37.267,52.342,1.715,TP,37,0.165,0.165,0.233,-0.153,-0.06,0.165
195,38,85.17,388.25,7.25,11.71,53.384,3.623,TP,38,0.064,0.401,0.406,-0.058,-0.027,0.401
195,39,34.35,404.47,1.91,4.724,55.614,0.957,TP,39,0.038,0.007,0.039,-0.008,0.037,0.007
195,40,385.67,402.3,4.77,53.03,55.316,2.386,TP,40,0.17,0.547,0.573,-0.169,-0.017,0.547
195,41,281.48,418.25,3.39,38.704,57.51,1.695,TP,41,0.022,0.189,0.191,-0.014,-0.017,0.189
195,42,364.58,432.51,1.95,50.13,59.471,0.973,TP,43,0.041,0.006,0.042,-0.035,-0.022,0.006
195,43,367.97,445.56,7.2,50.596,61.264,3.602,TP,44,0.1,0.348,0.362,-0.064,-0.076,0.348
195,44,487.23,480.05,1.32,66.994,66.006,0.659,TP,45,0.024,0.003,0.024,0.023,0.006,0.003
195,45,505.75,482.34,1.87,69.54,66.322,0.937,TP,46,0.033,0.181,0.184,-0.026,-0.02,0.181
195,46,177.29,506.05,1.73,24.378,69.582,0.864,TP,47,0.017,0.107,0.109,0.015,0.007,0.107
195,,,,,35.67,51.408,3.748,FN,36,,,,,,
195,,,,,50.27,57.173,0.5,FN,42,,,,,,
196,0,399.0,22.25,4.84,54.863,3.059,2.419,TP,1,0.028,0.383,0.384,-0.022,-0.018,0.383
196,1,31.19,25.32,5.59,4.289,3.482,2.794,TP,2,0.129,0.436,0.455,-0.094,-0.089,0.436
196,2,86.94,37.97,5.36,11.955,5.22,2.682,TP,3,0.17,0.481,0.51,-0.17,0.013,0.481
196,3,394.11,55.84,6.7,54.19,7.678,3.351,TP,4,0.065,0.389,0.395,-0.065,-0.002,0.389
196,4,489.98,67.26,3.14,67.372,9.248,1.572,TP,5,0.067,0.072,0.098,0.024,0.062,0.072
196,5,488.91,96.85,6.57,67.226,13.317,3.287,TP,6,0.028,0.037,0.046,0.026,0.011,0.037
196,6,344.7,111.39,4.95,47.396,15.317,2.476,TP,8,0.172,0.049,0.179,0.044,0.167,0.049
196,7,77.53,105.03,8.53,10.66,14.442,4.265,TP,7,0.099,0.228,0.249,0.072,0.069,0.228
196,8,288.9,106.89,3.07,39.724,14.698,1.534,TP,9,0.061,0.068,0.091,-0.043,-0.043,0.068
196,9,57.28,121.8,7.22,7.876,16.747,3.611,TP,10,0.14,0.142,0.199,-0.071,-0.12,0.142
196,10,82.41,126.42,3.17,11.331,17.382,1.584,TP,11,0.079,0.084,0.116,0.061,0.05,0.084
196,11,59.73,128.82,9.0,8.212,17.712,4.5,FP,,,,,,,
196,12,359.73,158.69,2.55,49.463,21.82,1.276,TP,12,0.014,0.016,0.021,-0.008,0.012,0.016
196,13,476.66,172.98,7.64,65.541,23.785,3.822,TP,13,0.139,0.03,0.142,0.139,-0.013,0.03
196,14,255.69,175.72,7.19,35.157,24.161,3.593,TP,14,0.085,0.271,0.284,0.059,0.061,0.271
196,15,448.22,198.47,2.52,61.63,27.29,1.26,TP,15,0.021,0.015,0.026,0.017,0.013,-0.015
196,16,370.91,203.03,2.09,51.001,27.917,1.043,TP,16,0.017,0.092,0.094,-0.01,0.014,0.092
196,17,352.34,206.0,6.92,48.447,28.325,3.46,TP,17,0.035,0.187,0.19,-0.034,0.007,0.187
196,18,391.75,209.75,7.59,53.866,28.841,3.796,TP,18,0.068,0.057,0.089,0.057,0.038,0.057
196,19,435.02,226.36,1.82,59.816,31.124,0.908,TP,19,0.06,0.092,0.11,-0.034,0.049,-0.092
196,20,455.9,229.93,7.51,62.686,31.615,3.756,TP,20,0.436,0.4,0.591,0.332,0.283,0.4
196,21,447.01,237.01,4.4,61.463,32.589,2.199,TP,21,0.071,0.17,0.184,-0.017,-0.069,0.17
196,22,422.49,237.83,6.58,58.093,32.701,3.29,TP,22,0.021,0.037,0.043,0.021,0.005,0.037
196,23,403.84,248.15,7.15,55.528,34.121,3.573,TP,23,0.041,0.073,0.084,0.021,0.035,0.073
196,24,18.96,254.71,7.79,2.607,35.023,3.894,TP,24,0.056,0.362,0.367,0.054,0.016,0.362
196,25,199.55,265.31,1.45,27.438,36.48,0.724,TP,25,0.006,0.019,0.02,0.005,-0.002,-0.019
196,26,336.84,284.93,8.12,46.316,39.178,4.058,TP,27,1.013,0.367,1.077,-0.921,-0.422,0.367
196,27,92.4,290.49,4.25,12.704,39.942,2.127,TP,28,0.054,0.053,0.075,0.047,0.026,0.053
196,28,26.94,299.85,6.25,3.704,41.229,3.124,TP,29,0.015,0.174,0.174,0.011,-0.009,0.174
196,29,299.6,332.95,1.95,41.195,45.781,0.977,TP,30,0.024,0.023,0.034,0.007,0.023,-0.023
196,30,110.5,342.81,1.57,15.194,47.137,0.785,TP,31,0.023,0.016,0.028,0.015,0.018,0.016
196,31,48.7,356.22,2.17,6.696,48.98,1.087,TP,32,0.034,0.071,0.079,-0.033,0.008,0.071
196,32,505.87,356.57,2.29,69.556,49.029,1.146,TP,34,0.018,0.095,0.097,0.016,-0.007,0.095
196,33,133.84,358.84,8.0,18.402,49.34,4.0,TP,33,0.191,0.02,0.192,0.175,0.077,-0.02
196,34,434.48,367.32,8.26,59.741,50.506,4.129,TP,35,0.252,0.153,0.295,0.091,0.235,0.153
196,35,454.39,369.08,2.95,62.479,50.748,1.475,TP,36,0.016,0.06,0.062,0.008,-0.013,0.06
196,36,261.72,382.28,8.56,35.987,52.563,4.278,TP,37,0.796,2.398,2.527,-0.459,-0.65,2.398
196,37,265.29,387.38,3.7,36.477,53.265,1.852,FP,,,,,,,
196,38,90.72,392.53,7.2,12.474,53.974,3.601,TP,38,0.072,0.363,0.37,0.034,-0.064,0.363
196,39,261.95,414.03,4.33,36.019,56.929,2.167,TP,39,0.089,0.172,0.194,0.036,0.082,0.172
196,40,383.71,465.05,1.99,52.76,63.945,0.997,TP,40,0.043,0.035,0.055,-0.041,-0.012,0.035
196,41,491.95,474.48,8.33,67.643,65.24,4.163,TP,41,0.601,0.095,0.609,0.436,0.414,-0.095
196,42,268.48,473.51,6.97,36.916,65.108,3.485,TP,42,0.032,0.003,0.033,0.001,0.032,-0.003
196,43,418.98,485.5,2.55,57.609,66.756,1.276,TP,43,0.025,0.062,0.067,0.012,0.022,0.062
196,44,315.91,489.42,1.68,43.437,67.295,0.838,TP,44,0.027,0.088,0.092,-0.015,-0.022,0.088
196,45,302.84,499.23,4.34,41.641,68.644,2.168,TP,45,0.066,0.252,0.26,-0.047,-0.046,0.252
196,46,392.15,499.75,6.58,53.92,68.715,3.29,TP,46,0.028,0.187,0.189,-0.002,-0.027,0.187
196,47,298.0,498.5,8.0,40.975,68.544,4.0,FP,,,,,,,
196,,,,,56.856,0.11,0.5,FN,0,,,,,,
196,,,,,45.276,38.582,3.825,FN,26,,,,,,
21,0,238.38,5.35,8.64,32.777,0.735,4.318,TP,0,0.212,0.16,0.265,0.089,0.192,0.16
21,1,310.58,9.1,1.76,42.705,1.251,0.88,TP,1,0.013,0.087,0.087,-0.013,-0.001,0.087
21,2,491.43,37.28,1.41,67.572,5.126,0.707,TP,2,0.04,0.006,0.04,-0.028,-0.028,-0.006
21,3,95.77,53.56,3.03,13.168,7.365,1.513,TP,3,0.048,0.024,0.054,-0.008,-0.048,0.024
21,4,483.81,84.16,7.8,66.524,11.572,3.901,TP,4,0.181,0.406,0.444,0.024,0.179,0.406
21,5,276.89,87.14,3.68,38.072,11.982,1.838,TP,5,0.014,0.127,0.128,0.006,-0.012,0.127
21,6,315.48,92.4,2.12,43.378,12.705,1.06,TP,6,0.006,0.052,0.052,-0.002,0.006,0.052
21,7,139.92,104.51,7.92,19.239,14.371,3.961,TP,7,0.178,0.381,0.42,0.061,0.167,0.381
21,8,25.0,132.35,6.89,3.438,18.199,3.446,TP,8,0.253,0.486,0.548,-0.11,-0.228,0.486
21,9,140.68,137.14,3.66,19.343,18.856,1.832,TP,9,0.057,0.097,0.112,-0.053,-0.021,0.097
21,10,280.24,140.71,7.56,38.533,19.348,3.782,TP,10,0.112,0.045,0.121,0.049,0.101,0.045
21,11,195.93,154.38,1.42,26.941,21.227,0.709,TP,11,0.036,0.001,0.036,0.031,0.018,0.001
21,12,65.03,160.47,4.71,8.941,22.064,2.356,TP,12,0.027,0.028,0.039,-0.005,-0.026,0.028
21,13,465.87,165.2,5.47,64.058,22.714,2.733,TP,13,0.114,0.244,0.269,-0.113,0.013,0.244
21,14,502.81,171.64,2.09,69.136,23.6,1.047,TP,14,0.022,0.06,0.064,0.013,0.018,0.06
21,15,49.1,191.31,7.72,6.752,26.306,3.858,TP,16,0.01,0.557,0.557,0.008,0.006,0.557
21,16,231.12,190.88,2.53,31.78,26.247,1.264,TP,15,0.025,0.005,0.026,-0.019,-0.016,-0.005
21,17,286.14,211.5,2.49,39.344,29.081,1.245,TP,17,0.009,0.033,0.034,0.003,0.009,0.033
21,18,142.88,234.92,1.99,19.646,32.301,0.994,TP,18,0.026,0.053,0.059,-0.016,0.02,-0.053
21,19,210.09,232.76,1.46,28.887,32.005,0.73,TP,19,0.039,0.034,0.052,-0.038,-0.008,0.034
21,20,118.63,248.1,8.23,16.312,34.114,4.116,TP,20,0.186,0.548,0.578,0.101,0.156,0.548
21,21,48.09,255.93,2.55,6.612,35.19,1.277,TP,21,0.044,0.08,0.092,-0.012,0.042,-0.08
21,22,198.17,257.14,6.69,27.248,35.357,3.347,TP,23,0.19,0.4,0.443,-0.074,-0.175,0.4
21,23,25.91,253.28,6.57,3.562,34.826,3.287,TP,22,0.307,0.463,0.556,0.306,-0.004,-0.463
21,24,24.86,256.93,9.0,3.418,35.328,4.5,FP,,,,,,,
21,25,25.96,286.04,5.06,3.57,39.33,2.532,TP,25,0.025,0.032,0.041,0.006,0.024,0.032
21,26,357.41,287.1,2.98,49.144,39.476,1.492,TP,24,0.079,0.004,0.079,0.027,0.075,-0.004
21,27,369.02,299.77,7.1,50.74,41.218,3.548,TP,26,0.037,0.025,0.045,-0.01,-0.036,0.025
21,28,79.75,306.96,2.5,10.966,42.207,1.25,TP,27,0.005,0.0,0.005,0.0,-0.005,0.0
21,29,296.3,308.07,1.35,40.742,42.36,0.674,TP,28,0.088,0.043,0.097,-0.053,-0.07,0.043
21,30,149.04,308.6,1.0,20.493,42.433,0.5,TP,29,0.035,0.159,0.163,-0.032,0.014,-0.159
21,31,117.46,311.37,1.9,16.15,42.814,0.949,TP,30,0.04,0.04,0.057,0.004,0.04,-0.04
21,32,127.6,322.4,5.0,17.545,44.33,2.5,TP,31,0.458,0.47,0.656,-0.147,-0.433,0.47
21,33,128.5,323.0,8.0,17.669,44.413,4.0,FP,,,,,,,
21,34,132.6,326.4,7.0,18.233,44.88,3.5,FP,,,,,,,
21,35,126.16,333.93,5.95,17.347,45.916,2.977,TP,32,0.064,0.516,0.52,0.052,-0.037,0.516
21,36,458.46,334.68,5.91,63.038,46.018,2.953,TP,33,0.027,0.077,0.081,-0.024,-0.012,-0.077
21,37,28.92,361.11,3.51,3.976,49.653,1.756,TP,34,0.028,0.183,0.185,-0.02,-0.02,0.183
21,38,365.16,363.34,3.02,50.209,49.959,1.509,TP,35,0.012,0.029,0.031,-0.003,0.012,-0.029
21,39,273.53,370.51,3.06,37.61,50.945,1.532,TP,36,0.004,0.032,0.032,0.004,0.001,0.032
21,40,41.95,394.77,4.35,5.769,54.281,2.174,TP,37,0.09,0.055,0.105,-0.035,-0.082,0.055
21,41,379.48,390.83,5.12,52.179,53.739,2.559,TP,38,0.076,0.448,0.454,-0.076,-0.007,0.448
21,42,195.69,408.4,5.52,26.907,56.155,2.759,TP,41,0.5,0.678,0.842,-0.322,-0.382,0.678
21,43,112.2,409.95,5.71,15.428,56.368,2.853,TP,40,0.047,0.398,0.4,-0.026,-0.04,0.398
21,44,187.79,414.42,8.44,25.821,56.982,4.219,TP,39,1.37,0.382,1.422,-0.317,1.333,0.382
21,45,29.78,432.33,2.55,4.095,59.445,1.276,TP,42,0.041,0.041,0.058,0.034,0.024,0.041
21,46,55.53,448.58,2.02,7.635,61.679,1.008,TP,43,0.013,0.008,0.015,-0.013,0.0,0.008
21,47,28.87,492.06,7.88,3.969,67.658,3.94,TP,44,0.038,0.628,0.63,0.03,0.023,0.628
21,48,52.77,485.63,8.13,7.255,66.775,4.065,TP,45,0.342,0.065,0.348,0.261,0.221,0.065
21,49,381.59,492.88,5.32,52.469,67.772,2.662,TP,46,0.165,0.675,0.695,-0.159,-0.044,0.675
21,50,375.97,503.4,6.55,51.696,69.218,3.274,TP,47,0.058,0.323,0.328,-0.01,-0.057,0.323
35,0,51.09,12.09,1.0,7.025,1.663,0.5,TP,0,0.077,0.0,0.077,-0.038,-0.067,0.0
35,1,482.67,28.48,5.29,66.367,3.916,2.643,TP,2,0.105,0.174,0.203,-0.015,-0.104,0.174
35,2,111.37,32.87,6.56,15.313,4.519,3.28,TP,5,0.147,0.516,0.536,0.035,-0.142,-0.516
35,3,397.15,28.02,8.59,54.608,3.853,4.297,TP,3,0.117,0.054,0.128,0.078,0.086,0.054
35,4,330.49,28.62,3.15,45.442,3.935,1.573,TP,4,0.015,0.086,0.087,-0.014,-0.006,0.086
35,5,456.0,45.98,1.47,62.7,6.322,0.735,TP,7,0.019,0.015,0.024,-0.013,0.014,-0.015
35,6,340.14,58.1,7.82,46.769,7.988,3.911,TP,8,0.365,0.14,0.391,0.009,0.365,0.14
35,7,148.42,65.48,1.34,20.408,9.004,0.669,TP,9,0.096,0.084,0.128,-0.088,-0.04,-0.084
35,8,258.02,76.37,2.32,35.477,10.501,1.159,TP,11,0.055,0.08,0.097,-0.002,0.055,-0.08
35,9,154.53,92.4,1.94,21.248,12.705,0.972,TP,12,0.028,0.071,0.076,0.022,0.016,0.071
35,10,244.37,93.99,8.19,33.6,12.924,4.097,TP,13,0.161,0.066,0.174,0.16,-0.016,0.066
35,11,277.46,99.49,1.93,38.15,13.68,0.966,TP,14,0.023,0.034,0.041,-0.006,0.022,-0.034
35,12,487.64,101.53,4.33,67.05,13.96,2.164,TP,15,0.025,0.193,0.195,-0.018,-0.018,0.193
35,13,39.69,110.2,6.99,5.458,15.152,3.496,TP,16,0.055,0.009,0.056,0.029,0.047,-0.009
35,14,319.82,133.92,2.2,43.975,18.414,1.099,TP,17,0.007,0.067,0.067,-0.005,-0.006,0.067
35,15,36.63,132.92,1.66,5.036,18.276,0.831,TP,18,0.046,0.1,0.11,-0.044,0.014,0.1
35,16,3.08,154.28,4.03,0.423,21.214,2.016,TP,19,0.084,0.034,0.09,0.057,0.062,0.034
35,17,195.08,165.14,7.79,26.824,22.707,3.894,TP,20,0.068,0.235,0.245,0.06,0.032,0.235
35,18,398.61,169.61,4.47,54.809,23.321,2.233,TP,21,0.186,0.281,0.337,-0.067,-0.173,0.281
35,19,475.72,168.84,2.04,65.411,23.216,1.018,TP,22,0.007,0.027,0.028,0.006,0.003,0.027
35,20,148.8,183.22,2.62,20.46,25.193,1.31,TP,23,0.019,0.074,0.076,0.019,0.004,0.074
35,21,497.68,196.06,6.64,68.431,26.958,3.319,TP,24,0.097,0.461,0.471,0.042,-0.088,0.461
35,22,82.59,216.0,3.79,11.357,29.7,1.897,TP,25,0.04,0.198,0.202,-0.04,-0.003,0.198
35,23,424.61,212.54,5.11,58.384,29.224,2.554,TP,26,0.159,0.277,0.319,-0.157,-0.024,0.277
35,24,399.04,222.75,3.62,54.868,30.628,1.812,TP,27,0.027,0.087,0.091,-0.021,-0.017,0.087
35,25,134.04,218.87,2.17,18.431,30.094,1.087,TP,28,0.009,0.094,0.094,-0.008,-0.003,0.094
35,26,149.56,223.32,2.21,20.564,30.707,1.104,TP,29,0.039,0.149,0.154,-0.034,-0.019,0.149
35,27,183.0,220.5,7.55,25.163,30.319,3.777,TP,30,0.095,0.106,0.143,0.091,0.03,0.106
35,28,91.52,230.11,6.9,12.584,31.64,3.451,TP,31,0.191,0.411,0.454,-0.068,-0.179,0.411
35,29,404.49,247.05,2.39,55.618,33.969,1.197,TP,32,0.007,0.002,0.007,0.005,0.005,-0.002
35,30,154.96,291.19,3.6,21.307,40.039,1.802,TP,34,0.095,0.089,0.13,0.037,0.087,0.089
35,31,227.21,324.81,4.32,31.241,44.661,2.162,TP,37,0.142,0.102,0.175,-0.059,-0.129,0.102
35,32,290.13,322.65,6.21,39.893,44.365,3.107,TP,38,0.204,0.375,0.427,-0.1,-0.178,0.375
35,33,376.23,320.42,8.29,51.731,44.058,4.143,TP,35,0.4,0.179,0.438,0.078,0.393,0.179
35,34,488.78,329.66,6.61,67.208,45.329,3.305,TP,36,0.307,0.115,0.328,0.044,0.304,-0.115
35,35,433.46,337.01,7.26,59.601,46.339,3.632,TP,39,0.319,0.468,0.566,-0.077,-0.309,0.468
35,36,4.73,379.42,7.78,0.65,52.171,3.888,TP,40,0.268,0.005,0.268,0.105,0.246,0.005
35,37,171.0,401.75,1.46,23.513,55.241,0.732,TP,41,0.033,0.027,0.043,-0.027,-0.02,0.027
35,38,120.26,417.49,4.79,16.536,57.405,2.393,TP,42,0.074,0.062,0.097,0.031,0.067,0.062
35,39,389.87,460.8,5.15,53.607,63.36,2.576,TP,43,0.077,0.104,0.129,0.05,0.058,-0.104
35,40,107.36,487.6,4.65,14.762,67.045,2.325,TP,44,0.048,0.027,0.056,-0.012,-0.047,0.027
35,41,102.67,476.67,8.0,14.117,65.542,4.0,FP,,,,,,,
35,42,476.74,503.89,3.95,65.552,69.284,1.977,TP,45,0.055,0.042,0.069,0.024,0.05,-0.042
35,43,224.57,505.69,7.02,30.878,69.533,3.511,TP,46,0.298,0.501,0.583,-0.183,-0.236,0.501
35,,,,,14.71,3.322,3.947,FN,1,,,,,,
35,,,,,15.125,5.638,1.0,FN,6,,,,,,
35,,,,,19.603,9.541,0.5,FN,10,,,,,,
35,,,,,22.289,38.754,0.5,FN,33,,,,,,
44,0,433.78,24.05,5.43,59.645,3.307,2.716,TP,0,0.094,0.467,0.477,-0.087,-0.037,0.467
44,1,389.8,61.8,1.52,53.598,8.498,0.762,TP,1,0.061,0.023,0.065,0.013,0.06,0.023
44,2,147.26,69.51,3.22,20.248,9.558,1.609,TP,2,0.187,0.109,0.216,0.149,0.112,0.109
44,3,507.58,127.16,3.84,69.793,17.484,1.918,TP,3,0.091,0.505,0.513,-0.089,0.018,0.505
44,4,0.0,126.0,1.0,0.0,17.325,0.5,FP,,,,,,,
44,5,188.37,133.64,2.54,25.9,18.376,1.272,TP,4,0.015,0.097,0.099,-0.012,0.01,0.097
44,6,484.14,140.77,1.5,66.569,19.356,0.748,TP,5,0.007,0.015,0.016,-0.003,0.006,0.015
44,7,31.19,142.74,6.78,4.288,19.627,3.388,TP,7,0.026,0.135,0.137,0.017,0.02,0.135
44,8,279.5,145.3,8.28,38.432,19.978,4.142,TP,6,0.313,0.128,0.338,0.222,0.221,0.128
44,9,11.99,148.04,5.55,1.649,20.355,2.773,TP,8,0.063,0.188,0.198,-0.051,-0.036,0.188
44,10,78.13,153.34,6.91,10.742,21.085,3.456,TP,10,0.158,0.26,0.304,-0.089,-0.131,0.26
44,11,394.89,150.16,3.46,54.298,20.647,1.729,TP,11,0.06,0.242,0.25,-0.02,-0.057,0.242
44,12,405.72,157.73,4.45,55.787,21.688,2.226,TP,12,0.708,1.607,1.756,-0.384,-0.595,1.607
44,13,234.18,173.97,6.67,32.2,23.92,3.334,TP,13,0.147,0.39,0.417,-0.005,-0.147,0.39
44,14,405.97,180.24,3.41,55.821,24.783,1.706,TP,14,0.112,0.018,0.113,0.011,0.111,-0.018
44,15,235.0,183.57,8.14,32.312,25.241,4.071,FP,,,,,,,
44,16,285.24,189.5,6.14,39.221,26.056,3.071,TP,15,0.145,0.271,0.308,-0.144,-0.022,0.271
44,17,508.92,208.9,8.19,69.977,28.723,4.096,TP,16,0.047,0.013,0.049,0.045,0.011,0.013
44,18,4.28,235.5,3.97,0.589,32.382,1.987,TP,18,0.046,0.068,0.082,0.044,-0.012,-0.068
44,19,106.21,242.95,8.23,14.603,33.406,4.113,TP,17,0.426,0.139,0.449,0.235,0.356,0.139
44,20,67.15,244.13,3.83,9.233,33.568,1.913,TP,19,0.034,0.159,0.163,-0.004,-0.033,0.159
44,21,109.94,263.82,6.78,15.117,36.275,3.389,TP,20,0.011,0.233,0.233,-0.002,-0.01,0.233
44,22,357.59,267.22,6.58,49.169,36.743,3.291,TP,21,0.013,0.291,0.292,0.013,-0.003,0.291
44,23,144.21,286.31,7.68,19.829,39.368,3.838,TP,22,0.101,0.12,0.157,0.069,0.074,0.12
44,24,268.59,312.28,5.43,36.931,42.938,2.714,TP,24,0.207,0.261,0.333,-0.113,-0.173,0.261
44,25,475.97,310.75,4.55,65.446,42.728,2.274,TP,26,0.085,0.517,0.524,-0.076,-0.038,0.517
44,26,485.87,312.43,7.13,66.807,42.96,3.564,TP,25,0.194,0.059,0.203,0.076,0.179,0.059
44,27,217.26,323.4,3.13,29.873,44.467,1.564,TP,27,0.021,0.08,0.083,-0.021,0.004,0.08
44,28,199.29,335.3,6.05,27.403,46.104,3.027,TP,28,0.266,0.494,0.561,-0.266,-0.009,0.494
44,29,450.98,348.52,7.93,62.009,47.922,3.964,TP,29,0.046,0.464,0.466,-0.033,-0.031,0.464
44,30,420.82,360.8,5.5,57.863,49.609,2.75,TP,30,0.023,0.039,0.046,-0.015,-0.018,0.039
44,31,434.33,352.92,1.0,59.721,48.526,0.5,TP,32,0.092,0.0,0.092,0.046,-0.08,0.0
44,32,249.32,355.87,3.31,34.281,48.931,1.654,TP,33,0.036,0.14,0.144,-0.026,-0.025,0.14
44,33,363.37,356.09,7.06,49.964,48.962,3.532,TP,31,0.087,0.039,0.096,0.071,0.051,-0.039
44,34,431.05,381.04,6.98,59.269,52.393,3.491,TP,34,0.334,0.527,0.624,-0.333,-0.026,0.527
44,35,439.62,381.44,5.47,60.448,52.448,2.734,FP,,,,,,,
44,36,428.0,384.5,9.0,58.85,52.869,4.5,FP,,,,,,,
44,37,440.0,385.0,9.0,60.5,52.938,4.5,FP,,,,,,,
44,38,64.59,410.53,4.96,8.881,56.448,2.479,TP,35,0.035,0.123,0.128,-0.025,-0.024,0.123
44,39,105.09,420.07,3.91,14.45,57.76,1.954,TP,36,0.066,0.035,0.075,-0.001,0.066,-0.035
44,40,90.8,423.31,7.87,12.484,58.205,3.936,TP,37,0.004,0.177,0.177,0.003,0.002,0.177
44,41,197.2,430.16,1.91,27.115,59.146,0.953,TP,38,0.004,0.001,0.004,0.002,0.004,0.001
44,42,72.71,437.67,1.74,9.997,60.18,0.868,TP,39,0.012,0.048,0.049,0.011,-0.005,0.048
44,43,111.98,449.48,2.52,15.397,61.803,1.261,TP,40,0.008,0.002,0.008,-0.007,-0.003,-0.002
44,44,146.24,468.31,8.25,20.108,64.393,4.124,TP,41,0.43,0.083,0.438,0.403,0.15,0.083
44,45,223.85,482.06,6.12,30.78,66.283,3.06,TP,42,0.325,0.672,0.746,-0.317,-0.074,0.672
44,46,209.56,488.23,2.49,28.815,67.131,1.244,TP,43,0.042,0.133,0.14,-0.03,0.029,0.133
44,47,338.2,501.52,4.91,46.502,68.96,2.454,TP,44,0.091,0.213,0.232,-0.085,-0.034,0.213
44,48,372.17,504.46,2.08,51.173,69.363,1.038,TP,45,0.013,0.059,0.06,-0.01,0.007,0.059
44,49,467.79,506.19,1.73,64.321,69.601,0.865,TP,46,0.02,0.082,0.084,0.019,-0.003,0.082
44,,,,,55.373,20.897,3.643,FN,9,,,,,,
44,,,,,27.538,41.092,4.273,FN,23,,,,,,
48,0,321.33,18.87,3.48,44.183,2.594,1.738,TP,0,0.022,0.137,0.138,-0.022,-0.0,0.137
48,1,394.86,23.41,4.61,54.293,3.218,2.307,TP,1,0.023,0.057,0.061,-0.019,-0.013,0.057
48,2,85.59,29.56,6.82,11.768,4.065,3.41,TP,2,0.029,0.17,0.173,-0.008,-0.028,0.17
48,3,490.46,49.5,7.89,67.438,6.806,3.946,TP,3,0.083,0.589,0.594,0.062,0.055,0.589
48,4,402.29,54.04,2.13,55.315,7.43,1.067,TP,4,0.013,0.056,0.058,0.013,-0.001,0.056
48,5,201.87,59.47,8.16,27.757,8.177,4.078,TP,5,0.092,0.056,0.108,0.047,0.079,0.056
48,6,475.86,61.17,1.76,65.43,8.412,0.878,TP,6,0.01,0.122,0.122,-0.002,-0.01,-0.122
48,7,250.6,62.12,1.42,34.457,8.541,0.712,TP,7,0.023,0.038,0.045,-0.021,-0.01,-0.038
48,8,206.32,106.49,7.7,28.369,14.643,3.852,TP,8,0.292,0.249,0.383,0.124,0.264,0.249
48,9,369.52,107.42,6.04,50.809,14.771,3.022,TP,9,0.262,0.318,0.412,-0.238,-0.11,0.318
48,10,243.4,116.68,2.68,33.467,16.043,1.339,TP,10,0.075,0.053,0.092,0.047,0.059,-0.053
48,11,204.66,119.62,1.14,28.141,16.448,0.571,TP,11,0.324,0.16,0.362,0.323,0.028,-0.16
48,12,366.67,123.39,1.72,50.417,16.967,0.862,TP,12,0.051,0.099,0.111,0.045,0.024,-0.099
48,13,506.28,143.72,6.12,69.613,19.762,3.061,TP,13,0.311,0.315,0.442,-0.035,-0.309,0.315
48,14,440.46,155.24,7.07,60.563,21.346,3.536,TP,15,0.034,0.036,0.049,0.0,0.034,0.036
48,15,506.67,156.33,8.0,69.667,21.496,4.0,FP,,,,,,,
48,16,192.47,161.17,7.01,26.465,22.16,3.504,TP,16,0.092,0.32,0.333,-0.092,-0.001,0.32
48,17,449.65,165.63,8.12,61.827,22.775,4.058,TP,17,0.412,0.059,0.417,0.378,0.165,-0.059
48,18,402.87,175.79,7.97,55.395,24.171,3.985,TP,19,0.024,0.334,0.335,0.024,0.001,0.334
48,19,138.25,174.12,3.51,19.009,23.942,1.755,TP,18,0.081,0.109,0.135,0.08,0.013,0.109
48,20,126.43,171.0,8.14,17.384,23.513,4.071,FP,,,,,,,
48,21,280.86,185.08,8.58,38.619,25.449,4.29,TP,21,0.022,0.29,0.291,-0.001,-0.022,0.29
48,22,188.8,195.58,6.78,25.959,26.892,3.392,TP,22,0.019,0.089,0.091,-0.009,0.017,0.089
48,23,53.03,197.59,6.73,7.291,27.169,3.366,TP,23,0.019,0.047,0.051,0.005,0.018,0.047
48,24,147.49,197.96,5.69,20.28,27.219,2.845,TP,24,0.05,0.074,0.09,-0.049,-0.01,-0.074
48,25,130.54,209.74,1.06,17.95,28.84,0.529,TP,25,0.035,0.034,0.049,0.023,-0.027,-0.034
48,26,368.05,212.05,4.54,50.607,29.157,2.27,TP,26,0.012,0.029,0.032,0.012,0.003,0.029
48,27,41.5,235.22,1.0,5.706,32.343,0.5,TP,27,0.009,0.0,0.009,0.0,-0.009,0.0
48,28,293.55,240.57,7.74,40.363,33.078,3.87,TP,28,0.167,0.067,0.18,0.136,0.096,0.067
48,29,132.95,249.7,2.61,18.281,34.334,1.307,TP,30,0.013,0.093,0.094,0.006,-0.011,0.093
48,30,503.66,256.65,4.38,69.254,35.289,2.189,TP,32,0.061,0.182,0.191,-0.059,0.014,0.182
48,31,22.13,264.07,8.27,3.043,36.31,4.134,TP,29,0.762,0.025,0.762,0.04,0.761,-0.025
48,32,82.52,260.12,4.07,11.347,35.766,2.034,TP,33,0.093,0.03,0.098,0.084,0.039,0.03
48,33,366.29,257.06,8.68,50.365,35.346,4.339,TP,31,0.057,0.29,0.296,-0.057,0.006,0.29
48,34,373.09,260.78,8.0,51.3,35.857,4.0,FP,,,,,,,
48,35,60.16,269.65,8.53,8.273,37.077,4.264,TP,34,0.811,0.109,0.818,0.726,0.361,-0.109
48,36,82.88,298.25,1.13,11.396,41.009,0.567,TP,35,0.09,0.008,0.09,-0.062,-0.065,0.008
48,37,272.76,317.38,6.81,37.504,43.64,3.406,TP,36,0.082,0.432,0.44,-0.057,-0.06,0.432
48,38,399.1,335.85,3.1,54.876,46.18,1.551,TP,37,0.087,0.156,0.179,-0.087,-0.008,0.156
48,39,69.94,350.17,4.28,9.617,48.148,2.138,TP,38,0.117,0.423,0.439,0.008,-0.116,0.423
48,40,349.92,376.37,8.5,48.114,51.75,4.248,TP,39,0.321,0.08,0.33,-0.112,-0.3,0.08
48,41,165.9,381.33,3.52,22.812,52.432,1.76,TP,40,1.288,0.381,1.344,-0.451,-1.207,0.381
48,42,373.33,382.33,9.0,51.333,52.571,4.5,TP,41,0.729,2.717,2.813,-0.086,-0.724,2.717
48,43,353.69,386.27,7.92,48.633,53.111,3.959,FP,,,,,,,
48,44,374.04,388.1,3.35,51.431,53.363,1.677,FP,,,,,,,
48,45,170.69,394.02,2.41,23.47,54.177,1.205,FP,,,,,,,
48,46,172.67,399.33,1.0,23.742,54.908,0.5,FP,,,,,,,
48,47,176.81,415.98,5.24,24.312,57.197,2.621,TP,42,0.048,0.264,0.269,-0.034,-0.034,0.264
48,48,383.6,430.11,1.71,52.745,59.14,0.854,TP,43,0.054,0.154,0.163,-0.051,-0.017,0.154
48,49,83.8,449.35,5.13,11.523,61.786,2.563,TP,44,0.064,0.263,0.271,0.009,-0.064,0.263
48,50,334.71,478.77,3.46,46.022,65.831,1.729,TP,45,0.019,0.009,0.021,-0.016,-0.011,-0.009
48,51,321.88,489.54,3.46,44.258,67.311,1.732,TP,46,0.123,0.078,0.146,0.114,0.046,-0.078
48,52,415.62,506.05,1.0,57.148,69.582,0.5,TP,48,0.041,0.0,0.041,0.039,-0.011,0.0
48,,,,,25.575,19.663,0.5,FN,14,,,,,,
48,,,,,58.482,25.464,4.5,FN,20,,,,,,
48,,,,,0.192,69.259,0.5,FN,47,,,,,,
55,0,328.64,8.7,5.52,45.188,1.196,2.76,TP,0,0.266,0.374,0.459,-0.178,-0.198,0.374
55,1,508.42,23.88,2.48,69.908,3.283,1.24,TP,1,0.163,0.496,0.523,-0.161,-0.027,0.496
55,2,247.58,29.95,4.88,34.042,4.117,2.441,TP,2,0.066,0.232,0.241,-0.037,-0.055,0.232
55,3,19.11,49.47,6.84,2.628,6.802,3.422,TP,3,0.002,0.125,0.125,-0.002,-0.001,0.125
55,4,351.98,59.77,1.99,48.397,8.218,0.994,TP,4,0.043,0.0,0.043,0.009,0.042,0.0
55,5,215.14,103.69,1.89,29.582,14.257,0.944,TP,5,0.035,0.092,0.098,-0.025,-0.025,0.092
55,6,240.28,120.19,4.64,33.038,16.527,2.319,TP,6,0.955,0.443,1.053,-0.88,-0.372,0.443
55,7,248.09,123.22,4.78,34.113,16.943,2.388,FP,,,,,,,
55,8,241.5,126.2,8.0,33.206,17.352,4.0,FP,,,,,,,
55,9,260.9,128.84,2.84,35.874,17.716,1.418,TP,8,0.074,0.161,0.177,-0.005,-0.074,0.161
55,10,494.97,128.75,2.1,68.058,17.703,1.05,TP,7,0.079,0.155,0.174,-0.067,-0.042,0.155
55,11,130.8,133.05,7.47,17.985,18.294,3.736,TP,9,0.335,0.004,0.335,0.305,0.138,-0.004
55,12,332.86,156.96,4.79,45.768,21.582,2.393,TP,11,0.021,0.105,0.107,0.001,-0.021,0.105
55,13,383.36,160.59,3.96,52.713,22.082,1.979,TP,10,0.031,0.123,0.127,0.013,0.028,0.123
55,14,24.28,162.11,1.0,3.338,22.29,0.5,TP,12,0.043,0.0,0.043,0.026,-0.035,0.0
55,15,113.77,174.74,6.04,15.643,24.027,3.022,TP,13,0.148,0.659,0.675,0.007,-0.147,0.659
55,16,185.02,198.06,5.5,25.44,27.233,2.75,TP,14,0.118,0.53,0.543,-0.051,-0.107,0.53
55,17,410.59,199.21,8.52,56.456,27.391,4.258,TP,15,0.129,0.258,0.289,0.114,0.06,0.258
55,18,13.13,198.48,6.12,1.806,27.29,3.06,TP,16,0.04,0.313,0.315,-0.038,0.014,0.313
55,19,206.79,229.55,7.31,28.434,31.562,3.657,TP,17,0.322,0.545,0.633,-0.17,-0.274,0.545
55,20,429.82,236.37,3.95,59.101,32.501,1.975,TP,18,0.01,0.18,0.181,-0.009,-0.006,0.18
55,21,36.15,236.95,1.46,4.971,32.58,0.731,TP,19,0.02,0.009,0.021,-0.009,-0.017,0.009
55,22,302.29,244.98,8.2,41.565,33.684,4.099,TP,20,0.448,0.099,0.459,0.373,0.248,0.099
55,23,335.91,254.55,8.45,46.188,35.0,4.227,TP,22,0.566,0.763,0.95,-0.017,-0.566,0.763
55,24,322.37,257.62,2.06,44.326,35.422,1.031,TP,21,0.062,0.007,0.062,0.059,0.018,0.007
55,25,336.13,258.96,6.79,46.219,35.608,3.394,FP,,,,,,,
55,26,278.53,269.43,2.51,38.297,37.047,1.253,TP,24,0.01,0.091,0.091,-0.006,-0.008,0.091
55,27,56.93,287.67,2.5,7.828,39.555,1.251,TP,25,0.053,0.028,0.06,0.005,0.053,0.028
55,28,199.39,283.08,8.29,27.416,38.924,4.147,TP,26,0.422,0.103,0.434,0.42,0.038,0.103
55,29,203.43,299.67,6.67,27.971,41.205,3.333,TP,27,0.171,0.609,0.632,-0.17,-0.01,0.609
55,30,253.44,313.37,1.5,34.848,43.089,0.752,TP,28,0.048,0.028,0.056,0.029,0.038,0.028
55,31,400.33,320.75,8.12,55.045,44.103,4.062,TP,29,0.555,0.044,0.557,0.034,0.554,-0.044
55,32,369.55,348.74,5.7,50.813,47.952,2.849,TP,30,0.11,0.588,0.598,-0.108,-0.016,0.588
55,33,38.44,364.07,3.61,5.286,50.059,1.806,TP,31,0.273,0.46,0.535,0.03,0.271,0.46
55,34,366.23,359.97,5.2,50.356,49.496,2.599,TP,32,0.11,0.608,0.618,-0.089,-0.064,0.608
55,35,24.13,363.23,7.67,3.318,49.945,3.833,TP,33,1.265,0.845,1.521,-1.242,-0.239,0.845
55,36,373.68,376.54,4.43,51.382,51.774,2.216,TP,34,0.311,0.023,0.312,0.215,0.225,-0.023
55,37,366.0,382.0,6.0,50.325,52.525,3.0,TP,35,0.066,1.266,1.268,0.012,-0.065,-1.266
55,38,371.0,382.5,8.0,51.013,52.594,4.0,FP,,,,,,,
55,39,251.71,403.61,3.24,34.61,55.496,1.62,TP,36,0.102,0.067,0.122,0.073,0.071,0.067
55,40,214.27,429.47,2.84,29.462,59.053,1.422,TP,37,0.048,0.021,0.053,0.025,0.041,-0.021
55,41,102.14,430.07,6.49,14.044,59.134,3.246,TP,38,0.189,0.525,0.558,-0.093,-0.165,0.525
55,42,250.48,430.82,2.71,34.441,59.237,1.356,TP,39,0.016,0.018,0.024,-0.013,0.01,-0.018
55,43,438.89,447.48,6.75,60.348,61.528,3.375,TP,40,0.176,0.318,0.364,-0.138,-0.109,0.318
55,44,293.56,473.83,6.43,40.364,65.151,3.216,TP,41,0.189,0.414,0.455,-0.01,-0.189,0.414
55,45,409.59,489.22,4.03,56.319,67.268,2.015,TP,42,0.032,0.05,0.059,-0.002,0.032,0.05
55,46,158.19,491.89,6.85,21.751,67.634,3.423,TP,43,0.058,0.186,0.195,0.008,-0.058,0.186
55,47,179.21,486.37,2.48,24.642,66.875,1.239,TP,44,0.032,0.041,0.052,-0.032,0.006,-0.041
55,48,226.57,495.65,2.07,31.154,68.151,1.037,TP,45,0.018,0.06,0.063,-0.016,0.009,0.06
55,49,101.55,500.49,6.6,13.963,68.818,3.301,TP,46,0.12,0.594,0.606,-0.018,-0.119,0.594
55,50,307.67,503.39,2.63,42.304,69.217,1.313,TP,47,0.003,0.082,0.082,-0.001,-0.003,0.082
55,,,,,38.011,36.787,4.0,FN,23,,,,,,
58,0,104.43,2.83,3.46,14.36,0.388,1.732,TP,0,0.098,0.448,0.459,-0.033,0.092,0.448
58,1,100.0,4.0,8.0,13.75,0.55,4.0,FP,,,,,,,
58,2,420.64,8.8,6.08,57.838,1.21,3.04,TP,1,0.06,0.34,0.346,-0.037,-0.047,0.34
58,3,2.95,12.21,2.58,0.405,1.679,1.289,TP,2,0.141,0.489,0.509,0.141,-0.007,0.489
58,4,223.85,28.96,1.46,30.78,3.982,0.729,TP,3,0.021,0.021,0.029,-0.02,-0.006,-0.021
58,5,422.68,48.29,4.19,58.118,6.64,2.094,TP,4,0.057,0.272,0.278,-0.017,-0.054,0.272
58,6,9.15,49.15,4.39,1.258,6.758,2.195,TP,5,0.047,0.466,0.468,-0.028,-0.037,0.466
58,7,142.41,57.56,1.0,19.581,7.914,0.5,TP,7,0.011,0.065,0.066,0.002,0.011,-0.065
58,8,177.66,63.93,6.34,24.429,8.791,3.171,TP,6,0.291,0.839,0.888,-0.041,0.288,0.839
58,9,188.16,64.05,6.39,25.872,8.806,3.196,TP,9,0.071,0.131,0.149,0.071,-0.002,-0.131
58,10,370.25,62.75,1.0,50.909,8.628,0.5,TP,8,0.017,0.0,0.017,0.0,0.017,0.0
58,11,41.78,71.2,7.53,5.745,9.79,3.764,TP,10,0.247,0.309,0.396,-0.076,-0.235,0.309
58,12,285.45,78.97,6.2,39.249,10.859,3.101,TP,11,0.07,0.228,0.239,-0.043,-0.055,0.228
58,13,275.0,70.5,8.0,37.812,9.694,4.0,FP,,,,,,,
58,14,298.88,77.47,7.3,41.095,10.653,3.648,TP,12,0.067,0.112,0.131,-0.034,0.058,0.112
58,15,45.0,80.0,8.25,6.188,11.0,4.125,FP,,,,,,,
58,16,475.22,107.37,4.63,65.342,14.763,2.316,TP,13,0.892,0.285,0.936,-0.323,-0.831,0.285
58,17,467.0,108.5,4.0,64.213,14.919,2.0,FP,,,,,,,
58,18,488.03,119.54,3.45,67.104,16.436,1.726,TP,14,0.129,0.13,0.183,0.036,0.124,0.13
58,19,447.71,115.94,4.9,61.56,15.942,2.448,TP,15,0.03,0.203,0.206,-0.002,-0.03,0.203
58,20,468.59,151.2,3.61,64.431,20.79,1.806,TP,16,0.005,0.072,0.073,0.003,0.005,0.072
58,21,335.3,159.76,7.37,46.103,21.967,3.686,TP,17,0.176,0.309,0.356,-0.114,-0.134,0.309
58,22,347.17,200.13,2.51,47.736,27.518,1.257,TP,18,0.027,0.01,0.029,0.001,0.027,-0.01
58,23,201.68,201.23,1.53,27.731,27.669,0.763,TP,19,0.021,0.028,0.035,-0.02,0.002,0.028
58,24,481.93,225.59,5.37,66.265,31.019,2.687,TP,20,0.097,0.181,0.206,-0.077,-0.059,0.181
58,25,67.78,248.44,2.74,9.32,34.161,1.37,TP,21,0.043,0.029,0.052,-0.011,0.042,0.029
58,26,262.92,261.0,1.42,36.152,35.888,0.712,TP,22,0.011,0.038,0.04,-0.011,0.0,-0.038
58,27,231.9,271.66,6.32,31.886,37.353,3.161,TP,23,0.03,0.143,0.146,-0.03,0.005,0.143
58,28,89.4,272.82,2.38,12.292,37.513,1.192,TP,24,0.013,0.013,0.019,-0.011,0.007,-0.013
58,29,443.66,283.24,2.84,61.003,38.946,1.42,TP,25,0.046,0.051,0.069,0.006,0.046,0.051
58,30,416.4,282.27,6.67,57.255,38.811,3.337,TP,26,0.082,0.318,0.329,-0.042,-0.07,0.318
58,31,488.7,297.2,8.43,67.196,40.865,4.214,TP,27,0.309,0.202,0.37,0.154,0.268,0.202
58,32,88.42,293.94,3.29,12.158,40.417,1.645,TP,28,0.035,0.13,0.135,-0.008,0.034,0.13
58,33,110.02,302.73,6.07,15.128,41.625,3.036,TP,29,0.067,0.293,0.301,-0.067,-0.002,0.293
58,34,383.91,308.77,2.29,52.787,42.456,1.147,TP,30,0.061,0.168,0.179,-0.056,-0.024,0.168
58,35,32.81,315.03,4.19,4.511,43.317,2.096,TP,31,0.081,0.076,0.111,0.068,0.044,0.076
58,36,305.71,324.69,2.18,42.035,44.645,1.088,TP,32,0.106,0.013,0.107,-0.01,0.106,-0.013
58,37,410.06,326.02,1.56,56.383,44.828,0.779,TP,34,0.064,0.025,0.068,0.057,-0.028,0.025
58,38,211.5,333.6,4.96,29.082,45.87,2.482,TP,35,0.012,0.36,0.361,-0.008,0.009,0.36
58,39,180.02,352.27,7.88,24.753,48.437,3.941,TP,36,0.394,0.211,0.447,0.008,0.394,0.211
58,40,378.41,365.07,4.14,52.032,50.197,2.069,TP,37,0.516,0.483,0.706,-0.502,-0.121,0.483
58,41,387.9,367.2,2.6,53.336,50.49,1.3,FP,,,,,,,
58,42,54.64,378.75,7.16,7.513,52.079,3.581,TP,38,0.156,0.599,0.619,-0.028,-0.154,0.599
58,43,71.2,392.36,2.64,9.789,53.95,1.321,TP,39,0.064,0.149,0.162,0.007,0.064,0.149
58,44,337.47,386.76,3.6,46.402,53.18,1.801,TP,40,0.028,0.061,0.067,-0.008,-0.026,0.061
58,45,271.21,410.61,8.16,37.292,56.459,4.081,TP,41,0.259,0.13,0.29,0.05,0.254,0.13
58,46,501.88,447.27,1.87,69.008,61.499,0.935,TP,42,0.023,0.107,0.11,-0.015,-0.018,0.107
58,47,107.04,449.67,1.44,14.719,61.829,0.722,TP,43,0.006,0.033,0.034,0.0,0.006,-0.033
58,48,31.28,451.52,1.0,4.3,62.084,0.5,TP,44,0.052,0.0,0.052,-0.006,-0.052,0.0
58,49,34.99,480.55,3.0,4.811,66.076,1.5,TP,45,0.046,0.041,0.061,0.006,0.045,0.041
58,50,371.04,491.08,4.18,51.018,67.524,2.091,TP,46,0.047,0.103,0.113,0.046,0.008,0.103
58,51,282.59,499.27,6.84,38.856,68.649,3.419,TP,47,0.477,0.702,0.849,-0.477,0.011,0.702
58,,,,,69.856,44.813,4.351,FN,33,,,,,,
66,0,29.46,4.05,3.4,4.051,0.557,1.699,TP,0,0.058,0.029,0.065,0.003,0.058,-0.029
66,1,351.88,3.16,6.41,48.383,0.435,3.204,TP,1,0.121,0.204,0.238,-0.002,0.121,0.204
66,2,165.36,70.2,1.05,22.737,9.653,0.523,TP,3,0.025,0.023,0.035,0.012,0.023,0.023
66,3,62.72,76.08,6.55,8.623,10.462,3.274,TP,4,0.088,0.348,0.359,-0.011,-0.087,0.348
66,4,333.78,84.38,1.96,45.895,11.603,0.979,TP,5,0.085,0.013,0.086,0.03,0.079,0.013
66,5,49.49,93.17,1.51,6.804,12.811,0.753,TP,6,0.024,0.067,0.071,-0.024,-0.0,0.067
66,6,465.89,100.02,6.85,64.06,13.753,3.427,TP,7,0.255,0.468,0.533,-0.078,-0.242,0.468
66,7,188.15,100.7,2.51,25.87,13.847,1.256,TP,8,0.011,0.015,0.019,-0.011,-0.001,0.015
66,8,350.24,119.08,7.76,48.158,16.374,3.878,TP,9,0.503,0.052,0.505,0.496,0.082,0.052
66,9,331.51,117.77,8.31,45.583,16.193,4.156,FP,,,,,,,
66,10,143.97,132.67,7.43,19.797,18.242,3.714,TP,11,0.065,0.366,0.371,0.031,0.057,0.366
66,11,2.52,133.89,9.0,0.346,18.41,4.5,TP,10,0.205,0.339,0.396,-0.023,-0.203,0.339
66,12,236.12,133.79,2.52,32.467,18.396,1.258,TP,12,0.018,0.092,0.094,-0.018,-0.004,0.092
66,13,4.56,142.05,8.02,0.627,19.532,4.012,FP,,,,,,,
66,14,113.57,154.05,6.53,15.616,21.182,3.264,TP,13,0.135,0.066,0.15,0.133,0.021,-0.066
66,15,134.23,175.9,6.22,18.457,24.186,3.11,TP,14,0.102,0.009,0.103,0.03,0.098,-0.009
66,16,302.39,180.42,2.99,41.579,24.808,1.494,TP,15,0.074,0.011,0.075,0.004,0.074,0.011
66,17,334.25,178.36,5.3,45.959,24.524,2.651,TP,16,0.002,0.293,0.293,-0.002,-0.0,0.293
66,18,287.57,192.81,2.01,39.541,26.511,1.007,TP,17,0.011,0.045,0.047,-0.001,-0.011,0.045
66,19,100.08,219.66,6.8,13.761,30.203,3.402,TP,18,0.265,0.395,0.476,-0.223,-0.144,0.395
66,20,387.11,220.18,2.22,53.227,30.275,1.112,TP,19,0.019,0.114,0.116,-0.019,0.003,-0.114
66,21,17.35,231.24,3.01,2.385,31.795,1.506,TP,20,0.039,0.019,0.043,0.005,0.038,0.019
66,22,107.0,242.4,1.48,14.713,33.33,0.74,TP,21,0.023,0.004,0.023,-0.006,-0.022,-0.004
66,23,119.87,272.37,2.46,16.482,37.451,1.23,TP,23,0.027,0.007,0.028,-0.018,0.021,0.007
66,24,451.25,272.48,2.09,62.046,37.466,1.043,TP,24,0.012,0.034,0.036,-0.011,0.003,0.034
66,25,32.64,275.22,7.97,4.488,37.842,3.983,TP,22,0.717,0.191,0.742,0.378,0.609,-0.191
66,26,205.78,307.08,1.36,28.295,42.224,0.678,TP,25,0.02,0.078,0.081,-0.02,-0.002,0.078
66,27,89.0,309.25,7.0,12.238,42.522,3.5,TP,26,1.11,2.795,3.007,-0.722,-0.842,2.795
66,28,96.26,316.65,1.47,13.236,43.539,0.737,FP,,,,,,,
66,29,333.12,320.13,5.08,45.804,44.017,2.54,TP,27,0.063,0.066,0.091,0.058,0.025,0.066
66,30,85.06,321.58,2.61,11.695,44.218,1.306,TP,28,0.061,0.314,0.32,-0.06,-0.014,0.314
66,31,401.83,336.89,8.52,55.251,46.323,4.261,TP,29,1.167,0.163,1.178,1.161,0.118,-0.163
66,32,168.02,368.3,6.39,23.103,50.641,3.193,TP,30,0.279,0.577,0.64,-0.151,-0.234,0.577
66,33,296.04,370.88,1.46,40.706,50.995,0.729,TP,31,0.004,0.003,0.005,0.002,0.003,-0.003
66,34,459.96,372.34,5.79,63.244,51.196,2.895,TP,32,0.012,0.034,0.036,-0.002,-0.012,0.034
66,35,358.92,374.68,7.05,49.351,51.518,3.523,TP,33,0.009,0.092,0.092,-0.008,0.001,0.092
66,36,485.51,383.6,6.0,66.758,52.744,3.002,TP,34,0.041,0.238,0.242,-0.014,0.039,0.238
66,37,221.24,389.9,7.37,30.421,53.611,3.686,TP,35,0.124,0.033,0.129,0.112,0.055,-0.033
66,38,62.71,405.01,8.3,8.623,55.689,4.152,TP,36,0.569,0.034,0.57,0.168,0.544,0.034
66,39,487.9,420.18,3.25,67.087,57.775,1.625,TP,37,0.014,0.109,0.11,-0.007,-0.012,0.109
66,40,34.61,437.77,7.59,4.76,60.193,3.796,TP,38,0.064,0.451,0.455,0.009,-0.063,0.451
66,41,9.54,446.67,8.6,1.312,61.417,4.301,TP,39,0.376,0.09,0.387,0.194,0.322,0.09
66,42,127.11,452.68,2.06,17.478,62.244,1.032,TP,40,0.09,0.019,0.092,-0.037,0.082,0.019
66,43,435.14,459.38,1.41,59.832,63.165,0.703,TP,41,0.022,0.013,0.025,-0.017,-0.014,0.013
66,44,232.26,456.09,5.18,31.935,62.713,2.588,TP,42,0.136,0.399,0.421,-0.079,-0.111,0.399
66,45,356.52,461.81,2.91,49.021,63.499,1.454,TP,43,0.031,0.07,0.076,-0.03,-0.008,0.07
66,46,12.19,465.5,7.56,1.676,64.006,3.778,TP,44,0.219,0.061,0.228,0.186,0.116,-0.061
66,47,270.65,483.55,5.0,37.215,66.488,2.5,TP,45,0.028,0.007,0.029,0.026,0.01,0.007
66,48,352.0,510.5,8.0,48.4,70.194,4.0,FP,,,,,,,
66,,,,,70.183,7.367,4.342,FN,2,,,,,,
69,0,354.07,19.41,1.0,48.685,2.669,0.5,TP,0,0.058,0.0,0.058,-0.043,-0.039,0.0
69,1,469.01,27.42,7.07,64.489,3.77,3.536,TP,3,0.099,0.457,0.467,-0.097,-0.017,0.457
69,2,105.48,25.62,3.72,14.504,3.522,1.862,TP,2,0.021,0.131,0.132,-0.017,-0.012,0.131
69,3,369.12,29.41,2.57,50.753,4.044,1.284,TP,1,0.112,0.125,0.167,-0.1,0.05,-0.125
69,4,160.29,31.09,6.77,22.039,4.275,3.387,TP,4,0.088,0.377,0.387,-0.003,-0.088,0.377
69,5,383.32,41.31,1.59,52.707,5.68,0.796,TP,5,0.051,0.035,0.062,-0.047,0.021,-0.035
69,6,203.68,65.79,3.04,28.006,9.046,1.52,TP,6,0.099,0.099,0.14,0.055,0.082,-0.099
69,7,479.03,68.63,1.11,65.866,9.436,0.557,TP,7,0.027,0.072,0.077,-0.018,-0.02,-0.072
69,8,370.13,90.62,3.14,50.893,12.461,1.568,TP,8,0.004,0.073,0.073,0.003,0.001,0.073
69,9,26.68,95.84,4.03,3.669,13.177,2.015,TP,9,0.043,0.063,0.076,0.021,0.037,0.063
69,10,415.13,96.6,4.1,57.081,13.282,2.052,TP,10,0.142,0.074,0.16,0.132,0.053,0.074
69,11,181.5,95.91,7.89,24.956,13.188,3.947,TP,11,0.33,0.042,0.332,0.319,0.081,0.042
69,12,197.86,119.02,6.26,27.205,16.366,3.129,TP,12,0.033,0.126,0.131,0.025,0.022,0.126
69,13,415.3,119.19,6.46,57.103,16.388,3.231,TP,13,0.164,0.523,0.548,-0.011,-0.164,0.523
69,14,0.83,126.33,8.0,0.115,17.371,4.0,TP,14,0.865,1.59,1.81,-0.686,-0.527,1.59
69,15,6.86,130.97,4.86,0.943,18.009,2.429,FP,,,,,,,
69,16,92.65,132.89,3.63,12.739,18.272,1.816,TP,16,0.013,0.08,0.081,-0.003,-0.012,0.08
69,17,417.59,150.71,4.99,57.419,20.722,2.497,TP,17,0.091,0.36,0.371,-0.073,-0.055,0.36
69,18,261.37,175.52,7.85,35.939,24.134,3.926,TP,18,0.074,0.179,0.194,0.032,0.066,0.179
69,19,205.05,186.56,3.35,28.195,25.652,1.677,TP,19,0.071,0.125,0.144,-0.036,-0.061,0.125
69,20,126.86,186.71,2.06,17.444,25.673,1.03,TP,20,0.021,0.005,0.022,0.013,0.017,-0.005
69,21,333.3,199.94,4.04,45.829,27.492,2.02,TP,23,0.748,0.371,0.835,-0.625,-0.411,0.371
69,22,387.34,198.77,2.26,53.259,27.331,1.128,TP,22,0.077,0.077,0.109,-0.073,-0.024,-0.077
69,23,357.14,207.68,8.01,49.106,28.556,4.007,TP,24,0.433,0.423,0.605,0.375,0.215,0.423
69,24,368.0,212.0,9.0,50.6,29.15,4.5,FP,,,,,,,
69,25,113.09,232.21,4.12,15.55,31.929,2.06,TP,25,0.177,0.102,0.205,0.176,0.02,0.102
69,26,313.94,234.12,6.2,43.167,32.192,3.098,TP,26,0.065,0.46,0.464,-0.064,0.01,0.46
69,27,265.06,239.89,1.97,36.446,32.985,0.987,TP,27,0.075,0.084,0.113,-0.004,-0.075,0.084
69,28,50.0,238.0,9.0,6.875,32.725,4.5,TP,28,1.179,1.71,2.077,-0.747,-0.911,1.71
69,29,54.45,243.52,6.12,7.487,33.484,3.061,FP,,,,,,,
69,30,141.0,263.74,8.32,19.388,36.264,4.161,TP,29,0.744,0.091,0.749,0.497,0.554,-0.091
69,31,480.26,269.35,4.67,66.036,37.036,2.335,TP,30,0.005,0.081,0.082,-0.004,-0.002,0.081
69,32,383.84,270.41,4.6,52.778,37.181,2.299,TP,31,0.087,0.539,0.546,-0.079,-0.036,0.539
69,33,238.6,275.98,1.37,32.808,37.947,0.686,TP,32,0.04,0.017,0.044,-0.017,-0.037,-0.017
69,34,330.77,341.09,7.81,45.48,46.9,3.905,TP,34,0.253,0.137,0.288,0.083,0.239,0.137
69,35,172.37,351.63,8.59,23.701,48.349,4.294,TP,33,1.109,0.03,1.109,0.652,0.897,-0.03
69,36,488.12,357.8,5.68,67.116,49.197,2.839,TP,35,0.148,0.433,0.457,-0.14,-0.047,0.433
69,37,191.75,362.87,7.42,26.366,49.895,3.708,TP,36,0.064,0.076,0.1,0.037,0.053,-0.076
69,38,424.09,377.17,1.38,58.312,51.861,0.691,TP,37,0.05,0.031,0.059,-0.013,-0.048,0.031
69,39,320.17,381.66,7.12,44.024,52.478,3.561,TP,38,0.02,0.542,0.542,-0.013,-0.016,0.542
69,40,294.05,417.04,5.76,40.432,57.342,2.88,TP,39,0.009,0.113,0.114,-0.002,-0.009,0.113
69,41,112.55,448.98,8.05,15.475,61.734,4.023,TP,41,0.053,0.115,0.127,-0.001,0.053,0.115
69,42,382.29,447.65,2.06,52.565,61.552,1.03,TP,40,0.025,0.072,0.076,0.024,0.002,0.072
69,43,132.5,458.43,4.59,18.219,63.034,2.294,TP,42,0.354,0.452,0.574,0.29,-0.204,0.452
69,44,218.4,457.45,2.31,30.029,62.899,1.154,TP,43,0.013,0.032,0.034,-0.005,-0.011,0.032
69,45,121.0,458.0,4.0,16.638,62.975,2.0,FP,,,,,,,
69,46,127.0,461.0,4.0,17.462,63.388,2.0,FP,,,,,,,
69,47,77.91,469.62,2.09,10.713,64.572,1.044,TP,44,0.01,0.044,0.045,-0.01,0.002,0.044
69,48,27.55,487.41,1.0,3.788,67.019,0.5,TP,45,0.05,0.0,0.05,0.038,-0.033,0.0
69,49,380.0,491.83,1.0,52.25,67.626,0.5,TP,47,0.024,0.0,0.024,0.0,-0.024,0.0
69,50,190.72,497.06,3.61,26.225,68.345,1.807,TP,46,0.017,0.015,0.022,-0.006,0.016,0.015
69,,,,,0.717,19.869,4.5,FN,15,,,,,,
69,,,,,44.867,26.75,2.234,FN,21,,,,,,
75,0,104.48,3.92,4.34,14.367,0.538,2.168,TP,0,0.044,0.015,0.046,-0.006,0.044,-0.015
75,1,72.61,40.76,6.93,9.984,5.605,3.463,TP,2,0.129,0.058,0.141,0.12,0.047,-0.058
75,2,342.35,50.12,6.21,47.073,6.892,3.104,TP,3,0.098,0.184,0.208,-0.095,-0.023,0.184
75,3,182.63,63.93,3.63,25.112,8.791,1.816,TP,5,0.124,0.161,0.203,0.069,0.104,-0.161
75,4,475.91,61.2,7.85,65.438,8.414,3.924,TP,4,0.445,0.054,0.448,0.299,0.33,0.054
75,5,458.27,65.82,3.47,63.012,9.051,1.733,TP,6,0.011,0.045,0.047,0.005,-0.01,0.045
75,6,416.86,68.16,1.39,57.319,9.372,0.693,TP,7,0.037,0.053,0.065,0.016,-0.034,0.053
75,7,176.52,76.37,6.71,24.272,10.501,3.357,TP,8,0.028,0.521,0.522,0.002,-0.028,0.521
75,8,75.17,100.13,8.15,10.336,13.768,4.073,TP,10,0.064,0.302,0.309,0.061,0.02,0.302
75,9,182.41,96.27,7.75,25.082,13.238,3.874,TP,9,0.183,0.128,0.223,0.133,0.126,0.128
75,10,306.38,103.1,7.97,42.127,14.177,3.983,TP,11,0.402,0.02,0.403,0.258,0.309,0.02
75,11,117.61,106.78,2.35,16.172,14.683,1.174,TP,12,0.026,0.19,0.191,-0.014,-0.022,0.19
75,12,151.53,105.68,7.26,20.835,14.531,3.629,TP,14,0.024,0.155,0.157,0.012,-0.021,0.155
75,13,5.7,104.24,4.13,0.783,14.333,2.065,TP,13,0.075,0.014,0.076,0.055,0.051,-0.014
75,14,261.82,120.43,5.33,36.0,16.56,2.666,TP,15,0.095,0.441,0.451,-0.08,-0.052,0.441
75,15,107.6,131.38,1.48,14.796,18.064,0.74,TP,16,0.048,0.009,0.048,-0.047,-0.005,0.009
75,16,361.57,133.72,7.21,49.716,18.387,3.605,TP,18,0.073,0.349,0.357,-0.072,0.009,0.349
75,17,268.52,136.77,5.34,36.921,18.807,2.672,TP,19,0.019,0.035,0.04,-0.013,-0.014,-0.035
75,18,289.37,140.35,7.88,39.789,19.298,3.941,TP,17,0.866,0.017,0.866,0.743,0.444,-0.017
75,19,404.51,148.42,3.34,55.62,20.407,1.672,TP,20,0.076,0.091,0.118,0.002,-0.076,0.091
75,20,478.5,144.0,1.0,65.794,19.8,0.5,TP,21,0.027,0.0,0.027,0.026,0.009,0.0
75,21,88.98,156.88,3.65,12.235,21.572,1.823,TP,22,0.062,0.062,0.088,-0.006,-0.062,-0.062
75,22,265.0,185.1,2.66,36.438,25.452,1.328,TP,23,0.018,0.044,0.047,-0.011,-0.014,0.044
75,23,466.06,196.94,1.0,64.084,27.079,0.5,TP,24,0.093,0.0,0.093,-0.058,-0.072,0.0
75,24,126.02,233.95,7.28,17.328,32.169,3.639,TP,25,0.094,0.37,0.382,0.033,0.088,0.37
75,25,443.59,236.98,4.24,60.993,32.584,2.12,TP,26,0.013,0.111,0.112,0.01,-0.008,0.111
75,26,7.39,236.19,2.55,1.016,32.476,1.276,TP,27,0.046,0.211,0.216,0.02,0.041,0.211
75,27,43.98,237.78,5.48,6.047,32.695,2.742,TP,29,0.186,0.436,0.474,-0.146,-0.116,0.436
75,28,325.94,239.37,7.83,44.817,32.913,3.915,TP,28,0.296,0.136,0.326,0.077,0.286,0.136
75,29,57.76,243.83,8.22,7.942,33.527,4.108,TP,30,0.541,0.073,0.546,0.397,0.368,0.073
75,30,235.47,253.16,1.92,32.377,34.81,0.96,TP,31,0.055,0.156,0.165,-0.024,-0.049,0.156
75,31,108.48,257.93,5.16,14.916,35.466,2.582,TP,32,0.168,0.513,0.54,-0.167,-0.018,0.513
75,32,289.17,278.81,6.61,39.761,38.337,3.306,TP,33,0.101,0.379,0.392,-0.089,-0.047,0.379
75,33,47.62,302.31,2.93,6.548,41.567,1.467,TP,34,0.016,0.038,0.041,-0.005,0.015,-0.038
75,34,197.89,317.2,1.45,27.21,43.615,0.726,TP,35,0.035,0.065,0.073,-0.002,0.035,0.065
75,35,279.19,319.52,7.31,38.389,43.934,3.655,TP,36,0.055,0.062,0.083,0.041,0.037,0.062
75,36,182.22,325.64,1.1,25.055,44.775,0.551,TP,37,0.121,0.015,0.122,0.118,0.024,0.015
75,37,126.88,329.71,7.55,17.446,45.335,3.775,TP,38,0.069,0.255,0.264,0.015,0.068,0.255
75,38,178.74,329.74,8.58,24.577,45.34,4.29,FP,,,,,,,
75,39,507.86,345.42,4.88,69.831,47.496,2.442,TP,39,0.091,0.326,0.339,-0.086,-0.03,0.326
75,40,103.73,357.05,1.04,14.263,49.095,0.518,TP,40,0.014,0.018,0.022,-0.013,0.002,0.018
75,41,142.03,362.7,4.76,19.529,49.871,2.381,TP,41,0.145,0.242,0.282,-0.092,-0.113,0.242
75,42,285.13,369.75,6.65,39.205,50.84,3.327,TP,42,0.082,0.364,0.373,0.015,-0.08,0.364
75,43,292.6,411.71,5.91,40.232,56.61,2.956,TP,43,0.23,0.303,0.38,-0.154,-0.17,0.303
75,44,321.21,447.66,3.45,44.166,61.554,1.723,TP,44,0.084,0.02,0.086,0.083,0.016,0.02
75,45,449.28,495.08,7.73,61.776,68.073,3.863,TP,45,0.028,0.133,0.135,0.012,0.025,0.133
75,46,394.83,502.66,1.96,54.289,69.115,0.979,TP,47,0.034,0.029,0.045,-0.022,0.027,-0.029
75,47,5.28,504.2,4.17,0.725,69.327,2.086,TP,46,0.051,0.178,0.185,0.049,0.014,0.178
75,,,,,25.487,6.263,4.401,FN,1,,,,,,
89,0,174.48,5.98,2.06,23.992,0.823,1.032,TP,0,0.138,0.394,0.417,-0.127,-0.055,0.394
89,1,178.0,6.0,1.0,24.475,0.825,0.5,FP,,,,,,,
89,2,457.94,19.63,1.17,62.966,2.7,0.586,TP,1,0.003,0.086,0.086,-0.003,-0.001,0.086
89,3,115.03,28.98,5.71,15.817,3.984,2.857,TP,2,0.198,0.384,0.432,-0.192,-0.049,0.384
89,4,263.79,32.26,7.09,36.271,4.436,3.543,TP,3,0.097,0.005,0.097,0.05,0.083,0.005
89,5,505.43,30.93,7.5,69.497,4.254,3.75,TP,4,0.13,0.217,0.253,0.129,0.015,0.217
89,6,489.05,42.32,5.19,67.244,5.819,2.593,TP,5,0.108,0.345,0.362,-0.098,-0.045,0.345
89,7,89.52,56.86,8.5,12.309,7.819,4.248,TP,6,0.179,0.248,0.306,0.067,0.166,0.248
89,8,162.87,48.52,6.95,22.394,6.672,3.477,TP,7,0.04,0.227,0.23,-0.039,0.007,0.227
89,9,252.78,82.78,2.05,34.758,11.383,1.027,TP,8,0.044,0.02,0.048,-0.043,0.004,0.02
89,10,450.45,97.71,1.94,61.936,13.435,0.972,TP,9,0.017,0.116,0.117,0.003,0.017,0.116
89,11,298.57,107.38,3.1,41.053,14.765,1.552,TP,10,0.017,0.052,0.055,-0.014,0.01,0.052
89,12,430.35,110.81,1.16,59.173,15.236,0.581,TP,11,0.172,0.081,0.19,-0.167,-0.043,0.081
89,13,103.91,118.41,6.61,14.287,16.282,3.307,TP,12,0.019,0.311,0.312,-0.01,-0.016,0.311
89,14,419.77,145.47,8.26,57.718,20.001,4.128,TP,13,0.554,0.065,0.558,0.486,0.267,0.065
89,15,112.63,152.37,1.0,15.487,20.95,0.5,TP,14,0.013,0.0,0.013,0.011,-0.006,0.0
89,16,471.32,154.68,2.55,64.806,21.269,1.275,TP,15,0.015,0.058,0.06,-0.012,0.009,0.058
89,17,413.4,200.33,2.48,56.842,27.545,1.242,TP,16,0.045,0.025,0.051,0.002,0.045,-0.025
89,18,420.23,206.61,7.57,57.781,28.409,3.784,TP,17,0.813,0.531,0.971,-0.714,-0.388,0.531
89,19,151.8,208.56,1.0,20.873,28.677,0.5,TP,18,0.042,0.0,0.042,0.041,0.008,0.0
89,20,425.42,219.09,1.95,58.495,30.125,0.974,TP,19,0.054,0.253,0.258,-0.048,0.026,0.253
89,21,313.17,230.23,4.58,43.061,31.656,2.288,TP,20,0.039,0.288,0.291,-0.029,-0.026,0.288
89,22,27.07,244.91,7.74,3.722,33.676,3.871,TP,21,0.129,0.124,0.179,0.027,0.126,0.124
89,23,154.24,245.03,2.36,21.208,33.692,1.181,TP,22,0.03,0.044,0.053,-0.01,0.029,-0.044
89,24,340.4,253.84,1.5,46.805,34.903,0.75,TP,23,0.097,0.109,0.146,-0.096,-0.018,0.109
89,25,179.82,262.24,8.03,24.725,36.058,4.013,TP,24,0.412,0.036,0.414,0.193,0.364,-0.036
89,26,146.75,260.57,1.87,20.178,35.828,0.935,TP,26,0.036,0.015,0.039,0.005,-0.036,-0.015
89,27,11.29,266.43,5.72,1.553,36.635,2.86,TP,27,0.109,0.36,0.376,-0.098,-0.048,0.36
89,28,148.05,297.41,4.47,20.356,40.894,2.234,TP,28,0.038,0.239,0.242,0.001,-0.038,0.239
89,29,88.68,305.24,7.9,12.194,41.97,3.949,TP,29,0.055,0.459,0.463,-0.035,-0.043,0.459
89,30,301.59,327.74,8.08,41.468,45.064,4.041,TP,30,0.638,0.033,0.639,0.271,0.578,0.033
89,31,173.66,327.11,6.67,23.879,44.977,3.337,TP,31,0.024,0.07,0.074,0.004,0.024,0.07
89,32,473.92,364.79,3.51,65.164,50.159,1.757,TP,32,0.006,0.005,0.008,0.004,0.004,0.005
89,33,126.11,371.82,1.0,17.339,51.125,0.5,TP,33,0.062,0.0,0.062,-0.043,-0.044,0.0
89,34,296.17,376.9,7.29,40.724,51.823,3.646,TP,34,0.97,1.408,1.71,-0.186,-0.952,1.408
89,35,381.19,376.53,7.42,52.414,51.773,3.711,TP,35,0.025,0.396,0.397,0.019,-0.017,0.396
89,36,298.63,389.11,3.12,41.061,53.503,1.56,FP,,,,,,,
89,37,418.56,388.97,6.06,57.553,53.484,3.031,TP,36,0.167,0.559,0.583,-0.035,-0.163,0.559
89,38,144.89,405.59,3.41,19.922,55.769,1.707,TP,38,0.029,0.11,0.114,-0.024,-0.016,0.11
89,39,293.13,411.64,8.3,40.305,56.6,4.15,TP,37,0.593,0.147,0.611,0.371,0.462,0.147
89,40,333.07,419.94,3.12,45.797,57.742,1.561,TP,39,0.011,0.016,0.019,0.006,-0.01,-0.016
89,41,478.96,414.84,2.85,65.857,57.04,1.424,TP,40,0.009,0.083,0.083,-0.008,0.004,0.083
89,42,75.77,429.07,7.66,10.418,58.997,3.831,TP,41,0.136,0.084,0.16,0.076,0.113,0.084
89,43,396.39,440.78,6.38,54.504,60.607,3.188,TP,42,0.411,0.424,0.59,-0.13,-0.39,0.424
89,44,382.67,459.67,8.0,52.617,63.204,4.0,FP,,,,,,,
89,45,221.93,474.07,1.0,30.515,65.185,0.5,TP,43,0.02,0.0,0.02,0.0,0.02,0.0
89,46,376.54,481.01,1.78,51.774,66.139,0.891,TP,44,0.068,0.138,0.154,-0.063,-0.026,0.138
89,47,231.89,497.29,1.93,31.885,68.377,0.965,TP,46,0.045,0.092,0.102,0.039,0.023,0.092
89,48,287.52,494.26,7.48,39.534,67.961,3.742,TP,45,0.236,0.01,0.237,0.222,0.08,-0.01
89,49,44.59,501.8,6.17,6.131,68.997,3.084,TP,47,0.294,0.673,0.734,-0.074,-0.285,0.673
89,50,296.87,502.25,5.4,40.82,69.06,2.7,TP,48,0.131,0.428,0.448,-0.014,-0.13,0.428
89,51,124.0,501.0,1.0,17.05,68.888,0.5,TP,49,0.031,0.0,0.031,-0.022,-0.022,0.0
89,,,,,42.783,34.775,4.315,FN,25,,,,,,
9,0,341.94,8.36,6.82,47.016,1.15,3.412,TP,1,0.123,0.152,0.196,-0.117,-0.038,0.152
9,1,307.91,11.34,8.55,42.337,1.559,4.274,TP,0,0.897,0.049,0.898,0.798,0.408,0.049
9,2,416.11,15.92,7.78,57.215,2.19,3.891,TP,2,0.123,0.026,0.126,0.122,0.02,0.026
9,3,97.3,27.06,2.97,13.379,3.721,1.485,TP,3,0.021,0.063,0.066,-0.019,0.008,0.063
9,4,508.75,40.09,2.96,69.953,5.512,1.478,TP,4,0.073,0.145,0.162,-0.033,0.065,0.145
9,5,83.96,42.29,8.17,11.544,5.815,4.086,TP,5,0.443,0.016,0.443,0.44,0.045,0.016
9,6,363.87,63.13,6.79,50.032,8.68,3.396,TP,6,0.353,0.469,0.587,-0.023,-0.352,0.469
9,7,465.51,58.32,5.54,64.008,8.019,2.772,TP,7,0.065,0.554,0.558,-0.064,-0.012,0.554
9,8,246.59,103.74,6.53,33.907,14.264,3.263,TP,8,0.361,0.72,0.806,0.003,-0.361,0.72
9,9,228.12,119.77,6.93,31.366,16.468,3.463,TP,9,0.021,0.463,0.464,-0.014,0.015,0.463
9,10,283.71,142.35,8.44,39.01,19.573,4.222,TP,10,0.714,0.051,0.716,0.707,0.098,0.051
9,11,48.37,155.07,1.37,6.65,21.323,0.683,TP,11,0.03,0.075,0.081,0.028,0.01,-0.075
9,12,110.3,163.59,6.65,15.167,22.493,3.323,TP,12,0.026,0.217,0.219,-0.025,-0.008,0.217
9,13,345.5,162.0,1.0,47.506,22.275,0.5,TP,13,0.05,0.0,0.05,-0.015,-0.048,0.0
9,14,259.35,166.07,3.22,35.661,22.834,1.611,TP,14,1.011,0.406,1.09,1.002,0.139,0.406
9,15,144.22,165.99,6.11,19.831,22.824,3.055,TP,15,0.01,0.009,0.014,-0.008,-0.005,0.009
9,16,496.98,193.54,1.99,68.335,26.611,0.995,TP,17,0.011,0.04,0.042,0.01,0.004,0.04
9,17,208.96,205.42,2.88,28.733,28.245,1.441,TP,19,0.045,0.035,0.057,-0.038,-0.025,0.035
9,18,395.37,207.66,8.1,54.363,28.553,4.048,TP,18,0.574,0.058,0.577,0.146,0.556,0.058
9,19,456.81,205.62,6.38,62.811,28.273,3.191,TP,20,0.04,0.181,0.185,-0.034,0.02,0.181
9,20,151.81,216.11,4.59,20.873,29.715,2.297,TP,21,0.016,0.061,0.063,-0.016,-0.002,-0.061
9,21,4.15,223.54,3.03,0.57,30.736,1.517,TP,22,0.094,0.157,0.183,0.067,0.067,-0.157
9,22,223.54,238.39,3.7,30.737,32.778,1.849,TP,23,0.16,0.295,0.336,0.03,0.157,0.295
9,23,481.51,237.24,5.37,66.207,32.621,2.685,TP,24,0.04,0.212,0.216,-0.025,-0.031,0.212
9,24,423.68,257.11,8.26,58.256,35.352,4.131,TP,25,0.428,0.123,0.445,0.329,0.274,0.123
9,25,10.41,273.95,1.09,1.432,37.668,0.545,TP,26,0.089,0.024,0.092,0.064,0.062,0.024
9,26,30.73,279.08,2.68,4.225,38.373,1.34,TP,27,0.078,0.093,0.121,-0.025,-0.074,0.093
9,27,263.61,302.11,7.85,36.247,41.54,3.926,TP,28,0.427,0.096,0.437,0.158,0.396,0.096
9,28,85.93,321.18,1.97,11.816,44.162,0.986,TP,29,0.008,0.061,0.062,-0.002,-0.008,0.061
9,29,330.31,346.44,4.12,45.417,47.635,2.061,TP,30,0.003,0.061,0.061,-0.002,-0.002,0.061
9,30,51.13,348.28,7.31,7.031,47.888,3.654,TP,31,0.075,0.0,0.075,0.061,0.043,-0.0
9,31,357.61,356.71,2.62,49.172,49.047,1.312,TP,32,0.014,0.074,0.075,0.002,-0.014,0.074
9,32,284.77,373.5,7.59,39.157,51.356,3.796,TP,33,0.518,0.519,0.733,-0.14,-0.498,0.519
9,33,309.69,367.27,1.0,42.582,50.5,0.5,TP,34,0.009,0.0,0.009,-0.001,-0.009,0.0
9,34,50.63,375.83,2.97,6.962,51.677,1.484,TP,35,0.019,0.081,0.084,-0.007,-0.018,0.081
9,35,287.15,390.28,7.1,39.484,53.663,3.548,FP,,,,,,,
9,36,380.03,399.93,4.28,52.254,54.99,2.139,TP,36,0.129,0.189,0.229,-0.089,-0.093,0.189
9,37,54.19,410.27,6.44,7.451,56.413,3.218,TP,37,0.174,0.21,0.273,-0.173,-0.017,0.21
9,38,97.62,411.62,1.0,13.422,56.597,0.5,TP,38,0.079,0.0,0.079,-0.036,-0.07,0.0
9,39,249.55,448.58,4.3,34.313,61.68,2.15,TP,39,0.049,0.4,0.403,-0.049,0.008,0.4
9,40,246.45,462.08,2.82,33.887,63.537,1.41,TP,40,0.034,0.13,0.134,-0.033,0.006,0.13
9,41,132.02,468.83,6.75,18.153,64.465,3.375,TP,41,0.34,0.339,0.48,0.316,0.126,-0.339
9,42,99.21,476.39,5.32,13.641,65.504,2.661,TP,42,0.074,0.147,0.165,-0.043,-0.06,0.147
9,43,340.61,478.34,7.21,46.834,65.771,3.603,TP,43,0.067,0.202,0.213,-0.012,0.066,0.202
9,44,437.93,495.32,7.87,60.215,68.106,3.937,TP,44,0.215,0.187,0.285,0.039,0.212,0.187
9,45,341.64,492.41,1.43,46.976,67.706,0.714,TP,46,0.081,0.046,0.093,0.006,-0.081,-0.046
9,46,139.38,497.54,7.85,19.165,68.412,3.923,TP,45,0.149,0.227,0.271,0.125,0.081,0.227
9,47,193.98,504.74,1.31,26.672,69.401,0.656,TP,47,0.127,0.156,0.202,-0.1,-0.079,0.156
9,,,,,36.99,23.031,1.763,FN,16,,,,,,
91,0,172.58,28.78,6.86,23.729,3.958,3.432,TP,0,0.313,0.343,0.464,-0.222,-0.221,0.343
91,1,443.73,59.62,1.31,61.013,8.198,0.656,TP,1,0.071,0.031,0.078,-0.049,-0.052,0.031
91,2,451.76,83.41,2.53,62.118,11.468,1.264,TP,2,0.019,0.034,0.039,-0.018,0.007,0.034
91,3,265.58,96.0,6.53,36.517,13.2,3.263,TP,3,0.096,0.012,0.096,0.075,0.059,-0.012
91,4,285.66,96.41,2.56,39.278,13.257,1.278,TP,4,0.039,0.028,0.048,-0.035,-0.018,0.028
91,5,90.91,104.68,1.34,12.5,14.394,0.669,TP,5,0.011,0.136,0.137,-0.009,-0.007,0.136
91,6,165.25,116.93,2.44,22.722,16.078,1.22,TP,6,0.174,0.056,0.182,-0.139,-0.105,0.056
91,7,73.79,115.43,1.3,10.146,15.871,0.652,TP,7,0.156,0.114,0.193,-0.111,-0.11,0.114
91,8,451.1,126.14,7.42,62.026,17.344,3.711,TP,8,0.281,0.573,0.638,-0.104,-0.261,0.573
91,9,90.76,143.24,5.73,12.479,19.696,2.863,TP,9,0.088,0.121,0.15,0.088,0.009,-0.121
91,10,250.14,153.07,5.59,34.395,21.046,2.796,TP,10,0.14,0.189,0.235,0.135,0.037,0.189
91,11,254.25,153.0,8.0,34.959,21.038,4.0,FP,,,,,,,
91,12,233.05,161.63,3.58,32.045,22.224,1.789,TP,11,0.021,0.168,0.169,0.013,-0.017,0.168
91,13,81.29,161.29,4.43,11.177,22.177,2.214,FP,,,,,,,
91,14,90.22,166.61,7.51,12.406,22.909,3.753,TP,12,0.149,0.0,0.149,0.037,0.144,0.0
91,15,272.26,167.89,2.51,37.436,23.085,1.253,TP,13,0.036,0.04,0.054,0.015,-0.033,0.04
91,16,86.67,182.03,4.16,11.918,25.029,2.082,TP,15,0.024,0.05,0.056,0.017,-0.017,0.05
91,17,277.6,188.12,5.72,38.17,25.866,2.86,TP,14,0.164,0.159,0.228,0.103,0.127,0.159
91,18,80.0,180.5,8.0,11.0,24.819,4.0,FP,,,,,,,
91,19,310.59,184.24,6.92,42.706,25.333,3.46,TP,16,0.036,0.185,0.188,-0.014,0.033,0.185
91,20,376.16,207.87,6.73,51.722,28.583,3.366,TP,17,0.545,0.681,0.872,-0.543,-0.043,0.681
91,21,385.81,208.56,3.56,53.048,28.676,1.778,FP,,,,,,,
91,22,417.16,211.99,2.41,57.359,29.149,1.206,TP,18,0.02,0.031,0.037,-0.003,0.02,-0.031
91,23,32.42,220.05,7.2,4.457,30.257,3.599,TP,19,0.029,0.118,0.121,0.027,0.011,0.118
91,24,40.57,267.6,1.96,5.578,36.795,0.978,TP,20,0.049,0.051,0.071,-0.048,-0.008,-0.051
91,25,476.78,273.88,6.8,65.557,37.659,3.401,TP,21,0.236,0.311,0.391,-0.171,-0.164,0.311
91,26,403.41,273.36,4.34,55.468,37.588,2.169,TP,22,0.014,0.21,0.21,-0.01,-0.009,0.21
91,27,31.67,293.97,8.35,4.354,40.421,4.173,TP,23,0.238,0.304,0.386,0.237,0.024,0.304
91,28,327.89,300.93,4.54,45.085,41.377,2.269,TP,24,0.104,0.144,0.177,0.102,0.016,0.144
91,29,298.73,299.55,2.88,41.076,41.188,1.438,TP,25,0.02,0.057,0.061,-0.016,-0.012,0.057
91,30,275.47,320.82,3.48,37.877,44.113,1.742,TP,26,0.02,0.031,0.037,-0.014,-0.015,0.031
91,31,236.89,326.08,2.01,32.573,44.837,1.006,TP,27,0.055,0.006,0.055,0.054,0.012,0.006
91,32,191.76,332.95,1.46,26.366,45.781,0.732,TP,28,0.027,0.042,0.05,-0.025,0.011,-0.042
91,33,199.69,340.97,1.0,27.457,46.884,0.5,TP,29,0.083,0.054,0.099,-0.062,-0.056,-0.054
91,34,265.88,343.64,1.34,36.558,47.25,0.672,TP,30,0.028,0.063,0.069,-0.021,-0.018,0.063
91,35,25.68,350.9,7.54,3.531,48.249,3.769,TP,31,0.017,0.191,0.192,-0.005,0.016,0.191
91,36,384.74,351.43,1.0,52.901,48.321,0.5,TP,32,0.019,0.0,0.019,0.017,0.008,0.0
91,37,313.03,363.05,7.86,43.041,49.92,3.932,TP,34,0.692,0.135,0.705,0.691,0.022,-0.135
91,38,127.44,366.14,7.61,17.523,50.344,3.804,TP,35,0.113,0.171,0.206,0.077,0.083,0.171
91,39,129.57,372.34,1.26,17.816,51.197,0.629,TP,36,0.112,0.029,0.115,0.02,-0.11,0.029
91,40,448.44,386.16,3.73,61.66,53.097,1.865,TP,37,0.089,0.123,0.152,-0.086,-0.024,0.123
91,41,338.96,403.7,2.0,46.606,55.509,1.0,TP,38,0.027,0.018,0.032,-0.023,0.013,-0.018
91,42,441.01,425.48,1.99,60.639,58.503,0.993,TP,39,0.009,0.007,0.012,0.002,-0.009,-0.007
91,43,503.21,429.22,7.32,69.191,59.018,3.659,TP,40,0.844,0.635,1.056,0.519,-0.665,0.635
91,44,353.66,439.19,8.15,48.628,60.389,4.076,TP,41,0.355,0.094,0.368,0.257,0.246,0.094
91,45,497.31,436.39,6.66,68.38,60.004,3.33,FP,,,,,,,
91,46,503.5,434.0,6.0,69.231,59.675,3.0,FP,,,,,,,
91,47,2.63,484.62,3.4,0.362,66.635,1.702,TP,42,0.106,0.349,0.365,0.1,0.034,0.349
91,48,81.02,498.29,2.58,11.14,68.514,1.29,TP,43,0.152,0.138,0.206,0.072,0.134,0.138
91,49,497.33,504.09,2.63,68.382,69.312,1.314,TP,44,0.016,0.008,0.018,-0.008,-0.014,-0.008
91,,,,,44.804,49.893,4.256,FN,33,,,,,,
97,0,86.9,17.84,4.69,11.949,2.453,2.347,TP,1,0.046,0.18,0.186,-0.045,-0.007,0.18
97,1,430.08,20.06,6.53,59.136,2.759,3.264,TP,2,0.039,0.144,0.149,-0.016,-0.036,0.144
97,2,392.14,20.71,5.65,53.919,2.847,2.824,TP,3,0.238,0.462,0.52,-0.237,-0.017,0.462
97,3,5.61,30.09,6.85,0.771,4.137,3.424,TP,4,0.12,0.401,0.419,-0.114,0.038,0.401
97,4,147.54,37.29,2.04,20.287,5.127,1.02,TP,5,0.036,0.02,0.041,0.031,0.018,0.02
97,5,286.61,51.51,6.1,39.409,7.082,3.048,TP,6,0.158,0.22,0.271,-0.131,-0.089,0.22
97,6,378.35,73.02,3.46,52.023,10.041,1.728,TP,7,0.024,0.049,0.054,-0.013,-0.02,0.049
97,7,24.0,68.32,1.0,3.3,9.394,0.5,TP,8,0.054,0.0,0.054,-0.025,-0.047,0.0
97,8,426.04,69.73,3.07,58.58,9.587,1.533,TP,10,0.015,0.039,0.042,-0.011,-0.01,0.039
97,9,481.18,70.01,6.28,66.162,9.627,3.138,TP,9,0.155,0.409,0.437,-0.15,-0.039,0.409
97,10,161.51,89.76,1.99,22.208,12.343,0.993,TP,11,0.022,0.013,0.026,-0.013,0.018,0.013
97,11,27.96,96.35,6.78,3.845,13.248,3.389,TP,13,0.157,0.319,0.355,-0.156,-0.023,0.319
97,12,162.64,141.14,7.66,22.364,19.407,3.832,TP,14,0.026,0.078,0.082,0.011,0.023,0.078
97,13,492.17,150.74,7.42,67.673,20.727,3.709,TP,15,0.19,0.151,0.242,-0.078,-0.173,0.151
97,14,361.1,151.74,1.53,49.652,20.864,0.765,TP,16,0.012,0.021,0.024,-0.01,0.005,-0.021
97,15,380.78,162.61,6.47,52.357,22.359,3.237,TP,17,0.079,0.287,0.297,-0.061,-0.05,0.287
97,16,384.0,163.5,8.0,52.8,22.481,4.0,FP,,,,,,,
97,17,202.59,176.21,7.53,27.856,24.229,3.765,TP,18,0.044,0.399,0.401,0.044,-0.001,0.399
97,18,184.4,193.87,7.79,25.354,26.657,3.893,TP,19,0.137,0.135,0.193,0.021,0.136,0.135
97,19,454.46,202.59,3.68,62.488,27.856,1.839,TP,21,0.075,0.192,0.206,-0.044,-0.06,0.192
97,20,167.78,204.36,3.98,23.07,28.1,1.992,TP,20,0.017,0.077,0.079,-0.012,-0.012,-0.077
97,21,305.15,201.34,5.72,41.959,27.684,2.86,TP,22,0.179,0.474,0.507,-0.047,-0.173,0.474
97,22,403.88,209.79,5.44,55.533,28.847,2.722,TP,23,0.069,0.45,0.455,-0.061,-0.032,0.45
97,23,144.23,243.28,6.67,19.831,33.451,3.333,TP,24,0.196,0.155,0.25,0.195,0.018,-0.155
97,24,27.53,249.38,1.48,3.786,34.289,0.74,TP,25,0.082,0.053,0.098,0.08,0.019,-0.053
97,25,442.67,292.23,8.38,60.867,40.181,4.19,TP,26,0.051,0.248,0.253,-0.049,-0.01,0.248
97,26,210.84,302.59,1.96,28.99,41.606,0.978,TP,27,0.036,0.009,0.037,0.015,0.033,0.009
97,27,433.5,315.27,1.0,59.606,43.35,0.5,TP,28,0.038,0.0,0.038,0.0,0.038,0.0
97,28,173.97,325.3,5.05,23.921,44.729,2.527,TP,29,0.372,0.159,0.404,-0.352,0.119,0.159
97,29,185.44,322.9,4.24,25.498,44.399,2.122,FP,,,,,,,
97,30,256.36,335.09,1.57,35.249,46.075,0.785,TP,30,0.026,0.111,0.114,-0.015,0.02,-0.111
97,31,227.62,338.4,7.82,31.297,46.53,3.911,TP,31,0.084,0.619,0.625,0.035,0.076,0.619
97,32,98.23,359.82,8.41,13.507,49.476,4.203,TP,32,0.682,0.078,0.686,0.31,0.607,0.078
97,33,191.03,356.56,8.03,26.267,49.027,4.017,TP,33,0.163,0.036,0.167,0.15,0.064,0.036
97,34,425.39,368.32,2.19,58.491,50.643,1.096,TP,34,0.028,0.096,0.101,-0.023,0.016,0.096
97,35,101.06,380.39,4.25,13.895,52.303,2.127,TP,35,0.263,0.127,0.292,0.249,0.086,0.127
97,36,355.95,380.33,4.49,48.943,52.296,2.243,TP,36,0.05,0.248,0.253,-0.012,-0.049,0.248
97,37,4.41,384.08,5.01,0.607,52.812,2.507,TP,37,0.087,0.12,0.148,0.08,-0.034,-0.12
97,38,227.16,391.97,5.17,31.235,53.897,2.583,TP,38,0.029,0.591,0.592,-0.027,0.009,0.591
97,39,406.53,396.21,6.37,55.897,54.478,3.186,TP,39,0.229,0.349,0.418,-0.19,-0.128,0.349
97,40,368.25,411.26,8.06,50.634,56.548,4.028,TP,40,0.224,0.208,0.306,0.029,0.222,0.208
97,41,275.63,412.76,8.38,37.899,56.755,4.188,TP,41,0.101,0.16,0.189,0.094,0.038,0.16
97,42,360.15,417.75,2.0,49.521,57.441,1.0,TP,42,0.073,0.212,0.224,-0.054,0.049,0.212
97,43,246.25,427.83,4.75,33.859,58.827,2.373,TP,43,0.227,0.285,0.364,-0.148,-0.172,0.285
97,44,379.89,487.89,5.55,52.235,67.085,2.776,TP,44,0.05,0.17,0.177,-0.036,-0.035,0.17
97,45,398.32,501.15,4.12,54.769,68.908,2.058,TP,45,0.118,0.068,0.136,0.112,0.036,-0.068
97,46,192.17,504.59,3.5,26.424,69.381,1.75,TP,46,0.009,0.148,0.148,-0.007,-0.005,0.148
97,47,419.47,509.22,3.62,57.677,70.018,1.81,TP,47,0.538,0.19,0.57,-0.537,-0.032,-0.19
97,,,,,69.87,0.128,0.5,FN,0,,,,,,
97,,,,,0.838,12.812,0.5,FN,12,,,,,,
