vol_idx,pred_id,x_px,y_px,z_plane,x_um,y_um,z_um,status,gt_id,err_xy_um,err_z_um,err_um,dx_um,dy_um,dz_um
103,0,498.78,19.24,6.0,68.582,2.646,3.0,TP,0,0.497,0.712,0.869,0.231,0.44,-0.712
103,1,98.62,13.18,1.88,13.561,1.812,0.938,TP,1,0.024,0.045,0.051,-0.008,0.022,-0.045
103,2,228.65,35.55,3.17,31.44,4.888,1.586,TP,3,0.069,0.06,0.091,-0.033,-0.061,0.06
103,3,57.17,33.28,2.9,7.861,4.577,1.45,TP,4,0.029,0.069,0.075,-0.001,0.029,-0.069
103,4,58.65,47.37,6.29,8.064,6.513,3.147,TP,6,0.164,0.561,0.585,-0.133,-0.096,0.561
103,5,375.35,51.52,4.1,51.611,7.085,2.048,TP,5,0.013,0.034,0.037,0.011,0.008,0.034
103,6,413.81,82.92,5.45,56.899,11.402,2.726,TP,7,0.072,0.035,0.08,-0.062,-0.038,0.035
103,7,482.46,92.59,3.15,66.338,12.731,1.576,TP,8,0.036,0.154,0.158,0.013,0.034,-0.154
103,8,34.0,107.0,1.0,4.675,14.713,0.5,TP,9,0.011,0.0,0.011,-0.011,0.0,0.0
103,9,279.9,136.63,6.5,38.486,18.787,3.251,TP,10,0.467,0.465,0.659,-0.325,-0.336,0.465
103,10,105.06,151.75,3.61,14.445,20.866,1.806,TP,11,0.098,0.007,0.099,0.091,0.038,-0.007
103,11,353.11,164.52,1.99,48.552,22.622,0.993,TP,12,0.009,0.006,0.011,-0.003,-0.009,0.006
103,12,210.9,175.5,2.21,28.999,24.131,1.106,TP,14,0.038,0.035,0.052,0.038,0.005,0.035
103,13,258.63,188.21,7.06,35.561,25.879,3.531,TP,15,0.75,0.406,0.853,0.579,0.476,-0.406
103,14,240.72,205.64,2.97,33.099,28.276,1.487,TP,16,0.007,0.066,0.067,0.006,0.003,0.066
103,15,285.78,202.15,1.9,39.295,27.796,0.952,TP,17,0.003,0.055,0.055,0.003,0.001,-0.055
103,16,458.23,207.84,6.76,63.006,28.578,3.38,TP,19,0.302,0.608,0.679,-0.104,-0.283,0.608
103,17,138.23,205.84,3.46,19.006,28.303,1.731,TP,18,0.015,0.06,0.062,-0.012,-0.009,0.06
103,18,313.4,213.97,7.81,43.093,29.421,3.904,TP,20,0.205,0.004,0.205,0.185,0.089,-0.004
103,19,301.41,235.76,5.03,41.444,32.417,2.514,TP,22,0.223,0.578,0.62,-0.087,-0.205,0.578
103,20,355.72,233.03,2.62,48.912,32.042,1.311,TP,21,0.038,0.017,0.041,0.038,0.004,0.017
103,21,206.09,258.26,2.01,28.338,35.511,1.007,TP,23,0.005,0.003,0.006,0.005,0.002,0.003
103,22,256.9,274.81,7.05,35.323,37.787,3.526,TP,24,0.173,0.274,0.324,-0.094,-0.145,0.274
103,23,13.89,277.55,1.0,1.909,38.162,0.5,TP,25,0.02,0.011,0.023,-0.012,0.016,-0.011
103,24,146.59,286.97,3.69,20.156,39.459,1.846,TP,26,0.027,0.018,0.033,0.022,0.016,0.018
103,25,100.92,289.86,4.56,13.876,39.856,2.282,TP,28,0.231,0.821,0.853,-0.229,-0.024,-0.821
103,26,233.17,309.37,4.14,32.061,42.538,2.071,TP,29,0.041,0.038,0.056,-0.036,-0.02,0.038
103,27,178.04,324.61,1.0,24.481,44.634,0.5,TP,30,0.032,0.0,0.032,-0.022,0.023,0.0
103,28,153.24,330.79,5.2,21.071,45.483,2.602,TP,31,0.119,0.046,0.127,-0.057,-0.104,0.046
103,29,207.58,335.48,6.77,28.542,46.129,3.385,TP,32,0.037,0.252,0.255,0.0,-0.037,0.252
103,30,240.4,339.49,5.01,33.055,46.68,2.505,TP,33,0.053,0.265,0.27,-0.052,-0.012,0.265
103,31,313.14,350.49,8.27,43.057,48.192,4.136,TP,34,0.01,0.261,0.261,-0.005,-0.008,0.261
103,32,94.68,369.61,7.63,13.018,50.821,3.814,TP,35,0.331,0.296,0.444,-0.33,-0.014,0.296
103,33,276.42,397.43,7.74,38.007,54.647,3.869,TP,36,0.042,0.112,0.12,0.026,0.033,0.112
103,34,461.67,403.8,7.75,63.48,55.523,3.876,TP,37,0.088,0.015,0.089,0.035,0.081,0.015
103,35,490.07,409.82,1.92,67.384,56.35,0.96,TP,38,0.048,0.031,0.057,-0.017,-0.044,0.031
103,36,49.39,428.36,7.65,6.791,58.899,3.826,TP,39,0.035,0.537,0.538,0.002,0.035,0.537
103,37,27.67,428.48,7.09,3.805,58.916,3.546,TP,40,0.125,0.416,0.434,0.097,0.079,0.416
103,38,143.7,427.35,6.5,19.759,58.76,3.248,TP,41,0.265,0.293,0.395,-0.242,-0.109,0.293
103,39,437.76,434.0,1.44,60.191,59.675,0.72,TP,42,0.014,0.009,0.017,-0.012,-0.007,0.009
103,40,203.78,451.56,1.95,28.02,62.089,0.977,TP,43,0.033,0.07,0.077,-0.026,-0.02,0.07
103,41,113.08,453.92,2.46,15.549,62.414,1.232,TP,44,0.015,0.039,0.042,-0.015,-0.003,-0.039
103,42,230.17,482.66,4.02,31.648,66.366,2.011,TP,45,0.025,0.025,0.035,0.014,0.021,0.025
103,43,78.35,497.07,2.24,10.774,68.347,1.118,TP,46,0.184,0.114,0.217,0.139,0.121,-0.114
103,44,445.14,496.83,1.47,61.207,68.315,0.736,TP,47,0.041,0.01,0.042,-0.003,-0.041,0.01
103,45,109.15,503.43,2.98,15.008,69.222,1.488,TP,48,0.017,0.007,0.018,-0.006,0.016,-0.007
103,,,,,68.755,2.881,1.256,FN,2,,,,,,
103,,,,,41.213,23.709,4.5,FN,13,,,,,,
103,,,,,13.586,39.806,1.244,FN,27,,,,,,
104,0,231.94,3.62,5.98,31.891,0.498,2.99,TP,0,0.086,0.248,0.263,-0.041,-0.076,0.248
104,1,7.17,7.5,6.47,0.986,1.031,3.233,TP,1,0.191,0.233,0.301,-0.187,-0.041,0.233
104,2,341.48,21.41,4.45,46.953,2.943,2.225,TP,2,0.048,0.019,0.051,-0.028,-0.038,0.019
104,3,490.65,27.6,7.69,67.464,3.795,3.844,TP,3,0.225,0.368,0.432,-0.05,-0.22,0.368
104,4,289.57,33.38,8.3,39.816,4.589,4.149,TP,4,0.404,0.017,0.404,0.069,0.398,0.017
104,5,362.17,47.2,5.85,49.798,6.49,2.925,TP,5,0.104,0.019,0.105,0.084,0.061,-0.019
104,6,436.46,72.93,6.35,60.013,10.028,3.176,TP,6,0.418,0.593,0.726,-0.294,-0.297,0.593
104,7,390.82,75.26,2.53,53.738,10.348,1.263,TP,7,0.036,0.027,0.045,-0.035,-0.006,0.027
104,8,141.17,83.33,2.26,19.411,11.457,1.13,TP,8,0.009,0.049,0.05,-0.0,-0.009,0.049
104,9,448.57,107.39,7.6,61.679,14.766,3.801,TP,9,0.249,0.328,0.412,-0.03,-0.247,0.328
104,10,248.71,132.71,1.0,34.198,18.248,0.5,TP,10,0.093,0.0,0.093,0.057,0.073,0.0
104,11,495.41,142.77,3.83,68.118,19.631,1.915,TP,11,0.077,0.129,0.15,-0.059,-0.05,0.129
104,12,127.75,139.86,2.88,17.565,19.231,1.442,TP,12,0.037,0.028,0.046,-0.037,-0.004,-0.028
104,13,46.2,175.71,3.07,6.353,24.16,1.535,TP,13,0.123,0.064,0.138,0.047,0.114,-0.064
104,14,72.97,171.84,7.48,10.033,23.628,3.74,TP,14,0.01,0.104,0.105,-0.001,-0.01,0.104
104,15,120.62,173.15,1.31,16.585,23.809,0.654,TP,15,0.034,0.096,0.102,0.003,0.034,-0.096
104,16,6.84,184.72,6.66,0.941,25.4,3.33,TP,16,0.136,0.353,0.378,-0.063,-0.12,0.353
104,17,357.59,186.09,2.04,49.168,25.587,1.022,TP,17,0.088,0.035,0.095,-0.027,-0.084,0.035
104,18,324.27,179.25,7.75,44.587,24.647,3.874,TP,18,0.046,0.013,0.048,0.046,0.007,-0.013
104,19,292.9,186.97,1.45,40.273,25.708,0.724,TP,19,0.034,0.022,0.041,0.033,0.008,-0.022
104,20,103.09,198.24,8.64,14.175,27.258,4.322,TP,20,1.033,0.322,1.082,0.972,0.35,0.322
104,21,134.07,200.45,5.6,18.434,27.561,2.799,TP,21,0.225,0.483,0.533,-0.218,-0.056,0.483
104,22,19.24,216.09,5.27,2.645,29.713,2.633,TP,22,0.115,0.475,0.489,-0.113,-0.02,0.475
104,23,477.15,246.92,2.84,65.608,33.952,1.42,TP,23,0.028,0.028,0.04,0.016,0.023,-0.028
104,24,348.4,257.27,6.76,47.905,35.375,3.381,TP,24,0.044,0.136,0.143,0.029,0.033,0.136
104,25,406.32,269.73,1.47,55.87,37.087,0.734,TP,25,0.025,0.023,0.034,-0.024,-0.007,0.023
104,26,231.09,300.63,4.24,31.775,41.336,2.121,TP,26,0.027,0.004,0.028,0.023,0.014,-0.004
104,27,331.75,305.88,6.85,45.616,42.058,3.426,TP,27,0.06,0.207,0.215,-0.037,-0.047,0.207
104,28,365.61,310.51,7.28,50.272,42.695,3.642,TP,28,0.167,0.414,0.446,-0.144,-0.084,0.414
104,29,451.58,310.8,7.48,62.092,42.736,3.739,TP,29,0.054,0.013,0.056,-0.045,0.03,0.013
104,30,15.18,319.06,1.0,2.087,43.871,0.5,TP,30,0.026,0.0,0.026,0.024,0.008,0.0
104,31,388.57,322.64,5.71,53.428,44.362,2.855,TP,31,0.035,0.099,0.105,0.006,-0.035,0.099
104,32,442.09,335.06,1.32,60.787,46.071,0.658,TP,32,0.014,0.012,0.018,-0.012,-0.006,0.012
104,33,144.7,381.53,4.71,19.896,52.46,2.355,TP,33,0.056,0.302,0.308,-0.033,-0.046,0.302
104,34,101.8,387.75,1.02,13.998,53.316,0.512,TP,34,0.016,0.036,0.04,-0.007,-0.014,-0.036
104,35,330.21,403.42,2.95,45.404,55.47,1.473,TP,35,0.013,0.007,0.015,0.005,0.012,-0.007
104,36,245.54,416.93,2.24,33.761,57.328,1.12,TP,36,0.01,0.119,0.119,-0.0,-0.01,-0.119
104,37,63.45,434.57,8.23,8.725,59.753,4.115,TP,37,0.126,0.266,0.294,0.078,0.099,0.266
104,38,131.07,430.97,5.44,18.022,59.259,2.72,TP,38,0.124,0.194,0.23,0.123,0.01,0.194
104,39,223.11,438.69,6.72,30.678,60.32,3.358,TP,39,0.173,0.615,0.639,-0.166,-0.048,0.615
104,40,137.48,443.5,6.77,18.903,60.981,3.383,TP,40,1.206,0.692,1.39,-0.63,-1.029,0.692
104,41,358.89,449.0,2.26,49.348,61.738,1.131,TP,41,0.004,0.051,0.051,-0.004,0.0,-0.051
104,42,127.67,449.89,6.22,17.554,61.86,3.11,TP,42,0.03,0.002,0.03,-0.03,0.004,0.002
104,43,144.95,456.31,5.0,19.93,62.743,2.5,FP,,,,,,,
104,44,195.2,466.85,5.99,26.839,64.192,2.995,TP,43,0.351,0.524,0.631,-0.292,-0.195,0.524
104,45,159.03,481.61,3.47,21.867,66.221,1.736,TP,44,0.046,0.03,0.055,0.014,-0.044,0.03
104,46,208.48,486.29,8.42,28.666,66.865,4.208,TP,45,0.144,0.268,0.304,0.143,0.011,0.268
105,0,368.83,6.85,6.49,50.714,0.942,3.246,TP,0,0.241,0.326,0.406,-0.156,-0.184,0.326
105,1,139.2,19.15,7.65,19.14,2.634,3.824,TP,1,0.182,0.324,0.372,0.168,0.071,0.324
105,2,159.5,30.5,9.0,21.931,4.194,4.5,FP,,,,,,,
105,3,250.67,33.54,6.94,34.467,4.612,3.472,TP,3,0.341,0.776,0.848,-0.34,-0.011,0.776
105,4,257.06,33.78,3.89,35.345,4.644,1.944,FP,,,,,,,
105,5,486.12,44.45,6.92,66.842,6.112,3.458,TP,4,0.132,0.7,0.712,-0.09,-0.097,0.7
105,6,494.85,44.68,7.78,68.041,6.144,3.889,TP,2,0.718,0.181,0.741,0.222,0.683,-0.181
105,7,10.22,71.85,5.83,1.405,9.88,2.914,TP,5,0.097,0.038,0.104,0.079,0.056,-0.038
105,8,398.49,86.64,7.3,54.792,11.913,3.648,TP,6,0.382,0.317,0.497,-0.362,-0.124,0.317
105,9,162.5,97.5,1.59,22.344,13.406,0.795,TP,7,0.02,0.025,0.032,0.005,0.019,-0.025
105,10,327.29,108.56,3.53,45.002,14.927,1.763,TP,8,0.027,0.03,0.04,0.006,0.026,-0.03
105,11,325.33,102.0,8.67,44.733,14.025,4.333,FP,,,,,,,
105,12,196.86,113.68,6.87,27.068,15.631,3.434,TP,9,0.196,0.451,0.492,-0.065,-0.185,0.451
105,13,269.37,169.94,6.14,37.039,23.367,3.072,TP,10,0.308,0.518,0.603,-0.197,-0.237,0.518
105,14,312.83,184.62,1.0,43.015,25.385,0.5,TP,11,0.196,0.0,0.196,-0.189,-0.052,0.0
105,15,330.07,186.09,6.95,45.384,25.587,3.476,TP,13,0.242,0.079,0.255,0.239,0.037,-0.079
105,16,319.69,191.18,6.57,43.958,26.287,3.285,TP,12,0.227,0.016,0.228,0.141,0.178,-0.016
105,17,159.25,194.17,1.42,21.896,26.698,0.708,TP,14,0.011,0.033,0.035,0.002,0.011,0.033
105,18,450.72,203.79,1.88,61.974,28.021,0.94,TP,15,0.029,0.122,0.126,-0.029,-0.001,0.122
105,19,126.16,215.75,7.61,17.347,29.666,3.806,TP,16,0.166,0.008,0.166,0.088,0.141,-0.008
105,20,242.61,221.18,2.96,33.359,30.413,1.478,TP,17,0.017,0.056,0.058,0.012,0.012,-0.056
105,21,4.44,226.66,7.62,0.61,31.166,3.808,TP,18,0.1,0.009,0.1,0.08,0.06,-0.009
105,22,94.33,239.09,7.15,12.971,32.874,3.573,TP,19,0.002,0.34,0.34,-0.001,-0.002,0.34
105,23,146.18,251.91,2.13,20.1,34.637,1.063,TP,20,0.033,0.043,0.054,0.023,0.023,0.043
105,24,108.15,259.75,7.56,14.871,35.716,3.78,TP,21,0.15,0.011,0.151,0.023,0.148,0.011
105,25,409.69,262.46,5.33,56.333,36.088,2.667,TP,22,0.072,0.059,0.093,-0.016,-0.07,0.059
105,26,31.52,273.61,4.33,4.334,37.621,2.164,TP,23,0.06,0.272,0.279,-0.034,-0.05,0.272
105,27,171.97,299.55,3.61,23.645,41.189,1.807,TP,24,0.02,0.039,0.044,0.02,0.006,0.039
105,28,96.39,307.1,3.79,13.254,42.227,1.897,TP,25,0.028,0.063,0.069,0.01,0.026,-0.063
105,29,142.31,305.78,3.47,19.568,42.045,1.734,TP,26,0.013,0.095,0.096,-0.012,-0.006,0.095
105,30,444.66,317.48,6.54,61.141,43.653,3.272,TP,29,0.126,0.371,0.391,-0.05,-0.115,0.371
105,31,293.33,321.39,2.21,40.333,44.191,1.105,TP,28,0.006,0.033,0.034,-0.004,-0.005,0.033
105,32,32.0,319.55,8.6,4.4,43.938,4.302,TP,27,0.544,0.055,0.547,0.368,0.401,0.055
105,33,134.62,330.57,1.0,18.51,45.453,0.5,TP,30,0.048,0.0,0.048,-0.038,-0.029,0.0
105,34,322.93,356.86,1.24,44.403,49.069,0.621,TP,31,0.012,0.044,0.045,0.012,0.002,0.044
105,35,496.0,385.0,9.0,68.2,52.938,4.5,TP,32,0.734,0.657,0.985,0.067,-0.731,0.657
105,36,495.86,390.27,7.77,68.181,53.662,3.886,FP,,,,,,,
105,37,3.28,399.25,5.25,0.451,54.896,2.623,TP,33,0.09,0.223,0.241,-0.057,-0.07,0.223
105,38,79.67,397.2,1.56,10.954,54.615,0.778,TP,34,0.015,0.048,0.05,-0.014,0.005,-0.048
105,39,423.09,402.26,2.45,58.175,55.311,1.223,TP,35,0.025,0.072,0.076,-0.023,0.009,0.072
105,40,159.47,406.25,6.7,21.927,55.86,3.35,TP,36,0.008,0.102,0.103,0.006,-0.005,0.102
105,41,204.66,427.49,8.09,28.141,58.781,4.047,TP,37,0.052,0.208,0.215,0.031,0.042,0.208
105,42,323.74,444.47,6.69,44.514,61.115,3.344,TP,38,0.102,0.19,0.215,-0.056,-0.085,0.19
105,43,428.78,448.02,6.91,58.957,61.602,3.453,TP,40,0.02,0.182,0.183,-0.013,0.016,0.182
105,44,506.45,450.15,8.53,69.637,61.895,4.267,TP,39,0.45,0.06,0.454,0.069,0.444,0.06
105,45,403.61,454.82,1.0,55.496,62.538,0.5,TP,42,0.043,0.0,0.043,-0.042,-0.012,0.0
105,46,222.1,459.8,1.0,30.538,63.222,0.5,TP,41,0.026,0.0,0.026,0.011,0.023,0.0
105,47,101.3,473.78,1.73,13.928,65.145,0.865,TP,43,0.046,0.009,0.047,-0.003,-0.046,0.009
105,48,406.74,469.81,1.46,55.927,64.6,0.731,TP,44,0.033,0.008,0.033,-0.024,0.022,-0.008
105,49,260.1,472.9,7.34,35.764,65.023,3.67,TP,45,0.05,0.145,0.153,-0.045,-0.023,0.145
105,50,416.3,491.15,8.27,57.241,67.534,4.135,TP,46,0.091,0.237,0.253,0.055,0.072,0.237
105,51,158.29,503.18,7.36,21.765,69.187,3.68,TP,47,0.026,0.155,0.157,-0.004,-0.026,0.155
105,52,321.65,499.46,2.05,44.228,68.676,1.027,TP,48,0.054,0.016,0.056,0.05,0.019,0.016
105,53,191.8,499.62,2.04,26.372,68.698,1.018,TP,49,0.015,0.009,0.017,-0.007,0.013,0.009
118,0,223.75,0.62,9.0,30.766,0.086,4.5,FP,,,,,,,
118,1,198.12,12.15,2.53,27.242,1.671,1.266,TP,0,0.039,0.096,0.103,-0.033,-0.02,0.096
118,2,97.07,23.29,6.78,13.348,3.202,3.392,TP,1,0.211,0.541,0.58,-0.047,-0.205,0.541
118,3,207.72,60.6,2.07,28.561,8.333,1.037,TP,2,0.01,0.037,0.038,-0.009,-0.003,0.037
118,4,428.71,76.38,8.37,58.947,10.502,4.186,TP,3,0.445,0.019,0.446,0.017,0.445,-0.019
118,5,211.27,86.98,8.68,29.05,11.959,4.34,FP,,,,,,,
118,6,481.94,86.94,2.05,66.266,11.954,1.026,TP,5,0.037,0.087,0.095,0.037,-0.006,0.087
118,7,192.25,109.6,1.0,26.435,15.07,0.5,TP,6,0.071,0.0,0.071,0.016,0.069,0.0
118,8,6.68,113.68,2.36,0.919,15.631,1.18,TP,7,0.026,0.067,0.072,-0.026,0.0,0.067
118,9,473.84,110.61,2.25,65.152,15.209,1.124,TP,8,0.035,0.106,0.111,-0.032,-0.012,0.106
118,10,272.27,128.03,1.07,37.437,17.604,0.533,TP,9,0.06,0.033,0.068,0.011,0.059,0.033
118,11,123.16,143.93,1.45,16.935,19.79,0.725,TP,10,0.008,0.013,0.016,-0.005,-0.006,-0.013
118,12,430.38,144.84,1.0,59.177,19.916,0.5,TP,11,0.03,0.0,0.03,0.02,0.022,0.0
118,13,256.53,146.72,7.65,35.273,20.173,3.827,TP,12,0.128,0.036,0.133,0.123,-0.035,0.036
118,14,186.77,158.31,2.03,25.682,21.768,1.014,TP,13,0.002,0.003,0.003,0.001,0.001,-0.003
118,15,502.64,166.24,3.45,69.113,22.859,1.727,TP,14,0.156,0.233,0.28,-0.119,-0.1,0.233
118,16,156.93,174.7,7.53,21.578,24.021,3.764,TP,15,0.022,0.086,0.089,-0.0,-0.022,0.086
118,17,167.36,185.29,2.12,23.012,25.478,1.062,TP,16,0.007,0.067,0.068,-0.005,0.005,0.067
118,18,332.64,194.65,4.65,45.738,26.764,2.325,TP,17,0.094,0.016,0.095,0.017,0.092,-0.016
118,19,303.33,206.53,6.36,41.708,28.398,3.179,TP,19,0.501,0.611,0.79,-0.113,-0.488,0.611
118,20,228.23,200.04,1.47,31.382,27.505,0.734,TP,18,0.048,0.009,0.048,0.04,0.026,-0.009
118,21,352.96,220.25,6.78,48.533,30.284,3.388,TP,21,0.224,0.321,0.392,-0.096,-0.203,0.321
118,22,504.33,215.78,1.92,69.346,29.67,0.958,TP,20,0.028,0.232,0.234,0.027,-0.009,0.232
118,23,380.79,218.9,7.88,52.359,30.098,3.942,TP,22,0.124,0.167,0.208,0.106,0.065,0.167
118,24,69.48,227.56,6.39,9.554,31.29,3.196,TP,23,0.01,0.094,0.095,0.002,-0.01,0.094
118,25,454.42,235.5,3.12,62.483,32.381,1.561,TP,24,0.01,0.014,0.018,0.002,-0.01,0.014
118,26,496.62,245.94,5.67,68.285,33.816,2.833,TP,26,0.206,0.596,0.631,-0.023,-0.205,0.596
118,27,95.56,246.96,5.21,13.139,33.957,2.603,TP,25,0.057,0.098,0.113,-0.041,-0.039,0.098
118,28,34.21,275.02,6.98,4.703,37.815,3.491,TP,27,0.259,0.307,0.402,-0.113,-0.233,0.307
118,29,254.03,287.68,2.62,34.929,39.556,1.311,TP,28,0.017,0.081,0.082,0.017,-0.004,0.081
118,30,163.89,308.94,2.09,22.535,42.479,1.043,TP,29,0.016,0.036,0.039,-0.013,0.008,0.036
118,31,268.08,334.81,8.06,36.861,46.037,4.03,TP,30,0.51,0.274,0.579,0.44,0.256,0.274
118,32,273.33,350.14,2.63,37.583,48.145,1.316,TP,31,0.152,0.097,0.18,-0.132,-0.076,0.097
118,33,239.27,355.52,1.15,32.899,48.885,0.573,TP,32,0.045,0.064,0.078,0.01,0.043,0.064
118,34,265.5,347.2,8.5,36.506,47.74,4.25,FP,,,,,,,
118,35,261.01,356.05,5.64,35.889,48.956,2.822,TP,33,0.029,0.021,0.036,0.026,-0.013,0.021
118,36,479.47,376.17,3.13,65.927,51.723,1.567,TP,34,0.018,0.081,0.083,0.006,-0.017,0.081
118,37,465.11,377.84,2.15,63.952,51.953,1.073,TP,35,0.054,0.096,0.11,-0.054,-0.003,0.096
118,38,450.83,389.45,7.2,61.988,53.549,3.601,TP,36,0.213,0.34,0.401,-0.057,-0.205,0.34
118,39,403.54,403.21,1.98,55.487,55.441,0.988,TP,37,0.025,0.109,0.111,-0.025,0.0,0.109
118,40,154.91,444.04,2.46,21.3,61.056,1.231,TP,38,0.006,0.012,0.014,-0.004,0.004,-0.012
118,41,395.55,446.58,4.0,54.388,61.405,2.0,TP,39,0.034,0.0,0.034,-0.029,-0.017,0.0
118,42,324.47,451.03,2.03,44.614,62.016,1.013,TP,40,0.004,0.006,0.007,-0.004,-0.0,0.006
118,43,187.51,471.21,2.04,25.783,64.791,1.022,TP,41,0.026,0.032,0.041,-0.024,0.01,0.032
118,44,305.77,481.55,6.95,42.044,66.213,3.475,TP,43,0.303,0.34,0.456,-0.102,-0.286,0.34
118,45,482.86,473.05,2.48,66.393,65.044,1.238,TP,42,0.015,0.012,0.019,0.002,0.015,0.012
118,46,222.72,501.72,7.66,30.624,68.986,3.83,TP,44,0.323,0.387,0.504,-0.078,-0.314,0.387
118,47,344.34,505.72,2.43,47.347,69.537,1.214,TP,45,0.022,0.04,0.046,0.002,0.022,0.04
118,,,,,28.142,10.868,4.448,FN,4,,,,,,
119,0,46.62,4.97,6.6,6.41,0.684,3.298,TP,0,0.069,0.325,0.332,-0.059,-0.037,0.325
119,1,176.25,0.25,8.62,24.234,0.034,4.312,FP,,,,,,,
119,2,176.5,0.0,0.0,24.269,0.0,0.0,FP,,,,,,,
119,3,130.11,7.96,4.79,17.89,1.095,2.396,TP,1,0.2,0.687,0.715,-0.197,-0.03,0.687
119,4,208.67,14.03,7.16,28.692,1.929,3.58,TP,2,0.009,0.047,0.048,0.009,-0.002,0.047
119,5,22.26,14.95,7.94,3.06,2.056,3.972,TP,3,0.256,0.219,0.336,0.253,0.035,0.219
119,6,431.83,72.41,3.4,59.377,9.957,1.701,TP,4,0.012,0.04,0.042,-0.01,-0.006,-0.04
119,7,259.93,76.43,1.39,35.74,10.509,0.696,TP,5,0.041,0.008,0.041,-0.041,0.003,-0.008
119,8,441.33,94.67,8.0,60.683,13.017,4.0,TP,6,1.274,1.297,1.818,-0.503,-1.17,1.297
119,9,444.85,103.15,5.4,61.167,14.184,2.7,FP,,,,,,,
119,10,481.82,99.22,6.82,66.25,13.642,3.408,TP,7,0.002,0.111,0.111,0.002,0.0,0.111
119,11,347.38,112.65,3.68,47.764,15.49,1.841,TP,8,0.011,0.007,0.013,0.001,0.011,-0.007
119,12,223.66,110.1,7.38,30.754,15.139,3.688,TP,9,0.026,0.168,0.169,0.003,-0.025,0.168
119,13,281.11,113.75,5.16,38.652,15.641,2.582,TP,10,0.009,0.017,0.019,0.001,-0.009,0.017
119,14,191.17,114.67,7.33,26.286,15.767,3.667,TP,11,0.019,0.16,0.161,-0.0,-0.019,0.16
119,15,239.26,128.79,2.4,32.898,17.709,1.198,TP,12,0.048,0.013,0.05,0.033,0.036,-0.013
119,16,2.62,129.67,8.33,0.36,17.829,4.167,TP,13,0.625,2.009,2.104,-0.128,-0.612,2.009
119,17,3.81,134.47,4.3,0.524,18.489,2.149,FP,,,,,,,
119,18,0.5,135.5,1.0,0.069,18.631,0.5,FP,,,,,,,
119,19,221.04,143.66,3.7,30.394,19.754,1.848,TP,14,0.104,0.195,0.221,-0.085,-0.06,0.195
119,20,202.21,156.95,8.17,27.804,21.58,4.084,TP,15,0.219,0.332,0.397,0.108,0.191,0.332
119,21,327.88,157.05,5.05,45.083,21.594,2.523,TP,16,0.015,0.301,0.302,-0.014,-0.006,0.301
119,22,439.98,172.78,2.36,60.498,23.757,1.181,TP,17,0.025,0.031,0.04,-0.025,-0.002,0.031
119,23,9.96,174.16,1.79,1.37,23.947,0.895,TP,18,0.024,0.057,0.062,0.013,-0.021,0.057
119,24,70.0,173.5,1.0,9.625,23.856,0.5,TP,19,0.097,0.0,0.097,0.069,-0.069,0.0
119,25,275.8,179.56,1.83,37.922,24.689,0.915,TP,20,0.011,0.085,0.085,-0.008,0.008,-0.085
119,26,42.49,184.87,4.1,5.843,25.42,2.049,TP,21,0.014,0.041,0.043,0.008,-0.011,0.041
119,27,380.38,194.97,7.82,52.302,26.809,3.91,TP,22,0.146,0.096,0.175,0.127,0.072,-0.096
119,28,354.41,201.26,3.07,48.731,27.674,1.533,TP,23,0.03,0.024,0.038,-0.03,0.002,0.024
119,29,144.13,214.67,3.64,19.818,29.517,1.82,TP,24,0.044,0.002,0.044,0.027,0.034,0.002
119,30,423.52,266.38,7.32,58.234,36.627,3.658,TP,26,0.087,0.144,0.168,-0.066,-0.056,0.144
119,31,328.24,263.32,1.41,45.132,36.207,0.706,TP,25,0.033,0.052,0.062,0.028,0.018,-0.052
119,32,67.4,271.06,5.28,9.267,37.27,2.638,TP,27,0.041,0.244,0.248,-0.024,-0.033,0.244
119,33,343.64,270.38,8.16,47.25,37.178,4.082,TP,28,0.029,0.093,0.098,0.028,-0.007,0.093
119,34,22.82,278.32,7.49,3.138,38.269,3.744,TP,29,0.009,0.195,0.195,-0.001,0.009,0.195
119,35,327.48,298.28,2.83,45.028,41.014,1.414,TP,31,0.029,0.038,0.048,0.014,0.025,-0.038
119,36,442.32,301.68,1.0,60.818,41.481,0.5,TP,32,0.067,0.0,0.067,0.03,0.061,0.0
119,37,405.49,303.34,3.26,55.754,41.709,1.632,TP,33,0.011,0.075,0.075,0.006,-0.009,0.075
119,38,8.7,308.09,6.85,1.196,42.363,3.425,TP,34,0.225,0.296,0.372,-0.223,-0.035,0.296
119,39,165.65,326.13,3.68,22.776,44.842,1.84,TP,35,0.025,0.049,0.055,-0.008,-0.023,0.049
119,40,300.69,354.21,3.04,41.345,48.703,1.519,TP,36,0.022,0.046,0.052,0.01,0.02,-0.046
119,41,143.41,359.99,2.85,19.719,49.499,1.425,TP,37,0.023,0.036,0.043,0.02,0.011,-0.036
119,42,82.36,367.59,4.64,11.324,50.544,2.319,TP,38,0.118,0.121,0.169,-0.09,-0.076,0.121
119,43,173.4,370.88,5.13,23.842,50.996,2.563,TP,40,0.154,0.563,0.584,0.012,-0.154,0.563
119,44,359.62,365.79,1.33,49.448,50.296,0.667,TP,39,0.037,0.034,0.051,-0.02,0.031,0.034
119,45,475.61,385.05,2.62,65.397,52.944,1.311,TP,41,0.018,0.058,0.06,-0.015,-0.009,0.058
119,46,260.99,405.19,2.28,35.887,55.714,1.141,TP,42,0.139,0.039,0.144,-0.029,-0.135,0.039
119,47,341.09,435.91,3.01,46.9,59.938,1.504,TP,43,0.015,0.038,0.041,-0.015,0.004,0.038
119,48,218.52,442.01,5.13,30.046,60.777,2.564,TP,44,0.106,0.439,0.451,0.014,-0.105,0.439
119,49,300.2,467.82,3.53,41.278,64.325,1.763,TP,45,0.059,0.03,0.066,-0.049,-0.033,0.03
119,50,275.92,479.24,5.8,37.939,65.896,2.902,TP,46,0.167,0.152,0.226,-0.02,-0.166,0.152
119,51,483.76,490.53,8.0,66.517,67.448,3.998,TP,47,0.415,0.302,0.513,0.019,-0.414,0.302
119,52,176.15,508.55,6.6,24.221,69.926,3.298,TP,48,0.144,0.798,0.811,-0.067,-0.127,0.798
119,53,483.0,510.75,9.0,66.412,70.228,4.5,FP,,,,,,,
119,,,,,44.481,39.188,0.5,FN,30,,,,,,
121,0,8.64,16.04,5.82,1.188,2.205,2.911,TP,0,0.031,0.265,0.266,-0.025,-0.018,0.265
121,1,66.27,20.58,2.42,9.112,2.83,1.208,TP,1,0.054,0.054,0.076,-0.02,-0.05,0.054
121,2,425.12,34.12,1.0,58.455,4.692,0.5,TP,2,0.054,0.0,0.054,0.017,-0.052,0.0
121,3,87.19,52.71,2.0,11.989,7.248,1.0,TP,3,0.034,0.0,0.034,0.031,0.014,0.0
121,4,196.21,53.0,6.45,26.979,7.288,3.226,TP,4,0.29,0.395,0.49,-0.281,-0.07,0.395
121,5,277.09,57.8,2.62,38.1,7.947,1.31,TP,5,0.024,0.011,0.026,0.013,0.02,0.011
121,6,403.86,106.42,8.57,55.531,14.633,4.285,TP,6,0.934,0.285,0.977,0.933,0.05,0.285
121,7,382.5,125.62,6.62,52.594,17.273,3.312,FP,,,,,,,
121,8,324.95,132.62,2.81,44.68,18.235,1.405,TP,8,0.121,0.074,0.142,-0.095,-0.076,0.074
121,9,384.28,136.5,5.36,52.838,18.768,2.682,TP,7,0.131,0.031,0.135,0.001,0.131,-0.031
121,10,95.67,144.26,3.64,13.154,19.836,1.82,TP,9,0.019,0.123,0.125,0.018,0.007,0.123
121,11,2.61,153.02,2.86,0.359,21.04,1.43,TP,10,0.092,0.07,0.116,-0.009,0.092,-0.07
121,12,92.43,160.86,2.74,12.709,22.118,1.37,TP,11,0.013,0.057,0.059,-0.004,-0.012,-0.057
121,13,83.48,209.79,6.94,11.478,28.846,3.471,TP,12,0.006,0.267,0.267,-0.002,-0.006,0.267
121,14,31.6,224.55,7.97,4.344,30.876,3.987,TP,14,0.223,0.436,0.49,0.068,0.212,0.436
121,15,402.99,217.76,7.29,55.411,29.942,3.645,TP,15,0.012,0.104,0.104,0.012,-0.0,0.104
121,16,160.17,224.64,8.29,22.023,30.888,4.147,TP,13,0.392,0.053,0.395,0.219,0.325,0.053
121,17,405.5,231.0,1.0,55.756,31.763,0.5,TP,16,0.038,0.0,0.038,-0.019,0.033,0.0
121,18,334.17,234.67,8.15,45.948,32.268,4.076,TP,17,0.406,0.082,0.415,0.346,0.214,0.082
121,19,109.57,254.68,2.14,15.066,35.018,1.068,TP,18,0.028,0.09,0.094,0.0,0.028,0.09
121,20,452.97,261.73,3.01,62.283,35.988,1.507,TP,20,0.101,0.281,0.299,-0.066,-0.076,0.281
121,21,455.5,256.25,8.25,62.631,35.234,4.125,FP,,,,,,,
121,22,462.91,260.09,7.31,63.65,35.762,3.655,TP,19,0.069,0.386,0.392,-0.069,0.0,0.386
121,23,334.96,263.85,1.46,46.057,36.28,0.729,TP,21,0.023,0.003,0.023,0.023,-0.001,-0.003
121,24,457.0,267.18,8.41,62.838,36.737,4.206,FP,,,,,,,
121,25,311.09,272.09,1.0,42.775,37.413,0.5,TP,22,0.018,0.0,0.018,0.013,0.013,0.0
121,26,255.12,280.21,5.32,35.08,38.529,2.658,TP,23,0.105,0.499,0.51,-0.06,-0.087,0.499
121,27,322.57,297.22,7.52,44.354,40.868,3.759,TP,28,0.87,0.536,1.022,-0.441,-0.75,0.536
121,28,393.33,286.12,1.0,54.083,39.342,0.5,TP,24,0.024,0.0,0.024,0.006,0.023,0.0
121,29,278.99,290.08,1.93,38.361,39.886,0.967,TP,25,0.038,0.051,0.064,-0.038,0.007,0.051
121,30,204.5,292.0,1.0,28.119,40.15,0.5,TP,27,0.026,0.0,0.026,-0.026,0.0,0.0
121,31,2.89,295.07,2.0,0.398,40.572,1.0,TP,26,0.074,0.23,0.241,0.073,0.007,0.23
121,32,277.01,312.72,7.47,38.089,42.999,3.737,TP,29,0.095,0.018,0.097,0.014,0.095,0.018
121,33,75.11,322.52,2.38,10.328,44.347,1.189,TP,30,0.017,0.113,0.114,-0.015,-0.007,0.113
121,34,253.05,341.97,2.36,34.794,47.021,1.178,TP,31,0.036,0.005,0.036,-0.027,-0.023,0.005
121,35,415.25,342.32,6.71,57.097,47.069,3.354,TP,32,0.034,0.104,0.11,-0.002,-0.034,0.104
121,36,367.05,360.04,1.85,50.469,49.505,0.927,TP,33,0.043,0.109,0.118,-0.039,-0.019,0.109
121,37,300.85,363.11,7.23,41.367,49.927,3.613,TP,34,0.015,0.15,0.15,0.009,0.012,0.15
121,38,41.7,367.48,6.25,5.733,50.528,3.126,TP,35,0.248,0.26,0.359,-0.245,-0.04,0.26
121,39,246.7,404.36,8.71,33.921,55.6,4.354,TP,36,0.837,0.046,0.839,0.152,0.823,0.046
121,40,172.06,409.89,1.24,23.658,56.359,0.621,TP,37,0.076,0.074,0.106,-0.075,-0.008,0.074
121,41,294.66,417.87,7.58,40.516,57.457,3.789,TP,38,0.342,0.021,0.342,0.104,0.326,0.021
121,42,271.44,415.15,5.33,37.323,57.083,2.664,TP,39,0.383,0.444,0.587,-0.378,-0.058,0.444
121,43,76.24,438.99,7.28,10.484,60.361,3.641,TP,40,0.029,0.091,0.095,-0.002,0.029,0.091
121,44,502.46,436.79,3.92,69.088,60.059,1.96,TP,41,0.198,0.02,0.199,0.19,0.055,-0.02
121,45,492.0,433.0,5.0,67.65,59.538,2.5,FP,,,,,,,
121,46,335.27,440.78,1.56,46.099,60.607,0.78,TP,42,0.015,0.058,0.06,0.005,0.014,-0.058
121,47,24.68,449.12,8.2,3.393,61.754,4.102,TP,44,0.141,0.445,0.467,-0.056,-0.129,0.445
121,48,424.52,451.45,3.68,58.371,62.075,1.84,TP,43,0.049,0.057,0.075,0.029,0.039,-0.057
121,49,266.54,454.3,7.62,36.65,62.466,3.812,TP,45,0.12,0.029,0.124,0.117,0.028,-0.029
121,50,293.81,468.15,2.43,40.398,64.371,1.215,TP,46,0.02,0.009,0.022,-0.009,-0.018,0.009
121,51,24.22,471.18,4.96,3.33,64.788,2.478,TP,47,0.026,0.228,0.229,0.006,0.025,0.228
121,52,180.23,488.72,8.08,24.781,67.198,4.038,TP,48,0.101,0.124,0.16,0.039,0.093,0.124
121,53,476.47,482.82,4.69,65.515,66.388,2.347,TP,49,0.018,0.267,0.268,-0.018,-0.002,0.267
123,0,42.56,12.15,7.3,5.852,1.671,3.648,TP,1,0.051,0.117,0.127,-0.009,-0.05,0.117
123,1,342.32,10.56,3.05,47.07,1.452,1.523,TP,0,0.004,0.058,0.058,0.004,0.0,0.058
123,2,200.27,23.11,3.03,27.537,3.177,1.513,TP,2,0.023,0.037,0.043,0.001,0.023,-0.037
123,3,64.53,50.32,5.26,8.874,6.919,2.631,TP,3,0.037,0.314,0.317,-0.032,-0.017,0.314
123,4,396.67,57.16,5.9,54.542,7.86,2.949,TP,4,0.364,0.518,0.633,-0.155,-0.329,0.518
123,5,366.63,68.04,1.95,50.412,9.356,0.975,TP,5,0.01,0.0,0.01,-0.008,-0.006,0.0
123,6,139.99,69.18,1.9,19.249,9.513,0.951,TP,6,0.002,0.048,0.048,0.002,0.0,0.048
123,7,416.35,86.69,1.0,57.248,11.92,0.5,TP,7,0.015,0.0,0.015,-0.014,-0.002,0.0
123,8,71.42,90.44,1.13,9.821,12.435,0.563,TP,8,0.067,0.015,0.069,-0.046,-0.049,0.015
123,9,21.62,114.11,8.59,2.973,15.691,4.297,TP,9,0.136,0.373,0.397,0.038,0.13,0.373
123,10,402.34,126.12,2.26,55.322,17.341,1.131,TP,10,0.079,0.002,0.079,0.052,0.059,-0.002
123,11,508.96,128.02,4.96,69.983,17.602,2.482,TP,12,0.191,0.535,0.568,-0.175,-0.077,0.535
123,12,7.87,130.37,7.91,1.083,17.926,3.953,TP,11,0.247,0.091,0.263,0.113,0.219,-0.091
123,13,482.08,142.18,5.75,66.286,19.549,2.875,TP,13,0.352,0.418,0.546,-0.328,-0.126,0.418
123,14,28.64,145.62,7.34,3.937,20.023,3.671,TP,14,0.063,0.245,0.253,-0.054,-0.034,0.245
123,15,447.49,161.99,4.6,61.529,22.273,2.301,TP,15,0.04,0.03,0.05,0.04,0.006,0.03
123,16,463.04,165.28,8.18,63.669,22.726,4.088,TP,16,0.033,0.239,0.242,-0.003,-0.033,0.239
123,17,275.75,168.04,4.96,37.915,23.106,2.482,TP,17,0.191,0.467,0.504,-0.188,-0.034,0.467
123,18,234.43,183.6,5.66,32.234,25.245,2.832,TP,18,0.231,0.24,0.333,-0.197,-0.12,0.24
123,19,150.54,183.62,7.34,20.7,25.247,3.669,TP,19,0.01,0.156,0.157,0.009,-0.006,0.156
123,20,266.86,205.11,8.37,36.693,28.203,4.183,TP,20,0.116,0.363,0.381,-0.1,-0.059,0.363
123,21,194.9,218.66,7.72,26.799,30.066,3.861,TP,21,0.062,0.111,0.127,0.062,0.007,0.111
123,22,336.68,221.65,1.94,46.294,30.477,0.971,TP,22,0.018,0.036,0.041,-0.018,0.005,-0.036
123,23,295.99,230.39,6.39,40.699,31.679,3.194,TP,23,0.014,0.115,0.116,-0.011,-0.009,0.115
123,24,148.2,246.56,4.63,20.378,33.903,2.314,TP,24,0.512,0.67,0.844,-0.009,-0.512,0.67
123,25,42.76,248.85,5.38,5.879,34.216,2.691,TP,25,0.257,0.575,0.63,-0.241,-0.089,0.575
123,26,152.05,260.63,5.38,20.907,35.837,2.691,TP,26,0.253,0.355,0.436,-0.166,-0.191,0.355
123,27,3.31,261.5,1.47,0.455,35.956,0.736,TP,27,0.103,0.069,0.124,0.103,0.0,0.069
123,28,322.7,272.22,2.01,44.371,37.43,1.007,TP,28,0.008,0.078,0.079,-0.008,0.003,0.078
123,29,248.45,310.15,2.03,34.161,42.645,1.016,TP,29,0.059,0.016,0.061,0.057,0.015,0.016
123,30,163.77,309.97,1.42,22.519,42.621,0.712,TP,30,0.026,0.03,0.04,-0.013,0.023,-0.03
123,31,443.33,331.33,8.5,60.958,45.558,4.25,FP,,,,,,,
123,32,448.4,340.82,5.47,61.654,46.863,2.737,TP,31,0.006,0.038,0.039,-0.003,-0.005,0.038
123,33,123.66,339.76,5.55,17.003,46.717,2.774,TP,32,0.021,0.14,0.142,-0.007,0.02,-0.14
123,34,115.37,351.54,5.69,15.863,48.337,2.846,TP,33,0.233,0.623,0.665,-0.054,-0.226,0.623
123,35,462.92,358.18,3.26,63.652,49.25,1.629,TP,34,0.042,0.01,0.043,0.028,0.032,-0.01
123,36,174.06,363.22,6.85,23.933,49.943,3.427,TP,35,0.031,0.196,0.198,-0.025,-0.019,0.196
123,37,21.27,395.73,2.43,2.925,54.412,1.217,TP,36,0.004,0.04,0.04,0.002,-0.003,-0.04
123,38,255.28,398.45,4.1,35.101,54.786,2.051,TP,37,0.007,0.34,0.34,-0.002,0.006,0.34
123,39,308.52,414.78,5.0,42.421,57.033,2.5,TP,38,0.063,0.048,0.08,-0.018,-0.061,0.048
123,40,437.86,423.31,3.01,60.205,58.206,1.504,TP,39,0.016,0.007,0.017,-0.015,0.004,-0.007
123,41,311.5,428.0,4.0,42.831,58.85,2.0,FP,,,,,,,
123,42,177.37,433.75,4.85,24.388,59.64,2.426,TP,40,0.046,0.329,0.332,-0.046,-0.007,0.329
123,43,330.63,459.21,1.0,45.462,63.141,0.5,TP,41,0.017,0.0,0.017,-0.016,-0.005,0.0
123,44,432.53,460.65,1.45,59.473,63.339,0.725,TP,42,0.03,0.019,0.036,-0.001,-0.03,-0.019
123,45,62.24,469.56,4.19,8.557,64.565,2.093,TP,43,0.027,0.093,0.097,-0.012,-0.024,0.093
123,46,86.73,468.06,2.96,11.925,64.358,1.478,TP,44,0.03,0.004,0.03,0.03,0.003,-0.004
123,47,422.24,467.68,1.86,58.058,64.306,0.932,TP,45,0.043,0.057,0.071,-0.027,0.033,-0.057
123,48,307.67,479.33,6.04,42.305,65.908,3.022,TP,46,0.176,0.356,0.397,-0.158,-0.078,0.356
123,49,423.82,491.89,6.78,58.276,67.635,3.388,TP,47,0.025,0.138,0.14,-0.022,0.01,0.138
123,50,165.51,506.22,1.78,22.758,69.605,0.892,TP,48,0.039,0.142,0.147,0.001,-0.039,0.142
13,0,395.92,2.61,6.41,54.438,0.359,3.206,TP,1,0.118,0.124,0.171,0.118,0.008,-0.124
13,1,50.99,11.97,8.48,7.012,1.646,4.239,TP,0,0.638,0.066,0.641,0.333,0.544,0.066
13,2,326.1,7.85,2.92,44.838,1.079,1.46,TP,2,0.014,0.001,0.014,0.008,-0.011,0.001
13,3,479.01,47.1,5.0,65.864,6.476,2.5,TP,3,0.001,0.0,0.001,0.001,-0.001,0.0
13,4,205.35,56.44,3.44,28.235,7.76,1.718,TP,4,0.068,0.086,0.11,-0.019,-0.066,0.086
13,5,49.0,63.33,2.21,6.738,8.708,1.103,TP,5,0.01,0.025,0.027,-0.001,-0.01,0.025
13,6,55.33,82.59,1.48,7.607,11.356,0.739,TP,6,0.022,0.019,0.028,-0.02,-0.008,0.019
13,7,479.44,93.51,1.51,65.923,12.858,0.756,TP,7,0.007,0.001,0.008,-0.006,-0.004,-0.001
13,8,205.81,95.95,1.0,28.299,13.193,0.5,TP,8,0.035,0.0,0.035,-0.026,-0.023,0.0
13,9,379.28,116.78,5.27,52.151,16.057,2.637,TP,9,0.127,0.124,0.178,-0.086,-0.094,0.124
13,10,51.5,116.78,1.0,7.081,16.057,0.5,TP,10,0.04,0.0,0.04,-0.02,0.034,0.0
13,11,97.97,136.51,4.41,13.471,18.77,2.205,TP,11,0.163,0.131,0.209,-0.148,-0.067,0.131
13,12,0.94,139.6,8.66,0.13,19.195,4.329,FP,,,,,,,
13,13,509.38,140.24,8.1,70.04,19.283,4.051,TP,12,0.096,0.113,0.148,-0.08,0.053,0.113
13,14,66.69,147.24,3.12,9.17,20.246,1.559,TP,13,0.019,0.046,0.05,-0.018,-0.005,0.046
13,15,384.96,178.78,7.22,52.932,24.582,3.612,TP,15,1.228,1.336,1.814,-0.236,-1.205,1.336
13,16,376.85,183.33,6.34,51.817,25.207,3.17,TP,14,0.041,0.142,0.148,0.014,0.039,0.142
13,17,388.41,192.76,3.08,53.407,26.505,1.541,FP,,,,,,,
13,18,430.39,196.17,5.14,59.179,26.973,2.569,TP,16,0.071,0.051,0.087,0.011,0.07,0.051
13,19,30.91,199.38,1.64,4.25,27.415,0.822,TP,17,0.011,0.076,0.077,0.011,-0.001,0.076
13,20,369.51,208.78,3.57,50.808,28.707,1.787,TP,19,0.031,0.037,0.048,0.031,0.004,-0.037
13,21,48.92,207.46,2.85,6.726,28.525,1.426,TP,18,0.062,0.067,0.091,0.061,0.015,-0.067
13,22,310.91,203.03,6.25,42.75,27.917,3.127,TP,20,0.118,0.64,0.651,-0.117,-0.017,0.64
13,23,54.86,241.45,2.36,7.544,33.2,1.178,TP,21,0.041,0.01,0.042,0.014,0.039,0.01
13,24,418.71,252.44,5.5,57.572,34.71,2.752,TP,22,0.138,0.083,0.161,-0.076,-0.115,0.083
13,25,122.64,261.5,1.85,16.863,35.956,0.924,TP,23,0.015,0.076,0.078,-0.012,-0.01,-0.076
13,26,360.94,280.21,5.57,49.63,38.529,2.784,TP,24,0.024,0.016,0.029,0.017,0.018,0.016
13,27,108.45,276.7,6.26,14.912,38.046,3.132,TP,25,0.28,0.594,0.657,-0.272,-0.065,0.594
13,28,168.23,278.06,5.42,23.131,38.234,2.709,TP,27,0.043,0.168,0.173,-0.039,0.016,0.168
13,29,129.37,281.34,7.39,17.789,38.685,3.695,TP,26,0.091,0.191,0.211,-0.084,0.035,0.191
13,30,400.51,288.23,6.93,55.07,39.632,3.464,TP,30,0.549,0.44,0.704,-0.462,-0.297,0.44
13,31,72.55,283.16,4.52,9.976,38.935,2.26,TP,28,0.056,0.048,0.074,-0.056,0.001,0.048
13,32,160.02,293.81,3.56,22.003,40.399,1.781,TP,29,0.106,0.28,0.299,0.085,0.064,-0.28
13,33,201.39,310.63,4.15,27.692,42.711,2.075,TP,31,0.098,0.01,0.099,0.023,-0.096,-0.01
13,34,215.2,303.76,7.94,29.59,41.768,3.97,TP,32,0.299,0.197,0.358,0.273,0.122,0.197
13,35,265.15,377.75,1.0,36.458,51.941,0.5,TP,33,0.032,0.0,0.032,-0.025,-0.019,0.0
13,36,13.18,389.59,3.36,1.812,53.568,1.681,TP,34,0.019,0.05,0.054,-0.018,-0.007,0.05
13,37,491.79,404.08,6.76,67.621,55.561,3.38,TP,36,0.419,0.401,0.58,-0.323,-0.266,0.401
13,38,108.85,396.81,2.01,14.966,54.561,1.007,TP,35,0.007,0.001,0.007,-0.006,0.003,-0.001
13,39,55.51,412.66,3.03,7.633,56.741,1.516,TP,37,0.041,0.013,0.043,0.034,0.024,0.013
13,40,54.45,448.44,1.98,7.487,61.66,0.992,TP,38,0.018,0.012,0.022,-0.017,-0.006,0.012
13,41,217.96,452.63,1.95,29.97,62.236,0.976,TP,39,0.167,0.018,0.168,0.139,0.093,-0.018
13,42,231.15,465.02,5.78,31.783,63.94,2.891,TP,40,0.03,0.133,0.136,-0.023,-0.019,0.133
13,43,205.05,479.12,8.46,28.194,65.879,4.228,TP,41,0.097,0.395,0.406,0.097,-0.008,0.395
13,44,337.43,481.91,4.58,46.397,66.263,2.288,TP,42,0.079,0.143,0.163,-0.069,-0.038,0.143
13,45,141.9,501.25,8.02,19.511,68.921,4.009,TP,43,0.207,0.323,0.384,-0.037,-0.204,0.323
13,46,6.85,501.44,4.77,0.942,68.948,2.385,TP,44,0.016,0.098,0.099,-0.008,-0.013,0.098
13,47,312.41,498.08,2.4,42.957,68.486,1.201,TP,45,0.026,0.039,0.046,-0.019,0.017,-0.039
13,48,207.49,504.45,7.94,28.531,69.362,3.968,TP,46,0.153,0.343,0.376,-0.1,-0.115,0.343
13,49,510.75,498.0,8.0,70.228,68.475,4.0,FP,,,,,,,
143,0,295.1,5.03,2.43,40.576,0.691,1.213,TP,0,0.059,0.002,0.059,0.058,-0.009,0.002
143,1,69.78,15.75,8.19,9.594,2.165,4.093,TP,1,0.436,0.121,0.453,0.036,0.435,0.121
143,2,57.13,21.66,1.43,7.855,2.978,0.713,TP,2,0.041,0.046,0.062,-0.036,-0.02,0.046
143,3,377.15,25.25,7.36,51.858,3.472,3.68,TP,3,0.022,0.18,0.181,0.001,-0.022,0.18
143,4,192.72,33.32,1.32,26.499,4.582,0.66,TP,4,0.042,0.079,0.089,-0.042,0.0,-0.079
143,5,466.1,39.62,1.96,64.089,5.448,0.981,TP,5,0.032,0.036,0.048,0.01,0.03,-0.036
143,6,504.21,39.51,6.62,69.328,5.433,3.312,TP,6,0.019,0.596,0.597,-0.019,-0.006,0.596
143,7,181.63,57.35,4.39,24.974,7.886,2.196,TP,7,0.028,0.196,0.198,0.0,-0.028,0.196
143,8,143.93,58.7,8.56,19.79,8.071,4.279,TP,8,0.457,0.041,0.459,0.456,0.032,-0.041
143,9,155.0,62.5,9.0,21.312,8.594,4.5,FP,,,,,,,
143,10,343.75,75.83,8.33,47.266,10.427,4.164,TP,9,0.17,0.268,0.318,0.013,0.17,0.268
143,11,327.26,81.41,7.02,44.998,11.193,3.509,TP,11,0.135,0.381,0.404,-0.101,-0.09,0.381
143,12,56.23,79.02,8.14,7.732,10.865,4.071,TP,10,0.205,0.05,0.211,0.201,0.039,0.05
143,13,371.03,88.32,7.16,51.017,12.145,3.581,TP,12,0.128,0.328,0.352,-0.118,-0.049,0.328
143,14,448.53,93.61,2.48,61.673,12.872,1.239,TP,13,0.019,0.003,0.019,0.007,0.018,-0.003
143,15,126.03,108.32,1.53,17.329,14.895,0.765,TP,14,0.011,0.039,0.041,-0.011,-0.002,0.039
143,16,506.96,119.22,8.48,69.707,16.393,4.242,TP,15,0.576,0.063,0.58,0.127,0.562,0.063
143,17,71.6,125.33,6.58,9.845,17.232,3.289,TP,16,0.146,0.261,0.299,-0.145,-0.018,0.261
143,18,375.39,133.16,4.78,51.616,18.31,2.392,TP,17,0.024,0.175,0.176,0.002,0.024,0.175
143,19,2.3,147.97,5.6,0.316,20.346,2.802,TP,18,0.151,0.171,0.228,0.031,0.148,-0.171
143,20,181.76,149.14,3.5,24.993,20.507,1.748,TP,19,0.017,0.01,0.019,0.013,0.011,0.01
143,21,87.86,159.88,1.86,12.081,21.983,0.932,TP,20,0.06,0.095,0.112,-0.028,-0.053,0.095
143,22,22.34,163.53,6.59,3.072,22.485,3.297,TP,21,0.009,0.042,0.043,-0.009,0.001,0.042
143,23,108.23,197.79,2.96,14.882,27.196,1.478,TP,22,0.006,0.044,0.045,-0.005,0.003,0.044
143,24,37.65,204.06,6.76,5.177,28.058,3.382,TP,23,0.106,0.25,0.271,-0.07,-0.079,0.25
143,25,373.54,210.76,2.5,51.362,28.98,1.252,TP,24,0.056,0.016,0.058,0.046,0.031,0.016
143,26,145.28,221.56,6.46,19.976,30.465,3.231,TP,25,0.03,0.206,0.209,-0.024,-0.018,0.206
143,27,335.47,241.44,6.68,46.128,33.198,3.338,TP,26,0.292,0.577,0.647,-0.168,-0.239,0.577
143,28,41.15,255.46,2.86,5.658,35.126,1.428,TP,27,0.011,0.144,0.144,-0.009,-0.006,0.144
143,29,52.72,265.96,2.43,7.249,36.57,1.217,TP,28,0.038,0.061,0.072,-0.015,-0.035,0.061
143,30,231.15,280.62,4.51,31.783,38.585,2.255,TP,29,0.046,0.285,0.289,-0.046,-0.006,0.285
143,31,434.44,306.71,8.01,59.736,42.173,4.004,TP,31,0.132,0.284,0.314,0.128,0.034,0.284
143,32,494.86,311.22,6.02,68.043,42.793,3.009,TP,35,0.657,0.64,0.917,-0.277,-0.596,-0.64
143,33,141.79,306.34,6.73,19.497,42.121,3.366,TP,32,0.075,0.445,0.451,-0.074,-0.011,0.445
143,34,314.42,307.82,7.77,43.233,42.325,3.885,TP,33,0.038,0.093,0.101,0.035,0.015,0.093
143,35,152.96,318.41,8.16,21.031,43.781,4.081,TP,34,0.384,0.19,0.429,0.181,0.339,0.19
143,36,508.78,319.93,3.42,69.957,43.99,1.712,TP,36,0.088,0.119,0.148,-0.088,-0.01,0.119
143,37,0.0,320.33,1.33,0.0,44.046,0.667,FP,,,,,,,
143,38,23.91,352.28,6.68,3.288,48.438,3.342,TP,37,0.103,0.221,0.244,-0.1,0.025,0.221
143,39,425.42,355.11,1.0,58.495,48.827,0.5,TP,38,0.023,0.0,0.023,-0.023,-0.002,0.0
143,40,14.48,362.85,2.97,1.991,49.891,1.487,TP,39,0.075,0.026,0.08,0.065,-0.038,-0.026
143,41,312.86,369.88,1.49,43.018,50.859,0.744,TP,40,0.017,0.028,0.033,0.011,0.014,0.028
143,42,229.36,387.3,1.56,31.537,53.254,0.779,TP,41,0.016,0.037,0.04,-0.008,0.014,0.037
143,43,316.29,413.52,7.75,43.49,56.859,3.874,TP,42,0.069,0.108,0.129,-0.056,-0.041,0.108
143,44,131.99,422.88,4.34,18.149,58.146,2.169,TP,43,0.109,0.037,0.115,-0.098,-0.047,0.037
143,45,506.72,439.97,2.65,69.674,60.496,1.325,TP,44,0.171,0.001,0.171,0.09,0.146,-0.001
143,46,96.38,433.62,1.5,13.252,59.623,0.75,TP,45,0.024,0.007,0.025,-0.023,0.007,0.007
143,47,482.06,438.85,7.45,66.283,60.342,3.724,TP,46,0.034,0.172,0.175,0.034,0.007,0.172
143,48,81.57,448.68,7.77,11.216,61.693,3.886,TP,47,0.076,0.113,0.136,0.01,0.076,0.113
143,49,247.04,466.89,7.36,33.968,64.197,3.678,TP,48,0.082,0.436,0.444,-0.055,-0.061,0.436
143,,,,,67.65,42.214,2.036,FN,30,,,,,,
148,0,123.95,16.31,2.67,17.043,2.242,1.335,TP,0,0.106,0.006,0.106,0.101,0.033,0.006
148,1,316.98,40.72,3.04,43.585,5.598,1.518,TP,1,0.045,0.074,0.086,0.013,0.043,-0.074
148,2,390.95,46.38,7.42,53.756,6.377,3.71,TP,2,0.095,0.229,0.248,-0.085,-0.042,0.229
148,3,52.72,78.52,2.2,7.248,10.796,1.1,TP,3,0.07,0.016,0.071,0.032,0.062,-0.016
148,4,261.5,88.89,1.47,35.956,12.223,0.737,TP,4,0.038,0.126,0.131,-0.038,0.001,0.126
148,5,274.36,93.9,6.84,37.725,12.912,3.42,TP,5,0.334,0.499,0.6,-0.254,-0.217,0.499
148,6,147.86,98.17,1.0,20.33,13.498,0.5,TP,6,0.042,0.0,0.042,-0.038,0.019,0.0
148,7,207.21,111.22,7.63,28.492,15.293,3.813,TP,9,0.048,0.313,0.317,0.046,0.014,0.313
148,8,5.47,108.19,6.01,0.752,14.876,3.004,TP,8,0.077,0.173,0.189,0.076,0.01,-0.173
148,9,16.5,108.29,1.0,2.269,14.889,0.5,TP,10,0.055,0.0,0.055,0.053,-0.017,0.0
148,10,337.13,117.71,7.74,46.355,16.186,3.87,TP,11,0.03,0.222,0.224,-0.026,-0.014,0.222
148,11,390.48,116.54,5.66,53.691,16.025,2.832,TP,12,0.217,0.514,0.558,-0.214,-0.03,0.514
148,12,352.06,128.59,1.06,48.409,17.682,0.531,TP,13,0.048,0.031,0.057,-0.037,-0.03,0.031
148,13,249.06,155.2,6.99,34.246,21.339,3.493,TP,14,0.014,0.085,0.086,0.012,0.008,0.085
148,14,194.86,161.72,5.44,26.793,22.236,2.718,TP,15,0.038,0.158,0.163,-0.034,-0.017,0.158
148,15,420.57,158.85,6.02,57.829,21.841,3.012,TP,16,0.175,0.219,0.28,-0.174,-0.014,0.219
148,16,36.83,164.08,1.96,5.064,22.562,0.979,TP,17,0.009,0.028,0.03,-0.009,-0.001,-0.028
148,17,508.06,173.72,4.18,69.858,23.887,2.092,TP,18,0.024,0.118,0.12,-0.016,0.019,0.118
148,18,0.0,172.56,6.56,0.0,23.726,3.278,FP,,,,,,,
148,19,157.55,176.95,8.39,21.663,24.33,4.195,TP,19,0.385,0.004,0.385,0.385,-0.01,0.004
148,20,267.55,185.22,2.65,36.788,25.468,1.323,TP,20,0.011,0.068,0.069,0.004,0.011,0.068
148,21,170.62,183.46,9.0,23.46,25.226,4.5,FP,,,,,,,
148,22,106.35,190.77,3.02,14.624,26.231,1.51,TP,21,0.017,0.072,0.074,0.015,0.007,0.072
148,23,331.45,196.33,2.27,45.574,26.995,1.136,TP,22,0.03,0.048,0.057,-0.021,-0.021,0.048
148,24,461.09,209.97,2.99,63.4,28.871,1.497,TP,23,0.051,0.01,0.052,0.026,0.044,0.01
148,25,158.64,217.02,6.28,21.813,29.84,3.139,TP,24,0.225,0.536,0.581,-0.163,-0.155,0.536
148,26,438.86,261.42,5.36,60.343,35.946,2.679,TP,25,0.305,0.527,0.609,-0.074,-0.296,0.527
148,27,88.93,261.53,1.97,12.228,35.961,0.983,TP,26,0.012,0.027,0.03,-0.003,0.012,-0.027
148,28,105.08,286.99,6.6,14.448,39.462,3.302,TP,27,0.202,0.282,0.346,-0.177,-0.096,0.282
148,29,164.72,300.72,6.0,22.649,41.348,2.998,TP,28,0.025,0.183,0.184,-0.025,0.004,0.183
148,30,255.19,312.81,2.82,35.089,43.011,1.408,TP,29,0.037,0.027,0.046,-0.021,0.031,-0.027
148,31,287.98,317.42,1.83,39.598,43.645,0.917,TP,30,0.03,0.05,0.058,-0.021,-0.022,0.05
148,32,271.18,325.86,7.66,37.287,44.805,3.832,TP,31,0.046,0.031,0.056,0.046,-0.004,-0.031
148,33,231.19,340.12,5.62,31.789,46.766,2.811,TP,32,0.054,0.357,0.361,-0.002,-0.054,0.357
148,34,279.35,356.58,7.27,38.411,49.029,3.635,TP,33,0.517,0.411,0.661,-0.278,-0.436,0.411
148,35,402.04,367.97,8.63,55.281,50.596,4.313,TP,34,0.534,0.01,0.534,0.277,0.457,0.01
148,36,211.3,374.96,6.18,29.054,51.557,3.089,TP,35,0.354,0.583,0.682,-0.229,-0.27,0.583
148,37,403.0,381.0,9.0,55.413,52.388,4.5,FP,,,,,,,
148,38,91.43,413.01,2.94,12.572,56.789,1.468,TP,36,0.058,0.0,0.058,0.049,0.031,0.0
148,39,399.47,425.41,3.14,54.927,58.494,1.569,TP,37,0.019,0.008,0.021,0.008,0.017,0.008
148,40,129.48,424.84,8.3,17.804,58.415,4.148,TP,38,0.419,0.148,0.445,0.411,0.082,0.148
148,41,458.88,424.56,1.49,63.096,58.377,0.744,TP,39,0.018,0.018,0.026,-0.017,-0.007,0.018
148,42,110.0,424.5,9.0,15.125,58.369,4.5,FP,,,,,,,
148,43,117.0,426.0,9.0,16.087,58.575,4.5,FP,,,,,,,
148,44,436.47,437.9,5.08,60.014,60.212,2.54,TP,40,0.077,0.455,0.461,-0.072,-0.028,0.455
148,45,74.38,451.44,1.53,10.227,62.073,0.763,TP,41,0.061,0.045,0.075,0.039,0.046,0.045
148,46,307.41,466.51,8.38,42.269,64.146,4.188,TP,42,0.283,0.099,0.299,0.039,0.28,0.099
148,47,84.66,467.51,6.53,11.641,64.282,3.266,TP,44,0.189,0.592,0.621,-0.168,-0.086,0.592
148,48,289.78,466.17,7.74,39.844,64.098,3.869,TP,43,0.068,0.081,0.106,0.065,0.02,0.081
148,49,476.36,485.78,3.92,65.5,66.794,1.959,TP,45,0.002,0.009,0.01,-0.002,0.001,0.009
148,50,438.85,495.0,6.8,60.343,68.062,3.398,TP,46,0.019,0.157,0.158,-0.009,-0.017,0.157
148,51,462.9,506.98,6.18,63.649,69.71,3.092,TP,47,0.034,0.015,0.037,0.013,0.032,-0.015
148,,,,,36.512,13.39,0.5,FN,7,,,,,,
149,0,465.11,10.31,4.62,63.952,1.418,2.311,TP,0,0.012,0.345,0.345,-0.011,0.004,0.345
149,1,426.03,12.93,3.08,58.58,1.778,1.538,TP,1,0.003,0.026,0.026,-0.002,0.002,0.026
149,2,204.41,23.7,8.53,28.106,3.259,4.267,TP,2,0.152,0.304,0.34,0.152,0.005,0.304
149,3,149.74,31.05,6.51,20.589,4.269,3.257,TP,3,0.018,0.061,0.064,-0.013,0.013,0.061
149,4,295.34,47.16,1.0,40.61,6.484,0.5,TP,4,0.013,0.0,0.013,-0.01,0.008,0.0
149,5,416.0,54.13,1.99,57.2,7.442,0.994,TP,5,0.041,0.033,0.053,-0.041,-0.006,0.033
149,6,303.09,67.97,1.71,41.675,9.345,0.857,TP,6,0.017,0.022,0.028,-0.005,-0.016,0.022
149,7,88.01,107.15,8.08,12.102,14.733,4.041,TP,8,0.154,0.434,0.461,-0.075,-0.134,0.434
149,8,380.42,104.42,6.98,52.308,14.358,3.492,TP,7,0.035,0.112,0.118,-0.009,0.034,0.112
149,9,397.67,117.57,1.65,54.679,16.165,0.826,TP,9,0.026,0.118,0.121,0.008,0.025,-0.118
149,10,90.0,125.0,9.0,12.375,17.188,4.5,FP,,,,,,,
149,11,420.11,138.72,6.94,57.765,19.074,3.469,TP,10,0.031,0.211,0.213,-0.03,-0.004,0.211
149,12,283.08,150.94,2.45,38.924,20.755,1.225,TP,11,0.054,0.04,0.068,-0.051,-0.018,0.04
149,13,317.07,153.35,2.94,43.597,21.085,1.468,TP,12,0.039,0.032,0.05,0.024,0.031,-0.032
149,14,209.69,157.15,1.98,28.833,21.608,0.992,TP,13,0.01,0.019,0.021,-0.01,0.0,-0.019
149,15,260.03,160.62,7.23,35.754,22.086,3.614,TP,14,0.071,0.12,0.14,-0.071,0.0,0.12
149,16,489.31,178.13,1.49,67.28,24.493,0.745,TP,15,0.032,0.01,0.034,-0.009,-0.031,0.01
149,17,172.8,205.12,7.36,23.76,28.204,3.682,TP,17,0.272,0.461,0.535,-0.074,-0.262,0.461
149,18,336.37,206.43,4.52,46.251,28.383,2.26,TP,16,0.011,0.005,0.012,0.009,0.006,-0.005
149,19,276.41,206.45,6.58,38.006,28.387,3.291,TP,18,0.343,0.624,0.712,-0.129,-0.317,0.624
149,20,398.72,208.27,7.17,54.824,28.637,3.584,TP,19,0.29,0.371,0.471,-0.29,-0.009,0.371
149,21,238.43,212.75,5.21,32.784,29.253,2.604,TP,21,0.034,0.363,0.364,-0.025,-0.022,0.363
149,22,62.45,224.19,5.98,8.587,30.826,2.991,TP,23,0.216,0.325,0.391,-0.128,-0.174,0.325
149,23,126.66,235.67,1.93,17.416,32.405,0.964,TP,24,0.094,0.036,0.1,-0.006,0.094,-0.036
149,24,19.67,261.61,3.61,2.704,35.971,1.805,TP,25,0.004,0.01,0.011,0.003,-0.003,0.01
149,25,160.13,271.19,6.96,22.018,37.289,3.478,TP,26,0.249,0.419,0.487,-0.249,-0.005,0.419
149,26,496.65,287.85,1.0,68.29,39.58,0.5,TP,27,0.558,0.0,0.558,-0.178,-0.529,0.0
149,27,178.08,290.29,6.4,24.485,39.915,3.199,TP,28,0.037,0.356,0.358,-0.022,-0.029,0.356
149,28,150.06,296.43,1.49,20.634,40.759,0.745,TP,29,0.048,0.0,0.048,-0.042,0.023,0.0
149,29,493.38,304.8,1.95,67.84,41.91,0.974,TP,30,0.011,0.031,0.032,-0.009,0.007,0.031
149,30,120.9,313.56,3.02,16.624,43.115,1.512,TP,31,0.01,0.007,0.012,-0.009,0.004,0.007
149,31,320.19,321.88,3.28,44.027,44.259,1.642,TP,32,0.017,0.04,0.043,0.015,0.006,0.04
149,32,91.59,354.73,5.11,12.593,48.776,2.553,TP,33,0.177,0.387,0.425,0.016,-0.176,-0.387
149,33,475.68,358.78,8.24,65.406,49.332,4.118,TP,35,0.068,0.312,0.319,-0.045,-0.051,0.312
149,34,312.18,377.51,7.25,42.925,51.907,3.626,TP,36,0.263,0.321,0.415,-0.244,-0.099,0.321
149,35,43.26,394.77,8.08,5.949,54.281,4.04,TP,37,0.036,0.055,0.066,0.024,-0.027,0.055
149,36,260.73,397.99,1.96,35.85,54.723,0.982,TP,38,0.033,0.011,0.035,0.001,-0.033,-0.011
149,37,147.5,406.08,7.19,20.281,55.835,3.594,TP,39,0.166,0.178,0.243,-0.058,-0.155,0.178
149,38,407.94,406.29,5.98,56.092,55.865,2.99,TP,41,0.225,0.271,0.352,-0.225,-0.005,0.271
149,39,398.06,416.23,5.12,54.733,57.232,2.561,TP,42,0.009,0.461,0.461,0.008,-0.003,0.461
149,40,472.26,419.35,7.85,64.935,57.661,3.925,TP,43,0.078,0.186,0.202,0.078,0.008,0.186
149,41,410.05,459.37,7.83,56.382,63.164,3.917,TP,44,0.164,0.294,0.337,-0.065,-0.151,0.294
149,42,166.0,460.5,2.0,22.825,63.319,1.0,TP,45,0.675,0.309,0.743,-0.667,-0.101,0.309
149,43,173.6,461.62,1.0,23.87,63.473,0.5,FP,,,,,,,
149,44,300.89,484.68,2.52,41.373,66.644,1.261,TP,46,0.016,0.021,0.027,0.016,0.001,0.021
149,45,72.99,493.46,7.83,10.037,67.851,3.917,TP,47,0.047,0.417,0.42,0.046,0.011,0.417
149,46,254.55,499.26,8.23,35.0,68.648,4.116,TP,48,0.195,0.102,0.221,0.192,0.034,0.102
149,47,91.12,501.88,9.0,12.53,69.008,4.5,FP,,,,,,,
149,,,,,24.845,28.71,4.262,FN,20,,,,,,
149,,,,,36.558,29.504,4.322,FN,22,,,,,,
149,,,,,13.114,48.864,0.5,FN,34,,,,,,
149,,,,,29.356,55.206,0.5,FN,40,,,,,,
15,0,382.57,5.24,3.8,52.603,0.721,1.899,TP,0,0.158,0.128,0.203,-0.037,0.153,-0.128
15,1,472.17,6.18,6.97,64.923,0.85,3.484,TP,1,0.229,0.484,0.535,-0.055,-0.223,0.484
15,2,358.43,12.02,3.62,49.284,1.652,1.81,TP,2,0.006,0.15,0.151,0.004,-0.004,0.15
15,3,266.88,16.33,6.23,36.696,2.245,3.115,TP,3,0.038,0.305,0.307,-0.036,-0.011,0.305
15,4,285.8,20.6,5.0,39.298,2.833,2.5,FP,,,,,,,
15,5,372.6,26.29,6.87,51.233,3.615,3.433,TP,5,0.047,0.112,0.122,-0.039,-0.026,0.112
15,6,290.63,30.51,4.0,39.962,4.194,2.0,TP,4,0.132,0.043,0.138,-0.066,-0.114,0.043
15,7,313.36,39.6,8.31,43.088,5.445,4.153,TP,6,0.339,0.146,0.369,0.289,0.178,0.146
15,8,296.81,41.95,3.0,40.811,5.768,1.5,FP,,,,,,,
15,9,55.99,52.54,2.77,7.699,7.224,1.383,TP,7,0.035,0.018,0.039,0.014,0.032,-0.018
15,10,465.28,60.68,3.0,63.976,8.344,1.5,TP,8,0.025,0.039,0.046,0.018,0.018,-0.039
15,11,275.1,86.6,7.09,37.827,11.907,3.545,TP,9,0.091,0.418,0.427,-0.09,-0.014,0.418
15,12,402.9,109.5,5.8,55.399,15.057,2.898,TP,10,0.08,0.53,0.537,-0.037,-0.072,0.53
15,13,54.31,119.88,1.04,7.468,16.484,0.519,TP,11,0.069,0.019,0.072,0.019,0.067,0.019
15,14,189.68,146.76,3.13,26.081,20.18,1.566,TP,12,0.017,0.158,0.159,-0.004,-0.016,0.158
15,15,177.67,156.64,1.0,24.429,21.538,0.5,TP,13,0.05,0.0,0.05,-0.046,0.019,0.0
15,16,402.09,164.86,4.0,55.287,22.668,2.0,TP,14,0.025,0.009,0.026,0.022,0.012,0.009
15,17,96.92,185.8,2.23,13.327,25.547,1.114,TP,15,0.028,0.061,0.067,-0.023,-0.015,-0.061
15,18,36.76,196.29,2.3,5.054,26.989,1.148,TP,16,0.004,0.093,0.093,-0.004,0.001,0.093
15,19,309.95,214.8,2.52,42.619,29.535,1.261,TP,17,0.015,0.002,0.015,0.004,-0.014,-0.002
15,20,502.41,225.31,7.1,69.081,30.98,3.549,TP,20,0.292,0.402,0.497,-0.216,-0.196,0.402
15,21,86.3,222.16,2.49,11.867,30.547,1.243,TP,18,0.016,0.014,0.022,-0.008,0.014,-0.014
15,22,422.22,221.94,2.9,58.055,30.517,1.45,TP,19,0.012,0.067,0.068,-0.008,0.009,0.067
15,23,37.1,230.54,8.44,5.101,31.7,4.221,TP,21,0.212,0.194,0.287,0.203,0.058,0.194
15,24,67.29,237.9,3.59,9.253,32.711,1.795,TP,22,0.001,0.098,0.098,-0.0,0.001,0.098
15,25,450.82,261.92,1.0,61.988,36.014,0.5,TP,23,0.127,0.176,0.217,0.1,0.078,-0.176
15,26,409.5,265.26,3.55,56.306,36.473,1.777,TP,24,0.012,0.048,0.049,0.004,0.011,0.048
15,27,203.62,274.4,4.63,27.997,37.731,2.315,TP,25,0.017,0.034,0.038,0.013,0.01,0.034
15,28,273.53,276.87,1.0,37.611,38.069,0.5,TP,26,0.067,0.0,0.067,-0.064,-0.018,0.0
15,29,32.52,283.35,8.26,4.472,38.961,4.129,TP,27,0.123,0.116,0.169,0.115,0.043,0.116
15,30,447.06,284.08,6.79,61.47,39.061,3.397,TP,29,0.15,0.438,0.463,-0.086,-0.123,0.438
15,31,497.09,285.24,7.7,68.349,39.221,3.849,TP,28,0.039,0.111,0.118,0.039,0.0,0.111
15,32,57.86,291.29,3.63,7.956,40.053,1.814,TP,30,0.042,0.131,0.137,-0.038,-0.017,0.131
15,33,391.04,301.47,5.31,53.768,41.453,2.654,TP,31,0.173,0.339,0.381,-0.164,-0.054,0.339
15,34,209.5,390.22,2.92,28.807,53.655,1.461,TP,32,0.247,0.195,0.315,-0.245,-0.035,-0.195
15,35,149.78,404.35,2.11,20.594,55.598,1.053,TP,34,0.025,0.17,0.172,-0.005,-0.025,0.17
15,36,373.78,406.5,1.0,51.394,55.894,0.5,TP,35,0.031,0.0,0.031,-0.031,0.0,0.0
15,37,435.25,411.75,1.0,59.847,56.616,0.5,TP,36,0.046,0.045,0.065,-0.022,0.041,-0.045
15,38,138.57,420.93,7.07,19.054,57.879,3.533,TP,37,0.066,0.231,0.24,-0.066,0.003,0.231
15,39,215.05,436.15,4.0,29.569,59.971,2.0,TP,38,0.034,0.0,0.034,0.011,0.032,0.0
15,40,69.76,423.96,1.0,9.592,58.294,0.5,TP,39,0.051,0.0,0.051,-0.049,-0.016,0.0
15,41,299.35,454.09,3.87,41.161,62.437,1.934,TP,40,0.012,0.021,0.025,-0.012,0.002,-0.021
15,42,280.38,467.24,2.39,38.552,64.245,1.193,TP,41,0.048,0.116,0.126,0.024,0.041,0.116
15,43,489.44,473.18,4.86,67.298,65.062,2.428,TP,42,0.274,0.512,0.581,0.064,0.266,-0.512
15,44,322.06,466.55,5.0,44.284,64.15,2.5,TP,43,0.17,0.524,0.551,-0.169,-0.013,0.524
15,45,500.69,469.84,6.85,68.845,64.603,3.424,TP,44,0.109,0.164,0.197,0.097,0.049,0.164
15,46,242.17,472.43,7.7,33.298,64.959,3.85,TP,45,0.038,0.048,0.061,0.018,0.033,0.048
15,47,421.18,489.43,7.79,57.913,67.296,3.895,TP,47,0.021,0.134,0.136,0.021,-0.003,0.134
15,,,,,28.077,53.498,0.991,FN,33,,,,,,
15,,,,,67.418,65.453,1.245,FN,46,,,,,,
151,0,156.53,27.0,7.65,21.523,3.713,3.827,TP,0,0.041,0.088,0.098,-0.003,0.041,0.088
151,1,88.79,36.94,7.67,12.209,5.079,3.833,TP,1,0.179,0.219,0.283,-0.02,-0.177,0.219
151,2,143.58,50.23,8.18,19.742,6.906,4.089,TP,2,0.919,0.089,0.923,0.366,0.843,0.089
151,3,129.23,50.85,2.08,17.769,6.991,1.038,TP,3,0.017,0.028,0.033,-0.014,-0.01,-0.028
151,4,403.87,54.53,2.44,55.532,7.497,1.222,TP,4,0.011,0.005,0.012,-0.009,0.006,-0.005
151,5,384.58,62.5,2.08,52.879,8.594,1.038,TP,5,0.075,0.277,0.287,-0.075,0.007,0.277
151,6,292.6,77.18,5.54,40.232,10.612,2.771,TP,6,0.085,0.161,0.182,0.006,0.085,-0.161
151,7,294.32,94.43,6.73,40.47,12.984,3.363,TP,7,0.156,0.251,0.296,-0.147,-0.053,0.251
151,8,282.81,100.6,6.83,38.886,13.833,3.413,TP,8,0.058,0.034,0.067,0.055,-0.018,0.034
151,9,342.04,107.95,2.06,47.03,14.843,1.03,TP,9,0.201,0.263,0.331,0.183,0.084,-0.263
151,10,459.58,110.04,2.49,63.193,15.13,1.245,TP,10,0.008,0.007,0.011,-0.008,-0.001,-0.007
151,11,248.11,124.36,5.0,34.115,17.1,2.498,TP,11,0.236,0.28,0.366,-0.23,-0.051,0.28
151,12,348.84,127.08,4.91,47.965,17.473,2.453,TP,12,0.081,0.062,0.102,0.081,-0.004,-0.062
151,13,267.96,136.56,6.64,36.845,18.777,3.318,TP,14,0.156,0.304,0.341,-0.142,-0.065,0.304
151,14,354.83,158.2,1.34,48.789,21.752,0.669,TP,15,0.041,0.06,0.073,0.004,0.041,-0.06
151,15,350.02,170.72,7.19,48.127,23.474,3.594,TP,17,0.181,0.144,0.231,-0.133,-0.124,0.144
151,16,283.59,169.37,2.97,38.994,23.288,1.484,TP,16,0.016,0.01,0.019,0.016,0.005,0.01
151,17,136.28,176.82,7.74,18.739,24.313,3.871,TP,18,0.042,0.112,0.119,0.037,0.019,0.112
151,18,163.0,196.43,8.12,22.413,27.01,4.061,TP,19,0.005,0.077,0.077,0.0,-0.005,0.077
151,19,321.75,201.16,8.22,44.241,27.66,4.11,TP,20,0.119,0.179,0.215,0.056,0.105,0.179
151,20,63.41,207.46,8.08,8.719,28.525,4.04,TP,21,0.396,0.072,0.402,0.385,0.092,0.072
151,21,109.71,236.31,2.97,15.086,32.493,1.487,TP,22,0.05,0.02,0.054,0.049,-0.008,0.02
151,22,447.65,256.27,4.15,61.552,35.238,2.074,TP,24,0.061,0.001,0.061,-0.026,-0.055,-0.001
151,23,323.6,253.89,6.88,44.494,34.909,3.44,TP,25,0.133,0.075,0.153,0.122,0.055,-0.075
151,24,335.59,262.13,7.79,46.144,36.043,3.896,TP,23,0.647,0.134,0.66,0.031,0.646,0.134
151,25,402.8,263.64,2.23,55.384,36.25,1.114,TP,26,0.085,0.104,0.134,-0.009,0.084,-0.104
151,26,387.15,275.42,7.13,53.233,37.87,3.566,TP,27,0.339,0.347,0.485,0.149,0.304,0.347
151,27,382.0,270.0,9.0,52.525,37.125,4.5,FP,,,,,,,
151,28,308.17,281.11,2.15,42.374,38.652,1.073,TP,28,0.013,0.049,0.051,0.011,-0.006,0.049
151,29,163.18,296.43,8.2,22.437,40.759,4.101,TP,29,0.025,0.15,0.153,0.009,-0.024,0.15
151,30,410.98,321.97,7.13,56.51,44.27,3.566,TP,30,0.265,0.235,0.355,-0.168,-0.205,0.235
151,31,501.23,332.09,6.11,68.92,45.662,3.056,TP,31,0.057,0.306,0.311,0.007,-0.057,0.306
151,32,335.22,330.5,1.0,46.093,45.444,0.5,TP,32,0.031,0.0,0.031,0.031,0.0,0.0
151,33,29.18,365.81,3.05,4.013,50.299,1.527,TP,33,0.011,0.018,0.021,0.011,0.001,0.018
151,34,403.14,365.44,7.75,55.432,50.248,3.874,TP,34,0.03,0.121,0.125,0.03,0.004,0.121
151,35,372.12,370.11,1.43,51.166,50.89,0.717,TP,35,0.013,0.023,0.027,-0.013,-0.004,0.023
151,36,185.72,381.6,2.45,25.536,52.471,1.226,TP,36,0.082,0.023,0.086,0.078,0.027,0.023
151,37,472.13,394.45,1.48,64.918,54.237,0.742,TP,37,0.037,0.062,0.072,0.029,0.022,0.062
151,38,376.41,403.72,6.34,51.756,55.512,3.172,TP,38,0.253,0.665,0.712,-0.01,-0.253,0.665
151,39,503.23,424.62,3.33,69.194,58.386,1.665,TP,39,0.087,0.2,0.218,0.02,0.085,0.2
151,40,27.58,443.32,1.45,3.792,60.956,0.726,TP,40,0.006,0.024,0.025,0.006,0.0,0.024
151,41,394.63,461.16,2.45,54.262,63.409,1.225,TP,41,0.017,0.022,0.028,-0.017,-0.002,-0.022
151,42,134.23,473.1,7.55,18.456,65.051,3.775,TP,42,0.01,0.065,0.066,-0.01,-0.001,0.065
151,43,238.16,478.45,3.33,32.747,65.787,1.667,TP,44,0.346,0.3,0.458,-0.325,-0.119,-0.3
151,44,55.49,489.26,4.06,7.63,67.273,2.028,TP,45,0.004,0.076,0.076,0.003,0.002,0.076
151,45,331.31,490.1,4.86,45.555,67.389,2.432,TP,46,0.203,0.425,0.471,-0.19,-0.071,0.425
151,46,88.84,501.99,1.24,12.216,69.024,0.621,TP,47,0.124,0.01,0.124,-0.107,-0.062,0.01
151,,,,,34.936,18.44,0.5,FN,13,,,,,,
151,,,,,32.126,65.556,1.038,FN,43,,,,,,
154,0,110.48,11.07,6.93,15.191,1.523,3.463,TP,0,0.075,0.159,0.176,-0.012,-0.074,0.159
154,1,239.06,5.97,1.71,32.871,0.821,0.857,TP,1,0.142,0.021,0.143,-0.033,-0.138,-0.021
154,2,420.75,0.5,8.5,57.853,0.069,4.25,FP,,,,,,,
154,3,10.48,20.86,6.25,1.441,2.869,3.126,TP,2,0.084,0.493,0.5,-0.057,-0.061,0.493
154,4,344.14,22.86,1.48,47.319,3.143,0.74,TP,3,0.042,0.005,0.042,-0.033,-0.025,-0.005
154,5,84.34,32.01,5.73,11.597,4.402,2.863,TP,4,0.052,0.059,0.079,-0.048,-0.021,0.059
154,6,285.52,46.79,5.12,39.26,6.433,2.561,TP,5,0.073,0.043,0.085,-0.032,-0.066,0.043
154,7,399.46,47.38,2.62,54.925,6.514,1.311,TP,6,0.019,0.003,0.019,0.011,-0.015,0.003
154,8,135.47,56.07,4.99,18.627,7.71,2.493,TP,7,0.247,0.455,0.518,-0.214,-0.123,0.455
154,9,226.68,69.92,3.01,31.168,9.614,1.504,TP,8,0.012,0.036,0.038,0.002,0.012,0.036
154,10,409.62,78.12,4.18,56.323,10.741,2.091,TP,9,0.065,0.113,0.13,-0.032,-0.057,0.113
154,11,364.02,117.05,3.15,50.052,16.095,1.577,TP,10,0.057,0.025,0.063,0.018,0.054,-0.025
154,12,329.51,124.62,2.42,45.307,17.135,1.211,TP,11,0.016,0.003,0.017,-0.01,0.013,0.003
154,13,480.9,128.35,1.08,66.123,17.648,0.541,TP,12,0.025,0.041,0.048,-0.014,-0.021,0.041
154,14,148.44,139.73,1.0,20.41,19.213,0.5,TP,13,0.035,0.0,0.035,-0.035,-0.003,0.0
154,15,292.75,169.27,7.75,40.254,23.275,3.877,TP,15,0.132,0.327,0.353,-0.125,-0.041,0.327
154,16,331.02,172.28,2.44,45.515,23.688,1.221,TP,14,0.049,0.004,0.049,0.023,0.043,-0.004
154,17,47.22,185.52,6.65,6.493,25.51,3.323,TP,16,0.218,0.704,0.737,-0.048,-0.212,0.704
154,18,101.33,190.43,2.0,13.933,26.185,1.0,TP,17,0.013,0.023,0.026,-0.004,-0.012,-0.023
154,19,340.2,193.78,2.38,46.778,26.645,1.188,TP,18,0.043,0.003,0.043,0.039,0.017,0.003
154,20,484.9,216.9,1.47,66.674,29.824,0.735,TP,19,0.002,0.008,0.008,0.002,-0.001,0.008
154,21,433.66,228.66,6.85,59.628,31.441,3.426,TP,20,0.156,0.48,0.505,-0.155,-0.022,0.48
154,22,504.15,230.74,7.32,69.321,31.727,3.658,TP,21,0.316,0.525,0.613,-0.274,-0.158,0.525
154,23,211.69,240.78,7.05,29.107,33.107,3.525,TP,23,0.454,0.474,0.656,-0.262,-0.37,0.474
154,24,104.04,234.8,1.48,14.306,32.286,0.739,TP,22,0.055,0.007,0.055,-0.054,0.007,0.007
154,25,359.0,247.38,1.0,49.362,34.014,0.5,TP,24,0.027,0.0,0.027,0.022,0.015,0.0
154,26,209.48,276.57,3.04,28.804,38.029,1.52,TP,25,0.02,0.026,0.033,0.008,0.019,0.026
154,27,170.87,280.05,6.27,23.495,38.507,3.136,TP,26,0.165,0.438,0.467,-0.137,-0.091,0.438
154,28,63.56,311.44,3.78,8.739,42.823,1.892,TP,27,0.055,0.028,0.062,0.035,0.043,-0.028
154,29,123.57,322.84,2.49,16.99,44.391,1.246,TP,28,0.052,0.135,0.145,0.05,0.017,-0.135
154,30,139.99,321.8,6.65,19.249,44.247,3.324,TP,29,0.263,0.402,0.481,-0.224,-0.139,0.402
154,31,312.23,326.95,7.59,42.932,44.956,3.794,TP,30,0.446,0.523,0.688,-0.188,-0.405,0.523
154,32,431.76,332.41,4.08,59.367,45.707,2.041,TP,31,0.009,0.033,0.034,0.009,0.001,0.033
154,33,67.42,336.83,4.37,9.27,46.314,2.183,TP,32,0.126,0.041,0.133,-0.125,-0.015,0.041
154,34,272.71,388.49,2.96,37.498,53.417,1.48,TP,33,0.035,0.02,0.04,-0.035,0.002,-0.02
154,35,247.82,392.06,4.69,34.075,53.908,2.347,TP,34,0.263,1.076,1.108,-0.237,0.114,1.076
154,36,434.42,398.46,7.32,59.733,54.789,3.661,TP,35,0.298,0.4,0.499,-0.079,-0.288,0.4
154,37,9.81,400.39,1.37,1.349,55.054,0.686,TP,36,0.056,0.022,0.06,-0.051,-0.024,0.022
154,38,250.66,404.94,4.11,34.465,55.679,2.054,TP,37,0.035,0.159,0.162,-0.035,-0.004,0.159
154,39,267.58,416.72,7.32,36.792,57.299,3.659,TP,38,0.147,0.244,0.285,-0.081,-0.123,0.244
154,40,324.75,416.51,7.2,44.653,57.271,3.602,TP,39,0.422,0.399,0.581,-0.121,-0.405,0.399
154,41,230.97,445.63,2.49,31.759,61.274,1.245,TP,40,0.007,0.003,0.007,0.002,0.006,-0.003
154,42,49.92,451.3,4.41,6.863,62.054,2.203,TP,41,0.011,0.022,0.024,0.011,0.001,0.022
154,43,402.84,475.44,3.5,55.391,65.374,1.75,TP,42,0.022,0.028,0.035,-0.015,0.017,0.028
154,44,374.04,479.56,8.52,51.43,65.939,4.259,TP,43,0.982,2.517,2.702,-0.465,-0.866,2.517
154,45,377.67,486.24,3.35,51.93,66.858,1.674,FP,,,,,,,
154,46,163.6,490.54,4.54,22.495,67.449,2.268,TP,44,0.024,0.028,0.037,-0.013,-0.02,0.028
154,47,490.79,491.66,5.4,67.484,67.604,2.7,TP,45,0.004,0.405,0.405,-0.001,0.004,0.405
154,48,301.61,498.41,4.51,41.472,68.531,2.254,TP,46,0.046,0.01,0.048,0.028,0.037,0.01
154,49,399.34,508.38,2.87,54.91,69.903,1.433,TP,47,0.066,0.133,0.149,-0.035,0.056,-0.133
154,50,436.76,508.71,2.92,60.054,69.947,1.462,TP,48,0.373,0.038,0.375,-0.371,-0.042,-0.038
154,51,420.85,509.22,8.2,57.867,70.018,4.1,TP,49,0.104,0.196,0.222,0.091,-0.052,0.196
161,0,170.77,1.78,8.46,23.481,0.245,4.231,TP,0,0.779,0.731,1.068,0.771,0.11,0.731
161,1,27.98,6.39,7.78,3.847,0.878,3.892,TP,1,0.069,0.105,0.126,0.056,0.041,0.105
161,2,329.81,11.47,1.06,45.349,1.577,0.531,TP,2,0.069,0.031,0.076,-0.057,-0.039,0.031
161,3,337.49,25.69,5.0,46.405,3.532,2.5,TP,3,0.017,0.019,0.026,-0.013,-0.011,0.019
161,4,439.55,29.31,6.0,60.438,4.03,3.0,TP,4,0.011,0.0,0.011,0.01,0.004,0.0
161,5,169.54,36.05,7.89,23.312,4.957,3.944,TP,5,0.23,0.348,0.417,-0.209,-0.095,0.348
161,6,498.09,36.09,1.0,68.488,4.963,0.5,TP,6,0.026,0.0,0.026,-0.026,-0.003,0.0
161,7,219.85,44.48,2.05,30.229,6.116,1.027,TP,7,0.012,0.027,0.03,-0.012,-0.001,0.027
161,8,315.68,55.74,1.93,43.406,7.664,0.966,TP,8,0.008,0.049,0.05,0.008,0.004,-0.049
161,9,230.72,57.85,1.36,31.724,7.955,0.68,TP,9,0.052,0.007,0.053,0.019,0.048,-0.007
161,10,2.05,89.61,1.95,0.282,12.321,0.976,TP,10,0.186,0.036,0.189,0.154,0.103,-0.036
161,11,111.16,106.01,1.54,15.285,14.576,0.77,TP,11,0.044,0.068,0.081,0.041,0.017,0.068
161,12,508.21,101.61,8.49,69.879,13.972,4.246,TP,12,0.383,0.046,0.385,0.377,0.064,-0.046
161,13,107.25,122.13,6.75,14.747,16.793,3.374,TP,13,0.27,0.348,0.441,0.009,0.27,0.348
161,14,66.57,135.0,8.16,9.154,18.562,4.082,TP,14,0.054,0.098,0.112,0.054,-0.005,0.098
161,15,182.41,168.81,6.79,25.082,23.212,3.395,TP,18,0.895,0.682,1.125,0.208,-0.871,0.682
161,16,364.6,158.2,3.41,50.133,21.752,1.706,TP,15,0.013,0.064,0.065,-0.005,0.012,0.064
161,17,453.42,164.86,7.36,62.345,22.669,3.681,TP,17,0.011,0.039,0.041,0.01,0.004,0.039
161,18,290.79,211.77,2.91,39.983,29.119,1.454,TP,19,0.455,0.745,0.873,-0.409,-0.199,-0.745
161,19,153.32,224.3,4.75,21.081,30.841,2.377,TP,21,0.029,0.14,0.143,-0.029,0.001,0.14
161,20,233.76,236.57,6.02,32.142,32.528,3.011,TP,22,0.047,0.263,0.267,-0.047,-0.006,0.263
161,21,209.31,255.28,1.68,28.78,35.101,0.84,TP,23,0.039,0.065,0.075,0.038,0.009,0.065
161,22,287.14,255.0,8.29,39.482,35.062,4.143,TP,24,0.526,1.026,1.153,-0.079,-0.52,1.026
161,23,273.43,264.02,5.96,37.597,36.303,2.98,TP,25,0.317,0.476,0.572,-0.045,-0.314,0.476
161,24,287.9,258.77,5.73,39.586,35.581,2.867,FP,,,,,,,
161,25,436.96,281.73,2.05,60.083,38.739,1.024,TP,26,0.023,0.017,0.029,-0.022,-0.007,0.017
161,26,58.03,285.4,6.86,7.979,39.243,3.43,TP,27,0.016,0.115,0.116,0.002,0.016,0.115
161,27,140.34,302.38,6.62,19.297,41.577,3.31,TP,28,0.031,0.054,0.062,0.029,-0.01,0.054
161,28,346.46,316.89,5.43,47.638,43.573,2.714,TP,29,0.777,0.054,0.779,0.773,0.079,-0.054
161,29,4.23,327.16,5.75,0.582,44.985,2.875,TP,31,0.11,0.16,0.194,-0.105,-0.03,0.16
161,30,18.49,328.95,7.73,2.543,45.231,3.864,TP,32,0.013,0.111,0.112,0.01,0.009,0.111
161,31,414.53,336.04,1.51,56.998,46.206,0.755,TP,33,0.01,0.068,0.069,0.006,-0.008,-0.068
161,32,266.84,349.71,8.16,36.69,48.085,4.081,TP,34,0.093,0.418,0.428,-0.06,-0.07,0.418
161,33,424.2,365.4,8.55,58.327,50.243,4.273,TP,35,0.314,0.132,0.34,0.265,0.168,0.132
161,34,480.6,363.96,1.0,66.083,50.044,0.5,TP,36,0.013,0.058,0.059,-0.007,0.01,-0.058
161,35,230.03,367.02,6.12,31.63,50.466,3.062,TP,37,0.027,0.299,0.3,-0.017,-0.022,0.299
161,36,197.87,378.78,5.32,27.207,52.082,2.659,TP,38,0.358,0.67,0.759,-0.333,-0.131,0.67
161,37,362.28,390.83,7.71,49.814,53.739,3.856,TP,40,0.148,0.064,0.162,0.143,0.039,0.064
161,38,364.29,417.06,7.41,50.09,57.345,3.707,TP,42,0.492,0.427,0.651,-0.242,-0.428,0.427
161,39,449.34,417.46,2.28,61.784,57.401,1.139,TP,41,0.056,0.09,0.106,-0.028,-0.049,0.09
161,40,487.96,417.47,2.96,67.095,57.402,1.481,TP,43,0.016,0.025,0.03,0.002,0.015,-0.025
161,41,91.36,418.85,7.66,12.562,57.592,3.828,TP,44,0.022,0.102,0.105,0.02,0.009,0.102
161,42,342.94,453.93,5.17,47.155,62.416,2.583,TP,45,0.028,0.339,0.34,-0.026,-0.011,0.339
161,43,126.55,480.86,2.05,17.4,66.119,1.026,TP,46,0.04,0.026,0.048,-0.035,-0.019,0.026
161,44,155.86,482.71,8.21,21.43,66.373,4.107,TP,47,1.207,1.43,1.872,-1.155,-0.352,1.43
161,45,164.69,485.43,5.32,22.645,66.747,2.659,FP,,,,,,,
161,46,29.26,502.2,1.94,4.024,69.052,0.97,TP,48,0.066,0.03,0.072,0.046,0.046,-0.03
161,47,232.16,503.88,1.95,31.922,69.283,0.976,TP,49,0.022,0.003,0.023,0.003,0.022,0.003
161,,,,,25.444,22.215,3.75,FN,16,,,,,,
161,,,,,39.229,28.619,0.523,FN,20,,,,,,
161,,,,,49.451,43.99,1.775,FN,30,,,,,,
161,,,,,26.61,52.017,3.786,FN,39,,,,,,
195,0,22.8,4.12,6.09,3.135,0.566,3.044,TP,0,0.016,0.04,0.043,0.015,0.005,0.04
195,1,299.0,0.5,8.0,41.112,0.069,4.0,TP,2,0.885,3.3,3.417,-0.17,-0.869,3.3
195,2,372.39,6.06,1.0,51.203,0.833,0.5,TP,1,0.058,0.0,0.058,-0.001,0.058,0.0
195,3,312.04,6.5,1.8,42.905,0.894,0.9,TP,3,0.026,0.112,0.115,0.018,0.019,0.112
195,4,299.04,7.13,3.09,41.118,0.98,1.544,FP,,,,,,,
195,5,298.5,3.0,7.0,41.044,0.413,3.5,FP,,,,,,,
195,6,397.73,15.79,3.92,54.688,2.17,1.96,TP,4,0.101,0.056,0.115,0.056,0.084,0.056
195,7,205.1,49.08,5.53,28.201,6.748,2.767,TP,5,0.007,0.001,0.008,-0.003,-0.007,0.001
195,8,89.93,59.74,1.87,12.365,8.215,0.936,TP,6,0.055,0.031,0.063,-0.033,-0.044,0.031
195,9,305.67,56.98,7.66,42.03,7.835,3.831,TP,7,0.077,0.061,0.098,0.077,-0.005,0.061
195,10,430.5,61.04,8.29,59.194,8.392,4.146,FP,,,,,,,
195,11,56.23,59.7,1.99,7.731,8.209,0.994,TP,8,0.016,0.041,0.044,0.015,-0.005,0.041
195,12,438.41,70.52,4.74,60.281,9.697,2.369,TP,9,0.115,0.257,0.281,0.078,0.085,-0.257
195,13,429.88,70.75,8.62,59.108,9.728,4.312,FP,,,,,,,
195,14,303.03,104.39,6.99,41.667,14.354,3.497,TP,10,0.014,0.084,0.085,-0.011,0.008,0.084
195,15,3.96,124.62,3.68,0.545,17.136,1.841,TP,11,0.119,0.188,0.223,-0.115,0.031,-0.188
195,16,215.62,132.99,7.85,29.647,18.287,3.923,TP,12,0.05,0.148,0.156,0.023,-0.044,0.148
195,17,483.04,143.22,1.5,66.418,19.693,0.752,TP,13,0.015,0.036,0.039,0.003,0.015,0.036
195,18,289.25,139.75,1.0,39.772,19.216,0.5,TP,14,0.049,0.0,0.049,-0.034,0.034,0.0
195,19,94.25,170.08,2.78,12.96,23.387,1.391,TP,15,0.018,0.004,0.018,0.016,0.009,-0.004
195,20,462.49,202.4,2.99,63.593,27.83,1.497,TP,16,0.015,0.004,0.016,-0.015,0.003,0.004
195,21,117.04,214.19,5.2,16.094,29.451,2.602,TP,17,0.078,0.09,0.119,-0.035,-0.07,0.09
195,22,3.72,220.61,1.51,0.511,30.334,0.757,TP,18,0.042,0.027,0.05,0.039,0.015,-0.027
195,23,446.65,231.55,3.21,61.414,31.838,1.604,TP,19,0.091,0.165,0.188,0.088,0.024,-0.165
195,24,162.03,238.13,1.0,22.279,32.743,0.5,TP,20,0.031,0.0,0.031,-0.031,0.0,0.0
195,25,435.02,257.17,6.77,59.816,35.361,3.385,TP,21,0.078,0.391,0.399,-0.005,-0.078,0.391
195,26,79.45,285.22,2.44,10.924,39.218,1.22,TP,22,0.019,0.009,0.021,0.006,0.019,-0.009
195,27,487.07,295.78,8.35,66.973,40.67,4.177,TP,23,0.613,0.076,0.618,0.003,0.613,-0.076
195,28,279.46,296.92,1.29,38.426,40.827,0.646,TP,24,0.056,0.037,0.067,-0.035,-0.043,0.037
195,29,190.78,304.49,6.39,26.232,41.867,3.193,TP,25,0.356,0.454,0.577,-0.321,-0.153,0.454
195,30,4.71,317.35,7.19,0.647,43.636,3.595,TP,26,0.061,0.05,0.079,0.034,0.05,-0.05
195,31,353.93,317.69,7.55,48.666,43.683,3.775,TP,27,0.065,0.025,0.07,0.065,0.005,0.025
195,32,133.41,329.58,7.51,18.344,45.317,3.756,TP,28,0.413,0.046,0.416,0.114,0.397,0.046
195,33,36.06,326.46,1.0,4.958,44.888,0.5,TP,29,0.013,0.0,0.013,-0.013,0.0,0.0
195,34,415.72,335.56,4.11,57.161,46.14,2.053,TP,31,0.165,0.009,0.165,-0.013,-0.165,0.009
195,35,148.07,328.6,2.68,20.36,45.182,1.339,TP,30,0.095,0.212,0.233,0.073,0.06,-0.212
195,36,296.7,338.18,2.3,40.796,46.499,1.151,TP,32,0.08,0.054,0.096,0.008,0.079,-0.054
195,37,151.84,343.59,7.32,20.878,47.244,3.661,TP,33,0.109,0.161,0.194,-0.094,-0.055,0.161
195,38,292.39,358.75,7.15,40.204,49.328,3.573,TP,34,0.16,0.43,0.459,-0.088,-0.134,0.43
195,39,273.25,363.83,3.82,37.572,50.027,1.912,TP,35,0.1,0.654,0.661,0.046,-0.088,0.654
195,40,271.0,364.71,1.0,37.263,50.148,0.5,FP,,,,,,,
195,41,289.12,368.75,8.22,39.755,50.703,4.109,FP,,,,,,,
195,42,279.77,368.23,1.0,38.468,50.632,0.5,FP,,,,,,,
195,43,269.64,379.66,3.71,37.075,52.203,1.855,TP,37,0.398,0.304,0.501,-0.345,-0.199,0.304
195,44,85.08,387.76,7.29,11.699,53.317,3.644,TP,38,0.117,0.421,0.437,-0.069,-0.095,0.421
195,45,34.36,404.2,1.89,4.725,55.577,0.945,TP,39,0.007,0.006,0.009,-0.007,0.0,-0.006
195,46,384.52,402.16,5.1,52.871,55.297,2.549,TP,40,0.33,0.711,0.783,-0.328,-0.036,0.711
195,47,281.31,418.19,3.04,38.68,57.501,1.52,TP,41,0.046,0.014,0.048,-0.038,-0.026,0.014
195,48,364.84,432.82,1.92,50.166,59.512,0.961,TP,43,0.02,0.007,0.021,0.001,0.02,-0.007
195,49,367.96,445.48,7.0,50.595,61.253,3.5,TP,44,0.109,0.246,0.269,-0.065,-0.087,0.246
195,50,487.18,480.24,1.4,66.987,66.034,0.7,TP,45,0.037,0.044,0.057,0.016,0.034,0.044
195,51,505.86,482.36,1.89,69.556,66.324,0.944,TP,46,0.021,0.189,0.19,-0.01,-0.018,0.189
195,52,177.14,505.8,1.64,24.357,69.548,0.82,TP,47,0.028,0.064,0.069,-0.005,-0.028,0.064
195,,,,,35.67,51.408,3.748,FN,36,,,,,,
195,,,,,50.27,57.173,0.5,FN,42,,,,,,
196,0,399.17,22.45,4.56,54.886,3.087,2.279,TP,1,0.01,0.243,0.243,0.001,0.01,0.243
196,1,31.07,25.2,5.51,4.272,3.465,2.755,TP,2,0.153,0.397,0.425,-0.11,-0.106,0.397
196,2,86.47,37.74,5.62,11.89,5.189,2.811,TP,3,0.236,0.61,0.654,-0.235,-0.019,0.61
196,3,393.89,55.77,6.8,54.16,7.668,3.399,TP,4,0.095,0.437,0.448,-0.095,-0.012,0.437
196,4,489.98,67.18,3.12,67.373,9.237,1.561,TP,5,0.057,0.061,0.083,0.025,0.051,0.061
196,5,488.1,96.64,6.83,67.114,13.288,3.415,TP,6,0.087,0.165,0.187,-0.085,-0.019,0.165
196,6,344.49,110.75,4.84,47.367,15.228,2.42,TP,8,0.079,0.007,0.08,0.015,0.078,-0.007
196,7,79.51,107.35,8.16,10.933,14.761,4.08,TP,7,0.519,0.043,0.521,0.344,0.389,0.043
196,8,289.17,107.08,2.98,39.76,14.723,1.489,TP,9,0.018,0.023,0.029,-0.007,-0.017,0.023
196,9,56.48,121.98,7.52,7.766,16.772,3.76,TP,10,0.205,0.291,0.356,-0.181,-0.096,0.291
196,10,82.26,126.09,3.06,11.311,17.338,1.53,TP,11,0.042,0.03,0.051,0.041,0.005,0.03
196,11,359.91,158.8,2.46,49.487,21.836,1.232,TP,12,0.032,0.028,0.042,0.017,0.027,-0.028
196,12,475.18,172.92,7.71,65.338,23.777,3.855,TP,13,0.069,0.063,0.093,-0.065,-0.022,0.063
196,13,255.52,175.71,6.8,35.134,24.16,3.401,TP,14,0.069,0.08,0.106,0.035,0.06,0.08
196,14,448.29,198.54,2.45,61.639,27.3,1.224,TP,15,0.035,0.051,0.062,0.026,0.023,-0.051
196,15,370.94,202.97,1.93,51.004,27.908,0.964,TP,16,0.009,0.012,0.015,-0.007,0.005,0.012
196,16,351.52,205.89,6.95,48.334,28.31,3.477,TP,17,0.147,0.204,0.251,-0.146,-0.008,0.204
196,17,391.53,209.57,7.57,53.836,28.816,3.787,TP,18,0.03,0.048,0.056,0.026,0.013,0.048
196,18,434.0,220.0,5.0,59.675,30.25,2.5,TP,19,0.843,1.5,1.721,-0.174,-0.825,1.5
196,19,434.97,226.99,1.66,59.808,31.211,0.83,FP,,,,,,,
196,20,452.88,228.38,7.74,62.271,31.403,3.87,TP,20,0.109,0.514,0.525,-0.083,0.07,0.514
196,21,447.18,237.26,4.11,61.487,32.623,2.056,TP,21,0.036,0.026,0.045,0.007,-0.035,0.026
196,22,422.43,237.75,6.72,58.085,32.69,3.362,TP,22,0.014,0.109,0.11,0.012,-0.005,0.109
196,23,17.63,253.43,7.82,2.424,34.847,3.91,TP,24,0.206,0.378,0.43,-0.129,-0.16,0.378
196,24,403.68,248.02,7.27,55.506,34.103,3.633,TP,23,0.017,0.133,0.134,-0.001,0.017,0.133
196,25,199.54,265.17,1.48,27.437,36.46,0.74,TP,25,0.021,0.004,0.022,0.004,-0.021,-0.004
196,26,335.8,284.08,8.16,46.172,39.06,4.079,TP,26,1.016,0.254,1.047,0.896,0.478,0.254
196,27,91.97,290.22,4.28,12.646,39.905,2.138,TP,28,0.015,0.064,0.066,-0.011,-0.01,0.064
196,28,26.73,299.46,6.34,3.675,41.176,3.17,TP,29,0.065,0.22,0.229,-0.018,-0.062,0.22
196,29,299.5,332.79,1.98,41.181,45.758,0.991,TP,30,0.007,0.009,0.011,-0.007,0.0,-0.009
196,30,110.35,342.82,1.5,15.172,47.138,0.75,TP,31,0.019,0.019,0.027,-0.006,0.019,-0.019
196,31,48.83,356.11,2.01,6.714,48.965,1.007,TP,32,0.017,0.009,0.019,-0.015,-0.007,-0.009
196,32,506.55,356.69,2.08,69.651,49.045,1.04,TP,34,0.111,0.011,0.112,0.111,0.009,-0.011
196,33,132.49,358.62,8.19,18.218,49.31,4.096,TP,33,0.048,0.076,0.09,-0.01,0.047,0.076
196,34,434.75,367.85,8.22,59.778,50.579,4.111,TP,35,0.334,0.135,0.36,0.128,0.308,0.135
196,35,454.38,369.1,2.91,62.477,50.752,1.456,TP,36,0.011,0.041,0.042,0.007,-0.009,0.041
196,36,264.7,386.65,4.05,36.397,53.165,2.026,TP,37,0.07,0.146,0.162,-0.05,-0.049,0.146
196,37,90.56,392.39,7.23,12.452,53.953,3.613,TP,38,0.085,0.375,0.385,0.012,-0.084,0.375
196,38,256.0,404.0,1.0,35.2,55.55,0.5,FP,,,,,,,
196,39,261.73,413.18,3.96,35.988,56.812,1.979,TP,39,0.036,0.016,0.039,0.006,-0.035,-0.016
196,40,383.66,464.74,2.03,52.753,63.901,1.015,TP,40,0.073,0.054,0.091,-0.048,-0.055,0.054
196,41,491.55,474.26,8.47,67.588,65.211,4.236,TP,41,0.541,0.022,0.541,0.38,0.385,-0.022
196,42,268.5,473.41,7.1,36.918,65.094,3.549,TP,42,0.019,0.06,0.063,0.003,0.019,0.06
196,43,418.77,485.26,2.49,57.581,66.724,1.244,TP,43,0.02,0.03,0.036,-0.017,-0.01,0.03
196,44,316.24,489.79,1.56,43.483,67.346,0.782,TP,44,0.042,0.032,0.053,0.03,0.029,0.032
196,45,302.18,498.7,4.43,41.55,68.572,2.213,TP,45,0.182,0.296,0.348,-0.138,-0.119,0.296
196,46,391.71,499.6,6.77,53.861,68.696,3.385,TP,46,0.077,0.282,0.292,-0.061,-0.047,0.282
196,47,299.16,497.35,8.1,41.135,68.386,4.048,FP,,,,,,,
196,,,,,56.856,0.11,0.5,FN,0,,,,,,
196,,,,,47.237,39.6,3.691,FN,27,,,,,,
21,0,238.15,4.87,8.66,32.746,0.67,4.328,TP,0,0.139,0.169,0.219,0.058,0.126,0.169
21,1,310.62,9.08,1.88,42.711,1.248,0.938,TP,1,0.008,0.144,0.144,-0.007,-0.004,0.144
21,2,491.61,37.28,1.43,67.596,5.126,0.717,TP,2,0.029,0.005,0.029,-0.004,-0.028,0.005
21,3,95.88,53.89,3.0,13.183,7.409,1.5,TP,3,0.008,0.011,0.014,0.007,-0.004,0.011
21,4,474.33,69.0,9.0,65.221,9.488,4.5,FP,,,,,,,
21,5,483.28,80.5,7.68,66.452,11.068,3.842,TP,4,0.329,0.347,0.478,-0.049,-0.325,0.347
21,6,277.23,87.46,3.45,38.118,12.026,1.725,TP,5,0.062,0.014,0.063,0.053,0.032,0.014
21,7,139.33,102.4,8.14,19.158,14.08,4.072,TP,7,0.125,0.492,0.508,-0.021,-0.123,0.492
21,8,315.52,92.37,2.05,43.384,12.701,1.027,TP,6,0.004,0.019,0.02,0.004,0.001,0.019
21,9,24.71,131.94,6.66,3.397,18.142,3.33,TP,8,0.321,0.37,0.49,-0.151,-0.284,0.37
21,10,141.09,137.33,3.49,19.4,18.883,1.744,TP,9,0.007,0.008,0.011,0.003,0.006,0.008
21,11,279.98,139.77,7.76,38.498,19.218,3.879,TP,10,0.031,0.142,0.145,0.013,-0.029,0.142
21,12,195.74,154.23,1.45,26.914,21.207,0.724,TP,11,0.005,0.016,0.017,0.004,-0.002,0.016
21,13,64.89,160.53,4.8,8.922,22.073,2.399,TP,12,0.03,0.071,0.077,-0.024,-0.018,0.071
21,14,465.61,164.94,5.49,64.022,22.68,2.746,TP,13,0.151,0.258,0.298,-0.149,-0.022,0.258
21,15,503.08,171.58,2.05,69.174,23.592,1.024,TP,14,0.052,0.037,0.064,0.051,0.01,0.037
21,16,46.61,189.59,7.46,6.409,26.068,3.728,TP,16,0.407,0.427,0.589,-0.334,-0.231,0.427
21,17,231.24,190.94,2.47,31.795,26.254,1.233,TP,15,0.009,0.036,0.037,-0.004,-0.008,-0.036
21,18,286.39,211.68,2.43,39.378,29.106,1.215,TP,17,0.05,0.004,0.05,0.037,0.033,0.004
21,19,209.93,232.89,1.33,28.865,32.023,0.665,TP,19,0.061,0.031,0.069,-0.06,0.01,-0.031
21,20,142.73,234.68,2.13,19.626,32.268,1.067,TP,18,0.039,0.02,0.044,-0.037,-0.013,0.02
21,21,118.02,246.73,8.06,16.228,33.925,4.029,TP,20,0.038,0.461,0.462,0.018,-0.034,0.461
21,22,127.0,236.5,8.0,17.462,32.519,4.0,FP,,,,,,,
21,23,48.09,255.98,2.55,6.612,35.197,1.276,TP,21,0.05,0.081,0.095,-0.012,0.048,-0.081
21,24,198.45,258.2,5.84,27.287,35.502,2.918,TP,23,0.046,0.029,0.054,-0.035,-0.03,-0.029
21,25,24.68,253.7,7.39,3.394,34.883,3.693,TP,22,0.148,0.057,0.159,0.138,0.053,-0.057
21,26,357.43,286.92,2.96,49.147,39.452,1.479,TP,24,0.059,0.017,0.061,0.03,0.051,-0.017
21,27,25.85,285.74,5.03,3.555,39.29,2.514,TP,25,0.019,0.014,0.023,-0.009,-0.016,0.014
21,28,368.86,300.01,7.25,50.718,41.251,3.626,TP,26,0.032,0.104,0.108,-0.032,-0.003,0.104
21,29,79.87,307.21,2.46,10.983,42.241,1.23,TP,27,0.033,0.02,0.039,0.017,0.028,-0.02
21,30,296.65,308.42,1.44,40.789,42.407,0.719,TP,28,0.023,0.087,0.09,-0.005,-0.022,0.087
21,31,149.35,308.65,1.29,20.536,42.439,0.645,TP,29,0.023,0.014,0.027,0.011,0.02,-0.014
21,32,117.29,311.57,1.59,16.128,42.841,0.794,TP,30,0.069,0.195,0.207,-0.018,0.066,-0.195
21,33,129.37,323.7,6.09,17.789,44.509,3.045,TP,31,0.272,1.015,1.051,0.096,-0.255,1.015
21,34,125.79,333.77,5.94,17.296,45.893,2.969,TP,32,0.06,0.508,0.511,0.002,-0.06,0.508
21,35,458.6,334.68,6.22,63.058,46.018,3.108,TP,33,0.012,0.078,0.079,-0.004,-0.012,0.078
21,36,29.12,361.32,3.24,4.004,49.682,1.618,TP,34,0.011,0.044,0.045,0.008,0.008,0.044
21,37,365.28,363.3,2.94,50.226,49.953,1.468,TP,35,0.015,0.069,0.07,0.014,0.006,-0.069
21,38,273.54,370.69,2.98,37.612,50.97,1.491,TP,36,0.027,0.009,0.028,0.005,0.026,-0.009
21,39,42.21,394.89,4.32,5.803,54.297,2.161,TP,37,0.066,0.041,0.078,-0.001,-0.066,0.041
21,40,379.62,390.83,4.88,52.198,53.739,2.442,TP,38,0.058,0.331,0.336,-0.057,-0.007,0.331
21,41,192.02,404.93,7.58,26.403,55.678,3.788,TP,39,0.266,0.048,0.27,0.264,0.028,-0.048
21,42,112.14,409.92,5.78,15.419,56.364,2.888,TP,40,0.055,0.432,0.435,-0.035,-0.043,0.432
21,43,192.43,410.2,3.17,26.458,56.403,1.587,TP,41,0.782,0.493,0.925,-0.771,-0.135,-0.493
21,44,192.5,408.0,5.0,26.469,56.1,2.5,FP,,,,,,,
21,45,204.66,411.52,4.07,28.14,56.584,2.034,FP,,,,,,,
21,46,186.4,411.6,5.2,25.63,56.595,2.6,FP,,,,,,,
21,47,186.47,413.4,8.93,25.639,56.842,4.467,FP,,,,,,,
21,48,29.86,432.34,2.46,4.106,59.447,1.232,TP,42,0.052,0.003,0.052,0.045,0.026,-0.003
21,49,55.49,448.57,2.05,7.63,61.678,1.023,TP,43,0.017,0.023,0.029,-0.017,-0.001,0.023
21,50,28.21,491.01,7.46,3.879,67.513,3.729,TP,44,0.136,0.417,0.438,-0.06,-0.122,0.417
21,51,53.87,486.5,8.34,7.407,66.894,4.168,TP,45,0.535,0.168,0.561,0.413,0.34,0.168
21,52,381.18,492.99,5.34,52.413,67.785,2.672,TP,46,0.217,0.685,0.719,-0.215,-0.03,0.685
21,53,375.54,502.98,7.06,51.637,69.16,3.531,TP,47,0.134,0.58,0.595,-0.07,-0.115,0.58
35,0,51.5,12.5,1.0,7.081,1.719,0.5,TP,0,0.021,0.0,0.021,0.018,-0.011,0.0
35,1,482.75,28.59,5.07,66.379,3.931,2.534,TP,2,0.089,0.065,0.11,-0.003,-0.089,0.065
35,2,111.6,30.18,8.22,15.345,4.15,4.111,TP,5,0.516,0.315,0.605,0.067,-0.512,0.315
35,3,399.47,28.57,8.64,54.927,3.929,4.32,TP,3,0.429,0.077,0.436,0.397,0.162,0.077
35,4,330.56,28.62,3.11,45.452,3.935,1.556,TP,4,0.008,0.07,0.07,-0.005,-0.006,0.07
35,5,110.03,40.59,2.11,15.129,5.581,1.055,TP,6,0.057,0.055,0.079,0.004,-0.057,0.055
35,6,455.96,45.87,1.51,62.694,6.307,0.756,TP,7,0.019,0.006,0.02,-0.019,-0.002,0.006
35,7,339.75,56.34,7.68,46.715,7.747,3.841,TP,8,0.131,0.071,0.149,-0.045,0.124,0.071
35,8,148.18,66.43,1.27,20.374,9.135,0.633,TP,9,0.152,0.12,0.193,-0.121,0.091,-0.12
35,9,258.05,76.39,2.29,35.481,10.504,1.146,TP,11,0.058,0.093,0.11,0.003,0.058,-0.093
35,10,154.47,92.43,1.91,21.24,12.709,0.955,TP,12,0.024,0.054,0.059,0.014,0.02,0.054
35,11,244.16,94.19,8.04,33.572,12.95,4.019,TP,13,0.132,0.012,0.133,0.132,0.011,-0.012
35,12,277.42,99.53,1.97,38.145,13.686,0.984,TP,14,0.03,0.016,0.034,-0.011,0.027,-0.016
35,13,487.93,101.81,3.95,67.091,13.999,1.977,TP,15,0.03,0.007,0.031,0.023,0.02,0.007
35,14,39.51,109.99,7.08,5.433,15.124,3.538,TP,16,0.019,0.033,0.038,0.004,0.018,0.033
35,15,318.29,126.57,4.0,43.764,17.404,2.0,TP,17,1.039,0.968,1.42,-0.216,-1.016,0.968
35,16,319.98,134.37,1.92,43.997,18.476,0.958,FP,,,,,,,
35,17,36.83,133.0,1.46,5.065,18.288,0.729,TP,18,0.029,0.002,0.029,-0.016,0.025,-0.002
35,18,3.33,154.71,3.83,0.458,21.273,1.913,TP,19,0.151,0.068,0.166,0.092,0.121,-0.068
35,19,193.53,164.83,7.63,26.611,22.664,3.813,TP,20,0.153,0.154,0.217,-0.153,-0.011,0.154
35,20,399.01,170.41,3.96,54.863,23.431,1.982,TP,21,0.065,0.03,0.071,-0.012,-0.063,0.03
35,21,475.71,168.87,1.85,65.41,23.22,0.927,TP,22,0.009,0.063,0.064,0.005,0.007,-0.063
35,22,148.7,183.17,2.55,20.446,25.185,1.275,TP,23,0.006,0.039,0.039,0.005,-0.003,0.039
35,23,497.37,196.18,6.64,68.388,26.975,3.318,TP,24,0.07,0.46,0.465,-0.001,-0.07,0.46
35,24,83.01,216.15,3.57,11.414,29.721,1.786,TP,25,0.024,0.087,0.09,0.017,0.017,0.087
35,25,424.09,212.39,5.18,58.312,29.203,2.588,TP,26,0.233,0.31,0.388,-0.229,-0.045,0.31
35,26,399.32,223.14,3.52,54.906,30.682,1.762,TP,27,0.041,0.036,0.054,0.017,0.037,0.036
35,27,134.04,218.81,2.0,18.431,30.087,1.0,TP,28,0.013,0.007,0.015,-0.008,-0.01,0.007
35,28,149.88,223.64,1.96,20.608,30.75,0.978,TP,29,0.026,0.022,0.034,0.01,0.024,0.022
35,29,182.08,220.27,7.46,25.037,30.288,3.729,TP,30,0.035,0.059,0.069,-0.035,-0.002,0.059
35,30,90.12,229.43,7.27,12.391,31.546,3.634,TP,31,0.377,0.594,0.704,-0.26,-0.273,0.594
35,31,404.22,246.86,2.47,55.581,33.943,1.235,TP,32,0.039,0.036,0.053,-0.033,-0.021,0.036
35,32,155.04,291.09,3.55,21.318,40.025,1.775,TP,34,0.088,0.063,0.108,0.048,0.074,0.063
35,33,376.48,317.57,8.41,51.766,43.666,4.205,TP,35,0.113,0.24,0.265,0.113,0.002,0.24
35,34,227.48,325.45,4.19,31.279,44.749,2.095,TP,37,0.047,0.035,0.058,-0.022,-0.041,0.035
35,35,289.69,322.04,6.38,39.832,44.28,3.188,TP,38,0.308,0.455,0.549,-0.161,-0.262,0.455
35,36,487.63,329.14,6.68,67.049,45.257,3.34,TP,36,0.26,0.08,0.272,-0.115,0.233,-0.08
35,37,432.98,336.09,7.18,59.535,46.212,3.59,TP,39,0.459,0.426,0.626,-0.144,-0.436,0.426
35,38,4.37,378.98,7.64,0.601,52.11,3.819,TP,40,0.193,0.064,0.204,0.057,0.185,-0.064
35,39,171.12,401.86,1.4,23.529,55.256,0.7,TP,41,0.011,0.005,0.012,-0.01,-0.004,-0.005
35,40,120.23,417.29,4.64,16.532,57.378,2.322,TP,42,0.048,0.009,0.049,0.026,0.04,-0.009
35,41,389.54,460.38,5.58,53.561,63.302,2.789,TP,43,0.004,0.109,0.11,0.004,0.001,0.109
35,42,107.44,487.61,4.64,14.773,67.046,2.321,TP,44,0.046,0.024,0.052,-0.001,-0.046,0.024
35,43,476.81,504.01,3.9,65.561,69.301,1.948,TP,45,0.074,0.07,0.102,0.033,0.067,-0.07
35,44,224.49,505.94,7.11,30.868,69.567,3.554,TP,46,0.279,0.543,0.611,-0.193,-0.202,0.543
35,,,,,14.71,3.322,3.947,FN,1,,,,,,
35,,,,,19.603,9.541,0.5,FN,10,,,,,,
35,,,,,22.289,38.754,0.5,FN,33,,,,,,
44,0,433.63,24.03,5.49,59.624,3.304,2.744,TP,0,0.115,0.496,0.509,-0.108,-0.04,0.496
44,1,389.32,60.83,1.4,53.532,8.364,0.701,TP,1,0.091,0.039,0.099,-0.052,-0.074,-0.039
44,2,146.43,68.84,3.0,20.134,9.466,1.5,TP,2,0.041,0.0,0.041,0.035,0.02,0.0
44,3,507.75,126.99,3.36,69.816,17.461,1.682,TP,3,0.066,0.269,0.277,-0.066,-0.004,0.269
44,4,187.93,133.29,2.42,25.841,18.327,1.21,TP,4,0.081,0.035,0.088,-0.071,-0.039,0.035
44,5,484.26,140.73,1.55,66.586,19.35,0.775,TP,5,0.014,0.042,0.044,0.014,0.0,0.042
44,6,30.97,142.45,7.03,4.258,19.587,3.514,TP,7,0.024,0.262,0.263,-0.014,-0.02,0.262
44,7,278.75,144.67,8.32,38.328,19.892,4.161,TP,6,0.179,0.148,0.232,0.118,0.134,0.148
44,8,11.46,147.45,5.98,1.576,20.274,2.991,TP,8,0.17,0.405,0.44,-0.124,-0.117,0.405
44,9,77.95,153.12,6.9,10.719,21.053,3.451,TP,10,0.197,0.255,0.323,-0.112,-0.162,0.255
44,10,395.26,150.66,3.04,54.348,20.715,1.521,TP,11,0.032,0.035,0.048,0.03,0.011,0.035
44,11,405.82,157.44,4.39,55.8,21.649,2.197,TP,12,0.735,1.578,1.741,-0.37,-0.635,1.578
44,12,232.75,164.5,8.25,32.003,22.619,4.125,FP,,,,,,,
44,13,234.1,174.05,6.24,32.189,23.931,3.119,TP,13,0.137,0.175,0.222,-0.017,-0.136,0.175
44,14,406.0,169.0,5.0,55.825,23.238,2.5,FP,,,,,,,
44,15,406.02,179.99,3.41,55.827,24.749,1.703,TP,14,0.079,0.021,0.082,0.017,0.078,-0.021
44,16,284.25,189.29,6.55,39.085,26.027,3.274,TP,15,0.284,0.475,0.553,-0.279,-0.051,0.475
44,17,407.5,192.0,2.0,56.031,26.4,1.0,FP,,,,,,,
44,18,508.9,209.07,8.23,69.974,28.747,4.113,TP,16,0.056,0.03,0.063,0.043,0.035,0.03
44,19,0.78,208.67,9.0,0.107,28.692,4.5,FP,,,,,,,
44,20,3.58,235.7,4.16,0.493,32.409,2.081,TP,18,0.054,0.026,0.06,-0.052,0.015,0.026
44,21,105.97,243.13,8.37,14.571,33.431,4.186,TP,17,0.431,0.212,0.48,0.203,0.381,0.212
44,22,67.19,244.33,3.59,9.239,33.596,1.794,TP,19,0.006,0.04,0.04,0.002,-0.005,0.04
44,23,109.65,263.59,6.87,15.077,36.244,3.434,TP,20,0.059,0.279,0.285,-0.042,-0.042,0.279
44,24,357.48,267.07,7.02,49.153,36.722,3.51,TP,21,0.024,0.51,0.511,-0.003,-0.024,0.51
44,25,142.46,284.21,7.88,19.589,39.079,3.942,TP,22,0.275,0.223,0.354,-0.171,-0.215,0.223
44,26,269.29,313.41,5.02,37.028,43.094,2.509,TP,24,0.024,0.056,0.061,-0.017,-0.017,0.056
44,27,485.36,311.71,7.27,66.737,42.86,3.634,TP,25,0.079,0.13,0.152,0.006,0.079,0.13
44,28,476.43,311.05,3.89,65.509,42.77,1.947,TP,26,0.014,0.189,0.19,-0.013,0.004,0.189
44,29,217.34,323.52,2.96,29.884,44.484,1.478,TP,27,0.023,0.006,0.023,-0.01,0.02,-0.006
44,30,198.83,335.08,6.18,27.339,46.073,3.089,TP,28,0.332,0.557,0.648,-0.33,-0.04,0.557
44,31,451.35,348.87,7.89,62.061,47.97,3.943,TP,29,0.025,0.443,0.444,0.019,0.017,0.443
44,32,421.4,361.33,5.51,57.942,49.683,2.755,TP,30,0.086,0.045,0.097,0.065,0.056,0.045
44,33,433.62,353.24,1.0,59.623,48.57,0.5,TP,32,0.064,0.0,0.064,-0.052,-0.036,0.0
44,34,363.0,355.83,7.27,49.913,48.927,3.635,TP,31,0.026,0.064,0.069,0.02,0.016,0.064
44,35,249.55,356.03,3.03,34.313,48.955,1.513,TP,33,0.006,0.002,0.007,0.006,-0.002,-0.002
44,36,433.07,381.28,5.9,59.546,52.426,2.949,TP,34,0.056,0.015,0.058,-0.056,0.007,-0.015
44,37,428.5,384.0,8.0,58.919,52.8,4.0,FP,,,,,,,
44,38,64.43,410.48,4.89,8.859,56.441,2.447,TP,35,0.056,0.091,0.107,-0.047,-0.031,0.091
44,39,105.11,419.87,3.88,14.453,57.732,1.939,TP,36,0.038,0.05,0.063,0.002,0.038,-0.05
44,40,90.95,423.43,7.67,12.506,58.222,3.837,TP,37,0.031,0.077,0.084,0.024,0.02,0.077
44,41,197.28,430.22,1.86,27.126,59.155,0.931,TP,38,0.017,0.022,0.027,0.012,0.012,-0.022
44,42,72.48,437.4,1.7,9.966,60.142,0.849,TP,39,0.047,0.029,0.056,-0.02,-0.043,0.029
44,43,111.91,449.43,2.53,15.387,61.797,1.267,TP,40,0.019,0.004,0.019,-0.016,-0.009,0.004
44,44,145.58,468.31,8.17,20.017,64.393,4.086,TP,41,0.346,0.045,0.349,0.312,0.15,0.045
44,45,223.67,481.61,6.06,30.754,66.222,3.028,TP,42,0.367,0.64,0.738,-0.342,-0.134,0.64
44,46,209.68,488.14,2.27,28.831,67.119,1.135,TP,43,0.022,0.025,0.033,-0.013,0.018,0.025
44,47,338.37,501.71,4.81,46.526,68.985,2.406,TP,44,0.061,0.165,0.176,-0.061,-0.008,0.165
44,48,372.3,504.46,2.06,51.191,69.364,1.028,TP,45,0.01,0.049,0.05,0.007,0.008,0.049
44,49,467.77,506.1,1.73,64.318,69.589,0.865,TP,46,0.023,0.081,0.084,0.017,-0.015,0.081
44,,,,,55.373,20.897,3.643,FN,9,,,,,,
44,,,,,27.538,41.092,4.273,FN,23,,,,,,
48,0,321.29,18.87,3.43,44.177,2.595,1.715,TP,0,0.028,0.114,0.117,-0.028,0.001,0.114
48,1,394.68,23.22,5.26,54.268,3.193,2.63,TP,1,0.058,0.38,0.384,-0.044,-0.038,0.38
48,2,85.07,29.06,6.96,11.697,3.996,3.481,TP,2,0.125,0.241,0.272,-0.079,-0.097,0.241
48,3,489.19,48.25,7.64,67.264,6.634,3.818,TP,3,0.162,0.461,0.489,-0.112,-0.117,0.461
48,4,402.28,54.05,1.93,55.314,7.432,0.965,TP,4,0.012,0.046,0.047,0.012,0.001,-0.046
48,5,201.75,59.19,8.12,27.741,8.139,4.062,TP,5,0.052,0.041,0.066,0.031,0.042,0.041
48,6,476.6,61.1,1.63,65.533,8.401,0.816,TP,6,0.103,0.184,0.211,0.101,-0.021,-0.184
48,7,250.72,62.21,1.43,34.474,8.554,0.717,TP,7,0.005,0.033,0.033,-0.005,0.003,-0.033
48,8,205.56,104.25,7.55,28.264,14.334,3.773,TP,8,0.048,0.17,0.176,0.018,-0.045,0.17
48,9,368.31,106.76,6.31,50.642,14.68,3.153,TP,9,0.452,0.449,0.637,-0.405,-0.201,0.449
48,10,243.35,116.54,2.62,33.461,16.024,1.312,TP,10,0.057,0.081,0.099,0.04,0.041,-0.081
48,11,203.52,119.57,1.0,27.984,16.441,0.5,TP,11,0.168,0.231,0.286,0.167,0.02,-0.231
48,12,366.56,123.2,1.99,50.402,16.94,0.994,TP,12,0.03,0.033,0.045,0.029,-0.003,0.033
48,13,506.49,144.44,6.16,69.642,19.861,3.078,TP,13,0.21,0.332,0.392,-0.006,-0.21,0.332
48,14,440.15,154.98,7.23,60.52,21.31,3.614,TP,15,0.043,0.114,0.122,-0.043,-0.003,0.114
48,15,0.0,155.0,1.0,0.0,21.312,0.5,FP,,,,,,,
48,16,192.43,161.07,6.71,26.459,22.148,3.354,TP,16,0.098,0.17,0.196,-0.097,-0.013,0.17
48,17,449.46,165.49,8.26,61.801,22.754,4.128,TP,17,0.381,0.011,0.381,0.352,0.145,0.011
48,18,402.99,175.61,7.91,55.411,24.147,3.955,TP,19,0.046,0.305,0.308,0.039,-0.023,0.305
48,19,138.11,174.11,3.28,18.989,23.939,1.641,TP,18,0.061,0.005,0.061,0.06,0.01,-0.005
48,20,126.5,170.5,8.0,17.394,23.444,4.0,FP,,,,,,,
48,21,281.76,185.5,8.57,38.742,25.506,4.286,TP,21,0.127,0.286,0.313,0.122,0.035,0.286
48,22,188.71,195.48,6.87,25.948,26.879,3.436,TP,22,0.021,0.134,0.136,-0.021,0.004,0.134
48,23,52.98,197.53,6.86,7.285,27.16,3.429,TP,23,0.009,0.11,0.111,-0.001,0.009,0.11
48,24,147.8,198.07,5.7,20.322,27.234,2.852,TP,24,0.009,0.067,0.068,-0.007,0.005,-0.067
48,25,130.31,210.07,1.24,17.918,28.885,0.619,TP,25,0.02,0.057,0.06,-0.009,0.018,0.057
48,26,367.84,212.04,4.54,50.578,29.156,2.269,TP,26,0.018,0.028,0.033,-0.017,0.003,0.028
48,27,41.5,235.22,1.0,5.706,32.343,0.5,TP,27,0.009,0.0,0.009,0.0,-0.009,0.0
48,28,292.96,240.18,7.85,40.282,33.024,3.927,TP,28,0.07,0.124,0.142,0.055,0.042,0.124
48,29,132.88,249.73,2.44,18.271,34.338,1.222,TP,30,0.008,0.008,0.011,-0.004,-0.006,0.008
48,30,503.57,256.5,4.14,69.241,35.269,2.068,TP,32,0.071,0.06,0.093,-0.071,-0.006,0.06
48,31,82.13,259.87,4.06,11.293,35.732,2.028,TP,33,0.031,0.024,0.039,0.03,0.005,0.024
48,32,22.06,263.35,8.2,3.034,36.211,4.102,TP,29,0.663,0.057,0.665,0.031,0.662,-0.057
48,33,370.84,259.33,8.15,50.99,35.658,4.077,TP,31,0.651,0.029,0.652,0.569,0.317,0.029
48,34,59.67,269.35,8.71,8.205,37.036,4.353,TP,34,0.732,0.02,0.732,0.659,0.319,-0.02
48,35,82.86,298.17,1.23,11.394,40.998,0.614,TP,35,0.1,0.055,0.114,-0.065,-0.077,0.055
48,36,272.72,317.51,6.78,37.499,43.658,3.388,TP,36,0.074,0.415,0.421,-0.062,-0.042,0.415
48,37,400.07,336.06,2.79,55.01,46.209,1.396,TP,37,0.051,0.002,0.051,0.046,0.02,0.002
48,38,69.97,351.17,3.43,9.621,48.286,1.717,TP,38,0.025,0.002,0.025,0.013,0.021,0.002
48,39,350.76,378.19,8.43,48.23,52.002,4.217,TP,39,0.049,0.049,0.07,0.004,-0.049,0.049
48,40,169.17,389.56,2.67,23.26,53.564,1.337,TP,40,0.075,0.041,0.086,-0.003,-0.075,-0.041
48,41,374.04,387.56,3.64,51.43,53.29,1.818,TP,41,0.012,0.034,0.037,0.011,-0.005,0.034
48,42,176.65,415.77,5.55,24.289,57.168,2.777,TP,42,0.085,0.42,0.428,-0.057,-0.064,0.42
48,43,383.69,429.88,1.56,52.758,59.109,0.78,TP,43,0.061,0.08,0.1,-0.038,-0.048,0.08
48,44,83.83,449.34,5.02,11.527,61.784,2.51,TP,44,0.067,0.21,0.22,0.014,-0.065,0.21
48,45,334.69,479.14,3.39,46.02,65.882,1.697,TP,45,0.044,0.042,0.06,-0.018,0.04,-0.042
48,46,321.85,489.42,3.47,44.254,67.295,1.737,TP,46,0.114,0.073,0.135,0.11,0.03,-0.073
48,47,1.67,504.83,1.0,0.229,69.415,0.5,TP,47,0.16,0.0,0.16,0.037,0.156,0.0
48,48,415.17,505.87,1.0,57.086,69.557,0.5,TP,48,0.041,0.0,0.041,-0.022,-0.035,0.0
48,,,,,25.575,19.663,0.5,FN,14,,,,,,
48,,,,,58.482,25.464,4.5,FN,20,,,,,,
55,0,329.43,9.48,4.97,45.296,1.303,2.483,TP,0,0.115,0.097,0.15,-0.07,-0.091,0.097
55,1,508.51,24.08,2.39,69.92,3.312,1.197,TP,1,0.149,0.454,0.477,-0.149,0.001,0.454
55,2,247.98,30.22,4.46,34.097,4.156,2.229,TP,2,0.024,0.02,0.031,0.018,-0.016,0.02
55,3,18.98,49.42,6.92,2.61,6.796,3.458,TP,3,0.021,0.162,0.163,-0.02,-0.007,0.162
55,4,351.98,59.63,2.0,48.397,8.2,1.0,TP,4,0.025,0.006,0.026,0.009,0.024,0.006
55,5,215.27,103.69,1.86,29.599,14.258,0.931,TP,5,0.025,0.078,0.082,-0.007,-0.024,0.078
55,6,246.25,122.47,4.18,33.859,16.84,2.091,TP,6,0.083,0.215,0.23,-0.059,-0.059,0.215
55,7,253.28,120.0,7.33,34.826,16.5,3.667,FP,,,,,,,
55,8,495.29,128.8,1.86,68.102,17.71,0.931,TP,7,0.042,0.037,0.055,-0.023,-0.035,0.037
55,9,260.93,129.11,2.77,35.878,17.752,1.385,TP,8,0.037,0.128,0.133,-0.001,-0.037,0.128
55,10,129.17,132.19,7.5,17.761,18.176,3.752,TP,9,0.084,0.013,0.085,0.081,0.02,0.013
55,11,332.79,157.06,4.94,45.758,21.595,2.472,TP,11,0.011,0.185,0.185,-0.008,-0.008,0.185
55,12,383.42,160.49,3.75,52.72,22.067,1.875,TP,10,0.025,0.019,0.031,0.02,0.014,0.019
55,13,24.0,162.5,1.0,3.3,22.344,0.5,TP,12,0.023,0.0,0.023,-0.013,0.019,0.0
55,14,113.62,174.59,6.04,15.623,24.006,3.022,TP,13,0.168,0.659,0.68,-0.012,-0.168,0.659
55,15,411.19,200.35,8.6,56.539,27.549,4.3,TP,15,0.293,0.3,0.42,0.197,0.217,0.3
55,16,184.92,197.92,5.61,25.427,27.214,2.804,TP,14,0.141,0.584,0.601,-0.063,-0.126,0.584
55,17,12.88,198.38,6.35,1.771,27.277,3.176,TP,16,0.072,0.429,0.435,-0.072,0.001,0.429
55,18,206.74,229.48,7.17,28.426,31.554,3.585,TP,17,0.334,0.474,0.579,-0.177,-0.283,0.474
55,19,429.9,236.45,3.72,59.111,32.511,1.86,TP,18,0.005,0.065,0.065,0.002,0.005,0.065
55,20,36.12,237.1,1.52,4.967,32.601,0.762,TP,19,0.014,0.04,0.043,-0.013,0.004,0.04
55,21,302.01,245.28,8.32,41.527,33.726,4.158,TP,20,0.443,0.158,0.471,0.335,0.291,0.158
55,22,321.95,257.38,2.15,44.268,35.39,1.076,TP,21,0.014,0.053,0.054,0.002,-0.014,0.053
55,23,335.99,258.48,7.16,46.198,35.542,3.579,TP,22,0.025,0.115,0.117,-0.006,-0.024,0.115
55,24,271.32,263.97,8.97,37.307,36.296,4.485,TP,23,0.858,0.485,0.986,-0.704,-0.491,0.485
55,25,278.57,269.39,2.53,38.303,37.041,1.263,TP,24,0.014,0.102,0.103,-0.0,-0.014,0.102
55,26,284.0,273.0,9.0,39.05,37.538,4.5,FP,,,,,,,
55,27,57.06,287.64,2.4,7.846,39.551,1.202,TP,25,0.054,0.022,0.058,0.023,0.049,-0.022
55,28,199.17,283.73,8.36,27.385,39.013,4.178,TP,26,0.409,0.134,0.431,0.389,0.127,0.134
55,29,203.38,299.53,6.66,27.965,41.185,3.33,TP,27,0.179,0.606,0.632,-0.177,-0.029,0.606
55,30,253.41,313.35,1.49,34.844,43.085,0.746,TP,28,0.043,0.022,0.048,0.025,0.035,0.022
55,31,400.3,318.92,8.34,55.041,43.852,4.171,TP,29,0.305,0.065,0.311,0.031,0.303,0.065
55,32,369.01,348.72,5.6,50.739,47.95,2.799,TP,30,0.184,0.539,0.569,-0.183,-0.018,0.539
55,33,38.53,363.18,3.08,5.299,49.937,1.538,TP,31,0.154,0.193,0.247,0.042,0.148,0.193
55,34,366.01,359.82,5.26,50.327,49.476,2.631,TP,32,0.146,0.64,0.656,-0.119,-0.085,0.64
55,35,25.38,363.75,9.0,3.489,50.016,4.5,TP,33,1.084,1.512,1.86,-1.071,-0.168,1.512
55,36,365.64,368.43,8.14,50.276,50.659,4.071,FP,,,,,,,
55,37,373.4,376.34,4.59,51.342,51.747,2.297,TP,34,0.264,0.057,0.27,0.175,0.198,0.057
55,38,380.0,383.0,1.0,52.25,52.663,0.5,FP,,,,,,,
55,39,251.85,404.08,3.01,34.629,55.561,1.507,TP,36,0.164,0.045,0.17,0.092,0.135,-0.045
55,40,214.52,429.67,2.84,29.497,59.08,1.421,TP,37,0.091,0.022,0.093,0.06,0.068,-0.022
55,41,102.02,429.88,6.52,14.028,59.109,3.258,TP,38,0.219,0.537,0.58,-0.109,-0.19,0.537
55,42,250.61,430.66,2.79,34.459,59.215,1.395,TP,39,0.013,0.022,0.025,0.005,-0.012,0.022
55,43,437.91,446.48,6.98,60.213,61.391,3.492,TP,40,0.367,0.436,0.57,-0.273,-0.246,0.436
55,44,293.14,472.6,6.81,40.307,64.982,3.406,TP,41,0.364,0.604,0.705,-0.068,-0.357,0.604
55,45,409.7,489.26,3.97,56.334,67.273,1.984,TP,42,0.039,0.019,0.044,0.013,0.037,0.019
55,46,158.11,491.38,6.91,21.741,67.565,3.454,TP,43,0.127,0.217,0.251,-0.002,-0.127,0.217
55,47,179.17,486.49,2.44,24.636,66.892,1.218,TP,44,0.044,0.061,0.075,-0.037,0.023,-0.061
55,48,226.58,495.58,1.99,31.154,68.142,0.993,TP,45,0.015,0.017,0.023,-0.015,-0.0,0.017
55,49,101.36,500.62,6.59,13.937,68.835,3.295,TP,46,0.111,0.587,0.598,-0.044,-0.102,0.587
55,50,307.84,503.59,2.48,42.328,69.243,1.238,TP,47,0.033,0.008,0.034,0.023,0.024,0.008
55,,,,,50.313,52.59,4.266,FN,35,,,,,,
58,0,104.18,2.57,3.4,14.324,0.353,1.699,TP,0,0.089,0.416,0.425,-0.068,0.057,0.416
58,1,420.56,8.73,6.14,57.828,1.2,3.069,TP,1,0.074,0.37,0.378,-0.048,-0.057,0.37
58,2,2.52,12.18,2.19,0.347,1.675,1.097,TP,2,0.084,0.297,0.309,0.083,-0.011,0.297
58,3,224.1,29.04,1.53,30.814,3.993,0.765,TP,3,0.015,0.015,0.022,0.014,0.006,0.015
58,4,420.0,43.71,8.86,57.75,6.011,4.429,TP,4,0.785,2.607,2.722,-0.385,-0.684,2.607
58,5,423.08,48.38,3.9,58.174,6.653,1.948,FP,,,,,,,
58,6,9.35,49.36,3.72,1.286,6.787,1.86,TP,5,0.009,0.131,0.131,0.001,-0.009,0.131
58,7,182.93,62.81,6.04,25.153,8.637,3.02,TP,9,0.67,0.308,0.738,-0.648,-0.171,-0.308
58,8,142.27,57.82,1.0,19.562,7.95,0.5,TP,7,0.05,0.065,0.082,-0.016,0.047,-0.065
58,9,41.17,70.26,7.67,5.66,9.661,3.834,TP,10,0.399,0.379,0.55,-0.161,-0.365,0.379
58,10,370.22,62.5,1.0,50.906,8.594,0.5,TP,8,0.018,0.0,0.018,-0.004,-0.017,0.0
58,11,286.0,79.47,5.91,39.324,10.927,2.956,TP,11,0.035,0.084,0.091,0.033,0.013,0.084
58,12,298.58,77.04,7.33,41.055,10.593,3.667,TP,12,0.074,0.131,0.15,-0.074,-0.001,0.131
58,13,475.94,110.35,4.99,65.442,15.172,2.493,TP,13,0.477,0.461,0.663,-0.223,-0.421,0.461
58,14,487.71,119.36,2.96,67.06,16.412,1.478,TP,14,0.1,0.118,0.155,-0.008,0.1,-0.118
58,15,447.51,115.27,5.23,61.532,15.85,2.616,TP,15,0.125,0.371,0.392,-0.03,-0.122,0.371
58,16,467.49,111.51,3.71,64.28,15.333,1.857,FP,,,,,,,
58,17,485.0,118.5,8.0,66.688,16.294,4.0,FP,,,,,,,
58,18,483.0,119.0,8.0,66.412,16.363,4.0,FP,,,,,,,
58,19,488.5,128.0,0.0,67.169,17.6,0.0,FP,,,,,,,
58,20,468.69,151.37,3.48,64.444,20.814,1.74,TP,16,0.033,0.007,0.034,0.017,0.029,0.007
58,21,334.62,159.08,7.59,46.01,21.874,3.797,TP,17,0.308,0.42,0.521,-0.207,-0.228,0.42
58,22,347.17,200.1,2.46,47.735,27.514,1.231,TP,18,0.023,0.036,0.043,0.0,0.023,-0.036
58,23,201.73,201.26,1.42,27.738,27.673,0.712,TP,19,0.015,0.022,0.027,-0.014,0.005,-0.022
58,24,482.39,225.85,5.1,66.329,31.055,2.55,TP,20,0.027,0.044,0.052,-0.013,-0.023,0.044
58,25,68.05,248.63,2.62,9.356,34.187,1.31,TP,21,0.072,0.03,0.078,0.025,0.068,-0.03
58,26,263.0,261.12,1.44,36.163,35.904,0.72,TP,22,0.016,0.03,0.034,0.0,0.016,-0.03
58,27,232.08,271.51,6.41,31.911,37.332,3.204,TP,23,0.017,0.186,0.186,-0.005,-0.016,0.186
58,28,89.39,272.85,2.32,12.291,37.516,1.159,TP,24,0.017,0.047,0.05,-0.013,0.011,-0.047
58,29,443.76,283.18,2.72,61.017,38.937,1.362,TP,25,0.043,0.007,0.043,0.021,0.037,-0.007
58,30,416.07,281.65,6.91,57.209,38.727,3.455,TP,26,0.178,0.437,0.471,-0.088,-0.155,0.437
58,31,487.8,295.03,8.47,67.072,40.567,4.233,TP,27,0.042,0.222,0.226,0.03,-0.029,0.222
58,32,88.41,293.67,2.98,12.156,40.38,1.491,TP,28,0.01,0.023,0.025,-0.01,-0.002,-0.023
58,33,108.0,302.22,6.64,14.85,41.556,3.318,TP,29,0.352,0.575,0.674,-0.344,-0.071,0.575
58,34,384.1,308.9,2.13,52.813,42.474,1.065,TP,30,0.03,0.086,0.091,-0.03,-0.006,0.086
58,35,32.21,314.7,4.14,4.428,43.271,2.072,TP,31,0.015,0.052,0.055,-0.015,-0.001,0.052
58,36,305.91,324.04,2.22,42.063,44.556,1.108,TP,32,0.024,0.007,0.025,0.017,0.017,0.007
58,37,509.39,327.43,8.66,70.042,45.021,4.33,TP,33,0.279,0.021,0.28,0.186,0.208,-0.021
58,38,409.79,326.28,1.52,56.346,44.864,0.76,TP,34,0.021,0.006,0.022,0.02,0.008,0.006
58,39,0.38,326.88,8.75,0.052,44.945,4.375,FP,,,,,,,
58,40,211.56,333.71,4.91,29.09,45.886,2.454,TP,35,0.024,0.332,0.333,0.0,0.024,0.332
58,41,179.88,349.78,7.75,24.733,48.094,3.875,TP,36,0.053,0.145,0.154,-0.012,0.052,0.145
58,42,382.66,366.11,3.23,52.616,50.34,1.615,TP,37,0.085,0.029,0.09,0.082,0.022,0.029
58,43,54.44,378.04,6.93,7.486,51.98,3.464,TP,38,0.258,0.483,0.547,-0.055,-0.252,0.483
58,44,71.35,392.51,2.44,9.811,53.97,1.221,TP,39,0.088,0.049,0.101,0.028,0.084,0.049
58,45,337.5,386.91,3.75,46.407,53.2,1.873,TP,40,0.007,0.132,0.132,-0.003,-0.006,0.132
58,46,271.1,409.96,8.02,37.276,56.37,4.009,TP,41,0.169,0.058,0.179,0.035,0.165,0.058
58,47,502.17,447.59,1.84,69.048,61.543,0.918,TP,42,0.036,0.09,0.097,0.025,0.026,0.09
58,48,107.02,449.55,1.51,14.715,61.813,0.755,TP,43,0.011,0.001,0.011,-0.003,-0.01,-0.001
58,49,31.35,452.16,1.0,4.311,62.172,0.5,TP,44,0.037,0.0,0.037,0.005,0.037,0.0
58,50,35.11,480.55,2.86,4.827,66.075,1.429,TP,45,0.05,0.03,0.058,0.022,0.045,-0.03
58,51,370.74,490.96,3.96,50.976,67.507,1.982,TP,46,0.01,0.006,0.011,0.005,-0.008,-0.006
58,52,284.59,499.23,5.61,39.132,68.644,2.807,TP,47,0.201,0.089,0.22,-0.201,0.005,0.089
58,,,,,24.469,8.503,2.332,FN,6,,,,,,
66,0,29.47,3.63,3.33,4.053,0.499,1.664,TP,0,0.005,0.064,0.064,0.005,0.0,-0.064
66,1,351.85,2.94,6.44,48.379,0.404,3.218,TP,1,0.091,0.218,0.237,-0.006,0.091,0.218
66,2,165.48,70.45,1.0,22.754,9.686,0.5,TP,3,0.063,0.0,0.063,0.029,0.056,0.0
66,3,62.18,75.82,6.84,8.55,10.425,3.422,TP,4,0.15,0.497,0.519,-0.085,-0.124,0.497
66,4,333.77,84.09,1.9,45.893,11.563,0.949,TP,5,0.048,0.016,0.05,0.027,0.039,-0.016
66,5,465.57,99.31,6.85,64.015,13.654,3.425,TP,7,0.363,0.466,0.59,-0.123,-0.341,0.466
66,6,49.91,93.13,1.43,6.862,12.805,0.713,TP,6,0.034,0.027,0.043,0.034,-0.006,0.027
66,7,188.21,100.64,2.47,25.879,13.838,1.234,TP,8,0.01,0.006,0.012,-0.002,-0.01,-0.006
66,8,349.95,117.17,7.75,48.119,16.111,3.874,TP,9,0.491,0.048,0.493,0.457,-0.181,0.048
66,9,331.61,117.74,8.66,45.597,16.19,4.331,FP,,,,,,,
66,10,142.79,131.57,7.34,19.634,18.091,3.668,TP,11,0.161,0.32,0.358,-0.131,-0.094,0.32
66,11,3.34,137.91,8.2,0.459,18.962,4.098,TP,10,0.361,0.063,0.366,0.089,0.349,-0.063
66,12,236.23,133.71,2.39,32.482,18.385,1.195,TP,12,0.015,0.028,0.032,-0.003,-0.015,0.028
66,13,113.03,153.94,6.59,15.542,21.167,3.297,TP,13,0.06,0.033,0.068,0.06,0.005,-0.033
66,14,134.78,176.06,6.05,18.532,24.208,3.026,TP,14,0.159,0.093,0.184,0.105,0.12,-0.093
66,15,302.42,180.37,2.83,41.583,24.801,1.415,TP,15,0.067,0.067,0.095,0.009,0.066,-0.067
66,16,334.14,178.39,5.31,45.945,24.528,2.657,TP,16,0.016,0.3,0.3,-0.016,0.004,0.3
66,17,287.57,192.8,2.0,39.541,26.51,1.0,TP,17,0.012,0.038,0.04,-0.001,-0.012,0.038
66,18,100.12,219.85,6.76,13.766,30.229,3.381,TP,18,0.248,0.374,0.449,-0.218,-0.117,0.374
66,19,387.26,220.1,2.37,53.248,30.263,1.186,TP,19,0.009,0.04,0.041,0.002,-0.009,-0.04
66,20,17.5,231.34,2.89,2.407,31.81,1.444,TP,20,0.059,0.042,0.073,0.026,0.053,-0.042
66,21,107.0,242.4,1.48,14.713,33.33,0.74,TP,21,0.023,0.004,0.023,-0.006,-0.022,-0.004
66,22,120.03,272.14,2.48,16.504,37.419,1.241,TP,23,0.012,0.017,0.021,0.004,-0.011,0.017
66,23,31.62,273.43,8.27,4.348,37.597,4.137,TP,22,0.435,0.037,0.436,0.238,0.364,-0.037
66,24,451.56,272.63,2.01,62.09,37.487,1.007,TP,24,0.04,0.002,0.04,0.032,0.024,-0.002
66,25,205.55,307.03,1.36,28.263,42.217,0.681,TP,25,0.052,0.081,0.096,-0.051,-0.009,0.081
66,26,95.08,316.26,1.35,13.073,43.486,0.675,TP,26,0.166,0.03,0.169,0.113,0.121,-0.03
66,27,332.66,319.85,5.03,45.741,43.98,2.513,TP,27,0.013,0.039,0.041,-0.005,-0.012,0.039
66,28,321.0,314.0,8.0,44.138,43.175,4.0,FP,,,,,,,
66,29,320.0,315.0,9.0,44.0,43.312,4.5,FP,,,,,,,
66,30,85.31,321.69,2.44,11.73,44.232,1.22,TP,28,0.025,0.229,0.23,-0.025,0.001,0.229
66,31,401.1,336.47,8.7,55.151,46.264,4.351,TP,29,1.063,0.072,1.065,1.061,0.059,-0.072
66,32,167.41,367.65,6.5,23.019,50.552,3.252,TP,30,0.4,0.635,0.75,-0.235,-0.323,0.635
66,33,296.04,370.86,1.46,40.706,50.993,0.73,TP,31,0.002,0.002,0.003,0.002,0.001,-0.002
66,34,459.76,372.44,6.03,63.217,51.211,3.015,TP,32,0.029,0.154,0.157,-0.029,0.002,0.154
66,35,359.03,374.67,7.24,49.367,51.518,3.621,TP,33,0.008,0.19,0.19,0.008,0.001,0.19
66,36,485.39,383.27,6.23,66.742,52.699,3.116,TP,34,0.031,0.352,0.353,-0.03,-0.006,0.352
66,37,220.85,389.14,7.48,30.367,53.506,3.742,TP,35,0.076,0.023,0.079,0.058,-0.049,0.023
66,38,62.22,403.31,8.43,8.556,55.455,4.215,TP,36,0.326,0.097,0.34,0.101,0.31,0.097
66,39,487.99,420.22,3.02,67.099,57.781,1.509,TP,37,0.008,0.007,0.011,0.005,-0.007,-0.007
66,40,34.4,436.37,7.52,4.73,60.001,3.762,TP,38,0.256,0.417,0.489,-0.021,-0.255,0.417
66,41,8.87,445.4,8.59,1.22,61.242,4.294,TP,39,0.179,0.083,0.198,0.102,0.147,0.083
66,42,127.22,451.98,1.96,17.492,62.148,0.982,TP,40,0.027,0.031,0.041,-0.022,-0.015,-0.031
66,43,435.21,459.19,1.4,59.842,63.139,0.699,TP,41,0.04,0.009,0.041,-0.007,-0.04,0.009
66,44,232.72,456.54,4.55,31.998,62.774,2.275,TP,42,0.052,0.085,0.1,-0.016,-0.05,0.085
66,45,356.78,461.89,2.8,49.057,63.51,1.4,TP,43,0.007,0.016,0.017,0.006,0.003,0.016
66,46,10.83,464.64,7.79,1.488,63.888,3.895,TP,44,0.003,0.056,0.056,-0.002,-0.003,0.056
66,47,270.77,483.67,5.0,37.231,66.505,2.5,TP,45,0.05,0.007,0.05,0.042,0.026,0.007
66,48,351.73,510.82,8.36,48.362,70.238,4.182,FP,,,,,,,
66,,,,,70.183,7.367,4.342,FN,2,,,,,,
69,0,354.0,20.0,1.0,48.675,2.75,0.5,TP,0,0.068,0.0,0.068,-0.053,0.042,0.0
69,1,370.17,29.39,2.67,50.898,4.041,1.336,TP,1,0.065,0.072,0.098,0.045,0.047,-0.072
69,2,467.82,26.81,6.54,64.326,3.686,3.272,TP,3,0.279,0.193,0.34,-0.26,-0.101,0.193
69,3,105.58,25.78,3.53,14.518,3.544,1.766,TP,2,0.011,0.034,0.036,-0.003,0.01,0.034
69,4,159.94,30.69,6.94,21.992,4.22,3.469,TP,4,0.152,0.459,0.483,-0.05,-0.143,0.459
69,5,383.42,40.97,1.66,52.72,5.633,0.828,TP,5,0.043,0.003,0.043,-0.033,-0.027,-0.003
69,6,203.55,65.51,3.11,27.988,9.007,1.554,TP,6,0.057,0.065,0.086,0.037,0.043,-0.065
69,7,478.85,68.68,1.26,65.842,9.443,0.632,TP,7,0.044,0.003,0.045,-0.042,-0.013,0.003
69,8,370.22,90.58,3.02,50.905,12.454,1.509,TP,8,0.016,0.013,0.021,0.015,-0.005,0.013
69,9,26.45,95.51,3.89,3.636,13.133,1.947,TP,9,0.014,0.006,0.015,-0.011,-0.007,-0.006
69,10,413.88,96.18,4.07,56.909,13.224,2.037,TP,10,0.041,0.059,0.072,-0.04,-0.005,0.059
69,11,180.8,96.09,7.97,24.86,13.213,3.984,TP,11,0.248,0.08,0.26,0.224,0.106,0.08
69,12,197.62,118.32,6.37,27.172,16.269,3.184,TP,12,0.076,0.181,0.196,-0.008,-0.076,0.181
69,13,415.3,118.61,6.76,57.104,16.309,3.38,TP,13,0.243,0.672,0.715,-0.01,-0.243,0.672
69,14,5.73,130.15,5.05,0.787,17.896,2.523,TP,14,0.013,0.112,0.113,-0.013,-0.002,0.112
69,15,92.55,132.83,3.73,12.726,18.264,1.863,TP,16,0.026,0.127,0.13,-0.016,-0.02,0.127
69,16,417.45,150.82,5.1,57.399,20.737,2.55,TP,17,0.1,0.412,0.424,-0.092,-0.039,0.412
69,17,260.79,175.27,7.79,35.859,24.1,3.896,TP,18,0.057,0.149,0.16,-0.047,0.032,0.149
69,18,205.06,186.34,3.3,28.196,25.622,1.649,TP,19,0.098,0.096,0.137,-0.035,-0.091,0.096
69,19,126.65,186.58,2.05,17.415,25.654,1.025,TP,20,0.016,0.01,0.019,-0.016,-0.002,-0.01
69,20,333.22,199.9,3.83,45.818,27.486,1.916,TP,23,0.761,0.267,0.806,-0.636,-0.417,0.267
69,21,387.75,198.93,2.37,53.316,27.353,1.186,TP,22,0.016,0.019,0.025,-0.016,-0.002,-0.019
69,22,331.33,198.33,1.0,45.558,27.271,0.5,TP,21,0.866,1.734,1.938,0.691,0.521,-1.734
69,23,357.53,208.76,8.24,49.161,28.705,4.12,TP,24,0.564,0.536,0.777,0.43,0.364,0.536
69,24,111.9,232.14,3.93,15.386,31.919,1.967,TP,25,0.016,0.009,0.019,0.013,0.01,0.009
69,25,313.89,233.81,6.4,43.16,32.149,3.202,TP,26,0.079,0.564,0.57,-0.071,-0.033,0.564
69,26,264.99,239.75,1.94,36.436,32.965,0.97,TP,27,0.096,0.067,0.117,-0.014,-0.095,0.067
69,27,55.13,244.28,5.64,7.581,33.588,2.822,TP,28,0.064,0.032,0.071,-0.042,-0.048,0.032
69,28,139.93,263.1,8.56,19.24,36.176,4.28,TP,29,0.582,0.027,0.583,0.349,0.466,0.027
69,29,384.04,270.61,4.27,52.806,37.208,2.137,TP,31,0.052,0.377,0.38,-0.052,-0.009,0.377
69,30,480.14,269.39,4.77,66.02,37.041,2.387,TP,30,0.021,0.133,0.134,-0.02,0.003,0.133
69,31,238.62,276.08,1.45,32.811,37.96,0.725,TP,32,0.027,0.022,0.035,-0.014,-0.023,0.022
69,32,330.13,339.94,7.81,45.393,46.741,3.903,TP,34,0.081,0.136,0.158,-0.004,0.081,0.136
69,33,170.81,349.69,8.63,23.487,48.083,4.315,TP,33,0.768,0.01,0.768,0.438,0.63,-0.01
69,34,487.46,357.54,5.92,67.025,49.162,2.962,TP,35,0.245,0.556,0.608,-0.231,-0.082,0.556
69,35,191.5,362.46,7.67,26.331,49.838,3.833,TP,36,0.004,0.049,0.049,0.002,-0.004,0.049
69,36,424.11,377.2,1.44,58.315,51.866,0.722,TP,37,0.045,0.062,0.077,-0.009,-0.043,0.062
69,37,320.1,381.41,6.8,44.014,52.444,3.4,TP,38,0.055,0.38,0.384,-0.022,-0.05,0.38
69,38,294.03,417.03,5.72,40.429,57.341,2.86,TP,39,0.011,0.094,0.094,-0.005,-0.01,0.094
69,39,112.32,448.5,8.11,15.444,61.669,4.055,TP,41,0.034,0.147,0.151,-0.032,-0.012,0.147
69,40,382.29,447.55,1.96,52.565,61.539,0.982,TP,40,0.028,0.024,0.037,0.025,-0.012,0.024
69,41,130.46,458.33,4.43,17.939,63.02,2.214,TP,42,0.218,0.371,0.431,0.009,-0.218,0.371
69,42,218.35,457.46,2.32,30.024,62.901,1.162,TP,43,0.014,0.039,0.042,-0.011,-0.009,0.039
69,43,77.97,469.73,2.03,10.721,64.588,1.014,TP,44,0.018,0.014,0.023,-0.002,0.018,0.014
69,44,135.75,469.0,5.0,18.666,64.488,2.5,FP,,,,,,,
69,45,27.41,487.45,1.0,3.769,67.024,0.5,TP,45,0.034,0.0,0.034,0.019,-0.028,0.0
69,46,190.68,496.86,3.55,26.219,68.319,1.773,TP,46,0.016,0.02,0.025,-0.012,-0.011,-0.02
69,47,379.91,491.91,1.0,52.237,67.638,0.5,TP,47,0.018,0.0,0.018,-0.013,-0.013,0.0
69,,,,,0.717,19.869,4.5,FN,15,,,,,,
75,0,104.47,3.38,4.34,14.364,0.465,2.17,TP,0,0.031,0.013,0.033,-0.008,-0.03,-0.013
75,1,72.07,40.54,7.06,9.91,5.574,3.531,TP,2,0.049,0.011,0.05,0.046,0.016,0.011
75,2,341.99,50.0,6.32,47.024,6.875,3.161,TP,3,0.151,0.241,0.284,-0.145,-0.041,0.241
75,3,182.32,63.47,3.77,25.07,8.727,1.885,TP,5,0.048,0.092,0.103,0.026,0.04,-0.092
75,4,475.15,60.41,7.95,65.333,8.306,3.976,TP,4,0.294,0.106,0.312,0.194,0.221,0.106
75,5,458.41,66.06,3.35,63.032,9.083,1.673,TP,6,0.034,0.014,0.037,0.025,0.023,-0.014
75,6,416.71,68.31,1.48,57.298,9.393,0.738,TP,7,0.014,0.097,0.098,-0.005,-0.013,0.097
75,7,175.96,75.91,6.98,24.194,10.437,3.488,TP,8,0.119,0.652,0.663,-0.076,-0.092,0.652
75,8,74.63,99.73,8.13,10.262,13.712,4.065,TP,10,0.037,0.294,0.297,-0.013,-0.035,0.294
75,9,181.36,95.26,7.75,24.937,13.098,3.873,TP,9,0.018,0.127,0.128,-0.012,-0.013,0.127
75,10,305.94,102.42,8.14,42.067,14.082,4.069,TP,11,0.291,0.107,0.31,0.197,0.214,0.107
75,11,118.3,107.47,2.08,16.266,14.777,1.04,TP,12,0.108,0.055,0.121,0.08,0.072,0.055
75,12,151.59,105.6,7.34,20.844,14.52,3.671,TP,14,0.039,0.197,0.201,0.021,-0.032,0.197
75,13,5.26,103.88,4.08,0.723,14.283,2.04,TP,13,0.005,0.039,0.039,-0.005,0.0,-0.039
75,14,261.32,120.21,5.37,35.932,16.529,2.686,TP,15,0.17,0.462,0.492,-0.148,-0.083,0.462
75,15,107.82,131.59,1.51,14.825,18.094,0.755,TP,16,0.031,0.024,0.039,-0.018,0.025,0.024
75,16,360.9,133.46,7.31,49.624,18.35,3.653,TP,18,0.167,0.397,0.431,-0.165,-0.028,0.397
75,17,268.63,136.79,5.08,36.937,18.808,2.541,TP,19,0.013,0.167,0.168,0.003,-0.013,-0.167
75,18,289.19,140.75,7.9,39.764,19.353,3.949,TP,17,0.874,0.009,0.874,0.718,0.499,-0.009
75,19,404.59,148.8,3.22,55.632,20.461,1.609,TP,20,0.026,0.029,0.038,0.013,-0.022,0.029
75,20,478.42,144.11,1.0,65.783,19.814,0.5,TP,21,0.027,0.0,0.027,0.015,0.023,0.0
75,21,89.1,157.24,3.72,12.252,21.62,1.861,TP,22,0.017,0.024,0.029,0.011,-0.014,-0.024
75,22,265.12,185.22,2.59,36.455,25.468,1.297,TP,23,0.006,0.013,0.015,0.006,0.002,0.013
75,23,466.41,197.72,1.0,64.131,27.186,0.5,TP,24,0.037,0.0,0.037,-0.011,0.035,0.0
75,24,125.9,232.95,6.97,17.312,32.03,3.486,TP,25,0.053,0.218,0.224,0.017,-0.05,0.218
75,25,443.5,237.0,4.0,60.981,32.588,2.0,TP,26,0.005,0.008,0.01,-0.002,-0.005,-0.008
75,26,325.36,236.94,7.82,44.737,32.58,3.912,TP,28,0.047,0.133,0.141,-0.003,-0.047,0.133
75,27,7.01,235.91,2.35,0.964,32.438,1.173,TP,27,0.032,0.107,0.112,-0.032,0.003,0.107
75,28,43.46,237.3,5.73,5.975,32.629,2.864,TP,29,0.283,0.558,0.626,-0.217,-0.182,0.558
75,29,58.18,243.66,8.45,8.0,33.503,4.226,TP,30,0.57,0.191,0.601,0.455,0.344,0.191
75,30,235.53,253.51,1.53,32.385,34.858,0.764,TP,31,0.016,0.04,0.043,-0.016,-0.001,-0.04
75,31,108.23,257.94,5.03,14.881,35.466,2.514,TP,32,0.203,0.445,0.489,-0.202,-0.017,0.445
75,32,289.15,278.83,6.74,39.758,38.339,3.372,TP,33,0.102,0.445,0.456,-0.091,-0.045,0.445
75,33,47.7,302.22,2.99,6.558,41.556,1.496,TP,34,0.006,0.008,0.01,0.005,0.003,-0.008
75,34,197.75,316.74,1.41,27.191,43.552,0.703,TP,35,0.035,0.042,0.055,-0.021,-0.028,0.042
75,35,278.74,318.76,7.32,38.326,43.83,3.661,TP,36,0.07,0.068,0.098,-0.022,-0.067,0.068
75,36,182.0,325.69,1.28,25.025,44.782,0.64,TP,37,0.094,0.104,0.14,0.088,0.031,0.104
75,37,126.99,329.95,7.02,17.462,45.368,3.509,TP,38,0.105,0.012,0.106,0.03,0.101,-0.012
75,38,508.12,345.63,4.83,69.866,47.524,2.413,TP,39,0.05,0.297,0.301,-0.05,-0.002,0.297
75,39,0.0,346.5,1.0,0.0,47.644,0.5,FP,,,,,,,
75,40,103.88,357.37,1.0,14.284,49.138,0.5,TP,40,0.046,0.0,0.046,0.007,0.045,0.0
75,41,142.6,363.48,4.44,19.607,49.978,2.219,TP,41,0.015,0.08,0.081,-0.014,-0.005,0.08
75,42,284.96,369.66,6.78,39.181,50.828,3.39,TP,42,0.093,0.427,0.437,-0.009,-0.093,0.427
75,43,292.27,411.27,6.05,40.187,56.55,3.027,TP,43,0.305,0.374,0.482,-0.2,-0.23,0.374
75,44,320.82,447.6,3.39,44.112,61.545,1.696,TP,44,0.03,0.007,0.03,0.029,0.007,-0.007
75,45,449.26,494.96,7.77,61.773,68.058,3.885,TP,45,0.013,0.155,0.155,0.008,0.01,0.155
75,46,394.88,502.46,1.89,54.295,69.089,0.944,TP,47,0.015,0.064,0.065,-0.015,-0.0,-0.064
75,47,5.13,504.02,4.09,0.705,69.303,2.043,TP,46,0.03,0.136,0.139,0.029,-0.01,0.136
75,,,,,25.487,6.263,4.401,FN,1,,,,,,
89,0,47.0,0.0,1.0,6.463,0.0,0.5,FP,,,,,,,
89,1,174.93,6.39,1.96,24.052,0.878,0.981,TP,0,0.066,0.343,0.349,-0.066,0.001,0.343
89,2,458.27,19.92,1.0,63.012,2.739,0.5,TP,1,0.057,0.0,0.057,0.043,0.038,0.0
89,3,116.09,29.25,5.18,15.963,4.022,2.592,TP,2,0.048,0.118,0.128,-0.046,-0.012,0.118
89,4,263.35,31.72,7.26,36.21,4.362,3.629,TP,3,0.014,0.091,0.092,-0.011,0.009,0.091
89,5,506.03,31.12,7.77,69.579,4.278,3.887,TP,4,0.214,0.354,0.414,0.211,0.04,0.354
89,6,88.43,54.5,8.31,12.159,7.494,4.157,TP,6,0.18,0.157,0.239,-0.083,-0.159,0.157
89,7,488.59,42.18,5.48,67.181,5.8,2.742,TP,5,0.173,0.494,0.523,-0.161,-0.064,0.494
89,8,162.94,48.21,6.98,22.404,6.629,3.488,TP,7,0.046,0.238,0.242,-0.029,-0.035,0.238
89,9,252.94,82.86,2.03,34.779,11.394,1.013,TP,8,0.027,0.005,0.027,-0.022,0.014,0.005
89,10,450.2,97.13,1.87,61.902,13.355,0.935,TP,9,0.07,0.079,0.106,-0.031,-0.063,0.079
89,11,298.92,108.05,3.0,41.101,14.856,1.5,TP,10,0.107,0.0,0.107,0.034,0.102,0.0
89,12,431.24,111.14,1.0,59.295,15.282,0.5,TP,11,0.045,0.0,0.045,-0.045,0.002,0.0
89,13,103.67,118.49,6.84,14.255,16.293,3.421,TP,12,0.043,0.426,0.428,-0.042,-0.005,0.426
89,14,417.72,144.79,8.44,57.436,19.909,4.218,TP,13,0.268,0.155,0.309,0.203,0.174,0.155
89,15,112.63,152.37,1.0,15.487,20.95,0.5,TP,14,0.013,0.0,0.013,0.011,-0.006,0.0
89,16,471.37,154.65,2.47,64.813,21.264,1.235,TP,15,0.007,0.018,0.019,-0.005,0.004,0.018
89,17,413.51,200.31,2.5,56.858,27.542,1.25,TP,16,0.046,0.017,0.049,0.017,0.042,-0.017
89,18,420.99,207.24,7.76,57.886,28.495,3.882,TP,17,0.681,0.629,0.926,-0.61,-0.302,0.629
89,19,151.64,208.76,1.0,20.851,28.705,0.5,TP,18,0.041,0.0,0.041,0.019,0.036,0.0
89,20,425.19,219.1,1.88,58.464,30.126,0.938,TP,19,0.083,0.216,0.232,-0.079,0.027,0.216
89,21,313.32,230.32,4.25,43.081,31.669,2.127,TP,20,0.016,0.127,0.128,-0.009,-0.014,0.127
89,22,26.94,244.26,7.64,3.704,33.586,3.821,TP,21,0.037,0.074,0.082,0.009,0.036,0.074
89,23,154.4,245.12,2.34,21.23,33.704,1.17,TP,22,0.042,0.055,0.069,0.012,0.041,-0.055
89,24,341.48,254.14,1.27,46.953,34.945,0.635,TP,23,0.058,0.006,0.058,0.052,0.024,-0.006
89,25,318.58,252.37,8.21,43.805,34.701,4.105,TP,25,1.024,0.21,1.045,1.022,-0.074,-0.21
89,26,179.27,261.59,7.98,24.65,35.968,3.99,TP,24,0.299,0.06,0.305,0.117,0.275,-0.06
89,27,147.1,261.02,1.87,20.226,35.891,0.934,TP,26,0.06,0.016,0.062,0.053,0.027,-0.016
89,28,10.68,266.12,6.04,1.468,36.592,3.019,TP,27,0.204,0.519,0.557,-0.183,-0.09,0.519
89,29,152.62,266.62,2.0,20.985,36.66,1.0,FP,,,,,,,
89,30,148.12,297.77,4.12,20.366,40.943,2.062,TP,28,0.015,0.067,0.069,0.011,0.01,0.067
89,31,88.77,305.13,7.75,12.206,41.956,3.877,TP,29,0.061,0.388,0.392,-0.023,-0.057,0.388
89,32,300.88,326.2,8.14,41.371,44.853,4.069,TP,30,0.406,0.061,0.41,0.173,0.367,0.061
89,33,173.42,327.19,6.74,23.846,44.989,3.372,TP,31,0.045,0.105,0.114,-0.028,0.035,0.105
89,34,473.9,364.78,3.51,65.162,50.158,1.755,TP,32,0.003,0.003,0.004,0.002,0.003,0.003
89,35,126.32,371.83,1.02,17.369,51.127,0.512,TP,33,0.045,0.012,0.046,-0.014,-0.043,0.012
89,36,296.04,377.07,6.99,40.706,51.847,3.493,TP,34,0.95,1.255,1.574,-0.204,-0.928,1.255
89,37,381.21,376.58,7.22,52.416,51.78,3.611,TP,35,0.023,0.296,0.297,0.021,-0.01,0.296
89,38,298.72,389.2,3.01,41.074,53.514,1.506,FP,,,,,,,
89,39,418.41,388.78,5.93,57.531,53.457,2.967,TP,36,0.198,0.495,0.533,-0.057,-0.19,0.495
89,40,291.98,410.12,8.27,40.147,56.392,4.134,TP,37,0.331,0.13,0.356,0.213,0.254,0.13
89,41,145.16,405.76,3.16,19.959,55.793,1.578,TP,38,0.015,0.018,0.024,0.013,0.008,-0.018
89,42,333.07,419.74,3.26,45.797,57.714,1.63,TP,39,0.038,0.054,0.066,0.005,-0.037,0.054
89,43,478.97,414.87,2.76,65.858,57.045,1.381,TP,40,0.011,0.04,0.042,-0.007,0.008,0.04
89,44,75.27,428.15,7.88,10.35,58.87,3.941,TP,41,0.017,0.194,0.195,0.008,-0.015,0.194
89,45,300.2,425.6,9.0,41.278,58.52,4.5,FP,,,,,,,
89,46,396.72,441.81,5.99,54.549,60.749,2.994,TP,42,0.262,0.23,0.348,-0.084,-0.248,0.23
89,47,222.07,474.1,1.0,30.534,65.189,0.5,TP,43,0.03,0.0,0.03,0.019,0.024,0.0
89,48,377.06,481.29,1.53,51.846,66.178,0.767,TP,44,0.015,0.014,0.021,0.008,0.013,0.014
89,49,232.22,497.43,1.78,31.931,68.397,0.889,TP,46,0.095,0.016,0.096,0.085,0.042,0.016
89,50,290.59,497.71,6.43,39.956,68.435,3.216,TP,45,0.85,0.536,1.005,0.645,0.554,-0.536
89,51,44.34,501.5,6.08,6.096,68.957,3.038,TP,47,0.343,0.627,0.714,-0.109,-0.325,0.627
89,52,124.0,501.0,1.0,17.05,68.888,0.5,TP,49,0.031,0.0,0.031,-0.022,-0.022,0.0
89,,,,,40.834,69.19,2.272,FN,48,,,,,,
9,0,307.04,10.57,8.61,42.218,1.453,4.306,TP,0,0.744,0.081,0.748,0.68,0.303,0.081
9,1,340.65,7.9,7.13,46.839,1.086,3.566,TP,1,0.311,0.307,0.437,-0.294,-0.102,0.307
9,2,415.79,15.76,7.88,57.171,2.167,3.941,TP,2,0.078,0.075,0.108,0.078,-0.002,0.075
9,3,97.54,27.23,2.84,13.412,3.744,1.418,TP,3,0.034,0.004,0.034,0.014,0.031,-0.004
9,4,508.78,39.71,3.03,69.958,5.46,1.516,TP,4,0.031,0.183,0.185,-0.028,0.013,0.183
9,5,0.0,38.0,1.0,0.0,5.225,0.5,FP,,,,,,,
9,6,83.0,42.19,8.32,11.413,5.801,4.159,TP,5,0.31,0.089,0.323,0.309,0.031,0.089
9,7,363.8,64.02,6.34,50.023,8.803,3.17,TP,6,0.233,0.242,0.336,-0.033,-0.23,0.242
9,8,465.59,58.28,5.4,64.018,8.013,2.698,TP,7,0.057,0.48,0.484,-0.054,-0.018,0.48
9,9,246.75,105.47,5.39,33.928,14.502,2.696,TP,8,0.126,0.153,0.198,0.024,-0.124,0.153
9,10,228.14,119.74,6.0,31.37,16.464,3.0,TP,9,0.015,0.0,0.015,-0.011,0.01,0.0
9,11,281.86,142.38,8.47,38.756,19.578,4.236,TP,10,0.465,0.065,0.47,0.454,0.102,0.065
9,12,48.28,155.07,1.5,6.638,21.323,0.75,TP,11,0.019,0.008,0.02,0.016,0.01,-0.008
9,13,110.47,163.6,6.52,15.19,22.495,3.259,TP,12,0.006,0.153,0.153,-0.002,-0.005,0.153
9,14,345.75,162.25,1.0,47.541,22.309,0.5,TP,13,0.024,0.0,0.024,0.019,-0.013,0.0
9,15,252.4,165.07,2.53,34.705,22.697,1.263,TP,14,0.046,0.058,0.074,0.046,0.002,0.058
9,16,144.19,166.06,6.22,19.826,22.833,3.108,TP,15,0.014,0.063,0.065,-0.013,0.004,0.063
9,17,268.73,167.5,3.46,36.951,23.032,1.728,TP,16,0.04,0.035,0.053,-0.04,0.001,-0.035
9,18,497.02,193.48,1.93,68.34,26.603,0.964,TP,17,0.016,0.01,0.019,0.015,-0.004,0.01
9,19,394.86,205.61,8.26,54.294,28.272,4.131,TP,18,0.285,0.141,0.318,0.076,0.274,0.141
9,20,208.96,205.04,2.84,28.732,28.193,1.42,TP,19,0.086,0.014,0.087,-0.038,-0.077,0.014
9,21,456.83,205.49,6.49,62.814,28.256,3.245,TP,20,0.031,0.235,0.237,-0.031,0.002,0.235
9,22,151.83,215.93,4.52,20.877,29.69,2.261,TP,21,0.03,0.097,0.101,-0.012,-0.027,-0.097
9,23,3.66,223.06,3.17,0.504,30.671,1.584,TP,22,0.001,0.09,0.09,0.0,0.001,-0.09
9,24,224.33,226.67,7.0,30.846,31.167,3.5,FP,,,,,,,
9,25,223.35,237.46,3.47,30.71,32.651,1.733,TP,23,0.03,0.179,0.182,0.004,0.03,0.179
9,26,481.24,236.63,5.86,66.17,32.537,2.929,TP,24,0.13,0.456,0.474,-0.062,-0.115,0.456
9,27,422.96,256.06,8.12,58.157,35.208,4.062,TP,25,0.264,0.054,0.27,0.23,0.13,0.054
9,28,9.95,273.71,1.0,1.368,37.636,0.5,TP,26,0.029,0.022,0.036,0.001,0.029,-0.022
9,29,30.98,279.42,2.47,4.26,38.42,1.235,TP,27,0.028,0.012,0.031,0.01,-0.026,-0.012
9,30,262.5,299.91,7.87,36.094,41.238,3.934,TP,28,0.094,0.104,0.14,0.006,0.094,0.104
9,31,86.01,321.23,1.93,11.827,44.168,0.965,TP,29,0.009,0.04,0.041,0.009,-0.001,0.04
9,32,329.76,346.31,4.1,45.342,47.618,2.052,TP,30,0.08,0.052,0.095,-0.078,-0.02,0.052
9,33,50.93,348.01,7.31,7.003,47.852,3.655,TP,31,0.033,0.001,0.033,0.033,0.007,0.001
9,34,357.61,356.98,2.51,49.171,49.085,1.253,TP,32,0.023,0.014,0.028,0.002,0.023,0.014
9,35,285.23,373.25,7.42,39.22,51.322,3.708,TP,33,0.537,0.432,0.689,-0.076,-0.532,0.432
9,36,309.77,367.75,1.0,42.593,50.566,0.5,TP,34,0.058,0.0,0.058,0.01,0.057,0.0
9,37,50.64,376.01,2.95,6.963,51.701,1.475,TP,35,0.008,0.072,0.073,-0.005,0.006,0.072
9,38,286.92,388.25,6.0,39.452,53.385,3.0,FP,,,,,,,
9,39,380.58,400.5,3.97,52.33,55.069,1.987,TP,36,0.02,0.037,0.042,-0.013,-0.015,0.037
9,40,53.23,410.02,6.59,7.319,56.378,3.297,TP,37,0.31,0.289,0.424,-0.305,-0.052,0.289
9,41,97.5,412.0,1.0,13.406,56.65,0.5,TP,38,0.054,0.0,0.054,-0.052,-0.017,0.0
9,42,249.87,448.58,3.73,34.357,61.68,1.863,TP,39,0.01,0.113,0.114,-0.004,0.008,0.113
9,43,246.66,462.25,2.65,33.916,63.559,1.326,TP,40,0.029,0.045,0.053,-0.005,0.028,0.045
9,44,132.02,468.78,6.65,18.153,64.458,3.326,TP,41,0.338,0.388,0.514,0.316,0.119,-0.388
9,45,99.16,476.31,5.17,13.635,65.493,2.585,TP,42,0.087,0.072,0.113,-0.049,-0.071,0.072
9,46,340.11,478.42,7.36,46.765,65.782,3.679,TP,43,0.112,0.278,0.3,-0.081,0.076,0.278
9,47,437.69,493.59,7.77,60.183,67.869,3.886,TP,44,0.026,0.136,0.138,0.007,-0.025,0.136
9,48,137.69,496.16,7.94,18.932,68.222,3.97,TP,45,0.154,0.274,0.314,-0.108,-0.11,0.274
9,49,341.6,492.6,1.38,46.971,67.733,0.688,TP,46,0.054,0.072,0.091,0.001,-0.054,-0.072
9,50,193.94,505.01,1.0,26.667,69.439,0.5,TP,47,0.113,0.0,0.113,-0.105,-0.041,0.0
91,0,172.68,28.95,6.67,23.744,3.981,3.333,TP,0,0.287,0.243,0.376,-0.207,-0.198,0.243
91,1,443.56,59.72,1.25,60.99,8.211,0.627,TP,1,0.081,0.002,0.081,-0.071,-0.039,0.002
91,2,451.92,83.15,2.54,62.14,11.433,1.271,TP,2,0.028,0.042,0.05,0.004,-0.028,0.042
91,3,264.69,95.39,6.88,36.394,13.116,3.439,TP,3,0.054,0.164,0.173,-0.047,-0.025,0.164
91,4,285.74,96.55,2.38,39.289,13.275,1.191,TP,4,0.024,0.059,0.064,-0.024,0.001,-0.059
91,5,90.04,104.4,1.32,12.38,14.355,0.662,TP,5,0.137,0.129,0.188,-0.129,-0.046,0.129
91,6,165.66,117.09,2.42,22.779,16.1,1.208,TP,6,0.117,0.043,0.125,-0.083,-0.083,0.043
91,7,73.91,115.67,1.27,10.162,15.904,0.633,TP,7,0.121,0.095,0.154,-0.094,-0.077,0.095
91,8,448.72,121.58,8.05,61.7,16.718,4.026,TP,8,0.987,0.888,1.327,-0.431,-0.888,0.888
91,9,454.27,132.76,5.48,62.462,18.254,2.741,FP,,,,,,,
91,10,89.46,143.28,6.22,12.301,19.702,3.109,TP,9,0.091,0.125,0.154,-0.09,0.014,0.125
91,11,247.26,152.62,5.86,33.998,20.985,2.93,TP,10,0.262,0.323,0.416,-0.261,-0.025,0.323
91,12,91.21,154.95,8.53,12.541,21.305,4.263,FP,,,,,,,
91,13,252.67,158.89,8.0,34.742,21.847,4.0,FP,,,,,,,
91,14,233.11,161.68,3.33,32.053,22.231,1.666,TP,11,0.023,0.045,0.05,0.021,-0.009,0.045
91,15,89.05,165.37,7.61,12.244,22.739,3.803,TP,12,0.127,0.051,0.137,-0.124,-0.026,0.051
91,16,272.06,167.91,2.38,37.408,23.087,1.19,TP,13,0.033,0.024,0.041,-0.012,-0.031,-0.024
91,17,275.16,185.65,6.06,37.834,25.527,3.03,TP,14,0.315,0.329,0.456,-0.234,-0.211,0.329
91,18,86.52,181.99,4.12,11.896,25.024,2.06,TP,15,0.022,0.029,0.036,-0.004,-0.022,0.029
91,19,79.0,180.0,8.5,10.863,24.75,4.25,FP,,,,,,,
91,20,310.54,183.92,6.98,42.699,25.289,3.488,TP,16,0.023,0.213,0.214,-0.021,-0.011,0.213
91,21,376.11,207.68,6.69,51.715,28.556,3.347,TP,17,0.554,0.663,0.864,-0.55,-0.07,0.663
91,22,386.31,208.55,4.0,53.118,28.676,2.0,FP,,,,,,,
91,23,417.18,211.95,2.39,57.362,29.143,1.197,TP,18,0.014,0.04,0.042,-0.0,0.014,-0.04
91,24,32.2,219.98,7.23,4.428,30.247,3.615,TP,19,0.003,0.134,0.134,-0.002,0.001,0.134
91,25,40.75,267.62,2.03,5.603,36.798,1.014,TP,20,0.024,0.015,0.028,-0.023,-0.006,-0.015
91,26,476.61,273.57,6.9,65.534,37.617,3.449,TP,21,0.282,0.359,0.457,-0.193,-0.206,0.359
91,27,403.57,273.63,4.69,55.491,37.625,2.345,TP,22,0.031,0.385,0.387,0.013,0.028,0.385
91,28,29.8,293.64,8.39,4.097,40.376,4.197,TP,23,0.029,0.328,0.329,-0.02,-0.021,0.328
91,29,326.38,300.38,4.31,44.877,41.302,2.154,TP,24,0.121,0.029,0.124,-0.105,-0.059,0.029
91,30,298.84,299.72,2.72,41.091,41.211,1.36,TP,25,0.011,0.021,0.024,-0.001,0.011,-0.021
91,31,275.53,320.86,3.4,37.886,44.118,1.701,TP,26,0.01,0.01,0.014,-0.005,-0.009,-0.01
91,32,236.62,326.05,2.07,32.535,44.831,1.035,TP,27,0.017,0.035,0.039,0.016,0.006,0.035
91,33,191.91,332.91,1.5,26.388,45.775,0.75,TP,28,0.006,0.024,0.025,-0.004,0.005,-0.024
91,34,199.77,341.14,1.14,27.468,46.907,0.57,TP,29,0.06,0.016,0.062,-0.051,-0.033,0.016
91,35,265.77,343.58,1.33,36.544,47.242,0.667,TP,30,0.043,0.058,0.072,-0.035,-0.026,0.058
91,36,25.36,350.71,7.62,3.488,48.222,3.811,TP,31,0.049,0.233,0.238,-0.048,-0.01,0.233
91,37,384.34,351.45,1.03,52.847,48.324,0.515,TP,32,0.039,0.015,0.042,-0.037,0.01,0.015
91,38,330.99,363.39,8.64,45.511,49.967,4.32,TP,33,0.711,0.065,0.714,0.707,0.074,0.065
91,39,310.67,363.02,8.19,42.717,49.915,4.094,TP,34,0.368,0.028,0.369,0.367,0.016,0.028
91,40,127.11,365.98,7.26,17.478,50.322,3.632,TP,35,0.07,0.0,0.07,0.032,0.062,-0.0
91,41,127.0,372.0,3.0,17.462,51.15,1.5,TP,36,0.369,0.9,0.973,-0.334,-0.157,0.9
91,42,129.66,372.76,1.39,17.828,51.255,0.697,FP,,,,,,,
91,43,448.61,386.14,3.51,61.684,53.094,1.757,TP,37,0.068,0.015,0.069,-0.062,-0.027,0.015
91,44,339.03,403.81,2.03,46.617,55.524,1.015,TP,38,0.031,0.003,0.031,-0.013,0.028,-0.003
91,45,441.08,425.56,1.92,60.648,58.514,0.96,TP,39,0.011,0.04,0.041,0.011,0.001,-0.04
91,46,500.71,433.4,6.74,68.847,59.592,3.372,TP,40,0.197,0.348,0.4,0.175,-0.091,0.348
91,47,353.16,439.12,8.26,48.559,60.379,4.13,TP,41,0.301,0.147,0.335,0.188,0.235,0.147
91,48,340.0,432.0,9.0,46.75,59.4,4.5,FP,,,,,,,
91,49,503.0,436.0,3.0,69.162,59.95,1.5,FP,,,,,,,
91,50,2.33,484.86,2.79,0.321,66.668,1.394,TP,42,0.089,0.042,0.098,0.059,0.066,0.042
91,51,511.0,484.5,1.0,70.263,66.619,0.5,FP,,,,,,,
91,52,81.2,498.46,2.43,11.165,68.538,1.216,TP,43,0.186,0.063,0.196,0.097,0.158,0.063
91,53,497.38,504.0,2.6,68.389,69.3,1.301,TP,44,0.027,0.021,0.034,-0.002,-0.027,-0.021
97,0,429.57,19.46,6.86,59.066,2.676,3.431,TP,2,0.147,0.311,0.344,-0.086,-0.119,0.311
97,1,86.8,17.71,4.48,11.935,2.435,2.241,TP,1,0.064,0.074,0.098,-0.059,-0.026,0.074
97,2,392.01,20.42,5.4,53.902,2.808,2.698,TP,3,0.261,0.337,0.426,-0.255,-0.056,0.337
97,3,5.88,29.68,6.62,0.808,4.081,3.308,TP,4,0.079,0.285,0.296,-0.077,-0.018,0.285
97,4,147.27,37.17,2.09,20.249,5.111,1.043,TP,5,0.007,0.043,0.043,-0.006,0.002,0.043
97,5,286.52,51.33,6.14,39.396,7.058,3.069,TP,6,0.184,0.241,0.303,-0.145,-0.113,0.241
97,6,378.64,73.19,3.33,52.063,10.064,1.663,TP,7,0.028,0.017,0.033,0.028,0.003,-0.017
97,7,24.04,68.4,1.0,3.306,9.405,0.5,TP,8,0.042,0.0,0.042,-0.02,-0.037,0.0
97,8,426.17,69.9,2.93,58.599,9.611,1.467,TP,10,0.016,0.027,0.032,0.008,0.014,-0.027
97,9,481.03,69.81,6.41,66.141,9.599,3.207,TP,9,0.183,0.477,0.511,-0.17,-0.067,0.477
97,10,161.51,89.61,2.01,22.207,12.321,1.006,TP,11,0.014,0.027,0.03,-0.014,-0.003,0.027
97,11,5.5,93.0,1.0,0.756,12.788,0.5,TP,12,0.085,0.0,0.085,-0.081,-0.025,0.0
97,12,26.87,96.15,7.11,3.695,13.221,3.554,TP,13,0.31,0.484,0.574,-0.305,-0.05,0.484
97,13,162.58,140.96,7.78,22.354,19.382,3.89,TP,14,0.002,0.136,0.136,0.001,-0.002,0.136
97,14,491.8,150.65,7.64,67.623,20.714,3.822,TP,15,0.225,0.263,0.347,-0.128,-0.186,0.263
97,15,361.07,151.75,1.42,49.647,20.865,0.711,TP,16,0.016,0.074,0.076,-0.015,0.007,-0.074
97,16,380.09,162.06,6.77,52.263,22.284,3.383,TP,17,0.2,0.433,0.477,-0.155,-0.126,0.433
97,17,200.44,175.17,7.44,27.561,24.086,3.722,TP,18,0.29,0.356,0.459,-0.251,-0.144,0.356
97,18,184.22,193.68,7.96,25.33,26.631,3.981,TP,19,0.109,0.224,0.249,-0.004,0.109,0.224
97,19,454.61,202.73,3.46,62.509,27.875,1.732,TP,21,0.048,0.086,0.098,-0.023,-0.042,0.086
97,20,167.81,204.34,4.03,23.073,28.097,2.015,TP,20,0.018,0.054,0.057,-0.009,-0.015,-0.054
97,21,305.64,202.79,4.74,42.025,27.884,2.371,TP,22,0.034,0.015,0.037,0.02,0.027,-0.015
97,22,403.79,209.57,5.69,55.522,28.816,2.845,TP,23,0.096,0.573,0.581,-0.072,-0.063,0.573
97,23,142.66,243.1,7.04,19.616,33.426,3.519,TP,24,0.021,0.03,0.037,-0.02,-0.007,0.03
97,24,27.02,249.3,1.57,3.716,34.278,0.784,TP,25,0.013,0.009,0.016,0.011,0.008,-0.009
97,25,443.28,292.04,8.31,60.951,40.155,4.157,TP,26,0.05,0.215,0.221,0.035,-0.037,0.215
97,26,425.2,292.4,9.0,58.465,40.205,4.5,FP,,,,,,,
97,27,210.88,302.46,1.91,28.996,41.589,0.957,TP,27,0.025,0.013,0.028,0.021,0.015,-0.013
97,28,433.5,315.27,1.0,59.606,43.35,0.5,TP,28,0.038,0.0,0.038,0.0,0.038,0.0
97,29,173.92,325.07,5.2,23.915,44.696,2.598,TP,29,0.369,0.23,0.435,-0.359,0.087,0.23
97,30,184.3,322.72,4.26,25.341,44.374,2.128,FP,,,,,,,
97,31,256.32,334.69,1.56,35.244,46.02,0.78,TP,30,0.04,0.116,0.123,-0.021,-0.035,-0.116
97,32,226.8,336.64,7.41,31.185,46.288,3.703,TP,31,0.183,0.412,0.45,-0.078,-0.166,0.412
97,33,251.0,325.5,0.0,34.513,44.756,0.0,FP,,,,,,,
97,34,97.46,358.05,8.6,13.401,49.231,4.302,TP,32,0.416,0.177,0.452,0.204,0.362,0.177
97,35,231.0,350.0,9.0,31.763,48.125,4.5,FP,,,,,,,
97,36,190.9,356.31,8.13,26.249,48.993,4.066,TP,33,0.135,0.085,0.16,0.132,0.03,0.085
97,37,425.55,368.27,1.97,58.513,50.637,0.983,TP,34,0.01,0.017,0.019,-0.0,0.01,-0.017
97,38,99.51,379.89,3.98,13.683,52.235,1.988,TP,35,0.04,0.012,0.042,0.036,0.018,-0.012
97,39,355.97,380.66,4.54,48.946,52.341,2.271,TP,36,0.01,0.276,0.276,-0.01,-0.003,0.276
97,40,4.12,384.19,5.15,0.566,52.826,2.577,TP,37,0.044,0.05,0.067,0.04,-0.019,-0.05
97,41,227.36,391.89,4.88,31.263,53.885,2.441,TP,38,0.003,0.449,0.449,0.001,-0.002,0.449
97,42,407.11,396.48,6.09,55.978,54.516,3.045,TP,39,0.142,0.209,0.253,-0.109,-0.09,0.209
97,43,398.0,391.0,9.0,54.725,53.763,4.5,FP,,,,,,,
97,44,367.8,409.98,7.83,50.572,56.373,3.917,TP,40,0.057,0.097,0.113,-0.033,0.047,0.097
97,45,272.53,412.03,8.43,37.473,56.655,4.214,TP,41,0.337,0.186,0.385,-0.331,-0.062,0.186
97,46,360.12,417.79,1.91,49.517,57.446,0.956,TP,42,0.08,0.168,0.186,-0.058,0.054,0.168
97,47,246.98,428.59,4.35,33.96,58.931,2.176,TP,43,0.083,0.088,0.121,-0.047,-0.068,0.088
97,48,379.86,487.69,6.07,52.231,67.058,3.036,TP,44,0.074,0.431,0.437,-0.04,-0.062,0.431
97,49,397.34,500.69,4.49,54.634,68.845,2.244,TP,45,0.035,0.118,0.123,-0.023,-0.026,0.118
97,50,192.03,504.64,3.52,26.404,69.388,1.761,TP,46,0.026,0.158,0.16,-0.026,0.002,0.158
97,51,418.86,509.69,3.5,57.594,70.082,1.75,TP,47,0.621,0.25,0.67,-0.62,0.032,-0.25
97,52,421.0,511.0,1.0,57.888,70.263,0.5,FP,,,,,,,
97,,,,,69.87,0.128,0.5,FN,0,,,,,,
