vol_idx,pred_id,x_px,y_px,z_plane,x_um,y_um,z_um,status,gt_id,err_xy_um,err_z_um,err_um,dx_um,dy_um,dz_um
103,0,98.72,13.02,1.98,13.575,1.79,0.991,TP,1,0.005,0.009,0.01,0.005,-0.0,0.009
103,1,496.72,14.41,8.0,68.3,1.982,4.0,TP,0,0.229,0.288,0.368,-0.051,-0.223,0.288
103,2,500.07,21.05,2.97,68.759,2.895,1.486,TP,2,0.015,0.23,0.231,0.004,0.014,0.23
103,3,228.79,35.85,3.06,31.458,4.929,1.531,TP,3,0.025,0.004,0.025,-0.015,-0.02,0.004
103,4,57.18,33.29,3.12,7.863,4.578,1.562,TP,4,0.03,0.044,0.053,0.001,0.03,0.044
103,5,59.02,47.35,5.79,8.115,6.511,2.897,TP,6,0.128,0.312,0.337,-0.082,-0.099,0.312
103,6,375.19,51.27,4.07,51.588,7.05,2.033,TP,5,0.029,0.02,0.035,-0.011,-0.027,0.02
103,7,413.65,82.85,5.43,56.877,11.391,2.716,TP,7,0.097,0.025,0.1,-0.084,-0.048,0.025
103,8,482.25,92.36,3.22,66.309,12.699,1.611,TP,8,0.016,0.119,0.12,-0.016,0.003,-0.119
103,9,33.92,107.04,1.0,4.664,14.718,0.5,TP,9,0.023,0.0,0.023,-0.022,0.006,0.0
103,10,281.79,138.53,5.67,38.747,19.048,2.836,TP,10,0.098,0.05,0.11,-0.064,-0.074,0.05
103,11,104.86,151.62,3.55,14.418,20.848,1.774,TP,11,0.066,0.039,0.077,0.063,0.02,-0.039
103,12,353.01,164.53,1.97,48.539,22.623,0.986,TP,12,0.018,0.001,0.018,-0.016,-0.008,-0.001
103,13,210.9,175.48,2.05,28.999,24.128,1.025,TP,14,0.038,0.047,0.06,0.037,0.002,-0.047
103,14,258.93,188.91,6.68,35.603,25.975,3.342,TP,15,0.845,0.595,1.033,0.621,0.573,-0.595
103,15,240.59,205.55,2.86,33.082,28.263,1.431,TP,16,0.015,0.01,0.018,-0.011,-0.009,0.01
103,16,285.76,202.16,1.9,39.292,27.797,0.95,TP,17,0.002,0.057,0.057,-0.0,0.002,-0.057
103,17,138.25,205.78,3.38,19.01,28.295,1.692,TP,18,0.019,0.02,0.028,-0.008,-0.017,0.02
103,18,458.76,209.01,5.86,63.079,28.739,2.932,TP,19,0.126,0.16,0.204,-0.031,-0.122,0.16
103,19,313.71,213.97,7.0,43.135,29.421,3.5,TP,20,0.244,0.408,0.475,0.227,0.089,-0.408
103,20,355.58,233.01,2.51,48.892,32.039,1.256,TP,21,0.017,0.038,0.042,0.017,0.001,-0.038
103,21,301.89,236.85,3.97,41.51,32.567,1.987,TP,22,0.059,0.051,0.078,-0.02,-0.055,0.051
103,22,205.9,258.1,1.99,28.312,35.488,0.996,TP,23,0.029,0.008,0.03,-0.021,-0.02,-0.008
103,23,257.63,275.75,6.37,35.424,37.915,3.187,TP,24,0.018,0.065,0.068,0.006,-0.017,-0.065
103,24,13.78,277.46,1.0,1.895,38.15,0.5,TP,25,0.027,0.011,0.029,-0.027,0.003,-0.011
103,25,146.4,286.85,3.61,20.13,39.442,1.805,TP,26,0.004,0.023,0.023,-0.004,-0.001,-0.023
103,26,93.27,286.67,9.0,12.824,39.417,4.5,TP,27,0.856,3.256,3.367,-0.762,-0.39,3.256
103,27,101.14,290.19,4.05,13.907,39.902,2.024,TP,28,0.2,1.079,1.097,-0.199,0.022,-1.079
103,28,232.81,309.2,4.08,32.011,42.515,2.04,TP,29,0.096,0.007,0.096,-0.086,-0.043,0.007
103,29,178.25,324.54,1.0,24.509,44.624,0.5,TP,30,0.016,0.0,0.016,0.007,0.014,0.0
103,30,153.35,331.15,5.13,21.086,45.533,2.566,TP,31,0.069,0.01,0.07,-0.042,-0.055,0.01
103,31,207.54,335.42,6.56,28.537,46.12,3.28,TP,32,0.047,0.147,0.154,-0.004,-0.047,0.147
103,32,240.74,339.55,4.45,33.102,46.689,2.223,TP,33,0.005,0.016,0.017,-0.004,-0.003,-0.016
103,33,312.83,350.81,7.96,43.014,48.236,3.982,TP,34,0.06,0.107,0.123,-0.048,0.036,0.107
103,34,95.41,369.75,7.32,13.119,50.84,3.661,TP,35,0.229,0.143,0.27,-0.229,0.005,0.143
103,35,276.0,397.14,7.61,37.95,54.606,3.807,TP,36,0.033,0.05,0.06,-0.032,-0.008,0.05
103,36,461.55,403.64,7.63,63.463,55.501,3.816,TP,37,0.062,0.046,0.077,0.019,0.059,-0.046
103,37,490.13,410.01,1.83,67.393,56.377,0.916,TP,38,0.02,0.014,0.024,-0.009,-0.018,-0.014
103,38,48.99,426.93,6.91,6.736,58.703,3.457,TP,39,0.17,0.167,0.238,-0.054,-0.162,0.167
103,39,25.35,426.93,6.39,3.486,58.703,3.194,TP,40,0.259,0.063,0.266,-0.221,-0.134,0.063
103,40,145.19,427.99,5.87,19.964,58.849,2.935,TP,41,0.042,0.02,0.047,-0.037,-0.02,-0.02
103,41,437.78,434.0,1.43,60.195,59.675,0.716,TP,42,0.011,0.006,0.012,-0.008,-0.007,0.006
103,42,203.79,451.49,1.87,28.022,62.079,0.934,TP,43,0.038,0.027,0.047,-0.024,-0.03,0.027
103,43,113.26,453.93,2.42,15.573,62.416,1.21,TP,44,0.009,0.061,0.062,0.009,-0.001,-0.061
103,44,230.03,482.57,3.93,31.63,66.354,1.965,TP,45,0.009,0.021,0.023,-0.004,0.008,-0.021
103,45,78.27,496.84,2.2,10.763,68.315,1.098,TP,46,0.156,0.135,0.206,0.128,0.089,-0.135
103,46,445.03,497.19,1.47,61.192,68.363,0.734,TP,47,0.02,0.009,0.021,-0.018,0.008,0.009
103,47,109.32,503.36,2.86,15.031,69.212,1.43,TP,48,0.019,0.065,0.068,0.018,0.006,-0.065
103,,,,,41.213,23.709,4.5,FN,13,,,,,,
104,0,232.32,4.37,4.93,31.943,0.601,2.465,TP,0,0.029,0.277,0.279,0.011,0.027,-0.277
104,1,8.34,7.73,6.2,1.146,1.064,3.102,TP,1,0.028,0.102,0.106,-0.026,-0.009,0.102
104,2,488.27,12.45,9.0,67.138,1.712,4.5,FP,,,,,,,
104,3,341.59,21.55,4.41,46.969,2.963,2.204,TP,2,0.022,0.002,0.022,-0.013,-0.018,-0.002
104,4,490.73,28.2,7.02,67.476,3.878,3.512,TP,3,0.142,0.037,0.147,-0.038,-0.137,0.037
104,5,289.89,33.28,7.88,39.861,4.575,3.941,TP,4,0.401,0.191,0.444,0.113,0.384,-0.191
104,6,361.66,46.84,5.85,49.728,6.441,2.925,TP,5,0.018,0.019,0.026,0.014,0.011,-0.019
104,7,432.0,66.5,9.0,59.4,9.144,4.5,FP,,,,,,,
104,8,438.23,74.72,5.28,60.257,10.274,2.639,TP,6,0.072,0.056,0.091,-0.051,-0.051,0.056
104,9,390.91,75.22,2.35,53.75,10.342,1.176,TP,7,0.026,0.06,0.066,-0.023,-0.012,-0.06
104,10,141.46,83.52,1.97,19.451,11.484,0.985,TP,8,0.043,0.096,0.105,0.039,0.018,-0.096
104,11,448.87,109.81,6.89,61.72,15.099,3.444,TP,9,0.086,0.029,0.091,0.011,0.086,-0.029
104,12,248.41,132.33,1.0,34.157,18.195,0.5,TP,10,0.026,0.0,0.026,0.016,0.021,0.0
104,13,495.88,143.09,3.52,68.183,19.674,1.758,TP,11,0.009,0.028,0.029,0.006,-0.006,-0.028
104,14,128.24,139.96,2.6,17.633,19.245,1.301,TP,12,0.033,0.168,0.172,0.031,0.009,-0.168
104,15,44.75,169.33,3.21,6.153,23.283,1.603,TP,13,0.779,0.005,0.779,-0.152,-0.764,0.005
104,16,72.99,172.28,7.3,10.036,23.689,3.652,TP,14,0.05,0.016,0.053,0.002,0.05,0.016
104,17,120.74,172.89,1.37,16.602,23.773,0.685,TP,15,0.021,0.065,0.068,0.02,-0.002,-0.065
104,18,7.37,185.58,6.04,1.013,25.517,3.022,TP,16,0.01,0.044,0.045,0.01,-0.003,0.044
104,19,357.7,186.34,1.97,49.184,25.622,0.986,TP,17,0.05,0.001,0.05,-0.011,-0.049,-0.001
104,20,48.68,185.3,2.72,6.694,25.478,1.358,FP,,,,,,,
104,21,325.05,179.22,7.54,44.694,24.643,3.768,TP,18,0.152,0.119,0.193,0.152,0.002,-0.119
104,22,292.69,186.97,1.38,40.245,25.708,0.689,TP,19,0.009,0.058,0.058,0.004,0.008,-0.058
104,23,93.43,194.93,8.3,12.846,26.802,4.152,TP,20,0.372,0.152,0.402,-0.357,-0.106,0.152
104,24,134.55,200.44,5.12,18.501,27.561,2.562,TP,21,0.161,0.246,0.294,-0.151,-0.056,0.246
104,25,19.89,216.1,4.38,2.734,29.713,2.189,TP,22,0.031,0.031,0.044,-0.024,-0.02,0.031
104,26,477.0,246.71,2.87,65.588,33.923,1.435,TP,23,0.008,0.013,0.015,-0.005,-0.006,-0.013
104,27,348.65,257.52,6.1,47.939,35.408,3.052,TP,24,0.092,0.193,0.214,0.064,0.067,-0.193
104,28,406.62,269.74,1.41,55.91,37.089,0.704,TP,25,0.017,0.007,0.018,0.016,-0.005,-0.007
104,29,231.18,300.77,4.19,31.787,41.356,2.094,TP,26,0.05,0.031,0.059,0.036,0.034,-0.031
104,30,332.01,305.9,6.49,45.652,42.061,3.246,TP,27,0.044,0.027,0.051,-0.001,-0.044,0.027
104,31,366.01,310.7,6.9,50.326,42.721,3.448,TP,28,0.107,0.22,0.244,-0.09,-0.058,0.22
104,32,452.41,310.62,7.19,62.206,42.71,3.596,TP,29,0.07,0.13,0.148,0.07,0.004,-0.13
104,33,14.62,318.62,1.0,2.01,43.81,0.5,TP,30,0.075,0.0,0.075,-0.053,-0.053,0.0
104,34,388.62,322.73,5.56,53.435,44.375,2.78,TP,31,0.025,0.024,0.035,0.013,-0.022,0.024
104,35,442.12,335.14,1.22,60.792,46.082,0.61,TP,32,0.009,0.036,0.037,-0.008,0.005,-0.036
104,36,144.65,381.69,4.42,19.889,52.483,2.21,TP,33,0.046,0.156,0.163,-0.04,-0.023,0.156
104,37,101.84,387.71,1.0,14.003,53.31,0.5,TP,34,0.02,0.049,0.053,-0.002,-0.02,-0.049
104,38,330.17,403.29,2.9,45.399,55.453,1.449,TP,35,0.005,0.031,0.032,0.0,-0.005,-0.031
104,39,245.52,417.06,2.31,33.759,57.345,1.155,TP,36,0.008,0.084,0.084,-0.002,0.008,-0.084
104,40,63.1,433.93,7.96,8.676,59.666,3.982,TP,37,0.032,0.132,0.136,0.029,0.012,0.132
104,41,129.56,430.74,5.06,17.814,59.227,2.53,TP,38,0.087,0.003,0.087,-0.084,-0.022,0.003
104,42,223.66,438.74,6.12,30.753,60.327,3.062,TP,39,0.1,0.32,0.335,-0.092,-0.041,0.32
104,43,138.12,444.17,6.17,18.992,61.073,3.083,TP,40,1.082,0.392,1.151,-0.541,-0.937,0.392
104,44,128.09,450.12,5.83,17.612,61.892,2.915,TP,42,0.045,0.192,0.198,0.028,0.036,-0.192
104,45,358.96,448.95,2.32,49.357,61.73,1.16,TP,41,0.009,0.022,0.024,0.005,-0.007,-0.022
104,46,144.53,455.68,5.0,19.873,62.655,2.5,FP,,,,,,,
104,47,196.75,467.9,5.13,27.053,64.337,2.563,TP,43,0.093,0.092,0.131,-0.079,-0.05,0.092
104,48,159.02,481.77,3.38,21.865,66.243,1.691,TP,44,0.024,0.015,0.028,0.013,-0.021,-0.015
104,49,208.2,486.37,7.99,28.628,66.876,3.996,TP,45,0.108,0.056,0.121,0.106,0.021,0.056
105,0,369.37,7.55,5.99,50.789,1.038,2.997,TP,0,0.12,0.076,0.142,-0.081,-0.088,0.076
105,1,137.82,18.44,7.45,18.951,2.536,3.725,TP,1,0.034,0.225,0.227,-0.021,-0.026,0.225
105,2,252.68,33.66,5.51,34.744,4.628,2.753,TP,3,0.064,0.057,0.086,-0.064,0.005,0.057
105,3,486.12,44.65,6.23,66.841,6.139,3.116,TP,4,0.114,0.358,0.376,-0.091,-0.07,0.358
105,4,9.94,71.6,5.89,1.367,9.845,2.945,TP,5,0.046,0.006,0.047,0.041,0.021,-0.006
105,5,400.03,87.17,6.84,55.004,11.986,3.422,TP,6,0.158,0.091,0.183,-0.15,-0.052,0.091
105,6,162.24,97.54,1.49,22.309,13.411,0.744,TP,7,0.039,0.077,0.086,-0.03,0.024,-0.077
105,7,327.27,108.39,3.51,44.999,14.904,1.754,TP,8,0.004,0.039,0.039,0.003,0.003,-0.039
105,8,196.99,113.93,6.61,27.086,15.666,3.304,TP,9,0.157,0.321,0.357,-0.047,-0.15,0.321
105,9,264.67,162.67,9.0,36.392,22.367,4.5,FP,,,,,,,
105,10,270.5,171.34,5.27,37.194,23.56,2.636,TP,10,0.061,0.082,0.103,-0.042,-0.045,0.082
105,11,313.57,184.45,1.0,43.115,25.362,0.5,TP,11,0.116,0.0,0.116,-0.088,-0.075,0.0
105,12,330.78,186.12,6.41,45.482,25.592,3.204,TP,13,0.34,0.351,0.489,0.338,0.042,-0.351
105,13,320.04,191.43,6.21,44.006,26.322,3.104,TP,12,0.285,0.197,0.347,0.189,0.213,-0.197
105,14,159.19,194.28,1.37,21.888,26.713,0.686,TP,14,0.026,0.012,0.029,-0.006,0.026,0.012
105,15,450.87,203.87,1.78,61.994,28.032,0.892,TP,15,0.012,0.073,0.075,-0.008,0.009,0.073
105,16,125.71,215.34,7.39,17.285,29.609,3.695,TP,16,0.088,0.119,0.148,0.026,0.084,-0.119
105,17,242.6,221.12,3.03,33.357,30.404,1.515,TP,17,0.01,0.019,0.021,0.009,0.003,-0.019
105,18,4.17,226.73,7.51,0.574,31.176,3.753,TP,18,0.082,0.064,0.104,0.043,0.07,-0.064
105,19,94.33,239.13,6.68,12.971,32.881,3.338,TP,19,0.005,0.105,0.105,-0.001,0.005,0.105
105,20,146.2,251.75,2.05,20.103,34.615,1.024,TP,20,0.026,0.004,0.027,0.026,0.001,0.004
105,21,410.0,255.0,7.0,56.375,35.062,3.5,TP,22,1.096,0.892,1.413,0.027,-1.095,0.892
105,22,108.27,259.85,7.06,14.887,35.73,3.53,TP,21,0.167,0.238,0.291,0.039,0.162,-0.238
105,23,409.81,262.61,5.28,56.348,36.109,2.639,FP,,,,,,,
105,24,31.54,273.56,4.15,4.337,37.615,2.074,TP,23,0.064,0.182,0.193,-0.031,-0.056,0.182
105,25,171.97,299.37,3.5,23.646,41.164,1.752,TP,24,0.027,0.017,0.032,0.02,-0.019,-0.017
105,26,96.35,306.95,3.73,13.248,42.206,1.864,TP,25,0.007,0.096,0.096,0.004,0.005,-0.096
105,27,142.22,305.75,3.24,19.556,42.04,1.619,TP,26,0.026,0.02,0.033,-0.024,-0.01,-0.02
105,28,444.76,317.67,6.19,61.154,43.679,3.093,TP,29,0.096,0.191,0.214,-0.037,-0.089,0.191
105,29,293.31,321.4,2.13,40.33,44.192,1.064,TP,28,0.008,0.008,0.011,-0.007,-0.004,-0.008
105,30,31.89,319.49,8.37,4.385,43.93,4.187,TP,27,0.528,0.06,0.532,0.353,0.393,-0.06
105,31,134.59,330.58,1.0,18.506,45.454,0.5,TP,30,0.05,0.0,0.05,-0.042,-0.028,0.0
105,32,322.85,356.85,1.15,44.391,49.066,0.577,TP,31,0.0,0.0,0.0,0.0,0.0,0.0
105,33,495.65,390.26,7.62,68.152,53.661,3.812,TP,32,0.02,0.031,0.037,0.019,-0.008,-0.031
105,34,79.93,397.35,1.49,10.99,54.635,0.744,TP,34,0.034,0.081,0.088,0.022,0.026,-0.081
105,35,4.03,400.83,4.03,0.554,55.115,2.014,TP,33,0.156,0.386,0.416,0.046,0.149,-0.386
105,36,423.0,402.17,2.36,58.163,55.299,1.179,TP,35,0.036,0.028,0.046,-0.036,-0.003,0.028
105,37,159.4,406.26,6.47,21.918,55.861,3.236,TP,36,0.004,0.012,0.012,-0.003,-0.004,-0.012
105,38,204.25,427.16,7.88,28.084,58.735,3.941,TP,37,0.027,0.102,0.106,-0.027,-0.003,0.102
105,39,324.32,445.42,5.95,44.594,61.246,2.973,TP,38,0.052,0.181,0.188,0.024,0.046,-0.181
105,40,506.38,449.16,8.3,69.627,61.76,4.15,TP,39,0.315,0.057,0.32,0.059,0.309,-0.057
105,41,428.59,447.82,6.75,58.931,61.575,3.375,TP,40,0.041,0.104,0.112,-0.039,-0.011,0.104
105,42,404.0,454.5,1.0,55.55,62.494,0.5,TP,42,0.058,0.0,0.058,0.013,-0.056,0.0
105,43,222.28,459.78,1.0,30.563,63.22,0.5,TP,41,0.041,0.0,0.041,0.036,0.021,0.0
105,44,101.33,473.95,1.68,13.933,65.168,0.838,TP,43,0.023,0.018,0.029,0.002,-0.023,-0.018
105,45,260.33,472.77,7.23,35.795,65.006,3.614,TP,45,0.042,0.088,0.098,-0.014,-0.04,0.088
105,46,407.19,469.83,1.43,55.989,64.602,0.713,TP,44,0.045,0.026,0.053,0.038,0.024,-0.026
105,47,417.24,492.09,7.98,57.371,67.662,3.992,TP,46,0.272,0.094,0.288,0.184,0.2,0.094
105,48,321.51,499.33,1.95,44.207,68.658,0.974,TP,48,0.03,0.037,0.047,0.03,0.001,-0.037
105,49,158.66,503.99,6.87,21.816,69.299,3.433,TP,47,0.097,0.093,0.134,0.047,0.086,-0.093
105,50,191.85,499.49,2.0,26.38,68.679,1.0,TP,49,0.006,0.008,0.01,0.001,-0.006,-0.008
105,,,,,67.82,5.46,4.07,FN,2,,,,,,
118,0,197.95,12.12,2.39,27.218,1.666,1.195,TP,0,0.062,0.024,0.067,-0.057,-0.025,0.024
118,1,97.01,23.37,6.63,13.34,3.213,3.316,TP,1,0.202,0.465,0.507,-0.056,-0.195,0.465
118,2,207.76,60.65,2.13,28.567,8.339,1.063,TP,2,0.004,0.063,0.063,-0.003,0.002,0.063
118,3,428.74,75.95,8.14,58.952,10.444,4.072,TP,3,0.388,0.133,0.41,0.021,0.387,-0.133
118,4,481.15,86.88,1.94,66.158,11.946,0.972,TP,5,0.072,0.034,0.08,-0.071,-0.013,0.034
118,5,192.11,109.4,1.0,26.415,15.042,0.5,TP,6,0.041,0.0,0.041,-0.004,0.04,0.0
118,6,6.83,113.76,2.22,0.939,15.642,1.112,TP,7,0.012,0.002,0.012,-0.006,0.011,-0.002
118,7,474.08,110.81,2.08,65.186,15.236,1.041,TP,8,0.015,0.023,0.027,0.001,0.015,0.023
118,8,272.18,127.72,1.0,37.424,17.562,0.5,TP,9,0.016,0.0,0.016,-0.002,0.016,0.0
118,9,123.25,144.04,1.47,16.947,19.805,0.735,TP,10,0.012,0.004,0.012,0.007,0.009,-0.004
118,10,430.22,144.62,1.0,59.156,19.885,0.5,TP,11,0.008,0.0,0.008,-0.002,-0.008,0.0
118,11,256.57,146.96,7.53,35.279,20.207,3.763,TP,12,0.129,0.028,0.133,0.129,-0.001,-0.028
118,12,186.94,158.31,1.97,25.705,21.767,0.986,TP,13,0.024,0.031,0.039,0.024,0.001,-0.031
118,13,503.18,166.73,3.17,69.188,22.926,1.586,TP,14,0.056,0.092,0.108,-0.045,-0.033,0.092
118,14,502.56,163.0,6.72,69.101,22.413,3.361,FP,,,,,,,
118,15,0.0,167.5,8.0,0.0,23.031,4.0,FP,,,,,,,
118,16,0.0,171.5,8.0,0.0,23.581,4.0,FP,,,,,,,
118,17,0.0,173.0,1.0,0.0,23.788,0.5,FP,,,,,,,
118,18,156.89,175.08,7.4,21.572,24.074,3.701,TP,15,0.032,0.022,0.039,-0.006,0.031,0.022
118,19,166.99,185.15,2.15,22.961,25.458,1.073,TP,16,0.058,0.079,0.098,-0.056,-0.015,0.079
118,20,332.62,194.69,4.62,45.735,26.77,2.308,TP,17,0.099,0.032,0.104,0.014,0.098,-0.032
118,21,228.05,199.96,1.44,31.357,27.495,0.72,TP,18,0.021,0.023,0.031,0.015,0.015,-0.023
118,22,303.79,208.88,5.51,41.771,28.721,2.756,TP,19,0.173,0.187,0.255,-0.05,-0.165,0.187
118,23,504.32,215.75,1.67,69.344,29.665,0.836,TP,20,0.029,0.11,0.114,0.025,-0.014,0.11
118,24,349.5,213.0,9.0,48.056,29.288,4.5,FP,,,,,,,
118,25,353.76,221.84,6.06,48.643,30.503,3.03,TP,21,0.021,0.036,0.042,0.014,0.016,-0.036
118,26,380.76,218.89,7.41,52.354,30.098,3.705,TP,22,0.12,0.07,0.139,0.101,0.065,-0.07
118,27,69.26,227.58,6.24,9.523,31.293,3.119,TP,23,0.03,0.017,0.034,-0.028,-0.008,0.017
118,28,454.46,235.72,3.07,62.488,32.412,1.536,TP,24,0.022,0.011,0.025,0.007,0.021,-0.011
118,29,496.6,246.67,4.86,68.282,33.917,2.43,TP,26,0.107,0.193,0.221,-0.025,-0.104,0.193
118,30,96.12,247.44,4.95,13.216,34.024,2.474,TP,25,0.045,0.031,0.055,0.036,0.027,-0.031
118,31,34.13,275.04,6.75,4.694,37.818,3.374,TP,27,0.261,0.191,0.323,-0.123,-0.23,0.191
118,32,254.03,287.64,2.38,34.929,39.551,1.189,TP,28,0.019,0.041,0.046,0.017,-0.009,-0.041
118,33,163.97,308.97,2.13,22.547,42.484,1.063,TP,29,0.013,0.057,0.058,-0.002,0.013,0.057
118,34,267.0,334.51,7.68,36.713,45.995,3.838,TP,30,0.363,0.082,0.372,0.293,0.215,0.082
118,35,271.5,345.72,8.33,37.331,47.537,4.167,TP,31,0.784,2.947,3.05,-0.384,-0.684,2.947
118,36,274.24,350.79,2.35,37.709,48.233,1.175,FP,,,,,,,
118,37,239.74,355.79,1.13,32.964,48.921,0.563,TP,32,0.11,0.054,0.123,0.076,0.08,0.054
118,38,261.01,356.39,5.43,35.888,49.003,2.716,TP,33,0.042,0.085,0.095,0.025,0.034,-0.085
118,39,479.5,376.1,3.21,65.932,51.714,1.604,TP,34,0.029,0.117,0.12,0.011,-0.027,0.117
118,40,465.09,378.01,1.91,63.951,51.977,0.953,TP,35,0.059,0.025,0.064,-0.056,0.021,-0.025
118,41,451.42,391.74,6.48,62.071,53.865,3.24,TP,36,0.114,0.021,0.115,0.025,0.111,-0.021
118,42,403.43,403.19,1.81,55.472,55.439,0.905,TP,37,0.04,0.026,0.048,-0.04,-0.003,0.026
118,43,154.93,444.13,2.41,21.303,61.068,1.206,TP,38,0.016,0.037,0.04,-0.002,0.016,-0.037
118,44,395.66,446.61,4.0,54.404,61.409,2.0,TP,39,0.018,0.0,0.018,-0.013,-0.012,0.0
118,45,324.53,451.0,2.0,44.623,62.013,1.0,TP,40,0.006,0.007,0.01,0.005,-0.004,-0.007
118,46,187.79,471.12,1.95,25.822,64.779,0.974,TP,41,0.014,0.016,0.021,0.014,-0.002,-0.016
118,47,482.98,472.97,2.4,66.41,65.033,1.198,TP,42,0.02,0.028,0.034,0.019,0.005,-0.028
118,48,305.82,482.01,6.65,42.051,66.276,3.323,TP,43,0.242,0.188,0.307,-0.095,-0.223,0.188
118,49,223.19,503.13,6.74,30.689,69.181,3.372,TP,44,0.12,0.071,0.14,-0.014,-0.119,-0.071
118,50,344.43,505.7,2.34,47.36,69.534,1.17,TP,45,0.024,0.004,0.025,0.015,0.019,-0.004
118,,,,,28.142,10.868,4.448,FN,4,,,,,,
119,0,47.35,5.83,5.22,6.511,0.801,2.609,TP,0,0.091,0.364,0.376,0.042,0.08,-0.364
119,1,131.81,8.4,3.31,18.124,1.156,1.657,TP,1,0.048,0.052,0.071,0.036,0.031,-0.052
119,2,209.11,14.12,6.87,28.753,1.942,3.433,TP,2,0.071,0.1,0.122,0.07,0.011,-0.1
119,3,20.3,14.76,7.71,2.792,2.03,3.854,TP,3,0.018,0.101,0.102,-0.015,0.01,0.101
119,4,29.62,17.38,9.0,4.072,2.39,4.5,FP,,,,,,,
119,5,431.37,72.36,3.39,59.314,9.95,1.695,TP,4,0.075,0.046,0.088,-0.074,-0.013,-0.046
119,6,260.25,76.33,1.43,35.785,10.496,0.716,TP,5,0.011,0.012,0.016,0.004,-0.01,0.012
119,7,445.01,103.43,5.37,61.189,14.221,2.685,TP,6,0.035,0.019,0.039,0.002,0.034,-0.019
119,8,481.95,99.14,6.51,66.268,13.632,3.254,TP,7,0.023,0.044,0.049,0.02,-0.01,-0.044
119,9,347.24,112.42,3.67,47.746,15.458,1.837,TP,8,0.027,0.011,0.03,-0.018,-0.021,-0.011
119,10,223.71,110.18,7.04,30.761,15.15,3.518,TP,9,0.018,0.003,0.018,0.01,-0.015,-0.003
119,11,281.09,113.74,5.11,38.65,15.639,2.556,TP,10,0.011,0.009,0.014,-0.001,-0.011,-0.009
119,12,191.07,114.41,7.18,26.272,15.732,3.588,TP,11,0.056,0.082,0.099,-0.014,-0.054,0.082
119,13,239.23,128.7,2.23,32.894,17.697,1.116,TP,12,0.037,0.095,0.102,0.028,0.024,-0.095
119,14,3.53,134.85,3.42,0.485,18.541,1.712,TP,13,0.1,0.446,0.457,-0.004,0.1,-0.446
119,15,221.57,143.87,3.36,30.466,19.782,1.678,TP,14,0.034,0.024,0.041,-0.012,-0.031,0.024
119,16,201.35,155.54,7.86,27.685,21.386,3.932,TP,15,0.012,0.18,0.18,-0.011,-0.003,0.18
119,17,327.96,157.1,4.21,45.094,21.601,2.105,TP,16,0.003,0.116,0.116,-0.003,0.001,-0.116
119,18,440.1,172.78,2.23,60.513,23.757,1.115,TP,17,0.01,0.035,0.036,-0.01,-0.002,-0.035
119,19,9.89,174.26,1.69,1.36,23.961,0.844,TP,18,0.007,0.006,0.009,0.003,-0.006,0.006
119,20,69.29,174.0,1.0,9.527,23.925,0.5,TP,19,0.029,0.0,0.029,-0.029,0.0,0.0
119,21,275.85,179.57,1.79,37.929,24.69,0.896,TP,20,0.009,0.104,0.104,-0.0,0.009,-0.104
119,22,42.31,184.81,4.05,5.818,25.411,2.027,TP,21,0.026,0.018,0.032,-0.017,-0.02,0.018
119,23,380.6,194.58,7.12,52.333,26.755,3.56,TP,22,0.158,0.445,0.473,0.157,0.018,-0.445
119,24,354.38,201.4,3.1,48.727,27.692,1.55,TP,23,0.039,0.041,0.057,-0.034,0.021,0.041
119,25,144.3,214.77,3.51,19.841,29.531,1.755,TP,24,0.07,0.063,0.094,0.051,0.048,-0.063
119,26,423.54,266.43,7.18,58.237,36.635,3.589,TP,26,0.079,0.075,0.109,-0.063,-0.048,0.075
119,27,328.12,263.32,1.41,45.116,36.207,0.706,TP,25,0.021,0.052,0.056,0.012,0.018,-0.052
119,28,67.55,271.31,4.51,9.288,37.305,2.253,TP,27,0.004,0.141,0.141,-0.004,0.002,-0.141
119,29,343.26,270.42,7.53,47.199,37.183,3.763,TP,28,0.024,0.226,0.227,-0.024,-0.002,-0.226
119,30,22.85,278.24,7.34,3.141,38.258,3.67,TP,29,0.003,0.121,0.121,0.002,-0.002,0.121
119,31,327.33,297.88,2.87,45.008,40.958,1.434,TP,31,0.031,0.018,0.036,-0.007,-0.03,-0.018
119,32,442.27,301.44,1.0,60.812,41.449,0.5,TP,32,0.037,0.0,0.037,0.023,0.029,0.0
119,33,405.18,303.39,3.15,55.712,41.717,1.575,TP,33,0.035,0.017,0.039,-0.035,-0.002,0.017
119,34,9.69,308.26,6.37,1.332,42.386,3.185,TP,34,0.087,0.057,0.104,-0.086,-0.012,0.057
119,35,165.89,326.59,3.22,22.809,44.906,1.61,TP,35,0.047,0.182,0.188,0.025,0.04,-0.182
119,36,300.85,354.31,2.93,41.367,48.717,1.467,TP,36,0.047,0.099,0.109,0.032,0.034,-0.099
119,37,143.54,359.93,2.81,19.737,49.49,1.404,TP,37,0.039,0.057,0.069,0.039,0.002,-0.057
119,38,82.62,367.79,4.39,11.361,50.571,2.193,TP,38,0.072,0.004,0.072,-0.053,-0.049,-0.004
119,39,359.53,365.59,1.28,49.436,50.269,0.641,TP,39,0.032,0.008,0.033,-0.032,0.005,0.008
119,40,173.31,371.77,4.14,23.83,51.119,2.069,TP,40,0.031,0.069,0.075,-0.001,-0.031,0.069
119,41,475.68,384.97,2.53,65.406,52.933,1.264,TP,41,0.021,0.011,0.024,-0.006,-0.02,0.011
119,42,261.23,405.69,2.19,35.919,55.782,1.095,TP,42,0.067,0.008,0.067,0.004,-0.067,-0.008
119,43,341.28,435.97,2.85,46.926,59.946,1.424,TP,43,0.016,0.042,0.045,0.011,0.012,-0.042
119,44,218.53,442.6,4.31,30.047,60.857,2.156,TP,44,0.029,0.031,0.042,0.015,-0.025,0.031
119,45,300.57,468.07,3.37,41.328,64.36,1.686,TP,45,0.003,0.047,0.047,0.002,0.002,-0.047
119,46,276.01,480.68,5.51,37.951,66.093,2.755,TP,46,0.033,0.005,0.033,-0.007,0.032,0.005
119,47,483.47,492.94,7.5,66.477,67.779,3.749,TP,47,0.086,0.052,0.1,-0.021,-0.083,0.052
119,48,176.11,508.62,6.27,24.215,69.936,3.134,TP,48,0.138,0.634,0.649,-0.073,-0.117,0.634
119,,,,,44.481,39.188,0.5,FN,30,,,,,,
121,0,8.68,16.2,5.48,1.193,2.228,2.74,TP,0,0.02,0.093,0.095,-0.019,0.005,0.093
121,1,66.41,20.8,2.25,9.132,2.86,1.126,TP,1,0.02,0.028,0.035,-0.0,-0.02,-0.028
121,2,424.88,34.12,1.0,58.42,4.692,0.5,TP,2,0.054,0.0,0.054,-0.017,-0.052,0.0
121,3,87.16,52.74,2.0,11.985,7.251,1.0,TP,3,0.032,0.0,0.032,0.027,0.017,0.0
121,4,197.43,53.41,5.91,27.146,7.344,2.955,TP,4,0.115,0.124,0.169,-0.114,-0.013,0.124
121,5,277.16,57.93,2.47,38.11,7.965,1.235,TP,5,0.044,0.064,0.078,0.022,0.038,-0.064
121,6,399.23,106.25,8.1,54.894,14.609,4.052,TP,6,0.297,0.052,0.301,0.295,0.026,0.052
121,7,384.4,135.82,5.53,52.854,18.675,2.765,TP,7,0.042,0.053,0.067,0.017,0.038,0.053
121,8,325.51,133.11,2.66,44.758,18.303,1.329,TP,8,0.019,0.002,0.019,-0.017,-0.009,-0.002
121,9,95.63,144.08,3.53,13.15,19.812,1.763,TP,9,0.022,0.066,0.07,0.013,-0.018,0.066
121,10,2.63,153.23,2.31,0.362,21.069,1.154,TP,10,0.121,0.346,0.367,-0.005,0.121,-0.346
121,11,510.71,151.86,1.0,70.223,20.88,0.5,FP,,,,,,,
121,12,92.81,161.91,2.67,12.761,22.262,1.333,TP,11,0.14,0.094,0.168,0.048,0.131,-0.094
121,13,83.53,209.95,6.55,11.485,28.868,3.275,TP,12,0.017,0.072,0.074,0.005,0.016,0.072
121,14,30.95,222.63,7.3,4.256,30.611,3.651,TP,14,0.056,0.101,0.115,-0.02,-0.053,0.101
121,15,402.97,217.52,7.15,55.408,29.909,3.575,TP,15,0.035,0.033,0.048,0.01,-0.034,0.033
121,16,159.36,223.38,8.02,21.912,30.714,4.012,TP,13,0.186,0.081,0.203,0.108,0.151,-0.081
121,17,405.56,231.08,1.0,55.764,31.774,0.5,TP,16,0.045,0.0,0.045,-0.011,0.044,0.0
121,18,333.06,233.91,7.36,45.795,32.162,3.679,TP,17,0.221,0.315,0.385,0.193,0.108,-0.315
121,19,109.59,254.73,1.88,15.069,35.026,0.94,TP,18,0.035,0.039,0.052,0.003,0.035,-0.039
121,20,453.18,262.26,2.73,62.312,36.061,1.366,TP,20,0.038,0.139,0.144,-0.038,-0.003,0.139
121,21,462.99,260.2,7.0,63.661,35.778,3.5,TP,19,0.06,0.232,0.239,-0.058,0.016,0.232
121,22,334.8,263.8,1.47,46.034,36.272,0.735,TP,21,0.009,0.002,0.009,0.001,-0.009,0.002
121,23,310.91,271.91,1.0,42.75,37.388,0.5,TP,22,0.018,0.0,0.018,-0.013,-0.013,0.0
121,24,255.45,280.74,4.35,35.124,38.602,2.176,TP,23,0.021,0.018,0.027,-0.016,-0.014,0.018
121,25,393.33,286.0,1.0,54.083,39.325,0.5,TP,24,0.008,0.0,0.008,0.006,0.006,0.0
121,26,318.12,285.88,9.0,43.742,39.308,4.5,FP,,,,,,,
121,27,279.17,290.0,1.85,38.385,39.875,0.923,TP,25,0.014,0.008,0.016,-0.013,-0.004,0.008
121,28,204.5,292.0,1.0,28.119,40.15,0.5,TP,27,0.026,0.0,0.026,-0.026,0.0,0.0
121,29,324.99,300.98,6.82,44.686,41.384,3.411,TP,28,0.258,0.187,0.319,-0.109,-0.233,0.187
121,30,2.85,295.15,1.9,0.392,40.583,0.951,TP,26,0.07,0.181,0.194,0.068,0.018,0.181
121,31,276.67,312.07,7.31,38.042,42.91,3.655,TP,29,0.033,0.064,0.072,-0.032,0.005,-0.064
121,32,75.08,322.6,2.15,10.323,44.358,1.076,TP,30,0.021,0.001,0.021,-0.021,0.003,0.001
121,33,253.28,342.13,2.33,34.826,47.042,1.167,TP,31,0.006,0.007,0.009,0.005,-0.002,-0.007
121,34,415.26,342.46,6.51,57.098,47.088,3.255,TP,32,0.016,0.005,0.016,-0.0,-0.016,0.005
121,35,367.35,360.14,1.61,50.51,49.519,0.803,TP,33,0.006,0.014,0.015,0.002,-0.005,-0.014
121,36,300.61,363.13,7.04,41.333,49.931,3.518,TP,34,0.03,0.055,0.062,-0.025,0.016,0.055
121,37,41.1,367.46,6.29,5.651,50.526,3.144,TP,35,0.329,0.278,0.431,-0.327,-0.041,0.278
121,38,245.81,402.25,8.38,33.799,55.309,4.188,TP,36,0.534,0.12,0.547,0.03,0.533,-0.12
121,39,172.53,409.91,1.12,23.722,56.363,0.561,TP,37,0.011,0.014,0.018,-0.011,-0.004,0.014
121,40,247.2,410.4,9.0,33.99,56.43,4.5,FP,,,,,,,
121,41,293.96,416.71,7.3,40.42,57.297,3.652,TP,38,0.166,0.116,0.202,0.008,0.166,-0.116
121,42,273.03,415.43,4.87,37.541,57.121,2.433,TP,39,0.161,0.213,0.268,-0.16,-0.02,0.213
121,43,501.47,436.49,4.0,68.952,60.018,2.0,TP,41,0.056,0.02,0.059,0.054,0.015,0.02
121,44,77.03,439.71,6.73,10.592,60.46,3.366,TP,40,0.166,0.184,0.248,0.106,0.128,-0.184
121,45,335.25,440.5,1.5,46.097,60.569,0.75,TP,42,0.024,0.088,0.092,0.002,-0.024,-0.088
121,46,424.31,451.12,3.66,58.342,62.029,1.831,TP,43,0.007,0.066,0.066,0.001,-0.007,-0.066
121,47,24.2,448.83,7.91,3.327,61.714,3.956,TP,44,0.208,0.299,0.364,-0.121,-0.169,0.299
121,48,266.31,454.31,7.59,36.618,62.468,3.796,TP,45,0.09,0.045,0.101,0.085,0.03,-0.045
121,49,293.9,468.33,2.4,40.412,64.395,1.202,TP,46,0.008,0.004,0.009,0.005,0.007,-0.004
121,50,24.18,470.99,4.55,3.325,64.761,2.273,TP,47,0.002,0.023,0.023,0.001,-0.002,0.023
121,51,180.11,489.03,7.75,24.766,67.242,3.875,TP,48,0.139,0.039,0.144,0.023,0.137,-0.039
121,52,476.7,482.77,4.25,65.546,66.38,2.125,TP,49,0.016,0.045,0.048,0.013,-0.009,0.045
123,0,42.53,12.02,7.2,5.848,1.652,3.599,TP,1,0.07,0.068,0.098,-0.012,-0.069,0.068
123,1,342.25,10.63,2.91,47.06,1.462,1.455,TP,0,0.011,0.01,0.015,-0.006,0.009,-0.01
123,2,200.21,22.97,3.01,27.529,3.158,1.506,TP,2,0.008,0.044,0.045,-0.007,0.004,-0.044
123,3,64.69,50.44,4.41,8.895,6.936,2.205,TP,3,0.011,0.111,0.112,-0.011,-0.001,-0.111
123,4,397.37,58.7,5.15,54.638,8.071,2.577,TP,4,0.132,0.145,0.196,-0.059,-0.118,0.145
123,5,366.77,68.05,1.85,50.431,9.356,0.926,TP,5,0.012,0.049,0.05,0.011,-0.005,-0.049
123,6,139.86,69.07,1.77,19.231,9.498,0.883,TP,6,0.021,0.021,0.03,-0.016,-0.015,-0.021
123,7,416.39,86.82,1.0,57.254,11.938,0.5,TP,7,0.017,0.0,0.017,-0.008,0.015,0.0
123,8,72.08,91.28,1.0,9.91,12.551,0.5,TP,8,0.081,0.048,0.094,0.044,0.068,-0.048
123,9,21.65,115.02,8.42,2.977,15.816,4.21,TP,9,0.259,0.286,0.386,0.043,0.255,0.286
123,10,401.85,125.6,2.21,55.254,17.27,1.103,TP,10,0.02,0.03,0.036,-0.015,-0.013,-0.03
123,11,509.31,126.31,5.0,70.03,17.367,2.5,TP,12,0.337,0.553,0.647,-0.128,-0.312,0.553
123,12,7.5,127.0,9.0,1.031,17.462,4.5,TP,11,0.252,0.456,0.521,0.062,-0.244,0.456
123,13,7.34,130.2,7.62,1.009,17.903,3.81,FP,,,,,,,
123,14,483.53,142.78,5.12,66.485,19.633,2.562,TP,13,0.136,0.105,0.172,-0.129,-0.043,0.105
123,15,471.0,139.0,9.0,64.763,19.113,4.5,FP,,,,,,,
123,16,28.33,145.21,7.13,3.896,19.967,3.565,TP,14,0.131,0.139,0.191,-0.095,-0.09,0.139
123,17,447.26,161.98,4.45,61.498,22.272,2.227,TP,15,0.01,0.044,0.046,0.009,0.005,-0.044
123,18,463.35,165.64,7.31,63.71,22.775,3.655,TP,16,0.042,0.195,0.199,0.039,0.015,-0.195
123,19,276.68,168.19,4.25,38.044,23.126,2.127,TP,17,0.061,0.111,0.127,-0.059,-0.014,0.111
123,20,235.33,184.15,5.28,32.357,25.321,2.639,TP,18,0.086,0.047,0.098,-0.074,-0.044,0.047
123,21,150.5,183.63,6.97,20.694,25.249,3.487,TP,19,0.004,0.026,0.026,0.003,-0.004,-0.026
123,22,268.8,206.17,7.65,36.959,28.349,3.823,TP,20,0.188,0.003,0.188,0.167,0.087,0.003
123,23,194.25,218.92,7.6,26.709,30.102,3.799,TP,21,0.052,0.049,0.071,-0.028,0.044,0.049
123,24,336.84,221.79,1.88,46.316,30.496,0.939,TP,22,0.024,0.069,0.073,0.005,0.024,-0.069
123,25,296.11,230.49,5.97,40.715,31.692,2.987,TP,23,0.007,0.092,0.092,0.005,0.004,-0.092
123,26,150.66,256.05,4.85,20.716,35.207,2.427,TP,24,0.858,0.783,1.162,0.329,0.793,0.783
123,27,42.86,248.85,5.09,5.894,34.216,2.543,TP,25,0.244,0.427,0.491,-0.227,-0.089,0.427
123,28,2.94,261.4,1.37,0.405,35.943,0.686,TP,27,0.055,0.019,0.058,0.053,-0.014,0.019
123,29,322.83,272.11,1.92,44.39,37.415,0.958,TP,28,0.016,0.03,0.034,0.01,-0.012,0.03
123,30,248.06,310.02,2.0,34.108,42.628,1.0,TP,29,0.004,0.0,0.004,0.004,-0.002,0.0
123,31,163.83,309.98,1.4,22.527,42.623,0.7,TP,30,0.025,0.042,0.049,-0.005,0.025,-0.042
123,32,448.58,341.33,5.34,61.68,46.933,2.668,TP,31,0.069,0.031,0.076,0.023,0.065,-0.031
123,33,123.9,339.57,5.69,17.036,46.69,2.845,TP,32,0.026,0.068,0.073,0.025,-0.007,-0.068
123,34,115.88,353.04,4.31,15.934,48.543,2.156,TP,33,0.026,0.068,0.073,0.017,-0.021,-0.068
123,35,462.88,358.02,3.21,63.646,49.228,1.603,TP,34,0.024,0.035,0.043,0.022,0.01,-0.035
123,36,174.07,363.15,6.55,23.935,49.933,3.277,TP,35,0.038,0.046,0.059,-0.023,-0.03,0.046
123,37,21.26,395.88,2.4,2.923,54.434,1.199,TP,36,0.018,0.059,0.061,0.0,0.018,-0.059
123,38,255.32,398.34,3.39,35.106,54.772,1.695,TP,37,0.008,0.016,0.018,0.004,-0.008,-0.016
123,39,308.72,415.52,4.9,42.449,57.134,2.45,TP,38,0.042,0.002,0.042,0.011,0.041,-0.002
123,40,438.01,423.24,3.02,60.226,58.195,1.51,TP,39,0.009,0.001,0.009,0.006,-0.006,-0.001
123,41,177.73,433.83,3.95,24.438,59.651,1.977,TP,40,0.006,0.12,0.12,0.005,0.003,-0.12
123,42,330.75,459.25,1.0,45.478,63.147,0.5,TP,41,0.0,0.0,0.0,0.0,0.0,0.0
123,43,432.55,460.74,1.45,59.475,63.351,0.726,TP,42,0.018,0.018,0.026,0.002,-0.018,-0.018
123,44,62.42,469.71,3.99,8.583,64.585,1.995,TP,43,0.015,0.005,0.015,0.014,-0.004,-0.005
123,45,86.53,468.05,2.89,11.898,64.357,1.444,TP,44,0.004,0.038,0.038,0.003,0.002,-0.038
123,46,422.44,467.61,1.81,58.086,64.297,0.907,TP,45,0.024,0.082,0.085,0.001,0.024,-0.082
123,47,308.42,479.69,5.51,42.408,65.958,2.756,TP,46,0.062,0.09,0.109,-0.054,-0.029,0.09
123,48,424.0,491.88,6.25,58.3,67.633,3.126,TP,47,0.008,0.124,0.124,0.002,0.008,-0.124
123,49,165.0,503.0,3.0,22.688,69.162,1.5,TP,48,0.486,0.75,0.894,-0.069,-0.481,0.75
123,50,165.6,506.71,1.43,22.769,69.673,0.714,FP,,,,,,,
123,,,,,21.073,36.028,2.336,FN,26,,,,,,
13,0,395.75,2.45,6.04,54.415,0.337,3.018,TP,1,0.096,0.311,0.326,0.095,-0.014,-0.311
13,1,49.54,9.8,8.36,6.812,1.348,4.178,TP,0,0.28,0.004,0.28,0.134,0.246,0.004
13,2,326.07,7.81,2.85,44.835,1.074,1.427,TP,2,0.018,0.032,0.037,0.005,-0.017,-0.032
13,3,479.01,47.2,5.0,65.863,6.49,2.5,TP,3,0.014,0.0,0.014,-0.0,0.014,0.0
13,4,205.37,56.6,3.31,28.238,7.783,1.653,TP,4,0.046,0.022,0.051,-0.017,-0.043,0.022
13,5,49.31,63.4,2.14,6.78,8.718,1.07,TP,5,0.041,0.009,0.042,0.041,-0.0,-0.009
13,6,55.46,82.68,1.44,7.626,11.369,0.72,TP,6,0.005,0.001,0.005,-0.001,0.005,-0.001
13,7,479.34,93.66,1.5,65.91,12.878,0.75,TP,7,0.025,0.007,0.026,-0.02,0.016,-0.007
13,8,205.95,95.79,1.0,28.318,13.171,0.5,TP,8,0.046,0.0,0.046,-0.007,-0.045,0.0
13,9,379.8,117.28,4.97,52.222,16.125,2.483,TP,9,0.03,0.029,0.042,-0.014,-0.026,-0.029
13,10,51.78,116.5,1.0,7.119,16.019,0.5,TP,10,0.018,0.0,0.018,0.018,-0.004,0.0
13,11,98.66,136.81,4.13,13.566,18.811,2.063,TP,11,0.059,0.011,0.06,-0.053,-0.026,-0.011
13,12,0.82,140.29,9.0,0.113,19.29,4.5,FP,,,,,,,
13,13,509.65,140.54,7.59,70.077,19.325,3.793,TP,12,0.104,0.144,0.177,-0.042,0.095,-0.144
13,14,0.0,140.0,1.0,0.0,19.25,0.5,FP,,,,,,,
13,15,66.68,147.24,3.02,9.169,20.246,1.508,TP,13,0.02,0.005,0.021,-0.019,-0.005,-0.005
13,16,376.4,182.95,6.34,51.755,25.155,3.171,TP,14,0.05,0.143,0.152,-0.049,-0.013,0.143
13,17,384.11,180.44,6.33,52.815,24.811,3.167,TP,15,1.037,0.89,1.367,-0.352,-0.975,0.89
13,18,387.9,191.99,2.83,53.336,26.399,1.416,FP,,,,,,,
13,19,431.72,195.92,4.63,59.361,26.94,2.314,TP,16,0.197,0.205,0.284,0.193,0.036,-0.205
13,20,30.83,199.24,1.52,4.239,27.396,0.762,TP,17,0.02,0.016,0.026,0.0,-0.02,0.016
13,21,369.25,208.55,3.57,50.772,28.676,1.787,TP,19,0.027,0.037,0.046,-0.005,-0.027,-0.037
13,22,49.04,207.29,2.59,6.743,28.502,1.294,TP,18,0.079,0.199,0.214,0.078,-0.009,-0.199
13,23,311.6,203.13,5.24,42.844,27.931,2.62,TP,20,0.022,0.133,0.135,-0.022,-0.003,0.133
13,24,54.71,240.9,2.33,7.522,33.123,1.164,TP,21,0.038,0.004,0.039,-0.007,-0.038,-0.004
13,25,419.18,253.04,5.35,57.637,34.792,2.677,TP,22,0.034,0.009,0.036,-0.012,-0.032,0.009
13,26,122.56,261.3,2.03,16.852,35.929,1.014,TP,23,0.043,0.014,0.045,-0.022,-0.037,0.014
13,27,128.0,269.0,4.0,17.6,36.987,2.0,FP,,,,,,,
13,28,360.89,280.27,5.52,49.622,38.537,2.76,TP,24,0.028,0.008,0.029,0.009,0.026,-0.008
13,29,109.25,277.0,5.57,15.022,38.088,2.783,TP,25,0.164,0.246,0.295,-0.162,-0.024,0.246
13,30,129.8,281.26,6.81,17.847,38.673,3.407,TP,26,0.034,0.097,0.103,-0.025,0.023,-0.097
13,31,168.32,278.14,5.06,23.143,38.245,2.529,TP,27,0.039,0.012,0.04,-0.027,0.027,-0.012
13,32,73.32,283.23,4.38,10.081,38.944,2.19,TP,28,0.05,0.022,0.055,0.049,0.01,-0.022
13,33,402.21,289.33,6.4,55.303,39.782,3.199,TP,30,0.271,0.175,0.323,-0.228,-0.147,0.175
13,34,160.77,296.41,3.56,22.106,40.757,1.781,TP,29,0.462,0.28,0.54,0.188,0.422,-0.28
13,35,201.11,309.78,4.04,27.653,42.595,2.018,TP,31,0.213,0.067,0.223,-0.015,-0.212,-0.067
13,36,213.7,303.26,7.62,29.384,41.698,3.811,TP,32,0.085,0.038,0.093,0.067,0.052,0.038
13,37,265.15,377.75,1.0,36.458,51.941,0.5,TP,33,0.032,0.0,0.032,-0.025,-0.019,0.0
13,38,13.38,389.6,3.26,1.84,53.571,1.628,TP,34,0.011,0.003,0.011,0.01,-0.004,-0.003
13,39,108.97,396.84,1.96,14.984,54.566,0.978,TP,35,0.013,0.029,0.032,0.011,0.008,-0.029
13,40,492.72,404.87,6.36,67.749,55.67,3.18,TP,36,0.251,0.201,0.321,-0.194,-0.158,0.201
13,41,55.59,412.69,2.91,7.644,56.745,1.453,TP,37,0.053,0.05,0.073,0.045,0.028,-0.05
13,42,54.6,448.4,1.96,7.508,61.655,0.982,TP,38,0.011,0.002,0.011,0.003,-0.011,0.002
13,43,217.06,451.96,2.11,29.846,62.144,1.055,TP,39,0.015,0.061,0.063,0.015,0.001,0.061
13,44,231.33,465.06,5.11,31.808,63.946,2.554,TP,40,0.013,0.205,0.205,0.002,-0.013,-0.205
13,45,205.58,479.21,7.93,28.267,65.892,3.964,TP,41,0.17,0.131,0.214,0.17,0.005,0.131
13,46,337.69,482.01,4.41,46.433,66.277,2.207,TP,42,0.041,0.061,0.074,-0.033,-0.025,0.061
13,47,142.26,503.39,7.59,19.561,69.215,3.793,TP,43,0.091,0.107,0.14,0.013,0.09,0.107
13,48,6.93,501.49,4.61,0.953,68.955,2.307,TP,44,0.007,0.02,0.021,0.003,-0.007,0.02
13,49,207.05,503.6,7.84,28.469,69.245,3.921,TP,46,0.283,0.296,0.41,-0.161,-0.232,0.296
13,50,312.5,498.0,2.76,42.969,68.475,1.379,TP,45,0.009,0.14,0.14,-0.007,0.006,0.14
143,0,295.07,5.42,2.39,40.572,0.746,1.197,TP,0,0.071,0.014,0.072,0.054,0.045,-0.014
143,1,69.46,16.4,7.54,9.551,2.256,3.768,TP,1,0.525,0.204,0.564,-0.007,0.525,-0.204
143,2,56.91,21.61,1.39,7.826,2.971,0.696,TP,2,0.071,0.029,0.077,-0.065,-0.027,0.029
143,3,376.81,24.89,7.2,51.811,3.423,3.6,TP,3,0.085,0.1,0.131,-0.046,-0.071,0.1
143,4,192.88,33.56,1.42,26.521,4.615,0.71,TP,4,0.039,0.029,0.048,-0.02,0.033,-0.029
143,5,465.97,39.3,1.97,64.071,5.404,0.984,TP,5,0.017,0.032,0.036,-0.009,-0.014,-0.032
143,6,504.27,39.55,5.81,69.336,5.438,2.905,TP,6,0.011,0.189,0.19,-0.01,-0.002,0.189
143,7,181.68,57.62,3.79,24.981,7.923,1.895,TP,7,0.011,0.105,0.105,0.008,0.008,-0.105
143,8,141.63,58.81,8.4,19.474,8.086,4.199,TP,8,0.147,0.121,0.191,0.14,0.047,-0.121
143,9,344.1,74.47,7.96,47.314,10.24,3.981,TP,9,0.064,0.086,0.107,0.061,-0.017,0.086
143,10,326.89,81.05,6.83,44.947,11.144,3.413,TP,11,0.206,0.284,0.351,-0.151,-0.14,0.284
143,11,55.92,79.03,8.01,7.689,10.866,4.006,TP,10,0.164,0.014,0.164,0.159,0.039,-0.014
143,12,370.81,88.5,7.09,50.986,12.168,3.546,TP,12,0.152,0.293,0.33,-0.15,-0.026,0.293
143,13,448.45,93.53,2.47,61.662,12.861,1.234,TP,13,0.008,0.007,0.011,-0.004,0.007,-0.007
143,14,126.27,108.36,1.45,17.362,14.9,0.726,TP,14,0.022,0.0,0.022,0.022,0.004,-0.0
143,15,506.77,119.0,8.29,69.68,16.363,4.145,TP,15,0.541,0.034,0.542,0.1,0.531,-0.034
143,16,72.32,125.43,6.15,9.943,17.247,3.077,TP,16,0.046,0.049,0.067,-0.046,-0.004,0.049
143,17,375.49,133.02,4.25,51.63,18.291,2.126,TP,17,0.017,0.091,0.093,0.017,0.005,-0.091
143,18,2.2,147.84,5.17,0.302,20.328,2.587,TP,18,0.132,0.386,0.408,0.017,0.131,-0.386
143,19,181.62,149.07,3.45,24.972,20.497,1.723,TP,19,0.008,0.015,0.017,-0.008,0.001,-0.015
143,20,87.89,159.98,1.71,12.084,21.998,0.855,TP,20,0.045,0.019,0.049,-0.025,-0.038,0.019
143,21,22.55,163.46,6.13,3.101,22.476,3.067,TP,21,0.021,0.188,0.189,0.02,-0.007,-0.188
143,22,108.27,197.74,2.88,14.887,27.189,1.438,TP,22,0.004,0.003,0.005,-0.001,-0.004,0.003
143,23,37.92,204.48,6.36,5.213,28.115,3.178,TP,23,0.041,0.047,0.062,-0.034,-0.022,0.047
143,24,373.27,210.6,2.41,51.324,28.958,1.203,TP,24,0.012,0.032,0.035,0.008,0.009,-0.032
143,25,145.4,221.94,5.82,19.993,30.517,2.91,TP,25,0.035,0.114,0.119,-0.007,0.034,-0.114
143,26,335.91,241.86,6.19,46.187,33.256,3.094,TP,26,0.211,0.333,0.395,-0.109,-0.181,0.333
143,27,41.08,255.36,2.48,5.648,35.112,1.242,TP,27,0.027,0.043,0.051,-0.019,-0.019,-0.043
143,28,52.81,266.27,2.26,7.262,36.612,1.129,TP,28,0.007,0.028,0.028,-0.002,0.007,-0.028
143,29,231.55,280.7,3.87,31.838,38.596,1.934,TP,29,0.011,0.035,0.037,0.009,0.005,-0.035
143,30,494.23,311.06,5.34,67.957,42.771,2.672,TP,30,0.636,0.636,0.899,0.307,0.557,0.636
143,31,433.5,306.46,7.58,59.606,42.138,3.792,TP,31,0.003,0.072,0.072,-0.002,-0.001,0.072
143,32,141.57,306.37,6.56,19.466,42.126,3.281,TP,32,0.105,0.36,0.375,-0.105,-0.005,0.36
143,33,314.03,307.87,7.7,43.179,42.332,3.849,TP,33,0.029,0.058,0.065,-0.018,0.022,0.058
143,34,153.13,318.33,7.67,21.056,43.77,3.835,TP,34,0.387,0.056,0.391,0.206,0.328,-0.056
143,35,508.83,319.76,3.42,69.964,43.967,1.711,TP,36,0.087,0.118,0.147,-0.081,-0.033,0.118
143,36,23.62,352.5,6.39,3.247,48.469,3.196,TP,37,0.151,0.075,0.169,-0.14,0.056,0.075
143,37,425.59,355.12,1.0,58.518,48.829,0.5,TP,38,0.0,0.0,0.0,0.0,0.0,0.0
143,38,14.34,362.9,2.84,1.972,49.899,1.422,TP,39,0.055,0.091,0.106,0.046,-0.031,-0.091
143,39,312.78,369.78,1.43,43.008,50.845,0.716,TP,40,0.0,0.0,0.0,0.0,0.0,0.0
143,40,229.58,387.27,1.47,31.568,53.249,0.733,TP,41,0.025,0.008,0.026,0.023,0.009,-0.008
143,41,317.25,414.42,7.26,43.622,56.983,3.629,TP,42,0.112,0.136,0.176,0.076,0.083,-0.136
143,42,132.21,422.95,4.27,18.178,58.155,2.133,TP,43,0.078,0.001,0.078,-0.069,-0.037,0.001
143,43,506.26,439.08,2.42,69.611,60.374,1.212,TP,44,0.036,0.115,0.12,0.027,0.023,-0.115
143,44,96.53,433.64,1.47,13.273,59.625,0.736,TP,45,0.01,0.007,0.012,-0.002,0.009,-0.007
143,45,481.42,438.85,7.35,66.195,60.342,3.673,TP,46,0.055,0.122,0.134,-0.055,0.006,0.122
143,46,81.24,447.91,7.71,11.17,61.588,3.854,TP,47,0.047,0.08,0.093,-0.036,-0.03,0.08
143,47,246.91,466.81,7.2,33.95,64.186,3.6,TP,48,0.102,0.359,0.373,-0.073,-0.072,0.359
143,,,,,68.32,43.389,3.649,FN,35,,,,,,
148,0,123.71,16.22,2.61,17.01,2.23,1.306,TP,0,0.07,0.022,0.074,0.068,0.02,-0.022
148,1,316.95,40.79,3.01,43.58,5.609,1.505,TP,1,0.054,0.087,0.102,0.009,0.054,-0.087
148,2,390.88,46.47,7.17,53.747,6.39,3.587,TP,2,0.099,0.106,0.144,-0.094,-0.029,0.106
148,3,52.53,78.17,2.17,7.222,10.748,1.083,TP,3,0.015,0.033,0.036,0.006,0.013,-0.033
148,4,261.73,88.88,1.33,35.987,12.221,0.667,TP,4,0.007,0.056,0.056,-0.007,-0.001,0.056
148,5,276.59,95.75,5.76,38.032,13.166,2.881,TP,5,0.064,0.04,0.076,0.053,0.037,-0.04
148,6,148.2,98.27,1.0,20.378,13.513,0.5,TP,6,0.035,0.0,0.035,0.01,0.034,0.0
148,7,5.21,108.17,6.13,0.716,14.874,3.067,TP,8,0.041,0.11,0.117,0.041,0.008,-0.11
148,8,16.46,108.04,1.0,2.263,14.856,0.5,TP,10,0.069,0.0,0.069,0.047,-0.051,0.0
148,9,206.65,111.07,7.19,28.414,15.272,3.595,TP,9,0.032,0.095,0.101,-0.031,-0.008,0.095
148,10,337.52,118.69,7.27,46.41,16.319,3.637,TP,11,0.123,0.011,0.124,0.028,0.12,-0.011
148,11,391.28,116.65,4.99,53.8,16.039,2.493,TP,12,0.106,0.175,0.204,-0.105,-0.016,0.175
148,12,352.29,128.87,1.0,48.44,17.72,0.5,TP,13,0.01,0.0,0.01,-0.006,0.008,0.0
148,13,248.89,155.17,6.69,34.223,21.336,3.347,TP,14,0.012,0.062,0.063,-0.011,0.005,-0.062
148,14,194.73,161.53,5.18,26.775,22.211,2.591,TP,15,0.067,0.031,0.074,-0.052,-0.043,0.031
148,15,420.26,158.93,5.98,57.786,21.853,2.989,TP,16,0.217,0.196,0.292,-0.217,-0.003,0.196
148,16,36.97,164.0,1.92,5.083,22.55,0.962,TP,17,0.016,0.046,0.048,0.01,-0.012,-0.046
148,17,0.82,171.29,8.0,0.113,23.553,4.0,FP,,,,,,,
148,18,508.06,173.63,3.78,69.858,23.874,1.891,TP,18,0.016,0.084,0.085,-0.015,0.006,-0.084
148,19,158.19,176.96,7.88,21.751,24.332,3.942,TP,19,0.473,0.248,0.534,0.472,-0.009,-0.248
148,20,150.0,177.0,9.0,20.625,24.337,4.5,FP,,,,,,,
148,21,267.26,185.0,2.57,36.748,25.438,1.285,TP,20,0.041,0.029,0.05,-0.036,-0.02,0.029
148,22,106.28,190.72,2.86,14.613,26.224,1.428,TP,21,0.005,0.01,0.011,0.005,-0.001,-0.01
148,23,331.55,196.27,2.08,45.588,26.987,1.038,TP,22,0.031,0.049,0.058,-0.007,-0.03,-0.049
148,24,460.85,209.6,2.98,63.367,28.82,1.492,TP,23,0.01,0.004,0.011,-0.007,-0.007,0.004
148,25,159.28,217.53,5.56,21.901,29.91,2.78,TP,24,0.114,0.176,0.21,-0.076,-0.085,0.176
148,26,438.0,255.0,8.0,60.225,35.062,4.0,TP,25,1.194,1.848,2.2,-0.192,-1.179,1.848
148,27,439.33,263.25,4.36,60.408,36.196,2.18,FP,,,,,,,
148,28,88.95,261.37,1.88,12.23,35.938,0.939,TP,26,0.011,0.072,0.073,-0.001,-0.011,-0.072
148,29,105.73,287.33,6.33,14.538,39.507,3.167,TP,27,0.101,0.146,0.178,-0.087,-0.051,0.146
148,30,165.0,300.77,5.57,22.688,41.356,2.784,TP,28,0.018,0.031,0.036,0.014,0.012,-0.031
148,31,255.39,312.32,2.82,35.116,42.944,1.411,TP,29,0.037,0.024,0.044,0.006,-0.036,-0.024
148,32,287.94,317.46,1.72,39.592,43.651,0.861,TP,30,0.03,0.006,0.031,-0.026,-0.016,-0.006
148,33,269.79,325.58,7.65,37.096,44.767,3.824,TP,31,0.15,0.039,0.156,-0.145,-0.042,-0.039
148,34,231.21,340.05,5.32,31.791,46.757,2.658,TP,32,0.063,0.204,0.214,0.001,-0.063,0.204
148,35,280.26,358.35,6.76,38.536,49.273,3.378,TP,33,0.246,0.155,0.291,-0.153,-0.192,0.155
148,36,402.37,368.72,8.47,55.326,50.698,4.233,TP,34,0.645,0.07,0.649,0.322,0.559,-0.07
148,37,212.78,376.68,5.21,29.257,51.794,2.603,TP,35,0.042,0.097,0.106,-0.026,-0.034,0.097
148,38,90.96,412.77,2.9,12.507,56.756,1.452,TP,36,0.017,0.015,0.023,-0.016,-0.002,-0.015
148,39,399.41,425.31,3.11,54.919,58.48,1.556,TP,37,0.004,0.006,0.007,0.0,0.004,-0.006
148,40,125.26,424.14,8.0,17.224,58.319,4.0,TP,38,0.169,0.0,0.169,-0.168,-0.015,0.0
148,41,459.0,424.66,1.46,63.113,58.39,0.729,TP,39,0.006,0.003,0.007,0.0,0.006,0.003
148,42,437.05,438.18,3.98,60.094,60.249,1.99,TP,40,0.012,0.095,0.095,0.007,0.009,-0.095
148,43,73.98,450.89,1.41,10.172,61.998,0.706,TP,41,0.033,0.013,0.035,-0.015,-0.029,-0.013
148,44,307.25,465.79,7.97,42.247,64.047,3.986,TP,42,0.182,0.103,0.209,0.018,0.181,-0.103
148,45,84.75,467.59,6.06,11.653,64.294,3.028,TP,44,0.173,0.354,0.394,-0.156,-0.074,0.354
148,46,289.92,465.99,7.48,39.864,64.073,3.741,TP,43,0.085,0.047,0.097,0.085,-0.005,-0.047
148,47,476.39,485.87,3.79,65.504,66.808,1.897,TP,45,0.014,0.053,0.055,0.002,0.014,-0.053
148,48,439.03,495.06,6.63,60.366,68.071,3.313,TP,46,0.018,0.072,0.074,0.015,-0.008,0.072
148,49,463.23,506.98,5.62,63.694,69.71,2.809,TP,47,0.066,0.298,0.305,0.057,0.032,-0.298
148,,,,,36.512,13.39,0.5,FN,7,,,,,,
149,0,465.1,10.32,3.87,63.952,1.419,1.936,TP,0,0.013,0.03,0.032,-0.012,0.005,-0.03
149,1,426.09,12.95,2.92,58.587,1.781,1.461,TP,1,0.007,0.051,0.052,0.005,0.005,-0.051
149,2,445.0,10.5,6.0,61.188,1.444,3.0,FP,,,,,,,
149,3,202.58,23.63,8.13,27.855,3.25,4.063,TP,2,0.1,0.1,0.141,-0.099,-0.004,0.1
149,4,149.92,31.08,6.1,20.614,4.273,3.051,TP,3,0.02,0.145,0.146,0.012,0.016,-0.145
149,5,295.6,47.16,1.0,40.645,6.485,0.5,TP,4,0.026,0.0,0.026,0.025,0.008,0.0
149,6,416.12,54.14,1.91,57.217,7.444,0.953,TP,5,0.024,0.008,0.025,-0.024,-0.004,-0.008
149,7,303.18,68.14,1.67,41.688,9.369,0.835,TP,6,0.011,0.0,0.011,0.008,0.007,-0.0
149,8,87.37,106.29,7.79,12.013,14.615,3.896,TP,8,0.301,0.289,0.417,-0.164,-0.252,0.289
149,9,381.16,105.22,6.29,52.409,14.468,3.145,TP,7,0.171,0.235,0.29,0.092,0.144,-0.235
149,10,397.73,117.63,1.58,54.687,16.174,0.792,TP,9,0.037,0.152,0.156,0.016,0.033,-0.152
149,11,95.29,122.0,9.0,13.102,16.775,4.5,FP,,,,,,,
149,12,419.85,138.81,6.68,57.73,19.086,3.341,TP,10,0.066,0.083,0.105,-0.065,0.009,0.083
149,13,283.18,150.88,2.4,38.938,20.746,1.199,TP,11,0.046,0.014,0.048,-0.037,-0.026,0.014
149,14,317.11,153.3,2.81,43.602,21.079,1.406,TP,12,0.038,0.094,0.101,0.029,0.025,-0.094
149,15,210.0,157.19,1.71,28.875,21.614,0.857,TP,13,0.033,0.153,0.157,0.032,0.006,-0.153
149,16,260.26,160.74,7.22,35.786,22.102,3.612,TP,14,0.042,0.119,0.126,-0.039,0.017,0.119
149,17,489.31,178.18,1.44,67.28,24.499,0.722,TP,15,0.026,0.013,0.029,-0.008,-0.024,-0.013
149,18,336.37,206.37,4.45,46.251,28.376,2.225,TP,16,0.009,0.039,0.04,0.009,-0.001,-0.039
149,19,172.98,205.87,7.01,23.784,28.307,3.504,TP,17,0.166,0.283,0.328,-0.049,-0.158,0.283
149,20,276.65,207.38,5.88,38.039,28.515,2.942,TP,18,0.213,0.276,0.349,-0.096,-0.19,0.276
149,21,399.34,208.17,6.87,54.909,28.624,3.435,TP,19,0.206,0.221,0.303,-0.205,-0.022,0.221
149,22,238.69,212.87,4.29,32.82,29.27,2.146,TP,21,0.012,0.095,0.095,0.011,-0.005,-0.095
149,23,63.52,225.75,5.29,8.735,31.041,2.645,TP,23,0.046,0.021,0.05,0.019,0.042,-0.021
149,24,126.62,236.4,2.03,17.41,32.505,1.015,TP,24,0.195,0.015,0.195,-0.012,0.194,0.015
149,25,128.0,226.0,1.0,17.6,31.075,0.5,FP,,,,,,,
149,26,19.48,261.71,3.6,2.678,35.985,1.801,TP,25,0.025,0.007,0.026,-0.023,0.011,0.007
149,27,160.65,271.06,6.56,22.089,37.271,3.282,TP,26,0.179,0.223,0.286,-0.178,-0.024,0.223
149,28,497.05,289.0,1.0,68.345,39.737,0.5,TP,27,0.392,0.0,0.392,-0.124,-0.372,0.0
149,29,178.17,290.24,6.04,24.499,39.908,3.022,TP,28,0.038,0.179,0.183,-0.009,-0.037,0.179
149,30,150.09,296.37,1.49,20.638,40.751,0.744,TP,29,0.042,0.0,0.042,-0.038,0.016,0.0
149,31,493.25,304.67,1.84,67.822,41.893,0.919,TP,30,0.028,0.024,0.038,-0.027,-0.01,-0.024
149,32,121.05,313.62,2.9,16.644,43.123,1.45,TP,31,0.016,0.055,0.058,0.01,0.012,-0.055
149,33,320.09,321.98,2.97,44.012,44.273,1.486,TP,32,0.02,0.116,0.117,0.001,0.02,-0.116
149,34,90.35,354.86,6.17,12.423,48.793,3.084,TP,33,0.221,0.145,0.265,-0.154,-0.159,0.145
149,35,95.43,355.2,1.0,13.121,48.84,0.5,TP,34,0.025,0.0,0.025,0.007,-0.024,0.0
149,36,478.24,360.41,7.75,65.758,49.557,3.875,TP,35,0.353,0.069,0.359,0.307,0.174,0.069
149,37,313.89,378.12,6.66,43.16,51.991,3.332,TP,36,0.018,0.027,0.032,-0.009,-0.015,0.027
149,38,43.15,394.96,7.84,5.932,54.307,3.918,TP,37,0.008,0.067,0.067,0.008,-0.001,-0.067
149,39,260.74,398.06,1.93,35.852,54.733,0.963,TP,38,0.023,0.031,0.038,0.003,-0.023,-0.031
149,40,148.03,407.59,6.64,20.355,56.044,3.321,TP,39,0.055,0.095,0.11,0.016,0.053,-0.095
149,41,408.68,406.5,5.78,56.194,55.893,2.89,TP,41,0.126,0.17,0.212,-0.124,0.024,0.17
149,42,398.21,416.11,4.05,54.754,57.215,2.027,TP,42,0.036,0.072,0.08,0.029,-0.02,-0.072
149,43,471.58,418.81,7.82,64.842,57.587,3.911,TP,43,0.068,0.173,0.186,-0.016,-0.066,0.173
149,44,410.05,458.9,7.41,56.381,63.098,3.705,TP,44,0.226,0.082,0.24,-0.066,-0.216,0.082
149,45,170.81,461.16,1.35,23.486,63.409,0.675,TP,45,0.013,0.015,0.02,-0.007,-0.011,-0.015
149,46,300.89,484.7,2.44,41.372,66.646,1.218,TP,46,0.016,0.021,0.026,0.015,0.004,-0.021
149,47,72.43,493.48,7.76,9.959,67.853,3.882,TP,47,0.034,0.382,0.383,-0.032,0.012,0.382
149,48,247.0,495.56,9.0,33.963,68.139,4.5,TP,48,0.97,0.486,1.085,-0.846,-0.475,0.486
149,49,255.89,500.17,7.4,35.185,68.773,3.702,FP,,,,,,,
149,,,,,24.845,28.71,4.262,FN,20,,,,,,
149,,,,,36.558,29.504,4.322,FN,22,,,,,,
149,,,,,29.356,55.206,0.5,FN,40,,,,,,
15,0,472.27,6.31,6.76,64.937,0.868,3.38,TP,1,0.209,0.38,0.434,-0.041,-0.205,0.38
15,1,382.79,5.46,3.48,52.633,0.751,1.74,TP,0,0.184,0.286,0.34,-0.007,0.184,-0.286
15,2,358.34,11.91,3.38,49.271,1.638,1.69,TP,2,0.02,0.031,0.037,-0.009,-0.018,0.031
15,3,266.92,16.36,5.89,36.701,2.249,2.943,TP,3,0.032,0.132,0.136,-0.032,-0.007,0.132
15,4,285.5,19.5,5.0,39.256,2.681,2.5,FP,,,,,,,
15,5,291.68,32.31,3.81,40.106,4.442,1.904,TP,4,0.155,0.053,0.164,0.078,0.134,-0.053
15,6,373.32,26.9,6.22,51.331,3.699,3.112,TP,5,0.082,0.208,0.224,0.059,0.057,-0.208
15,7,311.53,38.48,8.17,42.835,5.292,4.083,TP,6,0.044,0.077,0.089,0.037,0.025,0.077
15,8,55.95,52.54,2.77,7.693,7.225,1.386,TP,7,0.033,0.015,0.037,0.008,0.032,-0.015
15,9,465.14,60.8,2.88,63.957,8.361,1.439,TP,8,0.035,0.1,0.106,-0.001,0.035,-0.1
15,10,274.96,86.83,6.89,37.807,11.939,3.445,TP,9,0.111,0.317,0.336,-0.11,0.018,0.317
15,11,403.24,110.13,4.68,55.446,15.143,2.338,TP,10,0.018,0.03,0.035,0.011,0.014,-0.03
15,12,54.45,119.86,1.0,7.487,16.481,0.5,TP,11,0.075,0.0,0.075,0.039,0.064,0.0
15,13,189.49,146.74,2.92,26.055,20.177,1.458,TP,12,0.035,0.05,0.061,-0.029,-0.019,0.05
15,14,177.82,156.39,1.0,24.45,21.504,0.5,TP,13,0.029,0.0,0.029,-0.025,-0.015,0.0
15,15,402.11,164.95,4.0,55.291,22.681,2.0,TP,14,0.036,0.009,0.037,0.025,0.025,0.009
15,16,97.1,185.88,2.41,13.351,25.558,1.204,TP,15,0.005,0.028,0.029,0.001,-0.004,0.028
15,17,36.77,196.19,2.25,5.056,26.976,1.124,TP,16,0.013,0.068,0.069,-0.002,-0.013,0.068
15,18,309.89,214.89,2.48,42.61,29.548,1.238,TP,17,0.005,0.026,0.026,-0.005,-0.002,-0.026
15,19,86.3,222.3,2.38,11.867,30.567,1.189,TP,18,0.035,0.068,0.077,-0.008,0.034,-0.068
15,20,422.21,221.87,2.85,58.054,30.507,1.425,TP,19,0.009,0.042,0.043,-0.009,-0.001,0.042
15,21,495.33,219.33,9.0,68.108,30.158,4.5,FP,,,,,,,
15,22,503.13,226.1,6.52,69.18,31.089,3.262,TP,20,0.146,0.116,0.187,-0.118,-0.087,0.116
15,23,39.09,231.24,8.19,5.375,31.796,4.093,TP,21,0.501,0.066,0.506,0.477,0.154,0.066
15,24,67.28,237.81,3.42,9.25,32.698,1.709,TP,22,0.012,0.013,0.017,-0.003,-0.012,0.013
15,25,450.52,261.65,1.04,61.946,35.977,0.518,TP,23,0.071,0.157,0.173,0.058,0.041,-0.157
15,26,409.46,265.25,3.39,56.301,36.472,1.696,TP,24,0.009,0.033,0.034,-0.001,0.009,-0.033
15,27,203.47,274.45,4.53,27.978,37.737,2.263,TP,25,0.018,0.018,0.025,-0.006,0.016,-0.018
15,28,273.82,276.82,1.0,37.65,38.062,0.5,TP,26,0.035,0.0,0.035,-0.025,-0.025,0.0
15,29,31.51,282.96,8.0,4.332,38.907,4.0,TP,27,0.026,0.013,0.029,-0.024,-0.011,-0.013
15,30,19.0,279.5,9.0,2.612,38.431,4.5,FP,,,,,,,
15,31,447.65,284.95,5.88,61.552,39.181,2.941,TP,29,0.005,0.017,0.018,-0.004,-0.003,-0.017
15,32,496.98,284.98,7.51,68.334,39.184,3.756,TP,28,0.043,0.018,0.047,0.024,-0.036,0.018
15,33,58.02,291.4,3.33,7.978,40.067,1.667,TP,30,0.016,0.017,0.024,-0.016,-0.003,-0.017
15,34,391.69,301.72,4.79,53.858,41.487,2.394,TP,31,0.077,0.08,0.11,-0.074,-0.02,0.08
15,35,209.43,390.45,2.45,28.797,53.687,1.225,TP,32,0.254,0.431,0.501,-0.254,-0.003,-0.431
15,36,149.99,404.37,1.89,20.623,55.601,0.945,TP,34,0.032,0.061,0.069,0.024,-0.021,0.061
15,37,373.88,406.41,1.0,51.409,55.882,0.5,TP,35,0.02,0.0,0.02,-0.016,-0.012,0.0
15,38,435.5,411.5,1.0,59.881,56.581,0.5,TP,36,0.014,0.045,0.048,0.013,0.006,-0.045
15,39,140.12,422.22,6.33,19.266,58.056,3.167,TP,37,0.232,0.135,0.269,0.147,0.18,-0.135
15,40,215.01,435.97,4.0,29.563,59.946,2.0,TP,38,0.01,0.0,0.01,0.006,0.008,0.0
15,41,70.12,424.04,1.0,9.642,58.306,0.5,TP,39,0.005,0.0,0.005,0.001,-0.005,0.0
15,42,299.45,453.92,3.88,41.174,62.414,1.938,TP,40,0.021,0.018,0.028,0.001,-0.021,-0.018
15,43,280.15,466.8,2.22,38.521,64.185,1.109,TP,41,0.02,0.032,0.038,-0.006,-0.019,0.032
15,44,489.44,474.02,3.48,67.298,65.177,1.741,TP,46,0.301,0.496,0.58,-0.121,-0.276,0.496
15,45,323.31,466.64,3.96,44.455,64.162,1.981,TP,43,0.002,0.006,0.006,0.002,-0.001,0.006
15,46,241.97,471.65,7.72,33.272,64.851,3.861,TP,45,0.075,0.059,0.096,-0.009,-0.074,0.059
15,47,495.33,465.33,9.0,68.108,63.983,4.5,TP,44,0.857,1.24,1.508,-0.64,-0.57,1.24
15,48,500.88,470.1,6.31,68.871,64.639,3.153,FP,,,,,,,
15,49,421.07,489.39,7.62,57.898,67.291,3.811,TP,47,0.01,0.049,0.05,0.006,-0.008,0.049
15,,,,,28.077,53.498,0.991,FN,33,,,,,,
15,,,,,67.234,64.795,2.94,FN,42,,,,,,
151,0,156.37,26.93,7.41,21.501,3.702,3.704,TP,0,0.04,0.035,0.053,-0.025,0.031,-0.035
151,1,88.8,37.48,7.36,12.21,5.153,3.681,TP,1,0.105,0.067,0.125,-0.019,-0.103,0.067
151,2,142.63,49.18,7.91,19.612,6.763,3.956,TP,2,0.738,0.044,0.739,0.236,0.699,-0.044
151,3,129.19,50.85,1.98,17.763,6.992,0.988,TP,3,0.022,0.079,0.082,-0.02,-0.009,-0.079
151,4,403.98,54.53,2.36,55.547,7.498,1.182,TP,4,0.009,0.045,0.046,0.006,0.007,-0.045
151,5,385.23,62.59,1.61,52.97,8.607,0.805,TP,5,0.025,0.043,0.05,0.016,0.019,0.043
151,6,292.7,77.02,5.41,40.246,10.591,2.706,TP,6,0.067,0.225,0.235,0.02,0.064,-0.225
151,7,297.0,80.0,1.0,40.838,11.0,0.5,FP,,,,,,,
151,8,293.53,94.4,6.61,40.36,12.98,3.307,TP,7,0.262,0.195,0.327,-0.256,-0.056,0.195
151,9,282.7,100.77,6.78,38.871,13.856,3.39,TP,8,0.041,0.011,0.042,0.04,0.006,0.011
151,10,341.41,107.54,2.21,46.944,14.787,1.107,TP,9,0.101,0.186,0.212,0.097,0.029,-0.186
151,11,459.57,110.01,2.47,63.191,15.126,1.233,TP,10,0.011,0.019,0.022,-0.01,-0.005,-0.019
151,12,249.94,125.39,4.07,34.366,17.24,2.037,TP,11,0.092,0.181,0.203,0.021,0.09,-0.181
151,13,280.58,120.42,1.58,38.58,16.558,0.789,FP,,,,,,,
151,14,348.81,127.25,4.79,47.962,17.497,2.394,TP,12,0.08,0.122,0.146,0.078,0.02,-0.122
151,15,267.68,136.52,6.49,36.806,18.771,3.244,TP,14,0.195,0.229,0.301,-0.182,-0.07,0.229
151,16,250.46,136.68,6.43,34.439,18.793,3.214,TP,13,0.61,2.714,2.782,-0.497,0.353,2.714
151,17,255.0,137.5,5.0,35.062,18.906,2.5,FP,,,,,,,
151,18,354.68,158.12,1.36,48.769,21.742,0.678,TP,15,0.035,0.051,0.062,-0.016,0.03,-0.051
151,19,283.43,169.3,2.83,38.971,23.279,1.414,TP,16,0.008,0.06,0.06,-0.007,-0.004,-0.06
151,20,352.61,172.02,6.53,48.484,23.652,3.267,TP,17,0.231,0.184,0.295,0.224,0.055,-0.184
151,21,135.81,176.39,7.75,18.674,24.254,3.877,TP,18,0.049,0.118,0.128,-0.027,-0.041,0.118
151,22,163.33,196.49,8.04,22.458,27.017,4.021,TP,19,0.045,0.037,0.058,0.045,0.002,0.037
151,23,321.5,200.1,7.93,44.206,27.513,3.965,TP,20,0.046,0.034,0.058,0.021,-0.041,0.034
151,24,61.84,207.2,7.75,8.504,28.49,3.875,TP,21,0.179,0.093,0.201,0.17,0.056,-0.093
151,25,109.16,236.33,2.94,15.009,32.496,1.468,TP,22,0.028,0.0,0.028,-0.027,-0.006,0.0
151,26,447.62,256.2,4.16,61.548,35.227,2.08,TP,24,0.072,0.005,0.073,-0.03,-0.066,0.005
151,27,323.88,254.24,6.38,44.533,34.958,3.192,TP,25,0.191,0.323,0.375,0.16,0.103,-0.323
151,28,335.9,263.14,7.31,46.187,36.182,3.656,TP,23,0.788,0.106,0.795,0.073,0.784,-0.106
151,29,402.83,262.75,2.42,55.39,36.127,1.211,TP,26,0.039,0.007,0.039,-0.004,-0.039,-0.007
151,30,385.75,272.65,7.26,53.041,37.49,3.628,TP,27,0.088,0.408,0.418,-0.043,-0.076,0.408
151,31,308.02,281.03,2.07,42.353,38.642,1.033,TP,28,0.019,0.009,0.021,-0.01,-0.016,0.009
151,32,164.52,298.51,7.93,22.621,41.045,3.963,TP,29,0.327,0.013,0.327,0.194,0.263,0.013
151,33,411.97,323.32,6.59,56.646,44.456,3.293,TP,30,0.038,0.037,0.053,-0.033,-0.019,-0.037
151,34,501.1,332.19,5.75,68.902,45.676,2.875,TP,31,0.044,0.125,0.133,-0.011,-0.043,0.125
151,35,335.0,330.5,1.0,46.062,45.444,0.5,TP,32,0.0,0.0,0.0,0.0,0.0,0.0
151,36,29.02,365.63,3.04,3.99,50.274,1.521,TP,33,0.027,0.012,0.029,-0.013,-0.024,0.012
151,37,403.12,365.43,7.59,55.429,50.246,3.797,TP,34,0.027,0.044,0.052,0.027,0.003,0.044
151,38,372.06,370.05,1.39,51.158,50.882,0.693,TP,35,0.024,0.001,0.024,-0.021,-0.013,-0.001
151,39,185.16,381.41,2.31,25.46,52.444,1.154,TP,36,0.001,0.048,0.048,0.001,0.001,-0.048
151,40,471.67,394.12,1.36,64.855,54.192,0.678,TP,37,0.042,0.002,0.042,-0.034,-0.024,-0.002
151,41,376.48,405.49,5.03,51.766,55.755,2.517,TP,38,0.01,0.01,0.014,0.001,-0.01,0.01
151,42,503.22,424.55,3.11,69.192,58.375,1.555,TP,39,0.077,0.09,0.118,0.018,0.075,0.09
151,43,27.54,443.3,1.37,3.787,60.953,0.683,TP,40,0.002,0.019,0.019,0.0,-0.002,-0.019
151,44,394.84,461.1,2.45,54.291,63.401,1.223,TP,41,0.016,0.024,0.029,0.012,-0.01,-0.024
151,45,135.51,474.85,7.04,18.633,65.292,3.52,TP,42,0.292,0.19,0.349,0.166,0.24,-0.19
151,46,238.0,478.32,3.23,32.725,65.77,1.617,TP,44,0.373,0.35,0.511,-0.347,-0.137,-0.35
151,47,55.47,489.18,3.85,7.627,67.262,1.923,TP,45,0.009,0.029,0.031,-0.0,-0.009,-0.029
151,48,331.96,490.39,4.32,45.644,67.429,2.158,TP,46,0.105,0.151,0.184,-0.1,-0.032,0.151
151,49,90.54,503.24,1.34,12.449,69.195,0.669,TP,47,0.166,0.058,0.176,0.126,0.109,0.058
151,,,,,32.126,65.556,1.038,FN,43,,,,,,
154,0,239.34,6.84,1.57,32.909,0.94,0.785,TP,1,0.019,0.094,0.096,0.005,-0.018,-0.094
154,1,421.1,0.7,9.0,57.901,0.096,4.5,FP,,,,,,,
154,2,110.8,13.85,5.95,15.234,1.904,2.975,TP,0,0.308,0.328,0.451,0.032,0.307,-0.328
154,3,10.85,21.28,5.48,1.492,2.926,2.742,TP,2,0.007,0.109,0.11,-0.005,-0.004,0.109
154,4,344.28,23.0,1.45,47.338,3.163,0.723,TP,3,0.016,0.021,0.026,-0.015,-0.006,-0.021
154,5,84.56,32.15,5.65,11.626,4.421,2.826,TP,4,0.018,0.023,0.03,-0.018,-0.002,0.023
154,6,399.36,47.62,2.55,54.913,6.548,1.277,TP,6,0.018,0.031,0.036,-0.001,0.018,-0.031
154,7,285.75,47.21,4.99,39.291,6.491,2.495,TP,5,0.008,0.023,0.025,-0.0,-0.008,-0.023
154,8,136.59,56.68,4.25,18.78,7.794,2.126,TP,7,0.072,0.088,0.114,-0.061,-0.039,0.088
154,9,226.65,69.83,2.9,31.164,9.602,1.451,TP,8,0.002,0.017,0.017,-0.002,-0.0,-0.017
154,10,409.88,78.43,3.98,56.358,10.784,1.991,TP,9,0.014,0.013,0.019,0.004,-0.014,0.013
154,11,364.03,116.91,3.15,50.055,16.076,1.573,TP,10,0.041,0.029,0.05,0.021,0.035,-0.029
154,12,329.9,124.64,2.33,45.361,17.138,1.164,TP,11,0.046,0.044,0.064,0.043,0.016,-0.044
154,13,481.04,128.43,1.0,66.143,17.659,0.5,TP,12,0.012,0.0,0.012,0.006,-0.01,0.0
154,14,148.61,139.75,1.0,20.434,19.216,0.5,TP,13,0.011,0.0,0.011,-0.011,0.0,0.0
154,15,330.95,172.01,2.39,45.506,23.651,1.196,TP,14,0.016,0.029,0.033,0.014,0.006,-0.029
154,16,292.97,169.33,7.48,40.284,23.283,3.741,TP,15,0.101,0.191,0.215,-0.095,-0.033,0.191
154,17,47.38,186.26,5.84,6.514,25.611,2.918,TP,16,0.115,0.299,0.32,-0.027,-0.111,0.299
154,18,101.41,190.35,1.96,13.944,26.173,0.981,TP,17,0.024,0.041,0.048,0.006,-0.023,-0.041
154,19,339.86,193.62,2.32,46.731,26.623,1.161,TP,18,0.009,0.024,0.026,-0.008,-0.005,-0.024
154,20,484.91,216.77,1.45,66.676,29.805,0.723,TP,19,0.02,0.004,0.02,0.004,-0.02,-0.004
154,21,433.2,228.58,6.84,59.565,31.43,3.42,TP,20,0.22,0.474,0.523,-0.218,-0.033,0.474
154,22,505.24,231.34,6.64,69.471,31.809,3.319,TP,21,0.145,0.186,0.236,-0.124,-0.076,0.186
154,23,212.55,242.01,6.49,29.226,33.276,3.244,TP,23,0.247,0.194,0.314,-0.143,-0.201,0.194
154,24,104.28,234.85,1.45,14.338,32.292,0.725,TP,22,0.026,0.007,0.027,-0.023,0.013,-0.007
154,25,358.68,247.16,1.0,49.319,33.984,0.5,TP,24,0.026,0.0,0.026,-0.022,-0.014,0.0
154,26,209.3,276.33,2.98,28.779,37.995,1.491,TP,25,0.022,0.003,0.022,-0.017,-0.015,-0.003
154,27,170.72,280.12,6.02,23.474,38.517,3.008,TP,26,0.178,0.31,0.357,-0.158,-0.081,0.31
154,28,63.42,311.22,3.76,8.721,42.792,1.88,TP,27,0.02,0.04,0.045,0.016,0.012,-0.04
154,29,123.23,322.72,2.43,16.945,44.374,1.216,TP,28,0.004,0.165,0.165,0.004,0.0,-0.165
154,30,140.15,321.97,6.42,19.271,44.271,3.211,TP,29,0.233,0.289,0.371,-0.202,-0.115,0.289
154,31,312.26,327.27,7.36,42.935,45.0,3.679,TP,30,0.406,0.407,0.575,-0.185,-0.362,0.407
154,32,431.91,332.44,3.96,59.387,45.711,1.981,TP,31,0.029,0.027,0.04,0.029,0.005,-0.027
154,33,67.8,336.86,4.33,9.323,46.318,2.167,TP,32,0.074,0.025,0.078,-0.073,-0.01,0.025
154,34,273.01,388.55,2.84,37.539,53.426,1.42,TP,33,0.013,0.08,0.081,0.006,0.011,-0.08
154,35,248.99,391.43,3.52,34.236,53.822,1.762,TP,34,0.081,0.492,0.498,-0.076,0.028,0.492
154,36,434.68,399.65,6.77,59.769,54.952,3.386,TP,35,0.132,0.126,0.182,-0.044,-0.125,0.126
154,37,235.0,396.5,9.0,32.312,54.519,4.5,FP,,,,,,,
154,38,9.82,400.35,1.3,1.35,55.048,0.652,TP,36,0.059,0.012,0.06,-0.051,-0.03,-0.012
154,39,250.86,404.61,4.22,34.494,55.633,2.111,TP,37,0.051,0.216,0.221,-0.006,-0.05,0.216
154,40,267.92,416.94,7.23,36.838,57.329,3.614,TP,38,0.099,0.2,0.223,-0.035,-0.092,0.2
154,41,325.55,419.06,6.44,44.763,57.62,3.218,TP,39,0.056,0.015,0.058,-0.011,-0.055,0.015
154,42,231.0,445.61,2.45,31.763,61.272,1.227,TP,40,0.007,0.021,0.022,0.006,0.004,-0.021
154,43,49.44,451.05,4.4,6.798,62.02,2.201,TP,41,0.064,0.02,0.067,-0.054,-0.034,0.02
154,44,402.91,475.29,3.46,55.4,65.353,1.732,TP,42,0.007,0.01,0.012,-0.006,-0.004,0.01
154,45,377.54,485.86,3.43,51.912,66.806,1.714,TP,43,0.017,0.029,0.034,0.017,0.002,-0.029
154,46,163.51,490.57,4.45,22.483,67.453,2.226,TP,44,0.03,0.013,0.032,-0.025,-0.016,-0.013
154,47,490.88,491.63,5.03,67.496,67.599,2.516,TP,45,0.011,0.22,0.221,0.011,-0.001,0.22
154,48,301.32,498.03,4.45,41.431,68.479,2.226,TP,46,0.02,0.017,0.026,-0.012,-0.016,-0.017
154,49,399.23,508.43,2.54,54.895,69.91,1.269,TP,47,0.08,0.298,0.308,-0.05,0.062,-0.298
154,50,436.75,508.85,2.11,60.053,69.967,1.054,TP,48,0.372,0.446,0.581,-0.372,-0.023,-0.446
154,51,420.62,508.85,7.87,57.836,69.967,3.934,TP,49,0.118,0.03,0.122,0.059,-0.102,0.03
161,0,27.77,6.47,7.36,3.818,0.89,3.682,TP,1,0.059,0.104,0.12,0.027,0.052,-0.104
161,1,329.92,11.3,1.0,45.364,1.553,0.5,TP,2,0.076,0.0,0.076,-0.042,-0.063,0.0
161,2,337.67,25.81,4.83,46.43,3.549,2.415,TP,3,0.013,0.066,0.067,0.012,0.006,-0.066
161,3,439.77,29.47,6.0,60.468,4.052,3.0,TP,4,0.049,0.0,0.049,0.041,0.026,0.0
161,4,169.8,36.42,7.68,23.348,5.008,3.839,TP,5,0.179,0.243,0.302,-0.174,-0.044,0.243
161,5,498.09,36.09,1.0,68.488,4.963,0.5,TP,6,0.026,0.0,0.026,-0.026,-0.003,0.0
161,6,219.93,44.3,1.94,30.24,6.092,0.971,TP,7,0.025,0.029,0.038,-0.001,-0.025,-0.029
161,7,315.65,55.66,1.88,43.402,7.653,0.94,TP,8,0.008,0.075,0.075,0.004,-0.007,-0.075
161,8,230.61,57.53,1.33,31.709,7.91,0.663,TP,9,0.006,0.024,0.025,0.004,0.004,-0.024
161,9,1.78,89.69,1.89,0.244,12.333,0.944,TP,10,0.164,0.067,0.177,0.117,0.115,-0.067
161,10,510.75,89.0,1.0,70.228,12.238,0.5,FP,,,,,,,
161,11,111.17,105.96,1.54,15.286,14.57,0.772,TP,11,0.043,0.07,0.082,0.041,0.011,0.07
161,12,508.79,101.64,8.0,69.958,13.976,4.0,TP,12,0.461,0.292,0.546,0.456,0.068,-0.292
161,13,108.35,123.12,6.01,14.899,16.929,3.006,TP,13,0.437,0.02,0.437,0.161,0.406,-0.02
161,14,65.85,134.85,7.96,9.054,18.541,3.981,TP,14,0.053,0.003,0.053,-0.046,-0.026,-0.003
161,15,364.59,158.1,3.39,50.132,21.739,1.693,TP,15,0.006,0.052,0.052,-0.006,-0.001,0.052
161,16,182.27,170.34,6.28,25.062,23.421,3.141,TP,18,0.688,0.428,0.81,0.188,-0.661,0.428
161,17,453.12,164.74,7.36,62.304,22.652,3.68,TP,17,0.034,0.038,0.051,-0.031,-0.012,0.038
161,18,293.45,212.32,4.77,40.35,29.194,2.384,TP,19,0.131,0.186,0.227,-0.043,-0.124,0.186
161,19,285.21,207.71,1.21,39.216,28.56,0.603,TP,20,0.061,0.081,0.101,-0.013,-0.059,0.081
161,20,279.33,204.33,4.0,38.408,28.096,2.0,FP,,,,,,,
161,21,153.39,224.19,4.51,21.091,30.827,2.253,TP,21,0.023,0.016,0.028,-0.019,-0.013,0.016
161,22,234.17,236.61,5.24,32.198,32.534,2.62,TP,22,0.009,0.128,0.129,0.009,-0.0,-0.128
161,23,209.24,255.27,1.47,28.771,35.1,0.735,TP,23,0.03,0.04,0.05,0.029,0.008,-0.04
161,24,287.63,258.82,5.05,39.549,35.588,2.526,TP,24,0.013,0.591,0.591,-0.012,0.006,-0.591
161,25,273.88,266.17,4.92,37.658,36.599,2.459,TP,25,0.025,0.044,0.051,0.017,-0.018,-0.044
161,26,437.23,281.9,1.96,60.12,38.762,0.979,TP,26,0.023,0.027,0.035,0.015,0.017,-0.027
161,27,57.94,285.23,6.41,7.967,39.219,3.207,TP,27,0.013,0.108,0.109,-0.01,-0.008,-0.108
161,28,139.88,302.53,6.61,19.233,41.598,3.303,TP,28,0.036,0.047,0.059,-0.034,0.011,0.047
161,29,348.51,317.49,4.87,47.919,43.654,2.435,TP,29,1.067,0.333,1.118,1.055,0.161,-0.333
161,30,4.91,327.33,5.36,0.675,45.008,2.68,TP,31,0.014,0.036,0.038,-0.012,-0.007,-0.036
161,31,18.06,328.77,7.7,2.483,45.206,3.851,TP,32,0.052,0.098,0.111,-0.05,-0.016,0.098
161,32,414.58,336.0,1.5,57.005,46.2,0.75,TP,33,0.019,0.074,0.076,0.013,-0.013,-0.074
161,33,267.79,350.85,7.68,36.821,48.242,3.838,TP,34,0.111,0.176,0.208,0.07,0.086,0.176
161,34,422.44,364.56,8.15,58.086,50.127,4.075,TP,35,0.058,0.067,0.088,0.024,0.052,-0.067
161,35,480.5,364.0,1.0,66.069,50.05,0.5,TP,36,0.026,0.058,0.063,-0.021,0.016,-0.058
161,36,230.17,367.18,5.72,31.649,50.487,2.859,TP,37,0.002,0.096,0.096,0.002,-0.001,0.096
161,37,198.98,379.52,4.33,27.36,52.183,2.164,TP,38,0.182,0.175,0.252,-0.18,-0.029,0.175
161,38,360.76,390.64,7.77,49.604,53.713,3.884,TP,40,0.067,0.093,0.115,-0.066,0.013,0.093
161,39,364.53,417.99,6.94,50.123,57.474,3.471,TP,42,0.365,0.191,0.412,-0.209,-0.299,0.191
161,40,449.46,417.71,2.03,61.8,57.435,1.016,TP,41,0.018,0.034,0.038,-0.011,-0.015,-0.034
161,41,487.86,417.44,2.97,67.08,57.398,1.484,TP,43,0.017,0.023,0.029,-0.012,0.012,-0.023
161,42,91.15,418.59,7.64,12.533,57.557,3.818,TP,44,0.028,0.092,0.096,-0.009,-0.027,0.092
161,43,343.24,454.06,4.41,47.195,62.433,2.205,TP,45,0.016,0.039,0.042,0.014,0.006,-0.039
161,44,126.64,480.81,2.0,17.412,66.112,1.0,TP,46,0.035,0.0,0.035,-0.023,-0.026,0.0
161,45,164.44,485.23,5.32,22.61,66.719,2.662,TP,47,0.026,0.015,0.03,0.025,-0.006,-0.015
161,46,28.51,501.49,1.94,3.92,68.955,0.969,TP,48,0.077,0.031,0.083,-0.057,-0.051,-0.031
161,47,232.18,503.82,1.87,31.925,69.275,0.935,TP,49,0.015,0.038,0.041,0.006,0.014,-0.038
161,,,,,22.71,0.135,3.5,FN,0,,,,,,
161,,,,,25.444,22.215,3.75,FN,16,,,,,,
161,,,,,49.451,43.99,1.775,FN,30,,,,,,
161,,,,,26.61,52.017,3.786,FN,39,,,,,,
195,0,305.5,1.5,3.0,42.006,0.206,1.5,TP,2,1.029,0.8,1.303,0.724,-0.731,0.8
195,1,372.53,5.9,1.0,51.223,0.811,0.5,TP,1,0.04,0.0,0.04,0.019,0.035,0.0
195,2,23.28,4.37,5.36,3.201,0.6,2.678,TP,0,0.09,0.326,0.338,0.081,0.039,-0.326
195,3,312.25,6.21,1.48,42.934,0.854,0.738,TP,3,0.052,0.05,0.072,0.048,-0.021,-0.05
195,4,299.55,6.55,1.98,41.188,0.9,0.989,FP,,,,,,,
195,5,397.62,15.65,3.86,54.673,2.152,1.931,TP,4,0.077,0.027,0.081,0.04,0.065,0.027
195,6,205.13,49.31,5.42,28.206,6.78,2.712,TP,5,0.026,0.053,0.059,0.001,0.026,-0.053
195,7,89.98,59.82,1.82,12.372,8.225,0.911,TP,6,0.042,0.005,0.043,-0.026,-0.034,0.005
195,8,305.28,56.85,7.45,41.977,7.817,3.724,TP,7,0.033,0.046,0.057,0.024,-0.023,-0.046
195,9,56.12,59.67,2.08,7.716,8.205,1.041,TP,8,0.009,0.088,0.088,-0.0,-0.009,0.088
195,10,430.46,61.34,7.93,59.189,8.434,3.964,FP,,,,,,,
195,11,439.9,71.42,3.85,60.486,9.821,1.927,TP,9,0.351,0.699,0.782,0.283,0.208,-0.699
195,12,303.35,104.7,6.58,41.71,14.397,3.29,TP,10,0.06,0.123,0.137,0.032,0.051,-0.123
195,13,4.37,124.59,3.46,0.601,17.131,1.73,TP,11,0.064,0.299,0.306,-0.059,0.026,-0.299
195,14,215.4,133.28,7.7,29.618,18.325,3.852,TP,12,0.009,0.077,0.078,-0.007,-0.005,0.077
195,15,483.16,143.23,1.42,66.435,19.695,0.712,TP,13,0.026,0.005,0.026,0.02,0.016,-0.005
195,16,289.5,139.5,1.0,39.806,19.181,0.5,TP,14,0.0,0.0,0.0,0.0,0.0,0.0
195,17,94.15,169.91,2.74,12.946,23.362,1.37,TP,15,0.015,0.025,0.029,0.002,-0.015,-0.025
195,18,462.17,202.31,3.04,63.548,27.818,1.522,TP,16,0.06,0.029,0.067,-0.06,-0.01,0.029
195,19,117.19,214.52,5.02,16.113,29.496,2.509,TP,17,0.028,0.002,0.028,-0.015,-0.024,-0.002
195,20,3.55,220.58,1.49,0.488,30.329,0.746,TP,18,0.019,0.038,0.042,0.016,0.011,-0.038
195,21,446.05,231.28,3.3,61.332,31.801,1.65,TP,19,0.014,0.119,0.12,0.006,-0.013,-0.119
195,22,162.32,238.38,1.0,22.32,32.777,0.5,TP,20,0.035,0.0,0.035,0.009,0.034,0.0
195,23,435.13,256.84,6.53,59.83,35.315,3.266,TP,21,0.123,0.272,0.299,0.009,-0.123,0.272
195,24,79.39,285.12,2.41,10.916,39.205,1.205,TP,22,0.006,0.024,0.025,-0.003,0.006,-0.024
195,25,487.3,297.88,8.22,67.004,40.959,4.108,TP,23,0.903,0.145,0.915,0.034,0.902,-0.145
195,26,279.65,297.18,1.24,38.452,40.862,0.622,TP,24,0.013,0.012,0.018,-0.01,-0.008,0.012
195,27,191.23,304.72,6.12,26.294,41.899,3.06,TP,25,0.287,0.321,0.43,-0.26,-0.122,0.321
195,28,4.63,317.25,6.99,0.637,43.622,3.494,TP,26,0.044,0.151,0.157,0.024,0.037,-0.151
195,29,353.58,317.55,7.39,48.618,43.662,3.695,TP,27,0.023,0.055,0.059,0.017,-0.015,-0.055
195,30,36.05,326.43,1.0,4.957,44.884,0.5,TP,29,0.014,0.0,0.014,-0.013,-0.003,0.0
195,31,133.4,330.04,7.14,18.342,45.381,3.571,TP,28,0.475,0.138,0.495,0.112,0.461,-0.138
195,32,147.92,328.41,2.58,20.338,45.157,1.29,TP,30,0.062,0.261,0.268,0.051,0.035,-0.261
195,33,415.83,336.3,4.09,57.176,46.242,2.047,TP,31,0.063,0.003,0.063,0.002,-0.063,0.003
195,34,296.56,337.14,2.43,40.777,46.357,1.213,TP,32,0.064,0.008,0.065,-0.011,-0.063,0.008
195,35,152.0,343.76,7.13,20.9,47.267,3.567,TP,33,0.078,0.067,0.103,-0.072,-0.032,0.067
195,36,292.89,359.21,6.6,40.272,49.391,3.302,TP,34,0.074,0.159,0.175,-0.02,-0.071,0.159
195,37,271.63,362.16,4.01,37.349,49.798,2.007,TP,35,0.363,0.749,0.832,-0.177,-0.317,0.749
195,38,275.39,366.73,1.0,37.866,50.425,0.5,FP,,,,,,,
195,39,271.5,381.01,2.9,37.331,52.389,1.45,TP,37,0.09,0.101,0.135,-0.088,-0.014,-0.101
195,40,84.97,388.17,6.99,11.683,53.373,3.497,TP,38,0.094,0.274,0.289,-0.086,-0.038,0.274
195,41,34.46,404.16,1.81,4.738,55.573,0.906,TP,39,0.008,0.045,0.045,0.007,-0.004,-0.045
195,42,385.69,402.22,4.45,53.033,55.306,2.225,TP,40,0.168,0.386,0.421,-0.166,-0.027,0.386
195,43,281.06,418.09,2.96,38.645,57.488,1.482,TP,41,0.082,0.024,0.086,-0.072,-0.039,-0.024
195,44,365.0,416.0,1.0,50.188,57.2,0.5,TP,42,0.087,0.0,0.087,-0.083,0.028,0.0
195,45,364.71,432.42,1.92,50.148,59.458,0.961,TP,43,0.039,0.007,0.039,-0.017,-0.035,-0.007
195,46,368.11,445.94,6.89,50.615,61.317,3.444,TP,44,0.05,0.19,0.197,-0.045,-0.023,0.19
195,47,487.19,480.07,1.4,66.989,66.01,0.702,TP,45,0.02,0.046,0.05,0.018,0.01,0.046
195,48,506.36,482.45,1.58,69.625,66.338,0.792,TP,46,0.059,0.037,0.07,0.059,-0.005,0.037
195,49,177.06,506.31,1.53,24.346,69.618,0.765,TP,47,0.046,0.008,0.047,-0.017,0.043,0.008
195,,,,,35.67,51.408,3.748,FN,36,,,,,,
196,0,413.5,0.0,1.0,56.856,0.0,0.5,TP,0,0.11,0.0,0.11,0.0,-0.11,0.0
196,1,399.18,22.38,3.91,54.887,3.077,1.955,TP,1,0.002,0.081,0.081,0.002,-0.0,-0.081
196,2,31.58,25.78,4.85,4.343,3.545,2.425,TP,2,0.047,0.067,0.082,-0.04,-0.026,0.067
196,3,87.63,37.86,4.66,12.049,5.205,2.332,TP,3,0.076,0.131,0.151,-0.076,-0.002,0.131
196,4,79.12,37.88,9.0,10.88,5.208,4.5,FP,,,,,,,
196,5,394.23,55.78,6.44,54.206,7.67,3.219,TP,4,0.049,0.257,0.262,-0.048,-0.01,0.257
196,6,489.76,66.71,2.99,67.342,9.173,1.495,TP,5,0.014,0.005,0.015,-0.006,-0.013,-0.005
196,7,489.09,96.85,6.35,67.249,13.317,3.173,TP,6,0.051,0.077,0.092,0.05,0.01,-0.077
196,8,344.59,111.04,4.82,47.381,15.269,2.41,TP,8,0.122,0.017,0.123,0.029,0.119,-0.017
196,9,79.6,107.19,7.88,10.944,14.739,3.94,TP,7,0.511,0.097,0.52,0.356,0.366,-0.097
196,10,289.05,107.03,2.95,39.745,14.716,1.474,TP,9,0.033,0.008,0.034,-0.023,-0.024,0.008
196,11,57.17,122.08,7.27,7.861,16.786,3.637,TP,10,0.118,0.167,0.205,-0.086,-0.082,0.167
196,12,82.0,125.94,2.91,11.275,17.316,1.454,TP,11,0.017,0.046,0.049,0.005,-0.016,-0.046
196,13,359.8,158.7,2.5,49.472,21.822,1.25,TP,12,0.013,0.009,0.016,0.002,0.013,-0.009
196,14,475.77,173.07,7.52,65.419,23.797,3.759,TP,13,0.016,0.033,0.037,0.016,-0.001,-0.033
196,15,255.48,175.6,6.73,35.128,24.145,3.364,TP,14,0.054,0.043,0.069,0.03,0.045,0.043
196,16,448.11,198.49,2.49,61.616,27.293,1.247,TP,15,0.017,0.027,0.032,0.002,0.017,-0.027
196,17,371.28,202.92,1.83,51.051,27.901,0.917,TP,16,0.041,0.035,0.053,0.041,-0.002,-0.035
196,18,351.53,206.13,6.85,48.335,28.342,3.425,TP,17,0.148,0.151,0.212,-0.146,0.024,0.151
196,19,391.35,209.56,7.62,53.81,28.814,3.811,TP,18,0.011,0.072,0.073,0.001,0.011,0.072
196,20,408.5,214.0,0.0,56.169,29.425,0.0,FP,,,,,,,
196,21,434.5,221.0,4.0,59.744,30.388,2.0,TP,19,0.696,1.0,1.218,-0.106,-0.688,1.0
196,22,435.37,226.3,1.74,59.864,31.116,0.871,FP,,,,,,,
196,23,453.93,228.64,7.24,62.415,31.438,3.619,TP,20,0.122,0.263,0.29,0.061,0.106,0.263
196,24,447.26,237.18,3.94,61.498,32.612,1.969,TP,21,0.049,0.061,0.078,0.017,-0.046,-0.061
196,25,422.34,237.71,6.39,58.071,32.685,3.194,TP,22,0.01,0.058,0.059,-0.001,-0.01,-0.058
196,26,14.47,249.76,8.17,1.99,34.342,4.083,TP,24,0.871,0.551,1.03,-0.562,-0.664,0.551
196,27,403.94,248.17,6.92,55.541,34.123,3.461,TP,23,0.05,0.039,0.064,0.035,0.037,-0.039
196,28,22.45,258.83,6.0,3.087,35.59,3.0,FP,,,,,,,
196,29,199.41,265.32,1.43,27.419,36.481,0.716,TP,25,0.014,0.028,0.031,-0.014,0.0,-0.028
196,30,335.72,284.12,7.67,46.161,39.066,3.837,TP,26,1.009,0.013,1.009,0.885,0.484,0.013
196,31,91.67,290.1,4.16,12.604,39.889,2.082,TP,28,0.06,0.008,0.06,-0.053,-0.026,0.008
196,32,26.8,299.79,5.82,3.685,41.22,2.909,TP,29,0.019,0.041,0.045,-0.008,-0.018,-0.041
196,33,299.53,332.85,1.98,41.185,45.768,0.991,TP,30,0.01,0.009,0.014,-0.003,0.01,-0.009
196,34,110.71,342.97,1.43,15.223,47.159,0.714,TP,31,0.06,0.054,0.081,0.045,0.039,-0.054
196,35,49.0,356.09,1.97,6.738,48.963,0.985,TP,32,0.012,0.031,0.033,0.009,-0.009,-0.031
196,36,506.18,356.5,1.98,69.6,49.019,0.988,TP,34,0.063,0.063,0.089,0.06,-0.017,-0.063
196,37,133.0,358.87,7.62,18.288,49.344,3.808,TP,33,0.101,0.211,0.234,0.06,0.081,-0.211
196,38,433.76,365.99,8.03,59.643,50.324,4.016,TP,35,0.054,0.04,0.067,-0.007,0.053,0.04
196,39,454.42,369.12,2.83,62.482,50.754,1.413,TP,36,0.014,0.002,0.014,0.012,-0.007,-0.002
196,40,264.96,387.03,3.64,36.433,53.216,1.822,TP,37,0.014,0.058,0.059,-0.014,0.003,-0.058
196,41,90.83,392.13,7.21,12.489,53.918,3.604,TP,38,0.129,0.366,0.388,0.049,-0.119,0.366
196,42,261.82,413.92,4.0,36.001,56.914,2.0,TP,39,0.069,0.006,0.07,0.018,0.067,0.006
196,43,383.95,465.03,1.86,52.792,63.942,0.93,TP,40,0.017,0.032,0.036,-0.009,-0.015,-0.032
196,44,490.78,473.76,8.38,67.482,65.141,4.192,TP,41,0.418,0.066,0.423,0.274,0.315,-0.066
196,45,268.37,473.36,6.72,36.901,65.088,3.361,TP,42,0.019,0.128,0.129,-0.014,0.012,-0.128
196,46,418.58,485.21,2.41,57.555,66.716,1.205,TP,43,0.046,0.008,0.047,-0.043,-0.018,-0.008
196,47,317.0,481.0,9.0,43.588,66.138,4.5,FP,,,,,,,
196,48,315.88,489.59,1.49,43.434,67.318,0.747,TP,44,0.019,0.003,0.019,-0.019,0.001,-0.003
196,49,303.34,499.59,3.95,41.71,68.694,1.977,TP,45,0.022,0.061,0.065,0.022,0.003,0.061
196,50,391.58,499.47,6.75,53.842,68.678,3.373,TP,46,0.103,0.271,0.29,-0.08,-0.065,0.271
196,,,,,47.237,39.6,3.691,FN,27,,,,,,
21,0,238.37,5.9,8.25,32.776,0.812,4.127,TP,0,0.282,0.031,0.284,0.088,0.268,-0.031
21,1,310.73,9.13,1.62,42.726,1.256,0.808,TP,1,0.009,0.015,0.017,0.008,0.003,0.015
21,2,491.58,37.44,1.44,67.592,5.148,0.72,TP,2,0.011,0.007,0.013,-0.008,-0.007,0.007
21,3,95.89,53.97,2.93,13.185,7.421,1.466,TP,3,0.012,0.023,0.026,0.009,0.008,-0.023
21,4,482.72,80.37,7.4,66.375,11.051,3.702,TP,4,0.365,0.207,0.419,-0.126,-0.342,0.207
21,5,276.92,87.2,3.4,38.077,11.99,1.699,TP,5,0.012,0.011,0.016,0.011,-0.004,-0.011
21,6,315.39,92.33,1.98,43.366,12.695,0.992,TP,6,0.015,0.016,0.022,-0.014,-0.004,-0.016
21,7,136.2,93.4,9.0,18.728,12.843,4.5,FP,,,,,,,
21,8,139.66,104.08,7.5,19.204,14.31,3.752,TP,7,0.11,0.172,0.204,0.025,0.107,0.172
21,9,25.11,132.53,6.19,3.453,18.224,3.097,TP,8,0.224,0.137,0.263,-0.095,-0.203,0.137
21,10,141.2,137.47,3.42,19.415,18.902,1.709,TP,9,0.032,0.027,0.041,0.019,0.025,-0.027
21,11,279.93,139.83,7.66,38.491,19.226,3.832,TP,10,0.021,0.094,0.097,0.006,-0.02,0.094
21,12,195.73,154.19,1.41,26.913,21.201,0.703,TP,11,0.009,0.004,0.01,0.003,-0.008,-0.004
21,13,65.26,160.65,4.56,8.974,22.09,2.278,TP,12,0.027,0.05,0.057,0.027,-0.0,-0.05
21,14,465.92,164.98,5.22,64.065,22.685,2.609,TP,13,0.107,0.12,0.161,-0.106,-0.016,0.12
21,15,502.75,171.52,1.93,69.128,23.584,0.967,TP,14,0.005,0.02,0.021,0.004,0.002,-0.02
21,16,47.28,190.14,7.18,6.501,26.144,3.589,TP,16,0.288,0.288,0.408,-0.242,-0.156,0.288
21,17,231.24,190.91,2.34,31.795,26.25,1.169,TP,15,0.013,0.099,0.1,-0.004,-0.013,-0.099
21,18,286.01,211.44,2.43,39.327,29.073,1.213,TP,17,0.014,0.002,0.014,-0.014,0.001,0.002
21,19,142.93,234.9,1.94,19.652,32.299,0.969,TP,18,0.02,0.078,0.08,-0.01,0.018,-0.078
21,20,210.1,232.8,1.33,28.888,32.009,0.663,TP,19,0.037,0.034,0.05,-0.037,-0.004,-0.034
21,21,116.82,244.99,7.77,16.063,33.686,3.886,TP,20,0.309,0.318,0.444,-0.147,-0.272,0.318
21,22,48.15,255.58,2.55,6.621,35.142,1.276,TP,21,0.007,0.082,0.082,-0.003,-0.006,-0.082
21,23,25.4,253.63,7.11,3.492,34.874,3.555,TP,22,0.24,0.195,0.309,0.236,0.043,-0.195
21,24,199.03,258.84,5.79,27.367,35.591,2.893,TP,23,0.074,0.053,0.091,0.045,0.059,-0.053
21,25,357.58,287.14,2.86,49.167,39.481,1.428,TP,24,0.094,0.069,0.117,0.05,0.08,-0.069
21,26,25.88,285.85,5.0,3.558,39.304,2.5,TP,25,0.006,0.0,0.006,-0.006,-0.002,0.0
21,27,369.04,300.07,7.03,50.743,41.26,3.514,TP,26,0.009,0.009,0.012,-0.007,0.005,-0.009
21,28,79.85,307.07,2.38,10.98,42.223,1.191,TP,27,0.017,0.059,0.061,0.014,0.01,-0.059
21,29,296.8,308.53,1.33,40.81,42.423,0.667,TP,28,0.017,0.035,0.039,0.016,-0.006,0.035
21,30,149.16,308.6,1.24,20.51,42.433,0.62,TP,29,0.021,0.039,0.044,-0.015,0.014,-0.039
21,31,117.52,311.22,1.74,16.159,42.793,0.87,TP,30,0.023,0.119,0.121,0.013,0.019,-0.119
21,32,127.15,330.17,5.83,17.483,45.398,2.917,TP,32,0.585,0.455,0.742,0.188,-0.554,0.455
21,33,458.78,334.89,5.78,63.082,46.047,2.892,TP,33,0.027,0.138,0.14,0.021,0.017,-0.138
21,34,128.0,334.0,1.0,17.6,45.925,0.5,FP,,,,,,,
21,35,29.08,361.34,3.07,3.998,49.684,1.536,TP,34,0.011,0.038,0.039,0.003,0.011,-0.038
21,36,365.23,363.31,2.92,50.219,49.955,1.458,TP,35,0.01,0.08,0.08,0.006,0.008,-0.08
21,37,273.42,370.48,2.98,37.596,50.941,1.488,TP,36,0.011,0.012,0.016,-0.011,-0.002,-0.012
21,38,42.21,395.24,4.19,5.803,54.346,2.096,TP,37,0.017,0.024,0.029,-0.001,-0.017,-0.024
21,39,380.21,390.95,4.04,52.278,53.755,2.021,TP,38,0.025,0.09,0.093,0.023,0.009,-0.09
21,40,384.0,390.5,0.0,52.8,53.694,0.0,FP,,,,,,,
21,41,192.29,405.46,6.46,26.439,55.751,3.232,TP,39,0.318,0.604,0.683,0.301,0.102,-0.604
21,42,112.3,410.17,4.96,15.442,56.398,2.481,TP,40,0.015,0.025,0.029,-0.012,-0.009,0.025
21,43,192.14,409.83,2.31,26.419,56.351,1.155,TP,41,0.831,0.926,1.244,-0.81,-0.186,-0.926
21,44,184.62,411.62,7.0,25.385,56.597,3.5,FP,,,,,,,
21,45,205.0,411.48,4.0,28.188,56.578,2.0,FP,,,,,,,
21,46,29.53,432.17,2.45,4.06,59.424,1.226,TP,42,0.003,0.009,0.009,-0.001,0.002,-0.009
21,47,55.47,448.53,1.95,7.628,61.673,0.973,TP,43,0.021,0.027,0.034,-0.02,-0.006,-0.027
21,48,28.4,491.3,6.82,3.905,67.554,3.41,TP,44,0.089,0.098,0.132,-0.034,-0.082,0.098
21,49,54.56,486.65,7.92,7.502,66.915,3.959,TP,45,0.623,0.041,0.624,0.508,0.361,-0.041
21,50,382.24,493.12,4.44,52.557,67.804,2.222,TP,46,0.072,0.235,0.246,-0.071,-0.011,0.235
21,51,376.05,503.16,6.59,51.707,69.185,3.293,TP,47,0.09,0.342,0.354,0.001,-0.09,0.342
21,,,,,17.692,44.763,2.03,FN,31,,,,,,
35,0,51.33,12.58,1.0,7.058,1.73,0.5,TP,0,0.005,0.0,0.005,-0.005,0.001,0.0
35,1,482.8,29.04,4.98,66.385,3.993,2.492,TP,2,0.028,0.023,0.036,0.003,-0.028,0.023
35,2,111.68,30.72,7.44,15.356,4.224,3.721,TP,5,0.445,0.075,0.451,0.078,-0.438,-0.075
35,3,398.45,27.79,8.24,54.787,3.821,4.12,TP,3,0.263,0.123,0.29,0.257,0.055,-0.123
35,4,330.66,28.66,2.97,45.466,3.941,1.487,TP,4,0.009,0.001,0.01,0.009,-0.0,0.001
35,5,110.01,40.58,1.96,15.127,5.58,0.978,TP,6,0.057,0.022,0.062,0.002,-0.057,-0.022
35,6,456.05,45.78,1.44,62.707,6.295,0.72,TP,7,0.015,0.03,0.034,-0.006,-0.014,-0.03
35,7,340.07,58.02,7.07,46.76,7.978,3.536,TP,8,0.355,0.235,0.425,-0.0,0.355,-0.235
35,8,147.69,66.43,1.12,20.307,9.135,0.561,TP,9,0.21,0.192,0.285,-0.189,0.091,-0.192
35,9,258.11,75.98,2.27,35.491,10.448,1.133,TP,11,0.012,0.106,0.107,0.012,0.001,-0.106
35,10,154.21,92.3,1.84,21.204,12.691,0.92,TP,12,0.022,0.019,0.029,-0.022,0.002,0.019
35,11,244.24,94.14,7.64,33.583,12.944,3.82,TP,13,0.143,0.211,0.255,0.143,0.004,-0.211
35,12,277.5,99.52,1.93,38.156,13.684,0.963,TP,14,0.025,0.037,0.045,0.0,0.025,-0.037
35,13,487.86,101.96,3.58,67.081,14.019,1.792,TP,15,0.043,0.179,0.184,0.013,0.041,-0.179
35,14,39.6,110.12,6.81,5.445,15.141,3.404,TP,16,0.039,0.1,0.107,0.016,0.035,-0.1
35,15,318.0,126.62,4.0,43.725,17.411,2.0,TP,17,1.041,0.968,1.421,-0.255,-1.009,0.968
35,16,319.93,134.38,1.87,43.991,18.477,0.934,FP,,,,,,,
35,17,36.8,133.02,1.3,5.061,18.29,0.652,TP,18,0.034,0.079,0.086,-0.02,0.028,-0.079
35,18,3.44,154.81,3.54,0.473,21.287,1.771,TP,19,0.172,0.21,0.272,0.106,0.135,-0.21
35,19,194.6,164.92,7.36,26.758,22.676,3.679,TP,20,0.006,0.02,0.021,-0.006,0.002,0.02
35,20,399.05,170.39,3.93,54.87,23.429,1.966,TP,21,0.066,0.014,0.067,-0.006,-0.065,0.014
35,21,475.86,168.86,1.88,65.431,23.219,0.94,TP,22,0.027,0.051,0.058,0.026,0.006,-0.051
35,22,148.72,183.16,2.45,20.449,25.184,1.225,TP,23,0.009,0.011,0.014,0.008,-0.005,-0.011
35,23,497.28,196.25,6.28,68.376,26.985,3.139,TP,24,0.062,0.281,0.288,-0.014,-0.061,0.281
35,24,82.78,215.93,3.25,11.382,29.69,1.624,TP,25,0.02,0.075,0.078,-0.015,-0.013,-0.075
35,25,425.77,212.68,4.53,58.543,29.243,2.265,TP,26,0.005,0.012,0.013,0.002,-0.005,-0.012
35,26,399.02,222.72,3.34,54.866,30.625,1.672,TP,27,0.031,0.054,0.062,-0.024,-0.02,-0.054
35,27,134.28,218.76,1.88,18.463,30.08,0.938,TP,28,0.03,0.055,0.063,0.024,-0.017,-0.055
35,28,182.2,220.42,7.39,25.053,30.308,3.693,TP,30,0.027,0.022,0.035,-0.019,0.019,0.022
35,29,149.94,223.56,1.91,20.616,30.739,0.955,TP,29,0.023,0.0,0.023,0.019,0.013,-0.0
35,30,90.75,229.48,7.02,12.478,31.553,3.508,TP,31,0.317,0.469,0.566,-0.173,-0.266,0.469
35,31,404.33,246.97,2.31,55.596,33.958,1.156,TP,32,0.019,0.043,0.047,-0.018,-0.006,-0.043
35,32,161.67,281.44,1.0,22.229,38.699,0.5,TP,33,0.082,0.0,0.082,-0.06,-0.056,0.0
35,33,154.74,290.65,3.45,21.276,39.965,1.725,TP,34,0.015,0.012,0.019,0.006,0.013,0.012
35,34,375.61,316.95,8.18,51.646,43.581,4.088,TP,35,0.085,0.123,0.149,-0.007,-0.084,0.123
35,35,227.34,324.99,4.15,31.259,44.687,2.076,TP,37,0.112,0.016,0.113,-0.042,-0.104,0.016
35,36,290.17,323.12,5.71,39.898,44.429,2.853,TP,38,0.148,0.12,0.191,-0.095,-0.113,0.12
35,37,489.95,330.04,6.13,67.369,45.38,3.067,TP,36,0.41,0.352,0.54,0.204,0.355,-0.352
35,38,433.25,337.42,6.72,59.571,46.396,3.362,TP,39,0.274,0.198,0.338,-0.107,-0.252,0.198
35,39,3.97,377.96,7.64,0.545,51.969,3.822,TP,40,0.044,0.061,0.076,0.0,0.044,-0.061
35,40,171.11,401.92,1.36,23.528,55.264,0.68,TP,41,0.012,0.025,0.028,-0.011,0.003,-0.025
35,41,120.28,417.34,4.62,16.538,57.385,2.309,TP,42,0.057,0.022,0.061,0.032,0.047,-0.022
35,42,389.72,460.65,5.16,53.587,63.339,2.58,TP,43,0.048,0.099,0.11,0.03,0.038,-0.099
35,43,107.52,487.71,4.6,14.784,67.06,2.3,TP,44,0.033,0.003,0.033,0.01,-0.032,0.003
35,44,223.67,504.63,7.24,30.754,69.387,3.618,TP,46,0.49,0.608,0.781,-0.307,-0.382,0.608
35,45,476.96,504.36,3.54,65.581,69.35,1.772,TP,45,0.127,0.246,0.277,0.054,0.116,-0.246
35,,,,,14.71,3.322,3.947,FN,1,,,,,,
35,,,,,19.603,9.541,0.5,FN,10,,,,,,
44,0,433.87,23.99,4.99,59.657,3.299,2.495,TP,0,0.087,0.246,0.261,-0.075,-0.044,0.246
44,1,389.64,61.22,1.45,53.575,8.417,0.727,TP,1,0.023,0.013,0.026,-0.009,-0.021,-0.013
44,2,146.63,68.98,3.0,20.162,9.485,1.5,TP,2,0.075,0.0,0.075,0.064,0.039,0.0
44,3,507.78,127.16,3.06,69.819,17.484,1.532,TP,3,0.065,0.119,0.136,-0.063,0.019,0.119
44,4,0.0,126.5,1.0,0.0,17.394,0.5,FP,,,,,,,
44,5,188.21,133.43,2.28,25.879,18.346,1.139,TP,4,0.038,0.036,0.053,-0.033,-0.02,-0.036
44,6,484.59,140.94,1.55,66.632,19.38,0.773,TP,5,0.067,0.04,0.078,0.06,0.03,0.04
44,7,30.98,142.15,6.7,4.259,19.546,3.351,TP,7,0.062,0.098,0.116,-0.012,-0.061,0.098
44,8,277.82,143.68,8.04,38.2,19.756,4.02,TP,6,0.01,0.006,0.012,-0.01,-0.001,0.006
44,9,12.11,148.1,5.45,1.665,20.363,2.726,TP,8,0.045,0.14,0.148,-0.035,-0.028,0.14
44,10,78.67,154.01,6.42,10.817,21.176,3.209,TP,10,0.042,0.013,0.044,-0.014,-0.04,0.013
44,11,395.05,150.43,3.06,54.32,20.684,1.531,TP,11,0.02,0.045,0.049,0.003,-0.02,0.045
44,12,404.55,154.41,6.43,55.625,21.231,3.216,TP,9,0.418,0.427,0.598,0.252,0.334,-0.427
44,13,407.9,160.94,1.43,56.086,22.129,0.713,TP,12,0.176,0.094,0.199,-0.085,-0.154,0.094
44,14,234.18,174.71,5.97,32.2,24.023,2.983,TP,13,0.045,0.038,0.059,-0.005,-0.045,0.038
44,15,405.12,173.62,4.0,55.704,23.873,2.0,TP,14,0.806,0.276,0.852,-0.107,-0.799,0.276
44,16,406.65,185.24,3.0,55.914,25.47,1.5,FP,,,,,,,
44,17,285.43,189.56,5.88,39.246,26.064,2.939,TP,15,0.119,0.14,0.183,-0.118,-0.014,0.14
44,18,509.17,208.9,7.81,70.01,28.724,3.905,TP,16,0.08,0.179,0.196,0.079,0.012,-0.179
44,19,105.02,241.0,8.04,14.44,33.138,4.018,TP,17,0.113,0.044,0.121,0.072,0.087,0.044
44,20,4.01,235.61,3.79,0.551,32.396,1.895,TP,18,0.007,0.16,0.16,0.006,0.003,-0.16
44,21,67.16,244.25,3.52,9.234,33.584,1.76,TP,19,0.017,0.006,0.018,-0.002,-0.017,0.006
44,22,109.68,263.64,6.48,15.081,36.251,3.242,TP,20,0.051,0.087,0.101,-0.037,-0.035,0.087
44,23,357.48,266.99,6.47,49.153,36.711,3.235,TP,21,0.035,0.235,0.238,-0.003,-0.035,0.235
44,24,143.9,285.96,7.38,19.786,39.319,3.691,TP,22,0.036,0.027,0.045,0.026,0.025,-0.027
44,25,203.12,302.26,8.08,27.929,41.561,4.04,TP,23,0.611,0.233,0.654,0.392,0.469,-0.233
44,26,269.43,313.64,4.91,37.047,43.125,2.454,TP,24,0.014,0.001,0.014,0.003,0.014,0.001
44,27,476.36,310.93,3.77,65.5,42.753,1.886,TP,26,0.025,0.129,0.131,-0.022,-0.012,0.129
44,28,486.12,312.38,5.95,66.842,42.953,2.975,TP,25,0.204,0.529,0.567,0.111,0.172,-0.529
44,29,217.3,323.39,2.95,29.879,44.466,1.473,TP,27,0.015,0.011,0.018,-0.015,0.003,-0.011
44,30,199.31,335.31,6.04,27.405,46.105,3.022,TP,28,0.264,0.489,0.556,-0.264,-0.008,0.489
44,31,450.73,348.34,7.56,61.975,47.897,3.781,TP,29,0.088,0.281,0.294,-0.067,-0.056,0.281
44,32,421.32,361.19,5.41,57.932,49.664,2.704,TP,30,0.065,0.007,0.066,0.054,0.036,-0.007
44,33,433.95,353.25,1.0,59.668,48.572,0.5,TP,32,0.035,0.0,0.035,-0.007,-0.034,0.0
44,34,362.97,355.91,7.16,49.909,48.938,3.578,TP,31,0.032,0.006,0.032,0.016,0.027,0.006
44,35,249.6,356.02,2.9,34.32,48.952,1.449,TP,33,0.014,0.065,0.067,0.013,-0.004,-0.065
44,36,464.0,357.57,9.0,63.8,49.166,4.5,FP,,,,,,,
44,37,432.35,381.04,6.37,59.449,52.393,3.185,TP,34,0.156,0.221,0.271,-0.154,-0.026,0.221
44,38,65.09,410.83,4.72,8.95,56.489,2.359,TP,35,0.047,0.003,0.048,0.044,0.017,0.003
44,39,105.39,419.94,3.88,14.491,57.741,1.939,TP,36,0.062,0.05,0.08,0.04,0.048,-0.05
44,40,90.59,423.56,7.24,12.456,58.24,3.618,TP,37,0.045,0.142,0.149,-0.025,0.038,-0.142
44,41,197.16,430.09,1.91,27.109,59.138,0.953,TP,38,0.007,0.001,0.007,-0.005,-0.005,0.001
44,42,72.6,437.45,1.6,9.982,60.149,0.798,TP,39,0.036,0.022,0.043,-0.005,-0.036,-0.022
44,43,112.09,449.56,2.44,15.413,61.815,1.22,TP,40,0.012,0.044,0.045,0.009,0.008,-0.044
44,44,145.38,467.95,7.75,19.99,64.343,3.876,TP,41,0.302,0.165,0.344,0.285,0.1,-0.165
44,45,225.5,482.36,5.0,31.006,66.324,2.5,TP,42,0.096,0.112,0.147,-0.09,-0.032,0.112
44,46,209.7,488.01,2.28,28.834,67.102,1.142,TP,43,0.01,0.032,0.033,-0.01,-0.0,0.032
44,47,338.38,501.66,4.3,46.527,68.978,2.148,TP,44,0.062,0.094,0.112,-0.06,-0.016,-0.094
44,48,372.33,504.61,1.9,51.196,69.384,0.949,TP,45,0.03,0.03,0.043,0.012,0.028,-0.03
44,49,467.84,506.67,1.41,64.328,69.668,0.704,TP,46,0.068,0.08,0.105,0.026,0.063,-0.08
48,0,321.31,18.78,3.35,44.181,2.583,1.677,TP,0,0.027,0.076,0.081,-0.024,-0.011,0.076
48,1,395.08,23.37,4.68,54.324,3.213,2.339,TP,1,0.021,0.089,0.092,0.011,-0.018,0.089
48,2,85.32,29.36,6.69,11.731,4.037,3.347,TP,2,0.072,0.107,0.129,-0.045,-0.056,0.107
48,3,489.41,48.33,7.2,67.294,6.645,3.598,TP,3,0.134,0.24,0.275,-0.082,-0.106,0.24
48,4,402.16,54.06,1.88,55.297,7.433,0.941,TP,4,0.006,0.07,0.07,-0.005,0.002,-0.07
48,5,201.65,59.46,7.9,27.727,8.176,3.952,TP,5,0.08,0.069,0.106,0.018,0.078,-0.069
48,6,475.29,61.02,1.36,65.353,8.39,0.678,TP,6,0.085,0.322,0.333,-0.079,-0.032,-0.322
48,7,250.77,62.33,1.4,34.481,8.57,0.702,TP,7,0.019,0.048,0.052,0.003,0.019,-0.048
48,8,205.57,104.93,7.12,28.266,14.428,3.559,TP,8,0.054,0.044,0.07,0.021,0.05,-0.044
48,9,370.95,108.23,5.42,51.006,14.882,2.709,TP,9,0.041,0.005,0.041,-0.041,0.001,0.005
48,10,243.17,116.38,2.67,33.436,16.002,1.336,TP,10,0.024,0.057,0.062,0.015,0.019,-0.057
48,11,201.9,119.61,1.0,27.762,16.447,0.5,TP,11,0.061,0.231,0.239,-0.056,0.026,-0.231
48,12,202.11,119.22,4.0,27.79,16.393,2.0,FP,,,,,,,
48,13,209.5,119.5,4.0,28.806,16.431,2.0,FP,,,,,,,
48,14,366.58,123.36,1.92,50.405,16.962,0.958,TP,12,0.038,0.003,0.038,0.032,0.02,-0.003
48,15,506.15,144.8,5.76,69.596,19.91,2.881,TP,13,0.169,0.134,0.215,-0.052,-0.16,0.134
48,16,440.28,155.05,6.91,60.539,21.32,3.456,TP,15,0.025,0.044,0.05,-0.024,0.007,-0.044
48,17,191.99,160.87,6.54,26.398,22.12,3.27,TP,16,0.164,0.086,0.185,-0.158,-0.041,0.086
48,18,450.06,165.37,8.02,61.883,22.738,4.01,TP,17,0.453,0.107,0.466,0.434,0.129,-0.107
48,19,402.59,175.68,7.57,55.356,24.155,3.784,TP,19,0.021,0.133,0.135,-0.015,-0.014,0.133
48,20,138.27,174.15,3.26,19.012,23.946,1.63,TP,18,0.085,0.016,0.086,0.083,0.016,-0.016
48,21,283.16,186.89,8.36,38.934,25.697,4.179,TP,21,0.387,0.179,0.426,0.314,0.226,0.179
48,22,188.95,195.45,6.44,25.98,26.875,3.22,TP,22,0.012,0.082,0.083,0.012,-0.0,-0.082
48,23,53.01,197.53,6.62,7.289,27.16,3.31,TP,23,0.009,0.009,0.012,0.002,0.008,-0.009
48,24,147.4,197.98,5.7,20.267,27.222,2.851,TP,24,0.063,0.068,0.093,-0.062,-0.008,-0.068
48,25,130.48,209.93,1.2,17.941,28.866,0.602,TP,25,0.014,0.04,0.042,0.014,-0.001,0.04
48,26,367.91,212.06,4.47,50.587,29.158,2.235,TP,26,0.01,0.006,0.011,-0.008,0.005,-0.006
48,27,41.4,235.4,1.0,5.693,32.368,0.5,TP,27,0.021,0.0,0.021,-0.014,0.016,0.0
48,28,292.39,240.1,7.74,40.204,33.013,3.872,TP,28,0.039,0.069,0.079,-0.023,0.031,0.069
48,29,132.98,249.79,2.46,18.284,34.346,1.23,TP,30,0.009,0.016,0.019,0.009,0.001,0.016
48,30,368.42,257.53,8.06,50.657,35.41,4.032,TP,31,0.246,0.017,0.246,0.236,0.07,-0.017
48,31,504.17,256.67,3.94,69.324,35.292,1.969,TP,32,0.02,0.038,0.043,0.011,0.017,-0.038
48,32,82.25,259.98,3.85,11.31,35.747,1.925,TP,33,0.051,0.079,0.094,0.047,0.02,-0.079
48,33,22.18,265.9,7.74,3.05,36.562,3.87,TP,29,1.013,0.29,1.054,0.047,1.012,-0.29
48,34,381.5,264.5,9.0,52.456,36.369,4.5,FP,,,,,,,
48,35,60.23,269.57,8.0,8.281,37.066,4.0,TP,34,0.814,0.373,0.896,0.735,0.349,-0.373
48,36,83.24,298.54,1.11,11.446,41.049,0.556,TP,35,0.029,0.003,0.029,-0.013,-0.026,-0.003
48,37,272.63,317.41,6.54,37.486,43.644,3.27,TP,36,0.093,0.296,0.31,-0.075,-0.055,0.296
48,38,399.78,335.91,2.7,54.97,46.187,1.351,TP,37,0.007,0.043,0.044,0.007,-0.001,-0.043
48,39,69.92,350.91,3.36,9.614,48.25,1.682,TP,38,0.015,0.033,0.036,0.005,-0.014,-0.033
48,40,349.56,375.81,8.55,48.065,51.674,4.273,TP,39,0.41,0.105,0.423,-0.162,-0.377,0.105
48,41,169.36,390.41,2.47,23.287,53.682,1.236,TP,40,0.049,0.142,0.15,0.024,0.043,-0.142
48,42,374.09,387.78,3.48,51.438,53.32,1.742,TP,41,0.032,0.041,0.052,0.019,0.025,-0.041
48,43,177.1,416.21,4.63,24.351,57.229,2.316,TP,42,0.006,0.041,0.041,0.005,-0.003,-0.041
48,44,383.71,430.1,1.55,52.761,59.139,0.776,TP,43,0.039,0.076,0.085,-0.035,-0.017,0.076
48,45,83.75,449.88,4.55,11.516,61.859,2.273,TP,44,0.01,0.027,0.029,0.003,0.01,-0.027
48,46,334.93,479.11,3.09,46.053,65.877,1.544,TP,45,0.038,0.195,0.198,0.015,0.035,-0.195
48,47,321.98,489.47,3.3,44.273,67.302,1.65,TP,46,0.133,0.16,0.209,0.128,0.037,-0.16
48,48,0.0,503.0,1.0,0.0,69.162,0.5,TP,47,0.215,0.0,0.215,-0.192,-0.096,0.0
48,49,415.0,506.38,1.0,57.062,69.627,0.5,TP,48,0.058,0.0,0.058,-0.046,0.035,0.0
48,,,,,25.575,19.663,0.5,FN,14,,,,,,
48,,,,,58.482,25.464,4.5,FN,20,,,,,,
55,0,329.67,9.8,4.81,45.329,1.347,2.407,TP,0,0.06,0.022,0.064,-0.037,-0.047,0.022
55,1,509.02,23.86,1.94,69.99,3.28,0.969,TP,1,0.084,0.226,0.241,-0.078,-0.03,0.226
55,2,247.86,30.38,4.35,34.081,4.177,2.177,TP,2,0.005,0.032,0.032,0.001,0.005,-0.032
55,3,18.93,49.22,6.68,2.603,6.768,3.338,TP,3,0.044,0.041,0.06,-0.027,-0.035,0.041
55,4,351.94,59.45,1.95,48.392,8.175,0.976,TP,4,0.004,0.018,0.018,0.004,-0.001,-0.018
55,5,215.21,103.63,1.75,29.591,14.249,0.875,TP,5,0.036,0.022,0.043,-0.015,-0.033,0.022
55,6,245.03,122.29,4.6,33.691,16.815,2.302,TP,6,0.242,0.425,0.489,-0.226,-0.084,0.425
55,7,495.12,128.82,1.83,68.08,17.713,0.917,TP,7,0.056,0.022,0.06,-0.046,-0.032,0.022
55,8,261.09,129.17,2.52,35.9,17.761,1.261,TP,8,0.035,0.004,0.035,0.021,-0.028,0.004
55,9,126.62,131.0,8.0,17.411,18.013,4.0,TP,9,0.305,0.261,0.401,-0.269,-0.143,0.261
55,10,130.73,132.98,6.41,17.976,18.284,3.207,FP,,,,,,,
55,11,383.4,160.58,3.6,52.717,22.08,1.8,TP,10,0.032,0.056,0.064,0.018,0.026,-0.056
55,12,333.07,157.17,4.51,45.797,21.611,2.257,TP,11,0.031,0.031,0.044,0.03,0.008,-0.031
55,13,24.0,162.43,1.0,3.3,22.334,0.5,TP,12,0.015,0.0,0.015,-0.013,0.009,0.0
55,14,113.61,175.55,4.95,15.621,24.138,2.475,TP,13,0.04,0.112,0.119,-0.015,-0.037,0.112
55,15,185.23,198.62,4.66,25.47,27.31,2.33,TP,14,0.036,0.11,0.116,-0.021,-0.029,0.11
55,16,408.75,198.14,8.16,56.203,27.244,4.078,TP,15,0.164,0.078,0.182,-0.139,-0.087,0.078
55,17,12.88,198.36,6.01,1.77,27.275,3.006,TP,16,0.073,0.259,0.269,-0.073,-0.002,0.259
55,18,208.25,231.84,6.23,28.634,31.878,3.114,TP,17,0.051,0.002,0.051,0.031,0.041,0.002
55,19,429.87,236.4,3.56,59.108,32.505,1.778,TP,18,0.002,0.017,0.018,-0.002,-0.001,-0.017
55,20,36.32,237.07,1.36,4.994,32.597,0.679,TP,19,0.014,0.044,0.046,0.014,-0.0,-0.044
55,21,301.17,244.74,7.84,41.411,33.652,3.92,TP,20,0.308,0.08,0.318,0.219,0.216,-0.08
55,22,321.92,257.65,2.08,44.265,35.426,1.038,TP,21,0.022,0.015,0.027,-0.002,0.022,0.015
55,23,336.01,258.55,6.45,46.201,35.55,3.223,TP,22,0.016,0.242,0.242,-0.003,-0.015,-0.242
55,24,278.73,269.58,2.34,38.326,37.067,1.169,TP,24,0.026,0.007,0.026,0.022,0.013,0.007
55,25,56.99,287.51,2.38,7.837,39.533,1.191,TP,25,0.034,0.033,0.047,0.014,0.031,-0.033
55,26,198.44,283.36,7.97,27.285,38.963,3.984,TP,26,0.299,0.06,0.305,0.289,0.077,-0.06
55,27,203.82,299.66,6.06,28.025,41.203,3.032,TP,27,0.117,0.308,0.329,-0.117,-0.011,0.308
55,28,253.07,313.03,1.46,34.798,43.042,0.729,TP,28,0.023,0.005,0.024,-0.021,-0.009,0.005
55,29,400.2,317.69,8.1,55.028,43.682,4.05,TP,29,0.134,0.056,0.146,0.017,0.133,-0.056
55,30,370.08,348.8,4.67,50.886,47.96,2.335,TP,30,0.036,0.074,0.083,-0.036,-0.007,0.074
55,31,32.65,356.5,5.55,4.489,49.019,2.775,TP,31,1.086,1.429,1.795,-0.767,-0.769,1.429
55,32,366.7,359.99,4.27,50.421,49.498,2.134,TP,32,0.067,0.143,0.158,-0.024,-0.062,0.143
55,33,39.59,364.11,2.23,5.443,50.065,1.115,FP,,,,,,,
55,34,23.91,362.43,8.13,3.288,49.835,4.065,TP,33,1.319,1.077,1.703,-1.272,-0.348,1.077
55,35,373.28,376.17,4.44,51.325,51.723,2.218,TP,34,0.236,0.021,0.237,0.158,0.174,-0.021
55,36,365.5,369.67,7.67,50.256,50.829,3.833,FP,,,,,,,
55,37,369.11,390.67,8.0,50.753,53.717,4.0,TP,35,1.209,0.266,1.238,0.439,1.126,-0.266
55,38,251.45,403.56,2.98,34.575,55.49,1.49,TP,36,0.075,0.063,0.098,0.038,0.065,-0.063
55,39,214.11,429.23,2.84,29.44,59.02,1.419,TP,37,0.009,0.024,0.026,0.004,0.008,-0.024
55,40,102.26,430.33,6.0,14.06,59.17,3.0,TP,38,0.15,0.279,0.317,-0.077,-0.128,0.279
55,41,250.56,430.67,2.79,34.451,59.217,1.394,TP,39,0.011,0.02,0.023,-0.003,-0.011,0.02
55,42,439.59,448.04,6.17,60.443,61.605,3.086,TP,40,0.053,0.029,0.061,-0.043,-0.032,0.029
55,43,293.49,474.39,5.93,40.355,65.228,2.965,TP,41,0.113,0.163,0.199,-0.02,-0.112,0.163
55,44,409.66,488.97,3.95,56.329,67.233,1.977,TP,42,0.009,0.012,0.015,0.008,-0.003,0.012
55,45,158.08,492.29,6.34,21.735,67.69,3.169,TP,43,0.008,0.068,0.068,-0.008,-0.002,-0.068
55,46,179.43,486.31,2.58,24.672,66.867,1.29,TP,44,0.002,0.011,0.011,-0.001,-0.002,0.011
55,47,226.79,495.56,1.95,31.184,68.14,0.976,TP,45,0.014,0.001,0.014,0.014,-0.002,-0.001
55,48,101.53,501.2,5.58,13.96,68.915,2.79,TP,46,0.03,0.083,0.088,-0.02,-0.022,0.083
55,49,307.63,503.55,2.46,42.299,69.238,1.232,TP,47,0.019,0.001,0.019,-0.006,0.018,0.001
55,,,,,38.011,36.787,4.0,FN,23,,,,,,
58,0,104.8,2.84,2.6,14.41,0.391,1.298,TP,0,0.097,0.015,0.098,0.017,0.095,0.015
58,1,420.87,9.39,5.26,57.87,1.291,2.632,TP,1,0.034,0.067,0.076,-0.006,0.034,-0.067
58,2,2.81,12.27,2.25,0.387,1.687,1.127,TP,2,0.123,0.327,0.349,0.123,0.002,0.327
58,3,224.07,29.0,1.48,30.81,3.988,0.738,TP,3,0.01,0.012,0.015,0.01,0.0,-0.012
58,4,423.1,48.57,3.51,58.176,6.678,1.754,TP,4,0.043,0.068,0.081,0.04,-0.016,-0.068
58,5,9.55,49.47,3.4,1.313,6.802,1.699,TP,5,0.028,0.03,0.041,0.027,0.006,-0.03
58,6,177.79,62.33,5.51,24.446,8.57,2.753,TP,6,0.071,0.421,0.427,-0.023,0.067,0.421
58,7,142.22,57.5,1.0,19.556,7.906,0.5,TP,7,0.023,0.065,0.069,-0.023,0.003,-0.065
58,8,370.22,62.5,1.0,50.906,8.594,0.5,TP,8,0.018,0.0,0.018,-0.004,-0.017,0.0
58,9,187.88,63.97,6.33,25.834,8.796,3.165,TP,9,0.035,0.162,0.166,0.032,-0.013,-0.162
58,10,41.71,71.31,7.27,5.736,9.805,3.635,TP,10,0.236,0.18,0.297,-0.086,-0.22,0.18
58,11,286.21,79.57,5.63,39.354,10.941,2.817,TP,11,0.068,0.055,0.088,0.062,0.028,-0.055
58,12,298.73,77.22,7.15,41.076,10.618,3.575,TP,12,0.059,0.039,0.071,-0.054,0.024,0.039
58,13,475.81,109.98,4.94,65.424,15.122,2.468,TP,13,0.53,0.437,0.687,-0.242,-0.472,0.437
58,14,487.49,118.8,3.04,67.03,16.336,1.519,TP,14,0.044,0.077,0.089,-0.038,0.023,-0.077
58,15,466.86,109.43,4.0,64.193,15.046,2.0,FP,,,,,,,
58,16,447.62,115.8,4.78,61.548,15.922,2.389,TP,15,0.052,0.144,0.153,-0.014,-0.05,0.144
58,17,484.08,119.24,8.0,66.561,16.396,4.0,FP,,,,,,,
58,18,480.5,121.5,4.0,66.069,16.706,2.0,FP,,,,,,,
58,19,468.57,151.19,3.45,64.428,20.789,1.723,TP,16,0.004,0.01,0.011,0.0,0.003,-0.01
58,20,334.99,159.53,7.32,46.061,21.936,3.661,TP,17,0.228,0.285,0.365,-0.156,-0.166,0.285
58,21,347.21,199.96,2.5,47.742,27.494,1.25,TP,18,0.007,0.017,0.018,0.007,0.003,-0.017
58,22,201.81,201.24,1.41,27.749,27.67,0.706,TP,19,0.004,0.028,0.028,-0.003,0.003,-0.028
58,23,482.45,225.93,5.01,66.337,31.065,2.505,TP,20,0.014,0.0,0.014,-0.005,-0.013,-0.0
58,24,67.98,248.53,2.62,9.347,34.173,1.308,TP,21,0.056,0.033,0.065,0.016,0.054,-0.033
58,25,262.96,261.1,1.43,36.157,35.902,0.714,TP,22,0.015,0.036,0.039,-0.006,0.014,-0.036
58,26,232.14,271.51,5.98,31.92,37.333,2.988,TP,23,0.016,0.03,0.034,0.004,-0.015,-0.03
58,27,89.55,272.71,2.31,12.313,37.498,1.154,TP,24,0.012,0.052,0.053,0.01,-0.007,-0.052
58,28,443.38,282.74,2.72,60.965,38.877,1.361,TP,25,0.039,0.008,0.04,-0.032,-0.023,-0.008
58,29,416.1,281.62,6.62,57.213,38.722,3.312,TP,26,0.18,0.294,0.345,-0.084,-0.16,0.294
58,30,487.4,295.18,8.23,67.018,40.587,4.113,TP,27,0.026,0.101,0.104,-0.024,-0.009,0.101
58,31,88.41,293.85,3.1,12.156,40.404,1.552,TP,28,0.024,0.038,0.045,-0.01,0.022,0.038
58,32,109.7,302.6,5.78,15.084,41.608,2.889,TP,29,0.112,0.146,0.184,-0.11,-0.02,0.146
58,33,101.0,301.5,9.0,13.888,41.456,4.5,FP,,,,,,,
58,34,384.34,308.94,2.01,52.846,42.479,1.006,TP,30,0.003,0.027,0.027,0.003,-0.001,0.027
58,35,32.4,314.78,4.03,4.455,43.282,2.013,TP,31,0.015,0.007,0.017,0.012,0.009,-0.007
58,36,305.59,323.72,2.23,42.018,44.511,1.113,TP,32,0.039,0.012,0.041,-0.027,-0.028,0.012
58,37,409.62,326.16,1.47,56.323,44.847,0.736,TP,34,0.009,0.017,0.019,-0.003,-0.008,-0.017
58,38,510.06,327.35,8.0,70.133,45.011,4.0,TP,33,0.341,0.351,0.489,0.277,0.198,-0.351
58,39,211.59,333.57,3.71,29.094,45.865,1.855,TP,35,0.006,0.267,0.267,0.005,0.004,-0.267
58,40,179.84,350.22,7.36,24.728,48.155,3.682,TP,36,0.114,0.048,0.124,-0.017,0.113,-0.048
58,41,382.57,366.03,3.13,52.603,50.329,1.565,TP,37,0.071,0.022,0.074,0.07,0.011,-0.022
58,42,54.82,380.08,6.05,7.537,52.261,3.026,TP,38,0.029,0.044,0.053,-0.004,0.029,0.044
58,43,71.66,392.96,2.31,9.853,54.031,1.154,TP,39,0.161,0.019,0.162,0.07,0.145,-0.019
58,44,337.62,386.78,3.32,46.423,53.183,1.658,TP,40,0.027,0.083,0.087,0.014,-0.024,-0.083
58,45,271.06,408.77,7.91,37.271,56.206,3.955,TP,41,0.03,0.004,0.03,0.03,0.001,0.004
58,46,502.52,447.79,1.64,69.097,61.572,0.822,TP,42,0.091,0.006,0.091,0.073,0.055,-0.006
58,47,107.05,449.68,1.41,14.719,61.831,0.707,TP,43,0.008,0.048,0.049,0.001,0.008,-0.048
58,48,31.5,452.0,1.0,4.331,62.15,0.5,TP,44,0.029,0.0,0.029,0.025,0.015,0.0
58,49,34.99,480.16,2.89,4.811,66.022,1.447,TP,45,0.01,0.012,0.016,0.006,-0.008,-0.012
58,50,370.95,491.12,3.92,51.006,67.528,1.958,TP,46,0.037,0.03,0.047,0.035,0.012,-0.03
58,51,286.43,499.36,5.43,39.384,68.663,2.714,TP,47,0.056,0.003,0.056,0.051,0.024,-0.003
66,0,29.56,3.78,3.17,4.064,0.519,1.583,TP,0,0.026,0.145,0.147,0.016,0.02,-0.145
66,1,351.95,2.59,5.51,48.393,0.357,2.755,TP,1,0.044,0.245,0.249,0.009,0.043,-0.245
66,2,165.34,70.17,1.0,22.734,9.648,0.5,TP,3,0.02,0.0,0.02,0.009,0.018,0.0
66,3,62.52,76.28,6.24,8.597,10.488,3.119,TP,4,0.071,0.194,0.206,-0.038,-0.06,0.194
66,4,333.92,84.33,1.82,45.914,11.595,0.908,TP,5,0.086,0.058,0.104,0.048,0.071,-0.058
66,5,49.2,93.12,1.35,6.765,12.804,0.676,TP,6,0.064,0.009,0.065,-0.064,-0.008,-0.009
66,6,465.78,100.12,6.43,64.045,13.766,3.213,TP,7,0.248,0.254,0.355,-0.093,-0.23,0.254
66,7,188.05,100.82,2.54,25.857,13.862,1.269,TP,8,0.028,0.028,0.04,-0.024,0.015,0.028
66,8,350.04,119.82,7.04,48.131,16.475,3.519,TP,9,0.504,0.307,0.59,0.469,0.183,-0.307
66,9,330.91,118.09,8.35,45.5,16.238,4.176,FP,,,,,,,
66,10,140.33,126.22,9.0,19.296,17.356,4.5,TP,11,0.953,1.152,1.495,-0.47,-0.829,1.152
66,11,143.14,131.77,6.86,19.681,18.118,3.432,FP,,,,,,,
66,12,236.13,133.79,2.59,32.468,18.397,1.294,TP,12,0.017,0.128,0.129,-0.017,-0.003,0.128
66,13,3.4,139.4,7.73,0.467,19.167,3.865,TP,10,0.563,0.295,0.635,0.098,0.554,-0.295
66,14,114.03,154.0,6.2,15.679,21.175,3.1,TP,13,0.197,0.231,0.303,0.197,0.014,-0.231
66,15,134.77,175.73,5.93,18.53,24.163,2.966,TP,14,0.128,0.153,0.199,0.104,0.075,-0.153
66,16,302.44,180.15,2.87,41.586,24.77,1.434,TP,15,0.038,0.049,0.062,0.011,0.036,-0.049
66,17,334.29,178.39,4.58,45.965,24.529,2.289,TP,16,0.007,0.069,0.069,0.005,0.004,-0.069
66,18,287.77,192.95,1.93,39.568,26.53,0.966,TP,17,0.027,0.004,0.028,0.026,0.008,0.004
66,19,101.13,220.42,6.26,13.905,30.308,3.129,TP,18,0.087,0.122,0.15,-0.079,-0.039,0.122
66,20,387.31,220.11,2.37,53.256,30.265,1.187,TP,19,0.012,0.039,0.041,0.01,-0.007,-0.039
66,21,17.25,230.82,2.9,2.372,31.738,1.448,TP,20,0.021,0.039,0.044,-0.008,-0.019,-0.039
66,22,107.02,242.42,1.46,14.715,33.332,0.729,TP,21,0.02,0.015,0.025,-0.004,-0.019,-0.015
66,23,30.82,272.26,8.11,4.237,37.436,4.053,TP,22,0.24,0.121,0.268,0.128,0.203,-0.121
66,24,119.94,272.16,2.43,16.491,37.422,1.213,TP,23,0.013,0.01,0.016,-0.009,-0.009,-0.01
66,25,451.32,272.53,1.97,62.057,37.472,0.983,TP,24,0.01,0.026,0.028,-0.001,0.01,-0.026
66,26,205.84,307.04,1.24,28.303,42.218,0.622,TP,25,0.015,0.022,0.027,-0.012,-0.008,0.022
66,27,94.75,315.86,1.26,13.028,43.431,0.629,TP,26,0.095,0.076,0.121,0.068,0.066,-0.076
66,28,332.4,319.73,4.92,45.705,43.963,2.46,TP,27,0.051,0.014,0.053,-0.042,-0.029,-0.014
66,29,85.4,321.71,1.97,11.743,44.235,0.985,TP,28,0.013,0.007,0.015,-0.013,0.003,-0.007
66,30,400.33,336.53,8.55,55.045,46.273,4.273,TP,29,0.958,0.15,0.969,0.955,0.068,-0.15
66,31,168.88,369.51,5.43,23.221,50.808,2.714,TP,30,0.074,0.097,0.122,-0.033,-0.067,0.097
66,32,295.96,370.84,1.42,40.694,50.991,0.711,TP,31,0.01,0.021,0.023,-0.009,-0.001,-0.021
66,33,460.04,372.4,5.84,63.255,51.205,2.922,TP,32,0.01,0.061,0.061,0.009,-0.004,0.061
66,34,359.08,374.7,7.01,49.373,51.522,3.504,TP,33,0.015,0.073,0.075,0.014,0.005,0.073
66,35,485.12,383.19,6.47,66.704,52.689,3.237,TP,34,0.07,0.473,0.478,-0.068,-0.017,0.473
66,36,220.47,389.04,7.27,30.315,53.492,3.636,TP,35,0.064,0.084,0.105,0.006,-0.063,-0.084
66,37,60.0,393.71,9.0,8.25,54.136,4.5,TP,36,1.03,0.382,1.099,-0.205,-1.01,0.382
66,38,62.34,404.72,7.94,8.571,55.65,3.969,FP,,,,,,,
66,39,488.01,420.21,2.98,67.101,57.779,1.491,TP,37,0.011,0.025,0.027,0.007,-0.008,-0.025
66,40,34.33,436.48,7.15,4.72,60.016,3.577,TP,38,0.242,0.232,0.335,-0.03,-0.24,0.232
66,41,8.95,445.46,8.05,1.231,61.25,4.025,TP,39,0.192,0.185,0.267,0.112,0.156,-0.185
66,42,127.32,452.07,1.96,17.507,62.16,0.979,TP,40,0.008,0.033,0.034,-0.008,-0.002,-0.033
66,43,435.2,459.19,1.38,59.841,63.139,0.689,TP,41,0.041,0.001,0.041,-0.008,-0.04,-0.001
66,44,232.81,456.83,4.34,32.011,62.814,2.172,TP,42,0.011,0.017,0.02,-0.003,-0.01,-0.017
66,45,356.61,461.81,2.85,49.034,63.499,1.423,TP,43,0.018,0.039,0.043,-0.016,-0.008,0.039
66,46,11.19,464.7,7.47,1.538,63.896,3.733,TP,44,0.048,0.106,0.116,0.048,0.006,-0.106
66,47,270.28,483.33,5.0,37.163,66.458,2.5,TP,45,0.032,0.007,0.033,-0.026,-0.02,0.007
66,48,352.5,511.0,8.0,48.469,70.263,4.0,FP,,,,,,,
66,,,,,70.183,7.367,4.342,FN,2,,,,,,
69,0,354.09,19.53,1.0,48.688,2.686,0.5,TP,0,0.046,0.0,0.046,-0.04,-0.022,0.0
69,1,469.17,27.34,6.19,64.511,3.759,3.093,TP,3,0.08,0.014,0.081,-0.075,-0.028,0.014
69,2,105.51,25.65,3.41,14.507,3.527,1.704,TP,2,0.015,0.028,0.032,-0.014,-0.006,-0.028
69,3,369.47,29.28,2.49,50.803,4.026,1.243,TP,1,0.06,0.166,0.176,-0.05,0.032,-0.166
69,4,159.98,30.87,6.62,21.998,4.245,3.312,TP,4,0.126,0.302,0.327,-0.045,-0.118,0.302
69,5,377.0,33.0,1.0,51.838,4.537,0.5,FP,,,,,,,
69,6,383.83,41.16,1.46,52.776,5.66,0.728,TP,5,0.023,0.102,0.105,0.023,-0.0,-0.102
69,7,203.48,65.38,3.07,27.979,8.989,1.533,TP,6,0.037,0.087,0.094,0.028,0.025,-0.087
69,8,479.29,68.65,1.24,65.903,9.439,0.618,TP,7,0.025,0.011,0.028,0.018,-0.017,-0.011
69,9,369.83,90.52,2.96,50.852,12.447,1.481,TP,8,0.039,0.014,0.042,-0.037,-0.012,-0.014
69,10,26.45,95.43,3.84,3.637,13.122,1.919,TP,9,0.021,0.034,0.04,-0.01,-0.018,-0.034
69,11,413.84,96.07,4.0,56.903,13.21,2.0,TP,10,0.05,0.022,0.055,-0.046,-0.019,0.022
69,12,180.5,95.46,7.52,24.819,13.125,3.762,TP,11,0.184,0.142,0.233,0.183,0.019,-0.142
69,13,197.58,118.75,6.01,27.167,16.328,3.003,TP,12,0.021,0.0,0.021,-0.014,-0.016,-0.0
69,14,415.08,118.78,6.45,57.073,16.333,3.223,TP,13,0.223,0.515,0.561,-0.041,-0.219,0.515
69,15,6.38,130.59,4.77,0.877,17.956,2.387,TP,14,0.097,0.023,0.099,0.077,0.058,-0.023
69,16,92.76,133.01,3.34,12.754,18.288,1.668,TP,16,0.013,0.068,0.07,0.013,0.004,-0.068
69,17,417.94,151.14,4.3,57.467,20.781,2.149,TP,17,0.025,0.011,0.028,-0.025,0.005,0.011
69,18,260.49,175.27,7.64,35.817,24.1,3.818,TP,18,0.095,0.072,0.119,-0.089,0.032,0.072
69,19,205.2,186.65,3.15,28.215,25.665,1.577,TP,19,0.051,0.025,0.056,-0.016,-0.048,0.025
69,20,126.48,186.34,2.03,17.391,25.622,1.015,TP,20,0.053,0.02,0.056,-0.04,-0.034,-0.02
69,21,334.4,200.3,3.52,45.98,27.541,1.758,TP,23,0.597,0.109,0.607,-0.475,-0.362,0.109
69,22,331.25,197.75,3.0,45.547,27.191,1.5,TP,21,0.81,0.734,1.093,0.68,0.441,-0.734
69,23,387.88,199.0,2.34,53.333,27.363,1.172,TP,22,0.007,0.033,0.034,0.0,0.007,-0.033
69,24,358.84,208.53,7.87,49.34,28.673,3.937,TP,24,0.694,0.352,0.778,0.609,0.332,0.352
69,25,111.64,232.03,3.94,15.351,31.905,1.97,TP,25,0.024,0.013,0.027,-0.023,-0.004,0.013
69,26,314.36,233.96,5.7,43.224,32.17,2.851,TP,26,0.014,0.214,0.214,-0.007,-0.012,0.214
69,27,265.06,240.17,1.76,36.445,33.023,0.881,TP,27,0.037,0.022,0.043,-0.005,-0.037,-0.022
69,28,55.42,244.51,5.59,7.621,33.62,2.796,TP,28,0.017,0.005,0.018,-0.002,-0.017,0.005
69,29,140.72,263.85,8.31,19.348,36.28,4.153,TP,29,0.731,0.1,0.738,0.458,0.57,-0.1
69,30,480.24,269.37,4.47,66.032,37.038,2.235,TP,30,0.008,0.019,0.02,-0.008,-0.0,-0.019
69,31,384.37,270.62,3.55,52.851,37.21,1.774,TP,31,0.01,0.014,0.017,-0.007,-0.007,0.014
69,32,238.66,276.03,1.43,32.815,37.954,0.714,TP,32,0.031,0.012,0.033,-0.01,-0.03,0.012
69,33,329.46,338.43,7.61,45.3,46.534,3.807,TP,34,0.159,0.039,0.164,-0.097,-0.126,0.039
69,34,169.94,348.83,8.45,23.366,47.965,4.223,TP,33,0.602,0.102,0.611,0.318,0.512,-0.102
69,35,489.22,358.19,4.79,67.268,49.252,2.394,TP,35,0.014,0.012,0.018,0.011,0.008,-0.012
69,36,191.09,362.24,7.59,26.276,49.808,3.795,TP,36,0.063,0.011,0.064,-0.054,-0.033,0.011
69,37,424.08,377.4,1.37,58.311,51.893,0.683,TP,37,0.021,0.023,0.031,-0.014,-0.016,0.023
69,38,320.11,381.34,6.43,44.015,52.435,3.214,TP,38,0.063,0.195,0.205,-0.022,-0.059,0.195
69,39,294.05,417.21,5.01,40.432,57.367,2.506,TP,39,0.016,0.261,0.261,-0.002,0.016,-0.261
69,40,382.16,447.62,1.93,52.547,61.548,0.963,TP,40,0.007,0.005,0.009,0.007,-0.002,0.005
69,41,112.31,448.76,7.66,15.443,61.704,3.828,TP,41,0.041,0.08,0.09,-0.034,0.023,-0.08
69,42,132.79,459.52,3.86,18.259,63.184,1.932,TP,42,0.334,0.089,0.346,0.329,-0.054,0.089
69,43,122.31,458.06,4.22,16.817,62.983,2.111,FP,,,,,,,
69,44,218.47,457.42,2.27,30.04,62.895,1.137,TP,43,0.016,0.015,0.022,0.006,-0.015,0.015
69,45,127.0,462.5,3.0,17.462,63.594,1.5,FP,,,,,,,
69,46,78.03,469.62,1.98,10.729,64.572,0.992,TP,44,0.007,0.008,0.01,0.006,0.002,-0.008
69,47,135.62,468.81,5.0,18.648,64.462,2.5,FP,,,,,,,
69,48,27.41,487.45,1.0,3.769,67.024,0.5,TP,45,0.034,0.0,0.034,0.019,-0.028,0.0
69,49,190.55,496.8,3.52,26.2,68.31,1.762,TP,46,0.036,0.03,0.047,-0.031,-0.02,-0.03
69,50,379.81,491.86,1.0,52.224,67.63,0.5,TP,47,0.033,0.0,0.033,-0.026,-0.02,0.0
69,,,,,0.717,19.869,4.5,FN,15,,,,,,
75,0,104.82,3.69,3.87,14.413,0.507,1.933,TP,0,0.042,0.25,0.253,0.041,0.012,-0.25
75,1,72.99,40.94,6.6,10.036,5.629,3.298,TP,2,0.186,0.222,0.29,0.172,0.07,-0.222
75,2,342.64,50.1,5.94,47.114,6.889,2.969,TP,3,0.061,0.049,0.078,-0.055,-0.026,0.049
75,3,187.53,51.67,8.0,25.786,7.104,4.0,TP,1,0.893,0.401,0.978,0.299,0.841,-0.401
75,4,182.35,63.28,3.69,25.073,8.701,1.843,TP,5,0.032,0.134,0.138,0.029,0.013,-0.134
75,5,475.14,59.81,7.4,65.331,8.224,3.701,TP,4,0.237,0.169,0.292,0.192,0.14,-0.169
75,6,458.28,65.94,3.25,63.014,9.067,1.624,TP,6,0.01,0.063,0.064,0.007,0.007,-0.063
75,7,416.7,68.16,1.38,57.297,9.372,0.689,TP,7,0.034,0.049,0.059,-0.007,-0.034,0.049
75,8,176.31,76.09,6.53,24.242,10.462,3.263,TP,8,0.072,0.427,0.433,-0.028,-0.067,0.427
75,9,175.75,92.56,9.0,24.166,12.727,4.5,TP,9,0.873,0.754,1.153,-0.783,-0.384,0.754
75,10,182.22,95.78,6.91,25.056,13.169,3.457,FP,,,,,,,
75,11,74.28,99.75,7.83,10.214,13.716,3.913,TP,10,0.069,0.142,0.158,-0.061,-0.031,0.142
75,12,304.79,100.94,7.91,41.908,13.879,3.953,TP,11,0.04,0.009,0.041,0.039,0.011,-0.009
75,13,117.8,106.96,1.97,16.197,14.707,0.985,TP,12,0.011,0.001,0.011,0.011,0.002,0.001
75,14,151.21,105.37,7.11,20.791,14.488,3.556,TP,14,0.072,0.082,0.109,-0.032,-0.064,0.082
75,15,5.42,104.06,3.87,0.746,14.308,1.933,TP,13,0.031,0.146,0.149,0.018,0.025,-0.146
75,16,262.41,120.83,4.27,36.081,16.615,2.134,TP,15,0.003,0.09,0.09,0.001,0.003,-0.09
75,17,107.84,131.53,1.47,14.829,18.086,0.733,TP,16,0.022,0.003,0.022,-0.014,0.017,0.003
75,18,360.9,133.48,7.0,49.624,18.354,3.5,TP,18,0.166,0.244,0.295,-0.164,-0.024,0.244
75,19,268.71,136.9,5.12,36.947,18.823,2.561,TP,19,0.014,0.147,0.147,0.014,0.003,-0.147
75,20,288.83,140.33,7.72,39.714,19.295,3.859,TP,17,0.8,0.099,0.807,0.668,0.441,-0.099
75,21,404.62,148.61,3.21,55.635,20.434,1.605,TP,20,0.051,0.024,0.057,0.017,-0.049,0.024
75,22,478.41,143.88,1.0,65.782,19.784,0.5,TP,21,0.016,0.0,0.016,0.014,-0.008,0.0
75,23,89.04,156.96,3.74,12.243,21.582,1.871,TP,22,0.052,0.014,0.054,0.002,-0.052,-0.014
75,24,265.13,185.08,2.48,36.456,25.448,1.242,TP,23,0.019,0.042,0.046,0.007,-0.017,-0.042
75,25,466.55,197.52,1.0,64.15,27.159,0.5,TP,24,0.012,0.0,0.012,0.008,0.008,0.0
75,26,126.26,233.65,6.65,17.361,32.127,3.323,TP,25,0.081,0.054,0.098,0.066,0.046,0.054
75,27,443.49,236.97,4.0,60.98,32.583,2.0,TP,26,0.01,0.008,0.013,-0.003,-0.009,-0.008
75,28,325.39,237.32,7.44,44.741,32.632,3.722,TP,28,0.006,0.057,0.057,0.001,0.005,-0.057
75,29,7.13,235.92,2.22,0.981,32.439,1.108,TP,27,0.016,0.043,0.046,-0.015,0.005,0.043
75,30,44.94,238.62,4.64,6.18,32.81,2.319,TP,29,0.013,0.012,0.018,-0.013,-0.001,0.012
75,31,56.81,242.92,7.96,7.811,33.402,3.981,TP,30,0.36,0.055,0.364,0.266,0.243,-0.055
75,32,235.48,253.54,1.63,32.378,34.862,0.815,TP,31,0.023,0.012,0.026,-0.023,0.003,0.012
75,33,108.95,257.91,4.49,14.98,35.463,2.245,TP,32,0.105,0.175,0.204,-0.103,-0.021,0.175
75,34,288.7,278.55,6.75,39.697,38.3,3.374,TP,33,0.174,0.447,0.48,-0.153,-0.083,0.447
75,35,47.6,302.09,2.98,6.545,41.537,1.491,TP,34,0.018,0.013,0.022,-0.009,-0.016,-0.013
75,36,197.9,317.02,1.32,27.212,43.59,0.662,TP,35,0.01,0.001,0.01,-0.0,0.01,0.001
75,37,278.94,320.16,6.85,38.355,44.022,3.425,TP,36,0.125,0.168,0.21,0.006,0.125,-0.168
75,38,181.6,325.31,1.0,24.97,44.731,0.5,TP,37,0.039,0.036,0.053,0.033,-0.021,-0.036
75,39,126.84,329.27,7.35,17.44,45.275,3.676,TP,38,0.012,0.156,0.156,0.009,0.008,0.156
75,40,508.06,345.51,4.51,69.858,47.507,2.254,TP,39,0.061,0.137,0.151,-0.059,-0.019,0.137
75,41,103.76,356.8,1.0,14.266,49.059,0.5,TP,40,0.035,0.0,0.035,-0.01,-0.033,0.0
75,42,142.79,363.61,4.26,19.634,49.996,2.132,TP,41,0.017,0.008,0.019,0.012,0.012,-0.008
75,43,284.88,369.61,6.64,39.171,50.821,3.318,TP,42,0.101,0.355,0.369,-0.019,-0.099,0.355
75,44,292.72,412.01,5.63,40.25,56.651,2.817,TP,43,0.189,0.164,0.25,-0.137,-0.13,0.164
75,45,320.34,447.48,3.38,44.046,61.529,1.691,TP,44,0.038,0.012,0.04,-0.037,-0.009,-0.012
75,46,448.92,495.09,7.64,61.726,68.076,3.821,TP,45,0.047,0.091,0.102,-0.039,0.027,0.091
75,47,395.0,502.59,1.93,54.312,69.106,0.965,TP,47,0.018,0.043,0.046,0.002,0.018,-0.043
75,48,5.45,504.35,3.72,0.749,69.348,1.862,TP,46,0.08,0.045,0.092,0.072,0.035,-0.045
89,0,175.1,6.13,1.59,24.076,0.843,0.797,TP,0,0.054,0.159,0.168,-0.042,-0.035,0.159
89,1,458.16,19.76,1.0,62.997,2.717,0.5,TP,1,0.032,0.0,0.032,0.027,0.016,0.0
89,2,116.31,29.24,5.01,15.992,4.021,2.505,TP,2,0.021,0.032,0.038,-0.017,-0.013,0.032
89,3,263.51,32.09,6.81,36.232,4.412,3.403,TP,3,0.06,0.135,0.147,0.012,0.059,-0.135
89,4,504.59,30.69,7.45,69.381,4.22,3.724,TP,4,0.023,0.191,0.192,0.013,-0.019,0.191
89,5,87.57,52.89,8.16,12.04,7.273,4.082,TP,6,0.43,0.082,0.438,-0.201,-0.38,0.082
89,6,489.3,42.57,4.69,67.279,5.853,2.344,TP,5,0.064,0.096,0.116,-0.063,-0.012,0.096
89,7,162.7,48.28,6.79,22.372,6.638,3.393,TP,7,0.067,0.143,0.158,-0.061,-0.026,0.143
89,8,253.19,82.83,2.05,34.814,11.39,1.024,TP,8,0.016,0.017,0.023,0.012,0.01,0.017
89,9,450.23,97.24,1.74,61.907,13.37,0.871,TP,9,0.055,0.014,0.057,-0.027,-0.048,0.014
89,10,298.69,107.34,3.01,41.07,14.759,1.506,TP,10,0.005,0.006,0.008,0.003,0.004,0.006
89,11,431.0,111.0,1.0,59.263,15.263,0.5,TP,11,0.079,0.0,0.079,-0.077,-0.017,0.0
89,12,103.94,118.43,6.41,14.291,16.285,3.203,TP,12,0.014,0.208,0.208,-0.006,-0.013,0.208
89,13,416.45,143.38,8.3,57.261,19.715,4.15,TP,13,0.034,0.087,0.093,0.028,-0.019,0.087
89,14,112.55,152.09,1.0,15.475,20.913,0.5,TP,14,0.044,0.0,0.044,-0.001,-0.044,0.0
89,15,471.47,154.67,2.42,64.828,21.267,1.212,TP,15,0.011,0.006,0.013,0.009,0.007,-0.006
89,16,413.47,200.12,2.44,56.853,27.516,1.22,TP,16,0.02,0.046,0.05,0.012,0.016,-0.046
89,17,420.79,206.58,7.39,57.858,28.404,3.697,TP,17,0.749,0.444,0.87,-0.637,-0.393,0.444
89,18,151.63,208.78,1.0,20.849,28.707,0.5,TP,18,0.042,0.0,0.042,0.018,0.038,0.0
89,19,426.04,218.23,1.64,58.58,30.007,0.821,TP,19,0.1,0.099,0.141,0.037,-0.093,0.099
89,20,313.34,230.42,3.99,43.084,31.682,1.994,TP,20,0.006,0.006,0.009,-0.006,-0.0,-0.006
89,21,27.15,244.02,7.53,3.733,33.553,3.765,TP,21,0.038,0.018,0.042,0.038,0.003,0.018
89,22,154.39,245.08,2.38,21.229,33.698,1.191,TP,22,0.037,0.034,0.05,0.011,0.035,-0.034
89,23,341.24,254.16,1.24,46.92,34.947,0.618,TP,23,0.032,0.024,0.04,0.019,0.026,-0.024
89,24,179.48,261.89,7.58,24.678,36.01,3.79,TP,24,0.349,0.26,0.435,0.146,0.317,-0.26
89,25,146.85,260.81,1.79,20.191,35.862,0.894,TP,26,0.019,0.056,0.059,0.019,-0.002,-0.056
89,26,12.24,266.83,4.92,1.683,36.689,2.462,TP,27,0.033,0.038,0.05,0.032,0.006,-0.038
89,27,148.14,297.9,3.75,20.369,40.962,1.877,TP,28,0.032,0.119,0.123,0.014,0.029,-0.119
89,28,87.56,304.07,7.48,12.039,41.81,3.738,TP,29,0.278,0.249,0.373,-0.189,-0.203,0.249
89,29,299.74,325.14,8.12,41.215,44.707,4.058,TP,30,0.221,0.051,0.227,0.017,0.221,0.051
89,30,173.72,327.24,6.24,23.887,44.995,3.119,TP,31,0.044,0.148,0.154,0.013,0.042,-0.148
89,31,473.83,364.83,3.36,65.152,50.164,1.679,TP,32,0.012,0.073,0.074,-0.008,0.009,-0.073
89,32,126.15,372.13,1.0,17.346,51.168,0.5,TP,33,0.036,0.0,0.036,-0.036,-0.001,0.0
89,33,297.39,383.18,4.7,40.891,52.687,2.349,TP,34,0.09,0.112,0.143,-0.019,-0.088,0.112
89,34,381.0,376.4,6.58,52.388,51.755,3.289,TP,35,0.036,0.026,0.044,-0.008,-0.035,-0.026
89,35,417.5,383.0,8.0,57.406,52.663,4.0,TP,36,1.001,1.528,1.826,-0.182,-0.984,1.528
89,36,418.86,390.19,4.92,57.593,53.651,2.459,FP,,,,,,,
89,37,292.37,410.92,7.89,40.201,56.501,3.946,TP,37,0.45,0.057,0.454,0.266,0.363,-0.057
89,38,145.06,405.84,3.07,19.945,55.804,1.533,TP,38,0.019,0.063,0.066,-0.001,0.019,-0.063
89,39,333.02,419.81,3.22,45.79,57.724,1.608,TP,39,0.027,0.032,0.042,-0.002,-0.027,0.032
89,40,479.05,414.72,2.63,65.869,57.024,1.316,TP,40,0.014,0.025,0.029,0.004,-0.013,-0.025
89,41,300.0,422.0,9.0,41.25,58.025,4.5,FP,,,,,,,
89,42,75.34,427.9,7.53,10.359,58.837,3.766,TP,41,0.051,0.019,0.055,0.017,-0.048,0.019
89,43,397.22,443.1,5.63,54.618,60.926,2.815,TP,42,0.073,0.051,0.089,-0.016,-0.071,0.051
89,44,221.94,474.06,1.0,30.516,65.184,0.5,TP,43,0.018,0.0,0.018,0.001,0.018,0.0
89,45,377.2,481.26,1.52,51.865,66.174,0.758,TP,44,0.029,0.005,0.029,0.027,0.009,0.005
89,46,291.69,498.57,5.83,40.107,68.554,2.914,TP,48,0.966,0.642,1.16,-0.727,-0.636,0.642
89,47,232.02,497.31,1.73,31.902,68.38,0.864,TP,46,0.062,0.008,0.063,0.056,0.026,-0.008
89,48,45.06,503.69,4.88,6.196,69.257,2.441,TP,47,0.027,0.029,0.04,-0.01,-0.025,0.029
89,49,123.81,500.86,1.0,17.024,68.868,0.5,TP,49,0.063,0.0,0.063,-0.048,-0.041,0.0
89,,,,,42.783,34.775,4.315,FN,25,,,,,,
89,,,,,39.311,67.881,3.752,FN,45,,,,,,
9,0,304.4,9.46,8.26,41.855,1.3,4.131,TP,0,0.35,0.094,0.363,0.317,0.15,-0.094
9,1,341.54,8.13,6.73,46.961,1.118,3.364,TP,1,0.186,0.104,0.213,-0.172,-0.07,0.104
9,2,415.87,15.85,7.7,57.183,2.179,3.852,TP,2,0.09,0.014,0.091,0.089,0.009,-0.014
9,3,97.4,26.85,2.81,13.392,3.692,1.406,TP,3,0.022,0.016,0.027,-0.006,-0.021,-0.016
9,4,508.79,39.55,2.59,69.959,5.438,1.297,TP,4,0.028,0.036,0.046,-0.027,-0.009,-0.036
9,5,81.43,41.88,8.07,11.196,5.759,4.033,TP,5,0.093,0.037,0.1,0.092,-0.012,-0.037
9,6,364.02,65.48,5.88,50.053,9.003,2.938,TP,6,0.03,0.011,0.032,-0.002,-0.03,0.011
9,7,466.03,58.41,4.28,64.079,8.031,2.14,TP,7,0.007,0.078,0.078,0.007,0.0,-0.078
9,8,246.58,106.43,5.11,33.905,14.634,2.557,TP,8,0.009,0.015,0.017,0.001,0.008,0.015
9,9,228.15,119.67,6.0,31.37,16.454,3.0,TP,9,0.01,0.0,0.01,-0.01,0.001,0.0
9,10,284.68,142.55,7.78,39.143,19.601,3.892,TP,10,0.85,0.278,0.894,0.841,0.126,-0.278
9,11,48.37,155.0,1.43,6.65,21.312,0.717,TP,11,0.028,0.041,0.05,0.028,0.0,-0.041
9,12,110.35,163.34,6.31,15.173,22.46,3.156,TP,12,0.045,0.051,0.068,-0.018,-0.041,0.051
9,13,345.5,162.27,1.0,47.506,22.312,0.5,TP,13,0.018,0.0,0.018,-0.015,-0.01,0.0
9,14,252.18,165.05,2.48,34.675,22.694,1.241,TP,14,0.016,0.037,0.04,0.016,-0.001,0.037
9,15,144.22,166.17,5.97,19.831,22.849,2.983,TP,15,0.022,0.063,0.066,-0.009,0.02,-0.063
9,16,268.89,167.5,3.41,36.972,23.031,1.707,TP,16,0.019,0.056,0.059,-0.019,0.0,-0.056
9,17,496.99,193.44,1.8,68.336,26.598,0.898,TP,17,0.014,0.057,0.059,0.011,-0.009,-0.057
9,18,209.03,205.37,2.76,28.742,28.238,1.379,TP,19,0.043,0.027,0.051,-0.028,-0.032,-0.027
9,19,394.59,205.23,7.79,54.256,28.219,3.897,TP,18,0.225,0.093,0.243,0.038,0.221,-0.093
9,20,456.88,205.42,6.04,62.821,28.246,3.021,TP,20,0.025,0.011,0.027,-0.024,-0.008,0.011
9,21,151.9,215.8,4.45,20.886,29.672,2.224,TP,21,0.045,0.134,0.141,-0.003,-0.045,-0.134
9,22,3.78,223.32,2.65,0.52,30.706,1.324,TP,22,0.04,0.35,0.352,0.016,0.037,-0.35
9,23,509.0,223.0,8.0,69.988,30.663,4.0,FP,,,,,,,
9,24,223.41,236.54,3.75,30.719,32.525,1.877,TP,23,0.097,0.323,0.337,0.012,-0.096,0.323
9,25,481.24,236.74,5.61,66.171,32.552,2.805,TP,24,0.117,0.332,0.352,-0.061,-0.1,0.332
9,26,423.36,256.26,7.4,58.212,35.236,3.702,TP,25,0.325,0.306,0.446,0.284,0.158,-0.306
9,27,9.77,273.47,1.0,1.344,37.602,0.5,TP,26,0.024,0.022,0.032,-0.024,-0.004,-0.022
9,28,31.05,279.9,2.41,4.269,38.486,1.203,TP,27,0.044,0.043,0.061,0.019,0.039,-0.043
9,29,263.67,301.95,7.16,36.255,41.517,3.582,TP,28,0.409,0.248,0.478,0.166,0.373,-0.248
9,30,85.94,321.15,1.93,11.817,44.158,0.963,TP,29,0.012,0.038,0.039,-0.001,-0.012,0.038
9,31,329.97,346.45,3.96,45.371,47.638,1.982,TP,30,0.048,0.018,0.052,-0.048,0.0,-0.018
9,32,51.03,348.2,7.27,7.017,47.877,3.634,TP,31,0.057,0.02,0.06,0.047,0.032,-0.02
9,33,357.66,356.8,2.44,49.178,49.059,1.222,TP,32,0.009,0.017,0.019,0.009,-0.002,-0.017
9,34,284.59,372.79,7.38,39.131,51.259,3.69,TP,33,0.618,0.414,0.744,-0.165,-0.596,0.414
9,35,309.75,367.2,1.0,42.591,50.491,0.5,TP,34,0.019,0.0,0.019,0.007,-0.018,0.0
9,36,50.65,375.96,2.8,6.964,51.695,1.398,TP,35,0.005,0.005,0.007,-0.005,-0.001,-0.005
9,37,287.0,388.5,6.0,39.463,53.419,3.0,FP,,,,,,,
9,38,380.49,400.35,3.86,52.317,55.048,1.929,TP,36,0.045,0.02,0.049,-0.026,-0.036,-0.02
9,39,53.92,409.84,6.44,7.415,56.353,3.22,TP,37,0.224,0.212,0.308,-0.21,-0.077,0.212
9,40,97.75,411.67,1.0,13.441,56.604,0.5,TP,38,0.065,0.0,0.065,-0.017,-0.063,0.0
9,41,249.6,448.33,3.54,34.32,61.645,1.77,TP,39,0.049,0.02,0.053,-0.041,-0.027,0.02
9,42,246.49,461.96,2.67,33.892,63.519,1.335,TP,40,0.031,0.054,0.062,-0.028,-0.012,0.054
9,43,131.86,468.64,6.73,18.131,64.437,3.365,TP,41,0.31,0.35,0.467,0.294,0.098,-0.35
9,44,99.58,476.8,4.94,13.692,65.56,2.47,TP,42,0.009,0.043,0.044,0.008,-0.003,-0.043
9,45,340.5,478.15,7.02,46.818,65.746,3.511,TP,43,0.049,0.11,0.121,-0.028,0.04,0.11
9,46,437.68,493.69,7.54,60.181,67.882,3.772,TP,44,0.013,0.022,0.025,0.005,-0.012,0.022
9,47,137.24,496.12,7.76,18.871,68.217,3.881,TP,45,0.205,0.186,0.276,-0.169,-0.115,0.186
9,48,341.6,492.94,1.36,46.97,67.779,0.68,TP,46,0.008,0.08,0.08,0.0,-0.008,-0.08
9,49,194.12,505.01,1.0,26.692,69.439,0.5,TP,47,0.09,0.0,0.09,-0.08,-0.041,0.0
91,0,173.69,29.86,6.28,23.883,4.105,3.141,TP,0,0.101,0.051,0.113,-0.069,-0.073,0.051
91,1,438.75,56.44,2.0,60.328,7.76,1.0,TP,1,0.882,0.375,0.958,-0.733,-0.49,0.375
91,2,445.76,60.94,1.0,61.293,8.379,0.5,FP,,,,,,,
91,3,451.84,83.45,2.47,62.128,11.475,1.237,TP,2,0.015,0.007,0.017,-0.008,0.013,0.007
91,4,265.24,95.66,6.55,36.47,13.153,3.275,TP,3,0.031,0.0,0.031,0.028,0.012,0.0
91,5,285.85,96.47,2.47,39.305,13.265,1.235,TP,4,0.013,0.015,0.02,-0.008,-0.01,-0.015
91,6,90.59,104.56,1.11,12.456,14.377,0.555,TP,5,0.058,0.023,0.062,-0.053,-0.024,0.023
91,7,165.71,117.13,2.36,22.785,16.105,1.178,TP,6,0.108,0.013,0.109,-0.076,-0.077,0.013
91,8,74.4,116.01,1.13,10.23,15.951,0.565,TP,7,0.039,0.027,0.048,-0.026,-0.03,0.027
91,9,450.66,125.79,6.91,61.966,17.296,3.454,TP,8,0.35,0.316,0.471,-0.165,-0.309,0.316
91,10,90.04,143.14,5.91,12.381,19.682,2.954,TP,9,0.012,0.031,0.033,-0.011,-0.006,-0.031
91,11,247.52,152.54,5.76,34.034,20.974,2.88,TP,10,0.229,0.273,0.356,-0.226,-0.036,0.273
91,12,233.09,161.64,3.34,32.049,22.226,1.671,TP,11,0.023,0.05,0.055,0.017,-0.014,0.05
91,13,90.07,166.3,7.04,12.385,22.866,3.519,TP,12,0.103,0.234,0.255,0.017,0.101,-0.234
91,14,272.01,167.89,2.45,37.402,23.084,1.224,TP,13,0.039,0.011,0.04,-0.019,-0.034,0.011
91,15,276.02,186.31,5.76,37.953,25.618,2.879,TP,14,0.167,0.178,0.244,-0.115,-0.121,0.178
91,16,86.59,182.06,3.99,11.906,25.033,1.996,TP,15,0.015,0.035,0.038,0.006,-0.013,-0.035
91,17,310.66,184.07,6.63,42.716,25.31,3.317,TP,16,0.011,0.041,0.043,-0.004,0.01,0.041
91,18,379.74,208.13,5.34,52.215,28.618,2.668,TP,17,0.05,0.016,0.053,-0.05,-0.008,-0.016
91,19,417.23,211.89,2.33,57.369,29.135,1.165,TP,18,0.01,0.072,0.073,0.007,0.006,-0.072
91,20,31.95,219.95,6.96,4.394,30.242,3.48,TP,19,0.037,0.0,0.037,-0.037,-0.004,-0.0
91,21,40.71,267.69,1.9,5.598,36.807,0.949,TP,20,0.028,0.08,0.085,-0.028,0.003,-0.08
91,22,477.01,273.72,6.61,65.588,37.636,3.303,TP,21,0.233,0.214,0.316,-0.139,-0.187,0.214
91,23,403.54,273.45,3.73,55.487,37.6,1.865,TP,22,0.009,0.095,0.095,0.008,0.003,-0.095
91,24,14.86,290.07,9.0,2.043,39.885,4.5,FP,,,,,,,
91,25,31.76,293.99,7.83,4.366,40.424,3.916,TP,23,0.251,0.047,0.255,0.249,0.027,0.047
91,26,326.25,300.4,4.32,44.859,41.305,2.159,TP,24,0.136,0.034,0.14,-0.124,-0.056,0.034
91,27,298.91,299.68,2.65,41.1,41.206,1.327,TP,25,0.01,0.054,0.054,0.007,0.006,-0.054
91,28,275.48,320.5,3.44,37.878,44.069,1.718,TP,26,0.059,0.007,0.06,-0.012,-0.058,0.007
91,29,236.45,326.0,1.95,32.512,44.825,0.975,TP,27,0.007,0.025,0.026,-0.007,0.0,-0.025
91,30,191.81,332.94,1.42,26.373,45.78,0.708,TP,28,0.021,0.066,0.069,-0.018,0.01,-0.066
91,31,200.13,341.46,1.13,27.518,46.95,0.565,TP,29,0.011,0.011,0.016,-0.001,0.011,0.011
91,32,266.05,343.66,1.24,36.581,47.253,0.619,TP,30,0.015,0.01,0.019,0.003,-0.015,0.01
91,33,24.52,350.9,7.59,3.371,48.249,3.795,TP,31,0.166,0.217,0.273,-0.165,0.017,0.217
91,34,384.41,351.3,1.0,52.856,48.303,0.5,TP,32,0.03,0.0,0.03,-0.028,-0.01,0.0
91,35,310.22,363.03,8.06,42.655,49.917,4.029,TP,34,0.305,0.037,0.307,0.305,0.018,-0.037
91,36,328.3,363.2,8.17,45.141,49.94,4.086,TP,33,0.341,0.17,0.38,0.337,0.048,-0.17
91,37,126.85,365.65,7.21,17.443,50.277,3.607,TP,35,0.017,0.026,0.031,-0.003,0.016,-0.026
91,38,129.4,372.83,1.36,17.793,51.265,0.679,TP,36,0.043,0.079,0.089,-0.003,-0.043,0.079
91,39,448.77,386.11,3.46,61.707,53.09,1.73,TP,37,0.051,0.012,0.052,-0.04,-0.031,-0.012
91,40,339.05,403.56,2.0,46.619,55.489,1.0,TP,38,0.013,0.018,0.022,-0.011,-0.007,-0.018
91,41,441.0,425.45,1.89,60.638,58.5,0.944,TP,39,0.013,0.056,0.058,0.0,-0.013,-0.056
91,42,502.11,427.51,5.6,69.039,58.782,2.798,TP,40,0.973,0.226,0.999,0.367,-0.901,-0.226
91,43,496.83,436.0,6.64,68.314,59.95,3.322,FP,,,,,,,
91,44,352.29,438.05,7.91,48.44,60.231,3.954,TP,41,0.112,0.028,0.115,0.069,0.088,-0.028
91,45,2.26,484.46,2.79,0.311,66.614,1.393,TP,42,0.051,0.04,0.065,0.049,0.013,0.04
91,46,80.5,497.17,2.28,11.069,68.362,1.139,TP,43,0.019,0.013,0.023,0.001,-0.019,-0.013
91,47,497.4,504.27,2.62,68.393,69.337,1.311,TP,44,0.011,0.01,0.015,0.002,0.011,-0.01
97,0,87.26,17.83,4.24,11.999,2.451,2.121,TP,1,0.01,0.045,0.047,0.005,-0.009,-0.045
97,1,429.83,19.97,6.48,59.101,2.746,3.242,TP,2,0.071,0.122,0.141,-0.051,-0.049,0.122
97,2,393.35,20.56,4.91,54.086,2.827,2.453,TP,3,0.08,0.091,0.121,-0.071,-0.037,0.091
97,3,6.26,29.92,6.06,0.861,4.115,3.031,TP,4,0.028,0.009,0.03,-0.024,0.015,0.009
97,4,147.45,37.2,1.97,20.274,5.115,0.986,TP,5,0.02,0.014,0.024,0.019,0.006,-0.014
97,5,287.08,51.84,5.71,39.474,7.129,2.854,TP,6,0.079,0.026,0.083,-0.067,-0.042,0.026
97,6,378.44,73.08,3.31,52.035,10.048,1.657,TP,7,0.013,0.023,0.026,-0.0,-0.013,-0.023
97,7,24.0,68.5,1.0,3.3,9.419,0.5,TP,8,0.034,0.0,0.034,-0.025,-0.023,0.0
97,8,426.09,69.75,2.92,58.588,9.59,1.462,TP,10,0.008,0.032,0.033,-0.003,-0.008,-0.032
97,9,481.14,69.97,5.99,66.157,9.621,2.996,TP,9,0.161,0.266,0.311,-0.154,-0.045,0.266
97,10,161.74,89.7,1.93,22.239,12.333,0.967,TP,11,0.02,0.013,0.023,0.018,0.009,-0.013
97,11,6.0,93.0,1.0,0.825,12.788,0.5,TP,12,0.028,0.0,0.028,-0.012,-0.025,0.0
97,12,27.25,96.29,6.79,3.747,13.24,3.393,TP,13,0.256,0.323,0.412,-0.254,-0.031,0.323
97,13,162.61,140.97,7.8,22.359,19.383,3.901,TP,14,0.006,0.147,0.147,0.006,0.0,0.147
97,14,492.38,151.32,7.29,67.703,20.807,3.645,TP,15,0.105,0.086,0.136,-0.048,-0.093,0.086
97,15,361.14,151.92,1.45,49.657,20.889,0.723,TP,16,0.032,0.063,0.07,-0.006,0.031,-0.063
97,16,380.86,162.51,6.39,52.368,22.346,3.195,TP,17,0.081,0.245,0.258,-0.05,-0.064,0.245
97,17,191.25,171.0,9.0,26.297,23.513,4.5,FP,,,,,,,
97,18,201.67,175.74,6.89,27.73,24.165,3.446,TP,18,0.104,0.08,0.131,-0.082,-0.065,0.08
97,19,184.07,192.47,7.83,25.309,26.465,3.913,TP,19,0.062,0.156,0.168,-0.024,-0.057,0.156
97,20,454.63,202.68,3.36,62.511,27.868,1.678,TP,21,0.053,0.032,0.062,-0.021,-0.049,0.032
97,21,167.87,204.31,3.92,23.083,28.093,1.962,TP,20,0.019,0.107,0.109,0.001,-0.019,-0.107
97,22,305.59,202.83,4.59,42.018,27.889,2.293,TP,22,0.035,0.093,0.1,0.012,0.032,-0.093
97,23,404.43,210.14,4.31,55.609,28.894,2.154,TP,23,0.022,0.118,0.12,0.015,0.016,-0.118
97,24,142.94,243.22,6.9,19.654,33.443,3.451,TP,24,0.021,0.038,0.043,0.018,0.011,-0.038
97,25,22.91,247.51,2.0,3.15,34.033,1.0,TP,25,0.604,0.207,0.639,-0.556,-0.238,0.207
97,26,32.71,251.52,1.0,4.498,34.583,0.5,FP,,,,,,,
97,27,443.28,292.32,7.91,60.951,40.195,3.954,TP,26,0.034,0.012,0.036,0.034,0.003,0.012
97,28,210.72,302.27,1.9,28.974,41.562,0.949,TP,27,0.012,0.02,0.023,-0.002,-0.012,-0.02
97,29,433.48,314.86,1.0,59.603,43.293,0.5,TP,28,0.02,0.0,0.02,-0.003,-0.02,0.0
97,30,174.22,325.15,4.37,23.955,44.709,2.187,TP,29,0.333,0.181,0.379,-0.318,0.099,-0.181
97,31,186.26,322.88,3.58,25.61,44.397,1.791,FP,,,,,,,
97,32,225.64,334.49,7.2,31.025,45.992,3.602,TP,31,0.519,0.311,0.605,-0.237,-0.461,0.311
97,33,256.38,334.12,1.73,35.252,45.942,0.863,TP,30,0.113,0.033,0.118,-0.013,-0.113,-0.033
97,34,96.81,357.53,8.37,13.311,49.16,4.183,TP,32,0.313,0.058,0.318,0.115,0.291,0.058
97,35,190.9,356.48,7.95,26.249,49.016,3.975,TP,33,0.142,0.006,0.142,0.132,0.053,-0.006
97,36,425.69,368.06,1.97,58.533,50.609,0.984,TP,34,0.026,0.016,0.031,0.019,-0.018,-0.016
97,37,99.55,379.89,3.98,13.688,52.234,1.991,TP,35,0.045,0.009,0.046,0.042,0.017,-0.009
97,38,356.04,380.8,3.76,48.955,52.36,1.881,TP,36,0.015,0.115,0.116,-0.0,0.015,-0.115
97,39,3.99,383.96,5.14,0.548,52.795,2.569,TP,37,0.055,0.058,0.079,0.022,-0.05,-0.058
97,40,227.43,391.93,3.75,31.272,53.891,1.875,TP,38,0.011,0.117,0.117,0.01,0.004,-0.117
97,41,407.39,396.72,5.89,56.016,54.548,2.946,TP,39,0.092,0.11,0.143,-0.072,-0.058,0.11
97,42,367.65,410.67,7.94,50.552,56.467,3.972,TP,40,0.151,0.152,0.214,-0.053,0.141,0.152
97,43,266.75,408.0,9.0,36.678,56.1,4.5,TP,41,1.285,0.472,1.368,-1.127,-0.617,0.472
97,44,276.01,413.08,7.95,37.951,56.799,3.975,FP,,,,,,,
97,45,360.25,417.55,1.82,49.534,57.412,0.909,TP,42,0.046,0.121,0.13,-0.041,0.021,0.121
97,46,246.98,428.64,4.31,33.96,58.939,2.157,TP,43,0.076,0.068,0.103,-0.047,-0.06,0.068
97,47,380.26,488.01,5.14,52.286,67.101,2.57,TP,44,0.024,0.036,0.043,0.015,-0.019,-0.036
97,48,397.51,500.82,4.28,54.658,68.862,2.139,TP,45,0.009,0.013,0.016,0.001,-0.009,0.013
97,49,192.27,504.9,3.11,26.438,69.423,1.554,TP,46,0.037,0.048,0.061,0.007,0.037,-0.048
97,50,415.4,507.8,4.0,57.118,69.823,2.0,TP,47,1.12,0.0,1.12,-1.096,-0.228,0.0
97,51,423.98,510.37,1.74,58.297,70.176,0.872,FP,,,,,,,
97,,,,,69.87,0.128,0.5,FN,0,,,,,,
