vol_idx,pred_id,x_px,y_px,z_plane,x_um,y_um,z_um,status,gt_id,err_xy_um,err_z_um,err_um,dx_um,dy_um,dz_um
103,0,167.91,7.63,55.17,23.088,1.048,27.585,TP,2,0.551,3.256,3.302,0.269,-0.481,-3.256
103,1,432.12,7.44,57.63,59.416,1.023,28.816,TP,0,0.553,2.236,2.304,0.549,0.069,-2.236
103,2,429.58,10.61,69.53,59.067,1.459,34.763,FP,,,,,,,
103,3,166.3,13.15,68.2,22.866,1.808,34.101,FP,,,,,,,
103,4,99.76,20.39,32.76,13.718,2.804,16.38,TP,3,0.412,1.501,1.557,0.386,0.145,-1.501
103,5,371.18,29.16,38.18,51.037,4.009,19.091,TP,4,0.084,0.851,0.855,-0.032,-0.078,0.851
103,6,370.4,29.73,65.79,50.93,4.088,32.897,FP,,,,,,,
103,7,146.53,30.96,77.47,20.147,4.257,38.735,TP,5,0.21,1.085,1.106,-0.198,-0.071,1.085
103,8,241.53,54.85,31.01,33.21,7.542,15.507,TP,6,0.409,0.507,0.651,0.394,0.111,0.507
103,9,150.15,62.86,50.12,20.646,8.643,25.062,TP,7,0.02,0.826,0.827,-0.008,0.019,-0.826
103,10,349.14,67.97,8.9,48.007,9.345,4.449,TP,8,0.19,2.49,2.497,-0.106,0.158,2.49
103,11,331.23,72.42,51.87,45.544,9.958,25.936,TP,9,0.796,1.23,1.465,-0.789,-0.103,-1.23
103,12,458.87,93.57,33.28,63.095,12.866,16.638,TP,10,0.229,0.457,0.511,0.2,0.112,-0.457
103,13,40.61,96.08,31.76,5.584,13.211,15.879,TP,11,0.129,0.519,0.534,0.116,0.056,0.519
103,14,464.0,94.0,37.0,63.8,12.925,18.5,FP,,,,,,,
103,15,298.97,119.07,8.47,41.108,16.373,4.233,TP,13,0.646,0.954,1.152,0.24,-0.599,0.954
103,16,296.72,130.53,26.06,40.8,17.948,13.029,FP,,,,,,,
103,17,373.92,152.0,85.33,51.413,20.9,42.663,FP,,,,,,,
103,18,219.97,160.04,68.95,30.246,22.005,34.475,TP,16,0.087,0.386,0.396,0.005,0.087,0.386
103,19,313.02,188.68,30.28,43.04,25.943,15.142,TP,19,0.067,0.189,0.2,-0.067,-0.006,0.189
103,20,407.6,212.63,7.56,56.045,29.237,3.78,TP,20,0.132,2.032,2.036,0.111,0.072,2.032
103,21,466.95,219.75,78.19,64.206,30.216,39.096,TP,21,0.074,1.391,1.393,-0.072,-0.013,-1.391
103,22,336.39,272.56,71.97,46.253,37.477,35.985,TP,22,0.106,0.002,0.106,-0.101,0.031,-0.002
103,23,120.49,278.01,36.14,16.568,38.226,18.071,TP,24,0.719,2.481,2.583,-0.684,-0.219,2.481
103,24,492.99,279.17,79.46,67.786,38.386,39.73,TP,23,0.286,0.023,0.287,0.235,0.163,-0.023
103,25,238.53,304.48,3.4,32.798,41.867,1.702,TP,25,0.108,0.47,0.483,-0.101,0.038,0.47
103,26,72.69,316.02,15.56,9.995,43.453,7.781,TP,26,0.541,0.777,0.947,-0.207,-0.5,0.777
103,27,79.7,326.76,79.89,10.959,44.929,39.945,FP,,,,,,,
103,28,434.82,350.11,50.29,59.788,48.141,25.146,TP,27,0.113,0.763,0.772,-0.004,0.113,-0.763
103,29,86.26,362.19,32.74,11.861,49.801,16.368,TP,28,0.04,0.621,0.622,0.008,-0.039,0.621
103,30,486.56,371.07,14.73,66.903,51.022,7.367,TP,29,0.134,2.66,2.663,0.115,0.069,-2.66
103,31,80.08,402.92,53.73,11.011,55.402,26.866,TP,33,0.146,0.804,0.817,-0.067,-0.13,-0.804
103,32,377.28,403.45,40.54,51.877,55.475,20.269,TP,34,0.282,0.992,1.031,-0.199,-0.199,0.992
103,33,181.52,413.47,46.04,24.959,56.853,23.019,TP,36,0.118,2.005,2.009,-0.098,-0.066,-2.005
103,34,79.52,415.75,16.89,10.934,57.166,8.445,FP,,,,,,,
103,35,153.0,418.0,19.83,21.038,57.475,9.917,TP,35,0.712,0.417,0.825,0.712,0.024,0.417
103,36,355.05,442.08,68.78,48.819,60.786,34.388,TP,37,0.285,1.071,1.108,-0.17,-0.229,1.071
103,37,26.77,453.5,75.22,3.68,62.357,37.611,TP,38,0.222,0.933,0.959,-0.142,0.17,0.933
103,38,115.89,455.03,33.36,15.935,62.567,16.678,TP,39,0.095,0.227,0.246,0.087,-0.039,0.227
103,39,211.72,454.75,25.85,29.111,62.528,12.927,TP,40,0.139,0.489,0.508,-0.002,-0.139,-0.489
103,40,104.81,462.14,51.43,14.411,63.544,25.716,TP,41,0.441,0.601,0.745,-0.42,-0.133,-0.601
103,41,83.16,478.67,23.47,11.434,65.816,11.737,TP,42,0.091,0.263,0.278,0.062,0.066,-0.263
103,42,110.35,478.55,81.2,15.173,65.8,40.602,FP,,,,,,,
103,43,432.76,479.03,4.68,59.505,65.867,2.342,TP,43,0.27,1.586,1.609,-0.247,0.109,1.586
103,44,365.8,482.06,5.63,50.298,66.283,2.814,TP,44,0.257,1.833,1.851,-0.234,-0.106,1.833
103,45,243.5,489.8,35.27,33.482,67.347,17.633,TP,46,0.251,1.706,1.724,-0.05,-0.246,1.706
103,46,241.38,489.04,80.78,33.19,67.243,40.391,FP,,,,,,,
103,,,,,6.562,1.212,45.816,FN,1,,,,,,
103,,,,,1.662,16.573,48.115,FN,12,,,,,,
103,,,,,58.333,21.181,48.528,FN,14,,,,,,
103,,,,,51.31,20.992,1.0,FN,15,,,,,,
103,,,,,63.058,24.923,45.569,FN,17,,,,,,
103,,,,,0.794,25.63,25.74,FN,18,,,,,,
103,,,,,59.63,54.081,48.608,FN,30,,,,,,
103,,,,,57.458,55.319,48.958,FN,31,,,,,,
103,,,,,10.186,55.653,0.618,FN,32,,,,,,
103,,,,,40.823,67.6,45.343,FN,45,,,,,,
103,,,,,28.938,67.972,19.985,FN,47,,,,,,
103,,,,,31.121,68.805,14.61,FN,48,,,,,,
103,,,,,61.214,69.626,8.258,FN,49,,,,,,
104,0,465.68,7.35,20.45,64.03,1.011,10.225,TP,2,1.316,1.393,1.917,-0.024,-1.316,-1.393
104,1,376.44,9.06,24.08,51.76,1.246,12.038,TP,4,0.395,0.842,0.93,-0.048,-0.392,-0.842
104,2,298.45,11.84,72.62,41.037,1.629,36.312,TP,3,0.09,1.155,1.158,-0.018,-0.088,-1.155
104,3,448.62,10.12,58.84,61.686,1.391,29.419,TP,1,0.123,2.839,2.842,-0.114,0.044,-2.839
104,4,376.8,10.36,69.07,51.81,1.425,34.535,FP,,,,,,,
104,5,467.35,18.12,15.12,64.26,2.492,7.562,FP,,,,,,,
104,6,451.33,16.93,68.07,62.058,2.328,34.033,FP,,,,,,,
104,7,30.7,22.74,26.46,4.221,3.127,13.231,TP,5,0.081,0.347,0.357,0.024,0.078,-0.347
104,8,103.81,25.67,49.83,14.274,3.529,24.914,TP,6,0.274,3.132,3.144,0.07,-0.265,-3.132
104,9,244.74,39.37,54.01,33.651,5.414,27.004,TP,8,0.195,0.773,0.797,0.118,-0.155,0.773
104,10,168.33,42.34,65.26,23.146,5.822,32.632,FP,,,,,,,
104,11,97.45,42.77,42.89,13.399,5.881,21.445,TP,10,0.015,0.297,0.298,0.001,-0.015,0.297
104,12,98.0,42.5,35.0,13.475,5.844,17.5,FP,,,,,,,
104,13,458.06,51.07,83.94,62.983,7.022,41.972,TP,9,0.581,1.425,1.539,0.06,0.578,-1.425
104,14,366.99,71.88,28.24,50.461,9.884,14.122,TP,12,0.074,1.355,1.358,-0.059,0.044,1.355
104,15,203.2,72.63,78.4,27.94,9.987,39.199,TP,13,0.244,0.859,0.893,-0.238,-0.053,0.859
104,16,4.6,112.64,5.18,0.632,15.488,2.589,TP,17,0.344,1.642,1.677,-0.092,0.331,-1.642
104,17,149.16,156.22,18.58,20.51,21.481,9.292,TP,19,0.481,1.261,1.349,-0.285,0.388,-1.261
104,18,335.29,160.21,28.71,46.102,22.028,14.356,TP,22,0.016,0.914,0.914,0.014,0.008,0.914
104,19,350.55,189.67,9.08,48.2,26.079,4.541,TP,23,0.339,0.247,0.419,0.313,0.13,-0.247
104,20,342.38,185.7,92.71,47.077,25.534,46.353,FP,,,,,,,
104,21,56.36,194.0,42.9,7.749,26.675,21.452,TP,24,0.115,0.204,0.234,-0.041,-0.107,0.204
104,22,168.59,202.37,79.77,23.18,27.826,39.884,TP,28,0.078,0.915,0.918,-0.052,-0.058,-0.915
104,23,74.95,202.34,55.61,10.306,27.821,27.805,TP,27,0.137,0.15,0.203,0.124,0.057,0.15
104,24,416.27,204.67,49.76,57.237,28.142,24.881,TP,29,0.037,0.113,0.119,-0.01,0.036,0.113
104,25,173.33,219.64,20.95,23.833,30.2,10.476,TP,30,0.286,2.495,2.512,-0.085,0.273,2.495
104,26,122.56,224.22,17.0,16.851,30.831,8.5,FP,,,,,,,
104,27,125.0,224.0,17.0,17.188,30.8,8.5,FP,,,,,,,
104,28,421.5,232.75,51.68,57.957,32.004,25.839,TP,34,0.187,0.538,0.569,-0.118,-0.145,-0.538
104,29,114.76,244.61,14.47,15.78,33.634,7.234,TP,35,0.401,2.542,2.573,0.168,0.364,-2.542
104,30,39.4,253.23,8.72,5.418,34.82,4.358,FP,,,,,,,
104,31,186.23,255.54,48.88,25.606,35.137,24.438,TP,36,0.073,2.452,2.453,-0.028,-0.067,2.452
104,32,20.85,280.76,38.19,2.867,38.605,19.093,TP,38,0.236,0.553,0.601,-0.004,0.236,0.553
104,33,330.54,305.49,11.86,45.449,42.004,5.93,TP,41,0.176,1.204,1.217,0.116,0.133,-1.204
104,34,432.78,304.21,23.48,59.507,41.828,11.738,TP,42,0.059,0.843,0.845,-0.037,0.046,0.843
104,35,379.38,344.66,20.08,52.165,47.391,10.039,TP,43,0.08,0.053,0.096,0.003,-0.079,0.053
104,36,175.15,377.76,68.23,24.083,51.942,34.113,TP,44,0.387,1.578,1.625,0.343,0.179,1.578
104,37,140.35,379.8,34.66,19.298,52.222,17.329,TP,46,0.054,0.53,0.533,-0.042,0.034,0.53
104,38,29.79,379.21,78.93,4.096,52.142,39.464,TP,45,0.639,0.327,0.718,-0.153,-0.621,-0.327
104,39,332.42,402.51,84.49,45.708,55.345,42.245,TP,47,0.193,0.535,0.569,-0.003,0.193,-0.535
104,40,380.94,426.16,33.7,52.38,58.597,16.849,TP,48,0.732,1.044,1.275,0.077,0.728,-1.044
104,41,50.68,500.1,56.19,6.969,68.764,28.097,TP,49,0.256,0.522,0.581,0.013,-0.256,0.522
104,,,,,47.585,0.907,4.333,FN,0,,,,,,
104,,,,,51.49,3.865,47.256,FN,7,,,,,,
104,,,,,51.675,7.898,47.165,FN,11,,,,,,
104,,,,,13.32,10.053,48.224,FN,14,,,,,,
104,,,,,17.067,14.271,1.31,FN,15,,,,,,
104,,,,,69.364,14.841,23.117,FN,16,,,,,,
104,,,,,8.008,20.493,0.5,FN,18,,,,,,
104,,,,,45.843,22.144,20.441,FN,20,,,,,,
104,,,,,16.919,21.51,1.0,FN,21,,,,,,
104,,,,,15.742,27.694,33.07,FN,25,,,,,,
104,,,,,19.224,28.092,35.101,FN,26,,,,,,
104,,,,,69.932,30.733,48.733,FN,31,,,,,,
104,,,,,45.581,30.731,1.0,FN,32,,,,,,
104,,,,,23.007,31.776,0.58,FN,33,,,,,,
104,,,,,19.206,35.212,34.728,FN,37,,,,,,
104,,,,,0.52,38.105,3.674,FN,39,,,,,,
104,,,,,25.336,38.439,0.91,FN,40,,,,,,
105,0,438.48,16.05,14.57,60.29,2.207,7.286,TP,0,0.612,2.856,2.921,-0.267,-0.55,-2.856
105,1,443.6,22.47,23.82,60.995,3.09,11.912,FP,,,,,,,
105,2,53.05,29.6,74.21,7.294,4.07,37.107,TP,4,0.187,1.597,1.608,0.178,0.056,1.597
105,3,156.64,31.83,27.94,21.538,4.377,13.969,TP,1,0.096,0.771,0.777,-0.066,0.069,-0.771
105,4,194.04,35.6,71.83,26.68,4.895,35.915,TP,7,0.513,0.117,0.527,0.513,-0.016,0.117
105,5,291.65,38.19,13.26,40.102,5.251,6.628,TP,6,0.328,1.183,1.228,-0.226,0.238,-1.183
105,6,264.31,45.96,38.36,36.342,6.319,19.18,TP,8,0.304,1.013,1.058,0.297,0.065,1.013
105,7,485.52,53.43,89.91,66.759,7.346,44.953,TP,9,0.471,0.214,0.517,-0.462,-0.093,-0.214
105,8,93.06,76.46,42.38,12.796,10.513,21.19,TP,10,0.119,0.207,0.238,0.119,0.003,-0.207
105,9,258.17,79.62,68.59,35.499,10.947,34.294,TP,12,0.158,0.527,0.55,-0.117,0.106,0.527
105,10,217.92,86.79,76.66,29.963,11.934,38.329,TP,11,0.186,1.477,1.489,0.063,0.175,-1.477
105,11,404.12,140.12,2.65,55.567,19.266,1.326,TP,13,0.135,1.1,1.108,0.011,0.135,-1.1
105,12,403.62,139.56,88.36,55.498,19.19,44.18,FP,,,,,,,
105,13,144.74,145.15,67.75,19.901,19.958,33.875,TP,15,0.038,0.597,0.598,0.0,-0.038,0.597
105,14,260.31,165.77,22.86,35.793,22.793,11.429,TP,17,0.302,4.065,4.077,0.101,0.285,-4.065
105,15,386.36,167.71,13.64,53.124,23.061,6.819,TP,18,0.228,0.65,0.689,0.186,-0.133,0.65
105,16,381.62,168.85,22.99,52.473,23.216,11.495,FP,,,,,,,
105,17,248.62,180.72,89.44,34.185,24.85,44.721,TP,19,0.132,2.762,2.765,-0.023,-0.13,2.762
105,18,45.22,192.65,15.01,6.218,26.49,7.507,TP,20,0.612,3.855,3.903,-0.417,0.449,-3.855
105,19,111.78,209.65,24.19,15.37,28.827,12.096,TP,22,0.062,0.055,0.083,-0.019,-0.059,-0.055
105,20,35.38,210.1,42.9,4.865,28.888,21.452,TP,21,0.799,1.187,1.43,-0.111,0.791,1.187
105,21,454.71,213.45,84.68,62.522,29.349,42.34,TP,25,0.213,0.185,0.283,0.196,0.083,0.185
105,22,248.09,215.44,47.41,34.112,29.623,23.706,FP,,,,,,,
105,23,92.91,217.45,38.96,12.775,29.899,19.478,TP,26,0.152,0.849,0.863,0.14,0.06,0.849
105,24,92.14,217.36,35.0,12.67,29.887,17.5,FP,,,,,,,
105,25,105.68,276.04,78.75,14.531,37.956,39.376,TP,28,0.16,1.569,1.578,-0.008,0.16,-1.569
105,26,194.25,284.37,12.65,26.71,39.101,6.326,TP,29,0.351,1.062,1.119,0.199,0.29,1.062
105,27,67.15,282.62,22.12,9.233,38.86,11.06,TP,31,0.074,0.254,0.264,-0.021,0.071,0.254
105,28,441.43,287.28,46.52,60.697,39.501,23.258,TP,30,0.062,1.0,1.002,-0.015,0.06,-1.0
105,29,463.42,285.75,77.93,63.72,39.291,38.964,FP,,,,,,,
105,30,335.89,294.48,29.35,46.186,40.491,14.673,TP,32,0.092,2.58,2.582,-0.058,0.072,-2.58
105,31,222.49,295.84,58.52,30.593,40.678,29.26,TP,33,0.277,1.5,1.526,0.271,0.059,-1.5
105,32,363.69,318.8,93.89,50.007,43.835,46.944,FP,,,,,,,
105,33,17.51,326.93,54.88,2.408,44.953,27.441,TP,35,0.206,3.922,3.928,0.206,-0.006,3.922
105,34,313.84,329.63,26.81,43.153,45.324,13.405,TP,36,0.274,1.502,1.526,-0.192,-0.195,-1.502
105,35,382.13,348.3,58.18,52.542,47.892,29.091,TP,38,0.249,0.909,0.942,0.245,-0.046,-0.909
105,36,461.18,348.2,40.62,63.412,47.877,20.311,TP,37,0.05,0.273,0.277,0.037,0.035,0.273
105,37,384.49,349.7,66.2,52.868,48.084,33.098,FP,,,,,,,
105,38,192.91,351.04,95.14,26.524,48.268,47.569,FP,,,,,,,
105,39,232.94,413.93,18.53,32.029,56.915,9.263,TP,40,0.204,0.004,0.204,-0.195,0.06,-0.004
105,40,207.94,421.97,15.83,28.591,58.021,7.916,TP,41,0.1,0.61,0.618,0.043,0.09,0.61
105,41,208.47,422.88,79.04,28.665,58.146,39.518,FP,,,,,,,
105,42,17.69,424.02,2.54,2.432,58.303,1.269,TP,42,0.16,0.712,0.73,-0.131,0.091,-0.712
105,43,161.45,434.81,52.15,22.199,59.786,26.076,TP,43,0.188,0.237,0.303,0.162,-0.096,0.237
105,44,267.82,437.19,40.45,36.825,60.114,20.226,TP,44,0.179,0.061,0.19,-0.178,-0.019,0.061
105,45,264.8,436.4,35.0,36.41,60.005,17.5,FP,,,,,,,
105,46,218.93,474.16,77.14,30.103,65.197,38.568,TP,45,0.237,2.516,2.528,0.064,0.228,-2.516
105,47,329.01,484.21,69.0,45.239,66.579,34.5,TP,47,0.164,0.995,1.008,0.156,-0.052,0.995
105,48,117.49,487.46,85.27,16.155,67.025,42.636,FP,,,,,,,
105,49,92.04,490.97,74.23,12.655,67.509,37.116,TP,46,0.244,0.308,0.393,0.128,0.208,0.308
105,50,112.57,489.22,15.28,15.479,67.267,7.638,FP,,,,,,,
105,,,,,9.83,4.028,29.0,FN,2,,,,,,
105,,,,,70.036,4.914,34.0,FN,3,,,,,,
105,,,,,30.373,5.159,1.593,FN,5,,,,,,
105,,,,,0.715,20.468,30.035,FN,14,,,,,,
105,,,,,4.057,20.164,33.74,FN,16,,,,,,
105,,,,,35.561,29.428,12.039,FN,23,,,,,,
105,,,,,4.867,29.433,44.803,FN,24,,,,,,
105,,,,,38.316,34.213,13.123,FN,27,,,,,,
105,,,,,22.33,41.186,48.0,FN,34,,,,,,
105,,,,,25.81,49.45,47.364,FN,39,,,,,,
105,,,,,16.153,67.046,1.457,FN,48,,,,,,
105,,,,,41.551,69.554,16.411,FN,49,,,,,,
118,0,185.66,27.87,27.51,25.528,3.832,13.757,TP,1,0.137,0.696,0.71,-0.072,0.117,-0.696
118,1,81.9,29.12,32.44,11.261,4.003,16.221,TP,0,0.215,3.518,3.524,0.026,0.213,-3.518
118,2,150.0,43.0,50.0,20.625,5.912,25.0,TP,2,0.501,0.724,0.881,-0.095,-0.492,0.724
118,3,151.26,48.73,46.38,20.798,6.701,23.189,FP,,,,,,,
118,4,171.25,86.85,12.43,23.547,11.941,6.213,TP,4,0.213,2.372,2.381,-0.012,0.213,-2.372
118,5,378.86,102.34,65.1,52.094,14.071,32.55,TP,5,0.418,2.553,2.587,-0.415,-0.052,2.553
118,6,386.34,103.82,57.07,53.121,14.276,28.534,FP,,,,,,,
118,7,123.49,134.31,77.26,16.98,18.468,38.629,TP,6,0.205,0.876,0.9,-0.119,-0.166,-0.876
118,8,251.04,141.24,46.7,34.518,19.421,23.35,TP,8,0.453,1.864,1.919,-0.442,0.102,1.864
118,9,258.29,140.88,41.31,35.515,19.371,20.654,FP,,,,,,,
118,10,466.91,148.14,3.69,64.2,20.37,1.844,TP,7,0.459,0.477,0.662,0.08,0.452,0.477
118,11,488.48,160.3,25.95,67.166,22.041,12.974,TP,9,0.138,0.533,0.551,-0.094,-0.101,0.533
118,12,124.09,168.67,34.0,17.062,23.191,16.998,TP,10,0.056,0.979,0.98,-0.05,0.025,0.979
118,13,333.23,172.27,80.63,45.819,23.687,40.316,TP,11,0.069,0.204,0.215,-0.006,-0.069,-0.204
118,14,80.37,176.56,63.13,11.051,24.277,31.566,TP,12,0.072,2.049,2.05,0.064,0.033,2.049
118,15,493.2,182.68,91.79,67.816,25.118,45.893,TP,13,0.581,3.217,3.269,-0.55,-0.185,3.217
118,16,299.99,191.57,58.38,41.248,26.341,29.192,TP,14,0.144,1.546,1.552,0.023,-0.142,-1.546
118,17,454.84,202.3,26.92,62.541,27.816,13.46,TP,15,0.425,4.04,4.063,0.419,0.076,-4.04
118,18,399.23,220.88,77.75,54.894,30.37,38.877,TP,16,0.331,2.363,2.386,0.13,0.305,-2.363
118,19,9.33,238.69,30.06,1.283,32.82,15.028,TP,18,0.434,1.254,1.327,0.375,0.219,1.254
118,20,121.96,244.51,18.24,16.769,33.62,9.119,TP,21,0.385,0.174,0.423,-0.37,0.108,-0.174
118,21,329.38,250.14,46.06,45.29,34.395,23.028,TP,19,0.856,2.073,2.243,0.085,0.852,-2.073
118,22,228.35,259.56,24.47,31.398,35.69,12.234,TP,22,0.583,1.404,1.52,0.315,0.491,1.404
118,23,107.58,272.65,60.79,14.792,37.489,30.396,TP,23,0.139,1.389,1.396,0.007,0.139,-1.389
118,24,362.33,280.36,75.21,49.82,38.549,37.604,TP,24,0.147,1.617,1.624,0.005,0.147,1.617
118,25,139.99,291.48,80.09,19.248,40.079,40.044,TP,25,0.198,1.15,1.167,-0.131,0.148,-1.15
118,26,266.64,306.01,24.75,36.663,42.077,12.376,TP,26,0.299,1.117,1.157,-0.255,-0.156,1.117
118,27,341.84,329.69,5.14,47.004,45.332,2.568,TP,28,0.131,0.268,0.299,0.012,-0.13,-0.268
118,28,177.44,329.21,7.92,24.398,45.267,3.962,TP,27,0.306,1.038,1.082,-0.296,-0.076,-1.038
118,29,215.0,334.5,35.0,29.562,45.994,17.5,TP,29,0.465,2.128,2.179,0.442,0.145,-2.128
118,30,260.48,338.35,1.74,35.816,46.523,0.87,FP,,,,,,,
118,31,457.01,342.96,26.49,62.839,47.157,13.247,TP,33,0.074,0.005,0.074,-0.053,0.051,-0.005
118,32,429.96,349.17,7.09,59.119,48.011,3.543,TP,34,0.205,0.385,0.436,0.153,0.137,0.385
118,33,427.68,348.1,95.33,58.805,47.863,47.667,FP,,,,,,,
118,34,343.05,351.29,76.43,47.17,48.302,38.215,FP,,,,,,,
118,35,38.4,361.09,13.04,5.28,49.65,6.522,TP,35,0.067,0.55,0.555,-0.065,0.018,-0.55
118,36,220.4,364.45,50.71,30.305,50.112,25.356,TP,36,0.087,0.013,0.088,-0.086,0.014,-0.013
118,37,273.12,389.5,50.62,37.553,53.556,25.308,TP,38,0.482,0.262,0.548,0.203,0.437,-0.262
118,38,112.65,391.29,44.1,15.49,53.803,22.052,TP,39,0.05,0.788,0.79,-0.047,-0.017,0.788
118,39,113.0,390.5,35.0,15.538,53.694,17.5,FP,,,,,,,
118,40,487.77,398.1,10.93,67.069,54.738,5.466,TP,40,0.264,0.035,0.267,0.092,-0.248,0.035
118,41,47.01,410.13,81.65,6.465,56.392,40.825,TP,42,0.473,0.352,0.59,-0.043,-0.471,-0.352
118,42,316.74,409.37,33.67,43.552,56.288,16.834,TP,41,0.069,1.179,1.181,-0.067,0.017,-1.179
118,43,173.16,431.42,15.45,23.81,59.32,7.723,TP,43,0.03,0.22,0.222,0.03,0.002,-0.22
118,44,505.87,431.07,46.73,69.557,59.272,23.365,FP,,,,,,,
118,45,456.99,467.66,65.42,62.836,64.304,32.711,TP,45,0.485,1.834,1.897,0.173,0.453,1.834
118,46,462.78,479.46,77.51,63.632,65.925,38.754,TP,47,0.806,0.963,1.256,0.56,0.58,-0.963
118,47,392.71,498.28,9.9,53.998,68.514,4.95,TP,48,0.58,2.286,2.359,-0.559,0.154,-2.286
118,48,405.5,499.79,41.99,55.756,68.722,20.993,FP,,,,,,,
118,,,,,69.914,9.618,45.242,FN,3,,,,,,
118,,,,,68.23,30.363,46.141,FN,17,,,,,,
118,,,,,50.84,33.492,46.26,FN,20,,,,,,
118,,,,,50.179,47.013,42.109,FN,30,,,,,,
118,,,,,46.41,46.177,12.474,FN,31,,,,,,
118,,,,,36.672,46.761,8.101,FN,32,,,,,,
118,,,,,12.595,53.17,45.843,FN,37,,,,,,
118,,,,,69.14,59.492,33.019,FN,44,,,,,,
118,,,,,63.014,64.499,25.34,FN,46,,,,,,
119,0,162.75,17.13,46.89,22.378,2.355,23.447,TP,2,0.353,1.854,1.888,0.14,0.325,1.854
119,1,209.86,20.7,11.77,28.855,2.847,5.885,TP,3,0.115,1.204,1.209,0.096,0.063,1.204
119,2,249.43,46.46,67.64,34.296,6.388,33.819,FP,,,,,,,
119,3,40.05,48.27,82.12,5.507,6.637,41.059,TP,5,0.104,0.508,0.518,-0.048,-0.092,-0.508
119,4,249.44,47.86,41.77,34.298,6.58,20.884,TP,4,0.213,0.607,0.643,0.192,-0.093,0.607
119,5,249.75,48.38,34.81,34.341,6.652,17.406,FP,,,,,,,
119,6,51.07,76.82,26.71,7.022,10.563,13.353,TP,7,0.203,2.187,2.197,0.002,0.203,-2.187
119,7,227.98,72.9,57.13,31.347,10.024,28.564,TP,8,0.065,0.851,0.853,-0.063,-0.016,-0.851
119,8,490.66,88.98,34.6,67.466,12.235,17.298,TP,9,0.253,1.514,1.535,-0.247,0.051,1.514
119,9,401.1,109.19,76.7,55.151,15.014,38.352,TP,10,0.199,2.984,2.991,0.156,0.123,2.984
119,10,294.88,114.25,75.29,40.546,15.709,37.645,TP,11,0.089,1.037,1.041,-0.089,-0.004,1.037
119,11,344.56,151.24,69.65,47.377,20.795,34.824,TP,15,0.103,1.854,1.857,-0.031,0.098,1.854
119,12,84.11,169.61,78.9,11.565,23.322,39.449,TP,19,0.165,0.011,0.166,0.077,-0.146,0.011
119,13,115.24,170.63,10.62,15.846,23.462,5.308,TP,17,0.115,0.173,0.208,-0.114,-0.011,0.173
119,14,451.67,171.02,24.05,62.105,23.515,12.024,TP,18,1.062,0.532,1.188,-0.695,-0.802,-0.532
119,15,462.26,182.45,25.43,63.561,25.087,12.716,FP,,,,,,,
119,16,60.23,207.91,12.46,8.281,28.588,6.232,TP,20,0.134,1.749,1.754,0.108,-0.08,-1.749
119,17,215.92,216.86,14.61,29.689,29.819,7.307,TP,21,0.095,2.018,2.021,0.027,-0.091,-2.018
119,18,142.1,220.57,34.34,19.539,30.329,17.17,TP,22,0.142,0.172,0.223,0.066,0.126,-0.172
119,19,445.47,223.86,48.16,61.252,30.781,24.081,TP,23,0.072,0.751,0.754,0.072,-0.002,-0.751
119,20,76.67,246.53,29.87,10.542,33.898,14.933,TP,24,0.106,0.387,0.401,-0.082,-0.066,0.387
119,21,195.52,288.86,68.07,26.884,39.718,34.036,TP,25,0.191,1.597,1.609,-0.005,0.191,1.597
119,22,194.57,287.87,62.23,26.753,39.582,31.117,FP,,,,,,,
119,23,72.99,298.9,66.54,10.036,41.099,33.269,TP,26,0.03,0.277,0.279,0.011,0.028,-0.277
119,24,489.19,307.43,41.44,67.263,42.272,20.721,TP,27,0.215,0.329,0.393,0.17,0.132,0.329
119,25,368.51,303.39,52.8,50.67,41.717,26.4,TP,28,0.063,1.404,1.406,-0.057,-0.027,1.404
119,26,168.28,315.5,80.96,23.139,43.381,40.479,FP,,,,,,,
119,27,330.74,332.95,3.96,45.477,45.78,1.98,TP,29,0.151,0.202,0.252,-0.077,0.13,-0.202
119,28,422.5,333.15,58.63,58.093,45.809,29.317,TP,30,0.261,0.257,0.366,0.26,0.024,0.257
119,29,109.7,364.48,50.96,15.083,50.116,25.48,TP,31,0.046,0.666,0.668,-0.046,-0.0,0.666
119,30,182.07,373.04,28.89,25.035,51.293,14.444,TP,32,0.803,0.309,0.86,-0.722,-0.352,-0.309
119,31,77.58,381.22,52.92,10.667,52.418,26.46,TP,33,0.583,4.088,4.129,-0.56,-0.162,4.088
119,32,41.03,388.95,78.65,5.641,53.481,39.325,TP,34,0.323,3.417,3.432,-0.28,-0.162,3.417
119,33,265.78,410.89,86.44,36.544,56.498,43.219,TP,37,0.333,0.27,0.429,0.333,0.006,-0.27
119,34,171.04,446.08,46.95,23.518,61.336,23.473,TP,38,0.154,0.361,0.392,-0.026,-0.152,0.361
119,35,139.52,451.57,79.33,19.185,62.091,39.667,FP,,,,,,,
119,36,142.63,455.56,19.25,19.611,62.64,9.624,TP,39,0.525,2.906,2.953,0.312,-0.422,2.906
119,37,44.44,464.97,85.77,6.111,63.933,42.884,TP,41,0.036,2.273,2.273,0.03,0.02,-2.273
119,38,67.39,489.35,34.25,9.266,67.286,17.123,FP,,,,,,,
119,39,67.0,487.75,39.25,9.213,67.066,19.625,FP,,,,,,,
119,40,431.92,491.84,78.87,59.389,67.628,39.433,TP,44,0.039,0.463,0.464,0.002,0.039,0.463
119,41,63.31,497.69,13.76,8.705,68.432,6.878,FP,,,,,,,
119,42,68.0,489.0,38.0,9.35,67.238,19.0,FP,,,,,,,
119,,,,,18.466,0.211,18.836,FN,0,,,,,,
119,,,,,27.923,0.375,36.864,FN,1,,,,,,
119,,,,,30.396,7.96,38.08,FN,6,,,,,,
119,,,,,14.379,17.341,37.163,FN,12,,,,,,
119,,,,,47.022,17.641,39.463,FN,13,,,,,,
119,,,,,18.014,19.445,46.505,FN,14,,,,,,
119,,,,,9.443,21.107,45.277,FN,16,,,,,,
119,,,,,0.175,55.237,0.5,FN,35,,,,,,
119,,,,,4.64,56.861,30.969,FN,36,,,,,,
119,,,,,8.347,62.558,15.754,FN,40,,,,,,
119,,,,,9.152,67.894,11.363,FN,42,,,,,,
119,,,,,27.844,67.636,41.036,FN,43,,,,,,
119,,,,,8.089,68.318,2.121,FN,45,,,,,,
119,,,,,5.514,69.093,32.0,FN,46,,,,,,
119,,,,,13.319,69.947,8.681,FN,47,,,,,,
121,0,354.29,15.55,66.43,48.715,2.138,33.216,TP,1,0.301,3.617,3.63,-0.27,0.132,-3.617
121,1,50.24,14.07,32.93,6.908,1.935,16.463,TP,2,0.438,3.473,3.5,0.005,-0.438,-3.473
121,2,354.38,14.12,53.25,48.727,1.942,26.625,FP,,,,,,,
121,3,50.47,20.2,43.12,6.94,2.778,21.559,FP,,,,,,,
121,4,471.84,22.73,46.73,64.877,3.125,23.363,TP,3,0.066,0.807,0.81,0.06,0.027,-0.807
121,5,365.76,31.11,16.06,50.292,4.278,8.028,TP,4,0.16,0.583,0.605,0.01,-0.16,-0.583
121,6,287.38,39.15,28.12,39.515,5.383,14.06,TP,5,0.215,0.977,1.0,0.204,0.066,-0.977
121,7,283.38,39.58,14.21,38.964,5.443,7.104,FP,,,,,,,
121,8,268.89,47.58,44.94,36.973,6.542,22.472,TP,6,0.378,0.771,0.859,0.33,0.184,0.771
121,9,108.46,56.49,56.13,14.913,7.767,28.067,TP,7,0.502,1.546,1.625,-0.258,-0.431,1.546
121,10,113.78,55.33,70.83,15.644,7.608,35.417,FP,,,,,,,
121,11,317.72,84.84,36.12,43.687,11.666,18.062,TP,10,0.107,1.949,1.952,0.107,-0.003,-1.949
121,12,203.23,87.14,7.21,27.945,11.982,3.604,TP,9,0.435,0.122,0.452,-0.322,0.293,0.122
121,13,115.2,92.22,47.77,15.839,12.681,23.886,TP,11,0.047,0.655,0.656,0.026,0.04,0.655
121,14,184.77,96.22,70.43,25.406,13.23,35.217,FP,,,,,,,
121,15,185.27,98.29,23.79,25.475,13.515,11.895,TP,12,0.487,0.514,0.708,0.05,0.485,0.514
121,16,44.22,99.33,50.59,6.081,13.658,25.293,TP,13,0.057,0.896,0.898,-0.036,0.044,-0.896
121,17,441.95,100.11,60.11,60.769,13.766,30.055,TP,15,0.073,0.06,0.095,-0.05,-0.053,0.06
121,18,285.89,119.27,17.07,39.31,16.399,8.535,TP,17,0.266,2.346,2.361,0.223,0.144,-2.346
121,19,438.46,133.7,10.47,60.288,18.384,5.236,TP,18,0.626,0.483,0.791,0.1,0.618,-0.483
121,20,169.84,169.75,46.24,23.352,23.341,23.121,TP,20,0.049,0.2,0.206,-0.047,-0.015,0.2
121,21,254.47,176.09,42.64,34.99,24.213,21.319,TP,21,0.088,0.977,0.981,-0.016,-0.087,0.977
121,22,421.19,184.45,41.78,57.914,25.362,20.889,TP,22,0.049,0.242,0.247,0.049,0.005,0.242
121,23,272.53,195.93,50.2,37.473,26.941,25.1,TP,24,0.091,1.661,1.664,-0.011,-0.09,-1.661
121,24,74.41,198.37,80.92,10.232,27.277,40.458,TP,23,0.1,1.844,1.846,0.059,0.081,1.844
121,25,250.98,203.15,22.19,34.51,27.933,11.094,TP,25,0.303,0.671,0.736,0.073,-0.294,-0.671
121,26,347.05,208.65,12.2,47.72,28.69,6.1,TP,26,0.037,2.413,2.413,0.018,0.033,-2.413
121,27,308.04,224.8,77.17,42.355,30.91,38.586,TP,27,0.115,0.176,0.21,0.044,-0.107,-0.176
121,28,190.65,261.51,27.42,26.215,35.957,13.711,TP,30,0.15,2.028,2.034,0.063,-0.136,-2.028
121,29,103.95,264.55,17.37,14.294,36.375,8.684,TP,29,0.18,2.657,2.663,-0.12,0.134,2.657
121,30,80.86,270.83,81.4,11.119,37.239,40.7,FP,,,,,,,
121,31,81.73,270.27,8.82,11.238,37.162,4.411,TP,31,0.068,1.019,1.022,0.051,0.044,-1.019
121,32,398.16,286.8,7.72,54.747,39.435,3.861,TP,32,0.191,0.91,0.93,0.022,0.19,0.91
121,33,121.92,306.96,95.24,16.764,42.207,47.62,FP,,,,,,,
121,34,137.82,311.28,82.49,18.951,42.801,41.245,TP,33,0.297,2.631,2.648,-0.162,-0.249,-2.631
121,35,111.94,345.96,41.34,15.392,47.57,20.672,TP,34,0.943,0.157,0.956,-0.442,-0.833,-0.157
121,36,442.04,350.56,26.06,60.781,48.202,13.028,TP,35,0.078,0.363,0.371,-0.039,0.067,-0.363
121,37,476.52,348.81,84.07,65.521,47.962,42.036,FP,,,,,,,
121,38,218.98,356.41,45.98,30.109,49.006,22.99,TP,36,0.095,0.201,0.222,0.094,0.006,0.201
121,39,119.49,360.17,44.98,16.43,49.523,22.488,FP,,,,,,,
121,40,405.64,365.75,82.34,55.776,50.29,41.17,TP,37,0.26,1.369,1.393,0.258,-0.035,-1.369
121,41,29.88,374.42,79.38,4.108,51.482,39.688,TP,38,0.29,0.354,0.457,0.143,0.252,-0.354
121,42,326.1,379.12,78.26,44.839,52.129,39.129,TP,40,0.144,1.905,1.911,0.101,-0.102,1.905
121,43,487.79,385.02,45.73,67.071,52.94,22.865,TP,41,0.078,0.819,0.823,0.053,-0.057,0.819
121,44,372.58,389.68,40.05,51.23,53.581,20.027,TP,42,0.088,0.675,0.681,0.071,-0.051,0.675
121,45,420.69,397.63,60.75,57.844,54.674,30.373,TP,43,0.137,2.061,2.065,-0.123,-0.061,-2.061
121,46,453.41,426.46,77.79,62.344,58.639,38.897,TP,45,0.119,0.957,0.964,-0.068,0.097,-0.957
121,47,271.84,428.82,60.04,37.378,58.963,30.022,TP,46,0.05,0.06,0.078,-0.041,-0.029,0.06
121,48,183.51,456.92,61.71,25.233,62.827,30.857,TP,47,0.05,0.715,0.717,0.025,0.043,-0.715
121,49,65.62,465.77,49.95,9.023,64.044,24.974,TP,48,0.049,0.445,0.448,-0.016,-0.046,0.445
121,50,140.61,493.07,75.92,19.334,67.798,37.961,TP,49,0.261,1.533,1.555,-0.255,-0.056,-1.533
121,,,,,49.386,1.361,17.655,FN,0,,,,,,
121,,,,,9.154,10.531,47.569,FN,8,,,,,,
121,,,,,19.724,13.791,48.685,FN,14,,,,,,
121,,,,,13.94,16.063,47.259,FN,16,,,,,,
121,,,,,16.832,17.453,7.175,FN,19,,,,,,
121,,,,,19.926,34.938,11.517,FN,28,,,,,,
121,,,,,62.685,52.267,28.47,FN,39,,,,,,
121,,,,,1.059,54.457,22.074,FN,44,,,,,,
123,0,125.28,22.27,78.32,17.226,3.062,39.159,FP,,,,,,,
123,1,485.45,27.01,54.72,66.749,3.713,27.358,TP,0,0.676,0.251,0.721,-0.421,-0.529,0.251
123,2,163.83,28.61,42.96,22.527,3.934,21.479,TP,1,0.056,0.461,0.465,0.017,-0.054,0.461
123,3,487.58,31.61,68.33,67.042,4.347,34.167,FP,,,,,,,
123,4,344.78,35.05,59.35,47.407,4.819,29.675,TP,2,0.156,1.347,1.355,-0.121,-0.099,-1.347
123,5,371.89,41.19,18.64,51.135,5.664,9.319,FP,,,,,,,
123,6,25.5,71.0,50.0,3.506,9.762,25.0,TP,4,0.612,0.405,0.734,-0.1,-0.604,0.405
123,7,25.87,74.17,55.3,3.557,10.198,27.649,FP,,,,,,,
123,8,407.21,93.3,89.03,55.991,12.828,44.517,FP,,,,,,,
123,9,426.7,95.69,34.95,58.671,13.157,17.476,TP,5,0.067,1.211,1.213,-0.006,-0.067,1.211
123,10,492.88,97.61,26.83,67.77,13.421,13.415,TP,7,0.544,2.908,2.959,-0.539,-0.07,2.908
123,11,34.42,104.71,5.35,4.732,14.397,2.674,TP,8,0.441,3.244,3.274,0.137,0.419,-3.244
123,12,434.5,99.0,50.0,59.744,13.613,25.0,FP,,,,,,,
123,13,310.48,109.8,72.75,42.691,15.097,36.377,TP,11,0.134,0.858,0.869,0.096,0.094,0.858
123,14,160.33,112.12,28.18,22.045,15.417,14.09,TP,10,0.319,1.121,1.165,-0.277,-0.157,-1.121
123,15,366.5,113.0,64.0,50.394,15.538,32.0,TP,9,0.138,1.069,1.078,0.016,0.138,1.069
123,16,393.13,117.03,28.92,54.055,16.092,14.459,TP,12,0.311,1.52,1.552,0.262,0.168,-1.52
123,17,396.02,117.96,38.06,54.453,16.219,19.032,FP,,,,,,,
123,18,249.83,122.72,47.0,34.351,16.875,23.5,TP,13,0.206,0.19,0.281,0.04,-0.203,0.19
123,19,336.79,144.92,26.95,46.309,19.926,13.477,TP,15,0.171,0.527,0.555,0.052,0.163,-0.527
123,20,339.0,146.67,71.33,46.612,20.167,35.667,TP,16,0.125,3.573,3.575,-0.027,0.122,-3.573
123,21,442.55,156.2,22.31,60.851,21.477,11.156,TP,17,0.281,2.97,2.983,0.217,0.18,2.97
123,22,340.0,148.0,72.0,46.75,20.35,36.0,FP,,,,,,,
123,23,77.63,154.15,9.86,10.674,21.195,4.928,TP,19,0.127,3.447,3.449,-0.12,-0.043,3.447
123,24,72.88,157.7,39.99,10.021,21.683,19.997,TP,18,0.078,1.475,1.477,-0.031,-0.072,-1.475
123,25,385.37,172.57,23.37,52.988,23.728,11.683,FP,,,,,,,
123,26,393.57,179.53,19.04,54.116,24.685,9.522,TP,20,0.256,3.475,3.484,-0.247,0.066,-3.475
123,27,279.0,191.14,56.42,38.362,26.282,28.209,TP,21,0.111,0.253,0.276,0.069,-0.087,0.253
123,28,57.85,204.19,6.93,7.954,28.076,3.466,TP,22,0.206,2.939,2.947,-0.205,0.019,2.939
123,29,120.32,223.67,36.28,16.543,30.754,18.14,TP,24,1.05,2.168,2.409,-0.699,-0.783,2.168
123,30,280.53,233.2,44.62,38.573,32.065,22.311,TP,25,0.062,0.724,0.727,-0.061,-0.013,-0.724
123,31,376.69,231.81,46.69,51.794,31.873,23.343,TP,26,1.084,0.587,1.233,-1.082,-0.059,0.587
123,32,393.37,231.3,47.86,54.088,31.804,23.93,FP,,,,,,,
123,33,130.9,234.86,38.72,17.998,32.294,19.362,FP,,,,,,,
123,34,60.91,243.02,80.22,8.375,33.415,40.109,TP,27,0.379,1.885,1.923,0.105,0.364,-1.885
123,35,314.84,243.04,59.01,43.291,33.418,29.505,TP,28,0.16,0.247,0.294,-0.16,-0.014,-0.247
123,36,489.16,251.61,74.48,67.259,34.596,37.24,TP,30,0.194,4.831,4.835,-0.084,0.174,4.831
123,37,44.53,252.9,32.51,6.123,34.774,16.257,TP,32,0.142,0.493,0.513,0.133,0.051,-0.493
123,38,204.16,265.37,15.48,28.072,36.489,7.742,TP,33,0.196,0.211,0.289,0.19,0.049,-0.211
123,39,292.4,304.42,5.94,40.205,41.858,2.971,TP,35,0.347,2.471,2.495,-0.064,-0.341,2.471
123,40,207.01,313.19,96.01,28.464,43.064,48.005,FP,,,,,,,
123,41,111.28,318.89,76.98,15.301,43.848,38.491,TP,36,0.172,0.34,0.381,-0.075,0.155,0.34
123,42,63.59,324.4,29.14,8.744,44.605,14.572,TP,37,0.47,3.514,3.546,0.339,0.326,3.514
123,43,214.87,319.95,58.18,29.545,43.994,29.089,TP,38,0.121,0.423,0.44,-0.015,-0.12,0.423
123,44,214.5,321.5,64.0,29.494,44.206,32.0,FP,,,,,,,
123,45,176.25,330.31,56.35,24.234,45.417,28.175,TP,41,0.185,0.879,0.898,0.182,0.038,-0.879
123,46,146.52,335.81,26.13,20.146,46.173,13.063,TP,40,0.089,0.937,0.941,-0.012,0.088,-0.937
123,47,347.84,343.8,84.61,47.828,47.273,42.307,TP,42,0.169,2.577,2.583,0.163,-0.047,-2.577
123,48,95.1,352.21,73.62,13.077,48.429,36.812,TP,43,0.117,2.403,2.406,0.114,0.024,2.403
123,49,322.31,423.87,72.56,44.317,58.283,36.279,TP,44,0.109,1.721,1.725,-0.073,0.081,1.721
123,50,135.24,460.4,34.05,18.595,63.305,17.023,TP,46,0.34,0.895,0.958,0.276,0.198,-0.895
123,51,451.69,479.99,88.73,62.107,65.999,44.363,TP,47,0.366,1.209,1.263,0.171,0.324,-1.209
123,,,,,51.842,5.656,0.741,FN,3,,,,,,
123,,,,,69.294,13.349,29.535,FN,6,,,,,,
123,,,,,60.399,18.257,41.78,FN,14,,,,,,
123,,,,,0.199,28.376,32.357,FN,23,,,,,,
123,,,,,56.33,34.876,33.9,FN,29,,,,,,
123,,,,,36.56,35.06,26.466,FN,31,,,,,,
123,,,,,13.058,37.254,38.558,FN,34,,,,,,
123,,,,,40.778,44.779,48.263,FN,39,,,,,,
123,,,,,66.754,59.738,48.31,FN,45,,,,,,
123,,,,,44.848,65.241,27.221,FN,48,,,,,,
13,0,252.92,5.2,45.28,34.777,0.715,22.64,TP,1,0.17,4.681,4.684,-0.102,0.136,4.681
13,1,330.89,13.49,69.79,45.497,1.854,34.894,TP,3,0.15,0.542,0.562,0.002,0.15,-0.542
13,2,74.17,11.35,35.24,10.198,1.561,17.622,TP,2,0.169,2.121,2.127,0.167,-0.028,-2.121
13,3,412.76,10.7,9.11,56.755,1.471,4.554,FP,,,,,,,
13,4,416.5,16.0,9.0,57.269,2.2,4.5,FP,,,,,,,
13,5,426.33,38.47,10.33,58.62,5.29,5.166,TP,4,0.122,1.985,1.988,-0.047,0.113,1.985
13,6,481.67,38.69,78.69,66.229,5.32,39.344,FP,,,,,,,
13,7,35.88,70.28,55.49,4.933,9.663,27.743,TP,5,0.068,0.371,0.377,-0.015,0.066,-0.371
13,8,427.04,98.32,64.67,58.718,13.519,32.337,TP,6,0.129,0.093,0.159,-0.122,0.044,0.093
13,9,482.03,104.3,78.48,66.279,14.341,39.239,TP,7,0.151,0.881,0.894,-0.151,0.009,0.881
13,10,214.96,134.31,34.28,29.557,18.467,17.139,TP,8,0.126,0.861,0.87,-0.115,-0.05,-0.861
13,11,110.79,151.8,23.73,15.234,20.873,11.866,TP,11,0.068,0.377,0.384,0.065,-0.021,0.377
13,12,494.79,162.67,79.22,68.034,22.367,39.61,TP,12,0.147,2.305,2.31,0.077,0.125,-2.305
13,13,405.79,171.3,46.71,55.796,23.553,23.356,TP,13,0.104,0.791,0.798,0.051,-0.091,0.791
13,14,460.16,202.9,74.56,63.272,27.899,37.278,TP,14,0.051,0.002,0.051,0.015,0.049,0.002
13,15,288.16,204.78,3.13,39.622,28.158,1.566,TP,15,0.061,0.464,0.468,-0.061,0.007,-0.464
13,16,342.74,217.83,80.45,47.127,29.951,40.225,FP,,,,,,,
13,17,290.9,230.0,77.95,39.998,31.625,38.974,FP,,,,,,,
13,18,292.59,230.36,92.95,40.231,31.675,46.477,TP,17,0.476,0.722,0.864,-0.373,-0.296,-0.722
13,19,295.45,233.9,6.79,40.624,32.162,3.393,TP,16,0.762,0.621,0.983,-0.257,-0.717,-0.621
13,20,296.46,232.3,16.49,40.763,31.942,8.243,FP,,,,,,,
13,21,298.9,246.78,2.15,41.099,33.932,1.077,FP,,,,,,,
13,22,43.61,259.27,54.94,5.996,35.65,27.469,TP,18,0.075,0.926,0.929,-0.074,0.012,-0.926
13,23,314.11,259.8,54.41,43.19,35.722,27.206,TP,19,0.19,1.437,1.449,-0.059,-0.181,1.437
13,24,363.32,266.39,7.91,49.956,36.629,3.954,TP,20,0.445,1.706,1.763,0.273,0.351,1.706
13,25,108.13,280.8,48.01,14.868,38.61,24.005,TP,21,0.908,0.283,0.951,-0.64,-0.645,-0.283
13,26,110.64,288.45,71.26,15.213,39.662,35.631,FP,,,,,,,
13,27,117.9,290.83,44.5,16.212,39.99,22.25,FP,,,,,,,
13,28,371.74,293.95,40.49,51.114,40.418,20.244,TP,22,0.033,1.624,1.625,-0.021,0.026,1.624
13,29,438.57,298.84,52.62,60.303,41.091,26.308,TP,23,0.057,0.417,0.421,-0.026,-0.051,-0.417
13,30,66.62,310.49,40.17,9.161,42.692,20.084,TP,25,0.846,1.989,2.162,-0.601,-0.595,1.989
13,31,439.97,315.67,90.08,60.495,43.404,45.038,TP,26,0.014,2.046,2.046,-0.014,-0.003,2.046
13,32,77.13,320.73,40.82,10.605,44.1,20.409,FP,,,,,,,
13,33,61.71,351.0,79.14,8.486,48.263,39.571,FP,,,,,,,
13,34,140.3,354.37,58.94,19.292,48.726,29.468,TP,27,0.086,0.245,0.26,-0.085,0.01,-0.245
13,35,160.73,355.47,5.8,22.101,48.877,2.9,FP,,,,,,,
13,36,251.75,363.78,87.52,34.616,50.02,43.758,FP,,,,,,,
13,37,250.31,366.68,19.93,34.418,50.419,9.963,TP,29,0.23,0.92,0.948,-0.115,0.199,-0.92
13,38,303.56,380.1,35.54,41.74,52.263,17.768,TP,31,0.063,1.999,2.0,-0.005,-0.063,1.999
13,39,57.3,381.71,48.08,7.879,52.484,24.04,FP,,,,,,,
13,40,57.38,386.71,36.12,7.889,53.173,18.061,TP,32,0.08,0.477,0.484,0.012,-0.079,-0.477
13,41,231.61,386.04,46.62,31.846,53.08,23.309,TP,30,0.849,1.461,1.689,0.707,0.469,1.461
13,42,187.56,427.88,78.69,25.79,58.833,39.344,FP,,,,,,,
13,43,186.21,445.36,35.36,25.604,61.237,17.68,TP,35,0.237,1.326,1.347,0.223,0.082,-1.326
13,44,196.44,448.98,69.58,27.01,61.734,34.79,TP,36,0.375,1.71,1.75,0.329,0.179,-1.71
13,45,113.48,454.37,45.86,15.603,62.476,22.929,TP,37,0.043,0.093,0.102,0.026,0.034,0.093
13,46,361.93,451.86,78.68,49.765,62.131,39.339,TP,38,0.619,1.122,1.282,0.617,0.046,-1.122
13,47,473.06,471.92,55.56,65.046,64.889,27.782,TP,39,0.18,0.734,0.756,-0.151,0.097,-0.734
13,48,321.75,479.97,87.2,44.24,65.996,43.6,TP,44,0.33,0.082,0.34,-0.307,-0.119,-0.082
13,49,323.63,480.2,2.06,44.499,66.027,1.03,TP,41,0.499,0.162,0.524,0.499,-0.006,0.162
13,50,378.32,485.65,29.77,52.019,66.776,14.885,TP,42,0.173,0.698,0.719,0.168,0.04,-0.698
13,51,108.31,486.27,80.1,14.892,66.863,40.05,TP,40,0.614,2.055,2.145,0.262,0.555,-2.055
13,52,176.32,501.75,56.19,24.243,68.991,28.097,TP,46,0.115,0.091,0.147,-0.073,-0.089,0.091
13,53,59.66,502.16,46.0,8.203,69.047,23.0,TP,48,0.19,0.433,0.473,-0.111,-0.154,-0.433
13,54,262.0,500.29,45.57,36.025,68.789,22.786,TP,47,0.236,0.13,0.27,0.114,-0.207,-0.13
13,,,,,55.996,0.859,8.32,FN,0,,,,,,
13,,,,,16.878,18.952,35.668,FN,9,,,,,,
13,,,,,10.76,19.033,36.711,FN,10,,,,,,
13,,,,,70.125,41.408,40.213,FN,24,,,,,,
13,,,,,22.081,48.978,46.491,FN,28,,,,,,
13,,,,,11.53,54.207,35.356,FN,33,,,,,,
13,,,,,66.723,53.676,48.308,FN,34,,,,,,
13,,,,,63.709,66.247,40.421,FN,43,,,,,,
13,,,,,53.167,68.147,38.174,FN,45,,,,,,
13,,,,,47.59,69.794,19.472,FN,49,,,,,,
143,0,221.71,9.04,80.39,30.485,1.244,40.195,FP,,,,,,,
143,1,220.2,10.43,9.62,30.278,1.434,4.812,TP,1,0.362,3.885,3.901,-0.135,0.336,3.885
143,2,330.26,19.6,21.15,45.411,2.695,10.576,TP,2,0.1,0.427,0.439,0.097,-0.022,0.427
143,3,19.23,40.49,71.15,2.644,5.568,35.574,TP,4,0.263,0.159,0.308,-0.135,0.226,-0.159
143,4,82.77,51.21,27.4,11.38,7.042,13.7,TP,5,0.249,0.813,0.85,-0.193,0.157,-0.813
143,5,458.76,51.56,50.86,63.079,7.09,25.43,TP,6,0.103,0.294,0.311,0.1,0.025,-0.294
143,6,169.85,64.51,68.16,23.355,8.87,34.081,TP,7,0.079,0.289,0.3,-0.074,-0.028,0.289
143,7,262.85,93.5,15.08,36.141,12.857,7.541,TP,9,0.208,3.354,3.36,0.193,-0.077,3.354
143,8,292.36,118.43,8.04,40.199,16.283,4.018,TP,10,0.711,1.842,1.974,-0.364,-0.611,1.842
143,9,47.14,132.68,11.25,6.482,18.243,5.626,TP,11,0.471,1.841,1.9,0.078,0.465,1.841
143,10,328.19,138.38,3.68,45.126,19.027,1.84,TP,12,0.292,4.58,4.589,-0.246,0.158,-4.58
143,11,262.77,160.18,6.44,36.131,22.025,3.221,TP,13,0.22,0.779,0.809,-0.001,0.22,-0.779
143,12,176.56,172.81,57.76,24.277,23.762,28.881,TP,14,0.105,0.567,0.577,0.037,0.099,-0.567
143,13,385.63,180.73,15.59,53.025,24.851,7.796,TP,15,0.409,0.606,0.731,-0.129,-0.388,0.606
143,14,80.39,184.82,11.81,11.054,25.413,5.903,TP,16,0.519,0.957,1.089,-0.493,-0.16,-0.957
143,15,123.5,196.65,11.15,16.982,27.039,5.577,TP,17,0.148,1.1,1.11,-0.146,-0.026,-1.1
143,16,17.36,206.8,32.91,2.387,28.434,16.457,TP,18,0.173,2.328,2.335,-0.066,0.16,-2.328
143,17,155.43,222.4,16.48,21.371,30.58,8.239,TP,21,0.587,4.311,4.351,0.465,0.359,-4.311
143,18,211.0,228.43,80.14,29.013,31.409,40.071,FP,,,,,,,
143,19,216.77,232.95,32.86,29.806,32.031,16.43,TP,22,0.094,0.07,0.117,-0.023,-0.091,-0.07
143,20,412.94,252.96,37.26,56.779,34.782,18.63,TP,24,0.124,2.417,2.42,-0.036,-0.119,2.417
143,21,189.01,259.76,77.95,25.989,35.717,38.975,TP,26,0.167,1.558,1.567,-0.022,0.166,1.558
143,22,272.08,258.51,46.42,37.411,35.545,23.209,TP,25,0.041,0.03,0.051,0.041,-0.004,0.03
143,23,434.96,275.49,52.46,59.807,37.88,26.232,TP,27,0.23,0.005,0.23,0.102,0.206,0.005
143,24,502.29,294.84,77.74,69.065,40.54,38.87,TP,29,0.312,2.007,2.032,0.311,0.034,2.007
143,25,68.46,304.94,13.05,9.413,41.93,6.523,TP,31,0.272,1.014,1.05,-0.267,-0.054,-1.014
143,26,101.52,334.43,14.33,13.959,45.984,7.167,TP,32,0.022,0.443,0.444,-0.004,-0.022,-0.443
143,27,236.47,349.14,6.68,32.514,48.007,3.34,TP,33,0.058,0.559,0.562,-0.042,0.04,-0.559
143,28,237.27,353.07,97.27,32.625,48.547,48.637,FP,,,,,,,
143,29,291.76,376.16,5.53,40.116,51.723,2.766,TP,34,0.402,1.038,1.113,-0.046,-0.4,1.038
143,30,291.87,386.18,27.64,40.133,53.1,13.821,FP,,,,,,,
143,31,36.48,418.18,89.44,5.016,57.499,44.721,TP,35,0.068,0.704,0.707,-0.055,-0.041,0.704
143,32,148.21,419.47,30.37,20.379,57.677,15.186,TP,36,0.035,0.585,0.586,0.035,-0.0,-0.585
143,33,148.67,419.0,38.33,20.442,57.613,19.167,FP,,,,,,,
143,34,111.35,444.91,21.18,15.311,61.175,10.589,FP,,,,,,,
143,35,294.32,445.58,75.48,40.468,61.267,37.739,TP,38,0.338,0.481,0.588,0.126,0.314,0.481
143,36,93.36,450.06,76.05,12.837,61.884,38.026,TP,39,0.111,1.544,1.548,-0.107,0.031,1.544
143,37,346.69,457.72,1.91,47.67,62.937,0.954,TP,40,0.364,0.454,0.582,-0.053,0.36,0.454
143,38,463.2,466.93,92.38,63.689,64.203,46.192,TP,41,0.269,0.634,0.689,-0.215,0.162,0.634
143,39,437.27,468.49,24.76,60.125,64.418,12.378,TP,42,0.157,0.766,0.782,-0.157,-0.009,0.766
143,40,457.59,473.59,55.37,62.919,65.119,27.685,TP,43,0.069,1.313,1.315,0.069,0.0,1.313
143,41,250.12,488.93,85.63,34.392,67.228,42.817,FP,,,,,,,
143,42,174.5,492.43,39.97,23.994,67.709,19.984,TP,45,0.32,0.016,0.321,-0.167,-0.273,-0.016
143,43,261.14,492.89,65.28,35.907,67.772,32.642,TP,44,0.495,3.573,3.607,0.316,0.38,-3.573
143,44,481.16,495.11,21.14,66.159,68.078,10.568,FP,,,,,,,
143,45,216.9,497.02,25.24,29.824,68.34,12.62,TP,46,0.612,0.518,0.802,0.578,0.199,0.518
143,46,489.27,499.71,19.45,67.275,68.71,9.727,FP,,,,,,,
143,47,216.0,499.0,18.0,29.7,68.613,9.0,FP,,,,,,,
143,48,212.5,500.0,15.0,29.219,68.75,7.5,FP,,,,,,,
143,49,214.86,500.14,16.43,29.543,68.77,8.214,FP,,,,,,,
143,,,,,7.421,0.836,17.5,FN,0,,,,,,
143,,,,,12.926,5.75,32.089,FN,3,,,,,,
143,,,,,1.226,10.057,30.942,FN,8,,,,,,
143,,,,,41.866,29.556,48.361,FN,19,,,,,,
143,,,,,63.217,28.293,48.018,FN,20,,,,,,
143,,,,,55.964,32.674,22.258,FN,23,,,,,,
143,,,,,68.265,39.359,48.27,FN,28,,,,,,
143,,,,,19.559,39.806,47.25,FN,30,,,,,,
143,,,,,15.662,61.06,5.0,FN,37,,,,,,
143,,,,,66.148,67.945,38.377,FN,47,,,,,,
143,,,,,66.83,69.166,3.388,FN,48,,,,,,
148,0,107.41,13.0,33.48,14.769,1.787,16.742,TP,0,0.069,0.736,0.74,-0.013,0.068,-0.736
148,1,275.78,18.29,46.72,37.92,2.515,23.362,TP,1,0.156,0.856,0.87,-0.018,0.155,0.856
148,2,423.47,22.66,39.89,58.227,3.116,19.944,TP,2,0.214,1.088,1.109,0.146,0.156,1.088
148,3,314.81,28.45,77.24,43.286,3.912,38.621,TP,3,0.356,1.517,1.559,-0.35,-0.066,-1.517
148,4,74.36,40.86,2.38,10.224,5.619,1.189,TP,4,0.409,0.022,0.41,-0.291,0.288,-0.022
148,5,335.99,54.97,27.0,46.198,7.558,13.498,TP,5,0.054,1.637,1.638,0.045,-0.03,-1.637
148,6,507.53,62.2,34.12,69.786,8.552,17.06,TP,7,0.087,1.329,1.332,0.087,-0.0,-1.329
148,7,439.86,65.32,37.58,60.48,8.982,18.791,TP,6,0.054,0.747,0.749,-0.037,-0.039,0.747
148,8,318.81,74.94,15.15,43.836,10.304,7.574,TP,9,0.222,0.488,0.536,-0.186,0.122,0.488
148,9,480.78,87.31,9.82,66.107,12.005,4.912,TP,10,0.272,2.763,2.776,-0.136,0.236,2.763
148,10,313.38,89.98,39.4,43.09,12.372,19.699,TP,11,0.214,1.452,1.467,-0.026,-0.212,1.452
148,11,341.6,117.36,13.51,46.97,16.138,6.757,TP,13,0.208,0.387,0.439,0.05,-0.202,-0.387
148,12,239.35,126.03,96.63,32.911,17.329,48.315,FP,,,,,,,
148,13,239.72,133.87,81.78,32.961,18.407,40.892,TP,14,0.209,1.116,1.135,0.08,0.193,1.116
148,14,394.34,177.83,55.34,54.221,24.451,27.668,TP,15,0.033,0.424,0.425,-0.013,0.03,0.424
148,15,194.34,182.3,66.59,26.721,25.066,33.295,TP,17,0.263,1.017,1.05,0.161,0.208,1.017
148,16,440.68,186.99,65.56,60.594,25.711,32.778,TP,19,0.141,0.287,0.32,-0.1,0.1,0.287
148,17,9.04,189.44,82.78,1.243,26.048,41.391,TP,16,0.592,1.609,1.714,0.189,0.561,-1.609
148,18,289.87,190.72,6.72,39.857,26.224,3.361,TP,18,0.345,0.879,0.944,-0.218,0.268,0.879
148,19,64.0,193.82,75.69,8.799,26.651,37.846,TP,20,0.116,3.19,3.192,0.049,-0.105,3.19
148,20,494.56,232.53,10.7,68.002,31.973,5.348,FP,,,,,,,
148,21,425.24,274.17,35.06,58.47,37.698,17.532,TP,23,0.048,0.879,0.88,-0.038,-0.028,-0.879
148,22,201.95,289.72,14.03,27.769,39.837,7.016,TP,27,0.378,0.773,0.861,-0.172,-0.337,-0.773
148,23,14.97,294.63,32.38,2.059,40.511,16.19,TP,26,0.436,3.31,3.339,0.148,0.41,-3.31
148,24,455.33,291.89,8.16,62.608,40.135,4.082,TP,28,0.552,2.662,2.719,0.546,0.081,2.662
148,25,230.24,295.79,47.27,31.658,40.671,23.635,TP,29,0.127,0.129,0.181,-0.125,-0.023,0.129
148,26,334.07,314.9,7.21,45.934,43.299,3.606,TP,30,0.456,2.826,2.863,-0.455,0.031,2.826
148,27,99.19,338.44,77.92,13.639,46.535,38.958,TP,32,0.258,0.772,0.814,0.257,-0.021,-0.772
148,28,55.59,352.89,69.77,7.644,48.522,34.885,TP,33,0.047,0.193,0.198,-0.021,0.042,0.193
148,29,290.87,354.3,52.12,39.994,48.716,26.059,TP,34,0.189,3.163,3.169,-0.044,0.183,-3.163
148,30,261.81,378.43,72.38,35.998,52.035,36.191,TP,36,0.541,1.279,1.389,0.538,-0.062,-1.279
148,31,256.82,379.91,3.31,35.313,52.238,1.656,FP,,,,,,,
148,32,64.25,404.52,68.87,8.834,55.622,34.433,TP,41,0.427,1.049,1.132,0.411,-0.113,1.049
148,33,63.31,407.61,57.53,8.705,56.047,28.765,FP,,,,,,,
148,34,449.6,419.8,66.99,61.82,57.723,33.493,TP,43,1.064,1.808,2.097,-0.953,-0.472,1.808
148,35,459.63,427.79,50.23,63.2,58.821,25.113,FP,,,,,,,
148,36,309.49,425.81,6.4,42.555,58.549,3.202,TP,45,0.106,2.71,2.712,-0.049,-0.094,-2.71
148,37,143.17,446.61,70.23,19.686,61.409,35.114,TP,46,0.162,0.241,0.29,0.125,0.103,0.241
148,38,285.76,464.11,42.85,39.291,63.815,21.424,TP,47,0.045,0.729,0.73,-0.024,-0.039,-0.729
148,39,392.76,492.59,29.43,54.005,67.732,14.716,TP,49,0.438,1.708,1.763,0.006,-0.438,1.708
148,40,388.84,499.83,11.23,53.466,68.727,5.615,FP,,,,,,,
148,,,,,16.463,10.226,48.792,FN,8,,,,,,
148,,,,,51.06,15.533,41.144,FN,12,,,,,,
148,,,,,10.857,29.104,45.056,FN,21,,,,,,
148,,,,,67.677,31.842,13.267,FN,22,,,,,,
148,,,,,50.46,37.873,47.08,FN,24,,,,,,
148,,,,,34.891,37.845,38.945,FN,25,,,,,,
148,,,,,31.906,45.068,7.443,FN,31,,,,,,
148,,,,,33.35,49.336,46.339,FN,35,,,,,,
148,,,,,65.0,53.094,10.0,FN,37,,,,,,
148,,,,,8.064,53.998,41.481,FN,38,,,,,,
148,,,,,62.863,53.669,48.771,FN,39,,,,,,
148,,,,,14.557,55.395,37.533,FN,40,,,,,,
148,,,,,10.278,56.746,33.56,FN,42,,,,,,
148,,,,,63.264,57.886,11.861,FN,44,,,,,,
148,,,,,28.848,67.032,48.912,FN,48,,,,,,
149,0,469.2,4.19,16.64,64.515,0.576,8.321,TP,1,0.46,1.525,1.593,0.46,-0.015,-1.525
149,1,317.69,15.28,11.97,43.682,2.101,5.984,TP,2,0.175,0.291,0.339,0.063,0.164,-0.291
149,2,282.9,44.7,87.89,38.899,6.147,43.946,TP,4,0.155,0.2,0.254,0.072,-0.137,0.2
149,3,181.25,44.13,81.0,24.921,6.068,40.502,TP,5,0.359,2.695,2.718,0.348,-0.088,-2.695
149,4,406.01,54.4,18.85,55.827,7.48,9.427,TP,6,0.227,0.233,0.326,0.079,0.213,-0.233
149,5,48.63,65.8,24.59,6.686,9.048,12.294,TP,7,0.033,0.555,0.556,0.015,-0.029,0.555
149,6,49.0,67.0,19.0,6.738,9.213,9.5,FP,,,,,,,
149,7,153.48,74.1,26.32,21.103,10.189,13.159,TP,8,0.099,1.143,1.148,-0.099,0.009,-1.143
149,8,27.2,75.69,26.45,3.739,10.407,13.227,TP,9,0.153,0.176,0.233,-0.153,0.011,-0.176
149,9,116.92,78.82,55.47,16.076,10.838,27.737,TP,10,0.084,3.064,3.065,-0.026,-0.08,3.064
149,10,85.6,88.68,31.76,11.769,12.194,15.879,TP,11,0.048,1.384,1.385,-0.012,-0.047,-1.384
149,11,505.59,100.89,79.02,69.518,13.873,39.511,TP,12,0.3,3.007,3.022,-0.242,0.177,3.007
149,12,201.62,112.81,39.14,27.723,15.511,19.57,TP,13,0.043,0.6,0.602,0.003,-0.043,0.6
149,13,68.18,124.13,79.08,9.375,17.067,39.541,FP,,,,,,,
149,14,68.5,121.0,93.0,9.419,16.638,46.5,FP,,,,,,,
149,15,67.33,122.0,93.67,9.258,16.775,46.833,FP,,,,,,,
149,16,336.87,138.87,13.94,46.319,19.094,6.97,TP,17,0.143,0.849,0.861,-0.062,-0.129,-0.849
149,17,298.5,154.5,82.5,41.044,21.244,41.25,FP,,,,,,,
149,18,20.46,189.05,62.85,2.814,25.994,31.426,TP,19,0.268,0.681,0.732,0.258,-0.074,0.681
149,19,122.5,191.0,93.0,16.844,26.263,46.5,FP,,,,,,,
149,20,248.94,194.75,13.45,34.229,26.778,6.725,FP,,,,,,,
149,21,115.51,198.27,90.64,15.882,27.262,45.321,TP,21,0.099,1.875,1.878,-0.093,-0.034,1.875
149,22,243.75,194.33,26.32,33.516,26.72,13.16,TP,20,0.245,0.242,0.345,-0.133,-0.206,-0.242
149,23,243.3,196.35,71.63,33.453,26.998,35.815,FP,,,,,,,
149,24,353.39,199.21,77.25,48.591,27.392,38.627,TP,22,0.142,2.19,2.195,0.139,0.026,2.19
149,25,232.0,204.0,70.0,31.9,28.05,35.0,FP,,,,,,,
149,26,246.21,210.08,51.51,33.854,28.886,25.753,TP,23,0.218,2.137,2.148,0.13,0.175,2.137
149,27,266.63,221.01,53.17,36.661,30.388,26.587,TP,24,0.132,1.013,1.022,-0.114,0.066,-1.013
149,28,177.93,234.44,51.7,24.466,32.236,25.85,TP,25,0.106,0.072,0.129,0.024,-0.104,-0.072
149,29,315.09,259.04,45.85,43.325,35.618,22.923,TP,26,0.177,0.38,0.419,-0.138,-0.11,-0.38
149,30,112.26,263.12,58.22,15.436,36.179,29.111,TP,27,0.131,0.625,0.638,0.118,0.058,-0.625
149,31,340.1,264.25,57.13,46.764,36.335,28.565,TP,28,0.054,0.723,0.725,0.049,-0.022,-0.723
149,32,434.15,280.68,51.51,59.696,38.593,25.757,TP,30,0.298,3.142,3.156,0.104,0.28,-3.142
149,33,23.85,303.37,91.69,3.279,41.713,45.846,TP,33,0.188,2.35,2.357,-0.108,0.153,2.35
149,34,299.12,306.75,55.06,41.129,42.178,27.531,TP,34,0.12,0.933,0.941,-0.086,0.084,-0.933
149,35,183.36,317.36,81.83,25.212,43.637,40.913,TP,35,0.055,1.07,1.071,0.052,-0.017,-1.07
149,36,55.8,373.31,70.3,7.673,51.33,35.148,TP,38,0.132,1.356,1.363,0.011,0.131,1.356
149,37,143.13,388.66,34.47,19.68,53.441,17.233,TP,40,0.412,1.701,1.751,0.306,0.276,-1.701
149,38,279.92,387.93,49.64,38.49,53.34,24.822,TP,42,0.223,0.224,0.316,0.137,0.176,-0.224
149,39,91.81,393.11,17.1,12.624,54.053,8.552,TP,41,0.577,2.582,2.645,0.268,0.511,-2.582
149,40,441.71,398.29,29.56,60.735,54.765,14.781,TP,43,0.056,0.081,0.099,-0.031,-0.046,0.081
149,41,153.11,420.81,79.65,21.052,57.862,39.825,TP,44,0.744,1.054,1.29,0.57,0.478,-1.054
149,42,456.68,446.99,81.55,62.793,61.461,40.775,TP,45,0.285,0.338,0.442,-0.16,-0.236,-0.338
149,43,79.68,451.03,17.24,10.956,62.017,8.618,TP,47,0.509,2.32,2.375,0.004,-0.509,2.32
149,44,76.31,469.89,80.27,10.492,64.61,40.137,TP,48,0.45,1.898,1.95,0.138,0.429,1.898
149,45,444.36,479.24,52.34,61.099,65.895,26.172,TP,49,0.096,0.957,0.962,-0.041,-0.087,0.957
149,,,,,39.91,0.685,16.5,FN,0,,,,,,
149,,,,,23.668,4.717,46.44,FN,3,,,,,,
149,,,,,9.236,16.939,33.976,FN,14,,,,,,
149,,,,,57.869,17.307,25.247,FN,15,,,,,,
149,,,,,15.403,19.22,32.579,FN,16,,,,,,
149,,,,,7.984,26.412,42.668,FN,18,,,,,,
149,,,,,0.509,37.566,9.112,FN,29,,,,,,
149,,,,,49.401,37.498,26.474,FN,31,,,,,,
149,,,,,64.033,39.294,45.16,FN,32,,,,,,
149,,,,,38.565,46.409,47.887,FN,36,,,,,,
149,,,,,56.08,49.052,0.5,FN,37,,,,,,
149,,,,,53.276,52.215,31.401,FN,39,,,,,,
149,,,,,10.374,61.862,15.5,FN,46,,,,,,
15,0,356.4,24.89,43.08,49.006,3.422,21.538,TP,0,0.164,0.428,0.458,0.107,0.124,0.428
15,1,96.79,40.63,35.49,13.308,5.586,17.745,TP,2,0.094,1.217,1.221,-0.032,0.088,-1.217
15,2,20.0,44.5,54.0,2.75,6.119,27.0,TP,1,0.353,0.875,0.943,0.342,0.086,0.875
15,3,139.36,55.53,55.02,19.161,7.636,27.512,FP,,,,,,,
15,4,448.77,64.29,87.2,61.706,8.839,43.598,TP,5,0.296,2.42,2.438,0.224,-0.194,-2.42
15,5,146.0,61.0,57.0,20.075,8.387,28.5,TP,4,0.527,1.382,1.479,-0.395,-0.349,1.382
15,6,147.0,62.0,57.0,20.212,8.525,28.5,FP,,,,,,,
15,7,148.0,63.0,56.0,20.35,8.663,28.0,FP,,,,,,,
15,8,154.33,69.13,54.04,21.22,9.505,27.022,FP,,,,,,,
15,9,56.39,101.65,50.09,7.754,13.976,25.044,TP,8,0.076,0.037,0.084,-0.063,0.041,0.037
15,10,393.87,103.34,6.95,54.157,14.209,3.475,TP,7,0.313,1.8,1.827,-0.098,0.297,-1.8
15,11,22.97,112.24,71.59,3.158,15.433,35.793,TP,10,0.128,0.329,0.353,0.095,0.085,0.329
15,12,151.84,119.83,22.8,20.878,16.476,11.399,TP,11,0.48,0.373,0.608,-0.322,-0.356,0.373
15,13,476.09,138.2,29.54,65.462,19.002,14.768,FP,,,,,,,
15,14,323.66,147.25,27.06,44.504,20.246,13.528,TP,13,0.661,0.263,0.711,0.22,0.623,0.263
15,15,474.67,138.44,42.56,65.267,19.036,21.278,TP,12,0.366,0.399,0.541,0.336,0.144,0.399
15,16,484.5,148.0,23.0,66.619,20.35,11.5,FP,,,,,,,
15,17,466.35,163.23,36.26,64.123,22.444,18.13,TP,16,0.503,0.979,1.101,-0.44,-0.244,-0.979
15,18,445.13,161.44,87.33,61.205,22.198,43.666,TP,15,0.416,2.614,2.647,-0.371,-0.188,-2.614
15,19,394.84,169.66,54.88,54.29,23.329,27.44,TP,17,0.147,0.112,0.185,-0.007,0.147,0.112
15,20,163.08,183.1,7.28,22.423,25.177,3.641,TP,18,0.256,2.915,2.927,0.256,-0.004,2.915
15,21,152.67,201.43,79.33,20.992,27.697,39.666,TP,19,0.059,1.783,1.784,-0.059,0.0,1.783
15,22,80.64,204.01,84.47,11.088,28.052,42.235,TP,20,0.113,1.079,1.085,0.11,-0.023,1.079
15,23,56.75,210.25,16.93,7.803,28.91,8.465,TP,21,0.165,0.024,0.167,0.153,0.064,-0.024
15,24,16.09,225.6,52.93,2.212,31.02,26.464,TP,22,0.406,0.366,0.546,0.358,0.191,-0.366
15,25,296.26,229.25,89.93,40.736,31.522,44.966,TP,23,0.185,1.63,1.64,-0.087,0.163,1.63
15,26,483.25,231.42,55.98,66.447,31.821,27.992,TP,24,0.003,0.318,0.318,-0.003,-0.001,-0.318
15,27,184.26,288.02,68.61,25.336,39.603,34.307,TP,26,0.148,2.049,2.055,-0.06,0.135,2.049
15,28,40.42,290.35,78.01,5.558,39.923,39.003,TP,28,0.928,1.142,1.472,-0.889,-0.267,-1.142
15,29,184.48,287.52,62.22,25.365,39.535,31.112,FP,,,,,,,
15,30,470.3,298.9,76.5,64.666,41.099,38.25,TP,27,0.436,1.138,1.219,0.174,-0.4,-1.138
15,31,53.8,306.4,58.6,7.398,42.13,29.3,TP,29,0.711,0.683,0.986,-0.347,-0.621,-0.683
15,32,58.89,315.78,56.78,8.098,43.42,28.391,FP,,,,,,,
15,33,456.12,317.11,83.24,62.716,43.602,41.62,TP,30,0.162,0.789,0.806,0.142,-0.077,0.789
15,34,97.81,330.3,14.96,13.448,45.416,7.482,TP,31,0.184,0.186,0.262,0.179,0.042,-0.186
15,35,372.46,340.97,21.89,51.213,46.884,10.946,TP,32,0.13,0.67,0.683,-0.13,0.011,0.67
15,36,121.38,352.65,26.47,16.69,48.49,13.234,TP,33,0.643,2.279,2.368,-0.489,-0.418,2.279
15,37,5.57,375.22,10.41,0.765,51.592,5.207,TP,36,0.95,3.273,3.408,-0.58,-0.753,3.273
15,38,141.18,389.23,84.51,19.413,53.52,42.256,TP,37,0.139,3.907,3.91,0.094,-0.102,3.907
15,39,196.86,395.09,52.97,27.068,54.324,26.486,TP,38,0.111,1.009,1.015,-0.078,-0.078,-1.009
15,40,267.2,399.52,61.22,36.74,54.935,30.612,TP,39,0.297,1.561,1.589,0.07,0.289,-1.561
15,41,426.92,417.29,58.06,58.702,57.377,29.03,TP,40,0.145,0.037,0.15,-0.145,-0.005,-0.037
15,42,109.99,421.11,32.44,15.124,57.902,16.222,TP,42,0.228,2.531,2.541,0.157,-0.166,-2.531
15,43,217.59,423.62,4.19,29.919,58.248,2.093,TP,41,0.461,1.093,1.186,0.356,0.292,1.093
15,44,36.16,426.31,3.74,4.972,58.617,1.87,TP,43,0.374,2.08,2.113,0.23,0.295,-2.08
15,45,170.27,456.04,21.78,23.412,62.705,10.892,TP,44,0.569,1.489,1.594,-0.258,-0.507,1.489
15,46,195.48,457.64,54.3,26.878,62.925,27.149,TP,45,0.057,0.096,0.111,-0.052,0.022,-0.096
15,47,55.16,486.53,79.81,7.584,66.898,39.904,TP,47,0.084,0.167,0.187,0.02,0.081,0.167
15,48,210.19,492.25,12.5,28.902,67.684,6.25,TP,48,1.146,0.25,1.173,1.086,-0.364,-0.25
15,,,,,22.734,6.712,46.318,FN,3,,,,,,
15,,,,,35.173,9.837,35.552,FN,6,,,,,,
15,,,,,28.275,15.48,48.757,FN,9,,,,,,
15,,,,,45.041,21.048,15.065,FN,14,,,,,,
15,,,,,35.853,35.653,48.867,FN,25,,,,,,
15,,,,,22.63,50.157,16.718,FN,34,,,,,,
15,,,,,1.151,52.62,40.285,FN,35,,,,,,
15,,,,,29.133,66.892,11.411,FN,46,,,,,,
151,0,293.09,32.44,22.95,40.3,4.46,11.473,TP,0,0.121,1.646,1.65,0.036,-0.115,-1.646
151,1,30.25,35.89,32.04,4.16,4.935,16.019,TP,2,0.042,0.047,0.063,0.038,0.019,-0.047
151,2,132.37,63.1,79.42,18.2,8.677,39.712,TP,4,0.097,1.777,1.779,0.09,-0.038,-1.777
151,3,124.44,62.01,93.65,17.111,8.527,46.823,FP,,,,,,,
151,4,207.89,64.89,11.15,28.584,8.922,5.576,TP,5,0.168,0.504,0.531,-0.049,0.161,-0.504
151,5,409.46,107.62,37.8,56.301,14.798,18.902,TP,7,0.093,0.411,0.421,-0.089,-0.027,0.411
151,6,205.21,122.87,88.62,28.217,16.894,44.308,TP,9,0.467,0.337,0.576,-0.273,-0.378,0.337
151,7,132.17,132.06,56.17,18.174,18.158,28.086,TP,10,0.276,0.438,0.517,-0.226,-0.158,0.438
151,8,215.52,131.1,94.1,29.635,18.026,47.048,FP,,,,,,,
151,9,259.33,146.72,18.11,35.657,20.173,9.056,TP,12,0.16,1.247,1.258,0.142,-0.075,-1.247
151,10,199.31,169.56,61.44,27.405,23.314,30.718,TP,13,0.062,0.392,0.397,-0.029,0.054,-0.392
151,11,129.1,178.38,77.48,17.752,24.527,38.741,TP,15,0.741,2.651,2.753,0.465,-0.577,2.651
151,12,123.91,183.61,81.96,17.038,25.247,40.978,FP,,,,,,,
151,13,129.0,180.5,75.0,17.738,24.819,37.5,FP,,,,,,,
151,14,364.12,197.99,59.16,50.067,27.224,29.582,TP,16,0.172,0.002,0.172,-0.137,-0.104,0.002
151,15,456.9,201.58,83.29,62.824,27.717,41.645,TP,17,0.137,0.619,0.635,-0.048,-0.129,0.619
151,16,283.77,210.13,85.78,39.019,28.893,42.889,TP,18,0.111,0.853,0.86,0.018,0.11,-0.853
151,17,42.9,225.28,84.39,5.898,30.976,42.196,TP,20,0.11,1.28,1.284,0.106,0.027,-1.28
151,18,443.28,229.95,24.2,60.95,31.618,12.1,TP,22,0.134,0.4,0.422,-0.031,0.13,-0.4
151,19,307.43,229.5,12.15,42.271,31.556,6.074,TP,21,0.194,1.471,1.484,0.082,0.175,1.471
151,20,299.2,283.18,7.55,41.14,38.937,3.775,TP,26,0.161,0.991,1.004,-0.07,0.145,0.991
151,21,35.02,288.92,72.52,4.816,39.726,36.258,TP,27,0.396,4.681,4.698,0.001,0.396,4.681
151,22,13.12,303.24,13.7,1.805,41.696,6.85,TP,29,0.285,1.85,1.872,0.25,0.136,1.85
151,23,478.44,300.15,80.59,65.785,41.271,40.296,TP,28,0.149,2.063,2.068,0.114,0.096,2.063
151,24,501.58,301.07,45.43,68.967,41.398,22.716,TP,30,0.141,3.852,3.855,-0.141,0.008,3.852
151,25,240.02,307.55,45.82,33.002,42.288,22.909,TP,31,0.047,0.238,0.243,0.03,-0.036,0.238
151,26,39.01,311.34,2.72,5.364,42.809,1.362,TP,32,0.907,0.617,1.096,0.67,-0.611,0.617
151,27,454.6,319.78,21.78,62.507,43.97,10.889,TP,33,0.116,0.594,0.605,0.083,-0.081,0.594
151,28,373.62,328.95,24.25,51.373,45.23,12.127,TP,34,0.086,1.74,1.742,0.002,-0.086,-1.74
151,29,191.42,334.21,70.59,26.32,45.954,35.294,TP,35,0.179,1.146,1.16,-0.0,0.179,1.146
151,30,97.86,336.79,7.69,13.456,46.308,3.845,TP,36,0.338,1.732,1.764,-0.338,-0.015,1.732
151,31,384.7,341.0,55.0,52.896,46.888,27.5,TP,37,0.449,2.574,2.612,0.32,-0.315,2.574
151,32,118.04,343.32,24.96,16.231,47.206,12.48,TP,38,0.403,1.751,1.796,-0.325,-0.239,1.751
151,33,120.84,344.73,69.46,16.616,47.401,34.729,FP,,,,,,,
151,34,487.98,360.28,7.36,67.097,49.539,3.681,TP,40,0.291,0.666,0.726,0.26,0.131,0.666
151,35,356.95,388.41,16.15,49.08,53.406,8.076,TP,41,0.224,2.315,2.326,0.128,0.184,2.315
151,36,130.04,408.7,47.56,17.88,56.197,23.782,TP,43,0.165,0.387,0.42,-0.12,-0.113,0.387
151,37,307.32,426.87,82.37,42.257,58.694,41.183,TP,44,0.126,0.472,0.488,-0.112,0.058,-0.472
151,38,119.97,444.52,38.69,16.495,61.121,19.347,TP,46,0.169,1.607,1.615,-0.101,-0.135,1.607
151,39,278.56,449.55,68.56,38.302,61.813,34.28,TP,45,0.259,1.737,1.756,0.223,-0.131,1.737
151,40,298.39,458.08,6.76,41.028,62.986,3.379,TP,47,0.314,1.568,1.6,-0.312,0.037,-1.568
151,41,154.38,461.26,56.42,21.228,63.423,28.208,TP,48,0.03,0.742,0.742,0.029,-0.008,0.742
151,,,,,34.479,5.484,3.84,FN,1,,,,,,
151,,,,,20.933,7.935,48.5,FN,3,,,,,,
151,,,,,27.114,12.392,34.5,FN,6,,,,,,
151,,,,,20.119,16.757,47.864,FN,8,,,,,,
151,,,,,24.71,18.536,0.644,FN,11,,,,,,
151,,,,,35.399,24.419,40.243,FN,14,,,,,,
151,,,,,12.424,29.833,30.995,FN,19,,,,,,
151,,,,,36.248,31.757,33.539,FN,23,,,,,,
151,,,,,39.718,34.059,12.238,FN,24,,,,,,
151,,,,,49.263,34.601,38.199,FN,25,,,,,,
151,,,,,62.787,47.801,44.47,FN,39,,,,,,
151,,,,,27.013,56.438,42.836,FN,42,,,,,,
151,,,,,20.357,69.2,1.561,FN,49,,,,,,
154,0,443.93,5.55,19.2,61.041,0.763,9.602,TP,1,0.043,0.199,0.204,0.015,-0.04,0.199
154,1,45.5,16.57,9.37,6.256,2.279,4.684,TP,2,0.301,2.224,2.244,0.009,0.301,2.224
154,2,229.53,17.42,31.39,31.56,2.395,15.694,TP,5,0.081,1.069,1.072,-0.079,-0.016,-1.069
154,3,318.96,17.63,71.79,43.856,2.424,35.894,TP,4,0.25,1.173,1.2,0.196,0.155,1.173
154,4,427.47,58.87,22.23,58.777,8.095,11.115,TP,6,0.038,0.177,0.181,-0.036,-0.011,-0.177
154,5,320.21,58.91,18.39,44.029,8.1,9.197,TP,7,0.104,0.171,0.2,0.047,0.092,-0.171
154,6,164.17,76.08,57.04,22.573,10.46,28.52,TP,10,0.145,0.52,0.54,-0.145,-0.013,0.52
154,7,373.54,84.39,13.91,51.362,11.603,6.953,FP,,,,,,,
154,8,203.56,87.9,52.69,27.99,12.086,26.347,TP,11,0.025,0.442,0.443,0.025,0.002,-0.442
154,9,12.24,91.04,53.5,1.683,12.518,26.75,TP,12,0.528,0.998,1.129,0.269,-0.454,0.998
154,10,11.0,91.0,49.0,1.513,12.512,24.5,FP,,,,,,,
154,11,6.09,96.93,40.44,0.838,13.328,20.221,FP,,,,,,,
154,12,368.33,123.13,92.19,50.645,16.931,46.093,TP,13,0.804,2.289,2.426,0.275,-0.756,2.289
154,13,367.01,130.98,85.5,50.464,18.01,42.751,FP,,,,,,,
154,14,484.48,135.82,76.48,66.616,18.676,38.242,TP,14,0.083,1.693,1.695,0.069,-0.046,1.693
154,15,113.81,137.77,47.75,15.649,18.943,23.873,TP,15,0.094,1.293,1.296,0.086,0.038,1.293
154,16,388.52,152.09,34.18,53.422,20.912,17.091,TP,16,0.364,0.591,0.694,-0.012,0.363,0.591
154,17,51.24,192.78,42.85,7.045,26.507,21.423,TP,19,0.133,1.887,1.892,0.061,-0.118,1.887
154,18,100.98,198.07,81.55,13.885,27.235,40.773,TP,20,0.313,2.03,2.054,0.285,-0.131,2.03
154,19,89.58,205.76,20.34,12.317,28.292,10.171,TP,21,0.223,0.864,0.892,0.199,0.1,0.864
154,20,135.42,216.76,80.32,18.62,29.805,40.16,TP,23,0.2,0.889,0.911,-0.138,-0.144,-0.889
154,21,322.57,218.13,32.51,44.354,29.993,16.255,TP,22,0.066,0.351,0.358,-0.035,-0.056,-0.351
154,22,164.77,242.3,35.28,22.656,33.316,17.64,TP,24,0.151,0.171,0.228,0.147,0.032,0.171
154,23,387.88,250.8,24.67,53.333,34.485,12.333,TP,26,0.254,1.297,1.322,-0.223,-0.121,-1.297
154,24,290.86,250.43,16.14,39.993,34.434,8.071,TP,25,0.558,1.248,1.367,-0.281,-0.482,1.248
154,25,335.93,278.23,83.9,46.19,38.257,41.952,TP,27,0.498,0.854,0.989,-0.307,-0.393,0.854
154,26,295.84,286.52,35.61,40.678,39.396,17.807,TP,29,0.355,0.374,0.516,-0.229,-0.272,0.374
154,27,237.11,321.04,79.18,32.602,44.144,39.588,TP,31,0.386,0.027,0.387,0.376,0.087,-0.027
154,28,247.8,340.37,20.54,34.073,46.801,10.271,TP,32,0.192,2.06,2.069,-0.19,0.026,2.06
154,29,263.25,344.36,52.25,36.197,47.35,26.125,FP,,,,,,,
154,30,424.41,380.27,73.5,58.356,52.287,36.749,TP,34,0.05,1.978,1.979,-0.05,-0.006,1.978
154,31,215.96,380.44,54.62,29.695,52.31,27.309,TP,33,0.119,1.404,1.409,0.067,0.098,-1.404
154,32,80.28,406.01,59.23,11.039,55.827,29.615,TP,35,0.053,0.896,0.898,0.049,0.019,-0.896
154,33,414.93,418.32,67.89,57.053,57.52,33.943,TP,37,0.108,0.385,0.399,0.108,-0.0,-0.385
154,34,20.52,427.94,56.56,2.822,58.842,28.28,TP,39,0.029,0.086,0.091,-0.018,-0.023,0.086
154,35,463.51,432.94,82.67,63.733,59.529,41.333,TP,38,0.435,0.845,0.951,0.2,-0.386,0.845
154,36,229.28,431.06,71.33,31.526,59.27,35.666,TP,40,0.076,0.742,0.746,0.06,-0.046,0.742
154,37,434.54,436.64,74.84,59.75,60.038,37.42,TP,41,0.261,3.53,3.54,-0.252,-0.067,3.53
154,38,281.57,457.52,41.38,38.715,62.909,20.688,TP,42,0.116,0.726,0.735,-0.089,-0.075,0.726
154,39,59.08,465.91,25.28,8.124,64.062,12.64,TP,43,0.585,0.205,0.62,-0.383,-0.442,-0.205
154,40,65.43,474.14,16.71,8.996,65.195,8.357,FP,,,,,,,
154,41,297.36,482.23,58.35,40.887,66.307,29.175,TP,44,0.186,0.358,0.404,0.179,0.052,-0.358
154,42,169.09,489.62,55.83,23.25,67.322,27.914,TP,46,0.117,0.386,0.403,0.005,0.117,-0.386
154,43,57.47,487.52,48.69,7.903,67.035,24.343,TP,45,0.088,0.219,0.236,0.021,0.086,0.219
154,44,215.16,494.16,31.56,29.585,67.947,15.782,TP,47,0.14,0.641,0.656,0.004,-0.14,-0.641
154,45,216.0,498.5,79.0,29.7,68.544,39.5,FP,,,,,,,
154,,,,,56.145,0.534,32.257,FN,0,,,,,,
154,,,,,28.522,1.998,0.585,FN,3,,,,,,
154,,,,,51.796,9.174,35.308,FN,8,,,,,,
154,,,,,51.537,11.333,1.145,FN,9,,,,,,
154,,,,,46.186,21.346,48.234,FN,17,,,,,,
154,,,,,7.201,25.305,29.604,FN,18,,,,,,
154,,,,,28.285,38.132,45.98,FN,28,,,,,,
154,,,,,53.386,38.998,46.782,FN,30,,,,,,
154,,,,,12.17,56.829,47.892,FN,36,,,,,,
154,,,,,51.567,69.101,0.533,FN,48,,,,,,
161,0,140.36,10.59,30.7,19.3,1.456,15.348,TP,0,0.105,1.309,1.314,-0.013,-0.104,-1.309
161,1,141.0,12.0,37.0,19.388,1.65,18.5,FP,,,,,,,
161,2,142.0,12.5,38.0,19.525,1.719,19.0,FP,,,,,,,
161,3,138.58,40.92,82.6,19.055,5.626,41.299,FP,,,,,,,
161,4,424.43,52.48,94.63,58.359,7.215,47.315,TP,3,0.479,2.111,2.164,-0.393,-0.275,2.111
161,5,233.8,64.97,75.14,32.147,8.933,37.568,TP,4,0.222,2.153,2.165,-0.018,0.222,-2.153
161,6,433.21,79.25,71.23,59.566,10.897,35.614,TP,5,0.022,0.048,0.053,0.009,0.021,0.048
161,7,143.33,78.2,53.83,19.708,10.752,26.913,TP,6,0.058,1.656,1.657,0.025,0.053,1.656
161,8,307.13,148.17,3.2,42.231,20.374,1.599,TP,8,0.086,0.892,0.896,-0.04,0.076,-0.892
161,9,221.03,161.51,8.98,30.392,22.207,4.489,TP,10,0.162,1.463,1.472,-0.157,-0.04,1.463
161,10,457.35,163.95,10.44,62.885,22.543,5.218,TP,11,0.063,0.707,0.71,0.008,0.063,-0.707
161,11,34.56,170.36,54.99,4.753,23.425,27.497,TP,12,0.046,0.471,0.474,0.043,-0.016,-0.471
161,12,241.43,184.15,94.79,33.196,25.32,47.393,FP,,,,,,,
161,13,64.76,192.17,91.82,8.905,26.423,45.911,TP,13,0.534,0.463,0.707,-0.363,-0.392,-0.463
161,14,263.52,197.96,44.27,36.234,27.219,22.135,TP,14,0.133,1.818,1.823,-0.012,-0.133,-1.818
161,15,144.71,215.06,72.93,19.897,29.571,36.466,TP,15,0.822,2.479,2.612,0.784,0.25,2.479
161,16,381.0,224.0,95.0,52.388,30.8,47.5,FP,,,,,,,
161,17,378.33,225.67,95.33,52.021,31.029,47.667,TP,17,0.933,2.153,2.346,0.448,-0.819,2.153
161,18,377.0,228.0,95.0,51.838,31.35,47.5,FP,,,,,,,
161,19,339.95,233.76,43.05,46.744,32.142,21.526,TP,16,0.13,0.02,0.132,-0.036,-0.125,0.02
161,20,245.13,296.93,74.54,33.705,40.828,37.272,TP,21,0.24,2.902,2.912,0.102,0.217,2.902
161,21,490.69,298.42,11.2,67.469,41.032,5.6,TP,22,0.127,1.18,1.186,0.126,-0.014,-1.18
161,22,184.15,315.53,64.4,25.321,43.385,32.201,FP,,,,,,,
161,23,184.89,316.41,31.53,25.422,43.507,15.763,TP,24,0.465,0.37,0.594,-0.465,0.014,-0.37
161,24,24.23,331.5,29.61,3.331,45.581,14.807,TP,27,0.124,0.289,0.314,0.12,0.03,0.289
161,25,177.29,337.15,6.0,24.378,46.358,2.998,TP,28,0.313,0.112,0.332,-0.295,-0.102,-0.112
161,26,416.53,345.3,25.07,57.273,47.479,12.533,TP,29,0.182,2.874,2.88,-0.114,0.141,-2.874
161,27,124.53,348.36,57.28,17.122,47.9,28.639,TP,30,0.135,0.34,0.366,0.132,0.029,-0.34
161,28,129.0,349.25,64.08,17.738,48.022,32.042,FP,,,,,,,
161,29,163.96,355.61,78.5,22.545,48.896,39.25,FP,,,,,,,
161,30,431.81,369.31,86.27,59.374,50.78,43.133,TP,32,0.543,0.404,0.677,0.532,0.11,-0.404
161,31,226.82,381.43,96.53,31.188,52.447,48.266,FP,,,,,,,
161,32,224.03,390.04,73.39,30.804,53.631,36.693,TP,33,0.191,1.446,1.458,-0.187,-0.035,1.446
161,33,302.55,396.34,4.16,41.601,54.497,2.082,FP,,,,,,,
161,34,314.13,397.05,8.2,43.193,54.594,4.1,TP,34,0.319,1.504,1.537,0.154,0.28,1.504
161,35,402.96,403.18,24.5,55.407,55.437,12.248,TP,36,0.214,1.433,1.449,-0.136,-0.164,-1.433
161,36,310.0,399.5,8.0,42.625,54.931,4.0,FP,,,,,,,
161,37,75.03,410.47,54.28,10.317,56.44,27.142,TP,38,0.163,1.17,1.181,-0.116,-0.114,-1.17
161,38,480.64,438.6,62.26,66.089,60.308,31.13,TP,41,0.09,0.476,0.484,-0.068,0.059,-0.476
161,39,47.71,467.11,48.85,6.56,64.227,24.424,TP,42,0.605,0.169,0.628,0.183,0.577,0.169
161,40,357.8,472.49,77.11,49.197,64.967,38.554,TP,43,0.343,0.139,0.37,-0.175,0.295,0.139
161,41,379.01,476.38,81.23,52.114,65.503,40.617,TP,45,0.503,1.735,1.806,-0.464,0.194,-1.735
161,42,385.0,475.0,91.0,52.938,65.312,45.5,FP,,,,,,,
161,43,386.0,475.0,92.0,53.075,65.312,46.0,FP,,,,,,,
161,44,389.08,480.27,92.22,53.498,66.037,46.108,FP,,,,,,,
161,45,159.86,491.0,79.5,21.98,67.513,39.75,FP,,,,,,,
161,46,80.74,499.82,13.75,11.102,68.725,6.875,TP,48,0.164,2.491,2.496,0.127,0.104,-2.491
161,47,288.3,502.58,45.15,39.641,69.104,22.574,TP,49,0.263,0.854,0.893,0.14,0.223,-0.854
161,48,149.31,504.2,77.94,20.529,69.328,38.97,TP,47,0.144,3.328,3.332,0.131,0.06,-3.328
161,,,,,23.804,3.846,28.75,FN,1,,,,,,
161,,,,,19.287,6.064,0.974,FN,2,,,,,,
161,,,,,37.096,16.389,13.5,FN,7,,,,,,
161,,,,,1.083,19.944,46.151,FN,9,,,,,,
161,,,,,69.899,34.072,26.367,FN,18,,,,,,
161,,,,,32.88,39.293,48.24,FN,19,,,,,,
161,,,,,59.12,39.87,33.0,FN,20,,,,,,
161,,,,,60.985,42.928,12.169,FN,23,,,,,,
161,,,,,0.906,44.554,18.382,FN,25,,,,,,
161,,,,,21.344,45.609,16.079,FN,26,,,,,,
161,,,,,38.319,51.649,5.832,FN,31,,,,,,
161,,,,,42.242,54.195,37.399,FN,35,,,,,,
161,,,,,39.667,55.677,18.0,FN,37,,,,,,
161,,,,,36.706,57.094,46.506,FN,39,,,,,,
161,,,,,65.903,60.528,27.5,FN,40,,,,,,
161,,,,,37.851,65.18,45.237,FN,44,,,,,,
161,,,,,21.978,67.841,32.556,FN,46,,,,,,
195,0,235.52,58.77,24.14,32.383,8.081,12.071,FP,,,,,,,
195,1,148.99,58.74,53.58,20.486,8.076,26.79,TP,6,1.038,2.911,3.091,-0.977,-0.348,2.911
195,2,149.9,60.76,64.3,20.611,8.354,32.15,FP,,,,,,,
195,3,163.31,63.44,49.39,22.455,8.724,24.695,FP,,,,,,,
195,4,277.05,81.23,47.45,38.094,11.168,23.723,TP,7,0.035,0.472,0.474,0.035,0.0,-0.472
195,5,495.17,80.09,96.11,68.086,11.013,48.055,TP,8,0.845,2.11,2.273,-0.716,-0.449,2.11
195,6,335.2,100.27,24.98,46.09,13.787,12.49,TP,9,0.076,0.705,0.709,-0.01,-0.075,-0.705
195,7,153.3,142.04,55.58,21.079,19.53,27.789,TP,11,0.063,0.553,0.557,-0.063,-0.001,0.553
195,8,112.24,161.28,69.35,15.433,22.176,34.673,TP,12,0.266,2.479,2.493,-0.207,0.167,2.479
195,9,112.25,159.71,61.54,15.434,21.961,30.768,FP,,,,,,,
195,10,80.36,184.78,58.88,11.049,25.407,29.439,TP,13,0.186,1.978,1.987,0.174,-0.067,-1.978
195,11,18.01,186.72,50.61,2.477,25.674,25.306,TP,15,0.079,0.263,0.274,-0.049,-0.062,-0.263
195,12,411.29,186.71,45.54,56.552,25.672,22.772,TP,14,0.08,0.352,0.361,-0.078,-0.016,0.352
195,13,438.15,193.95,46.51,60.246,26.668,23.257,TP,16,0.119,0.188,0.222,0.119,-0.002,-0.188
195,14,231.8,203.23,67.03,31.872,27.944,33.513,FP,,,,,,,
195,15,234.29,214.71,14.03,32.215,29.522,7.014,TP,17,0.252,0.219,0.334,0.132,0.215,0.219
195,16,208.13,228.73,55.52,28.618,31.45,27.762,TP,19,0.077,1.44,1.442,-0.071,0.03,-1.44
195,17,409.66,271.12,54.18,56.328,37.279,27.09,TP,23,0.283,0.642,0.702,-0.222,-0.176,0.642
195,18,162.17,274.46,56.42,22.299,37.739,28.212,TP,24,0.028,1.427,1.427,0.027,0.003,-1.427
195,19,408.0,268.0,51.0,56.1,36.85,25.5,FP,,,,,,,
195,20,413.0,276.0,48.5,56.788,37.95,24.25,FP,,,,,,,
195,21,414.0,277.0,47.5,56.925,38.088,23.75,FP,,,,,,,
195,22,233.96,323.59,12.07,32.169,44.494,6.037,TP,25,0.365,1.476,1.521,-0.325,-0.166,1.476
195,23,234.81,325.39,96.59,32.286,44.741,48.297,FP,,,,,,,
195,24,239.0,328.25,2.72,32.862,45.134,1.359,FP,,,,,,,
195,25,396.37,335.66,7.53,54.501,46.153,3.767,TP,26,0.334,0.203,0.39,-0.29,-0.164,-0.203
195,26,303.75,344.55,68.63,41.766,47.376,34.313,TP,28,0.369,1.323,1.373,-0.128,0.346,1.323
195,27,266.46,344.02,22.59,36.638,47.303,11.296,TP,27,0.122,1.21,1.216,0.042,0.114,-1.21
195,28,187.37,348.02,68.51,25.764,47.853,34.256,TP,29,0.392,0.056,0.396,0.321,0.226,-0.056
195,29,427.09,355.28,23.45,58.726,48.852,11.725,TP,31,0.124,1.05,1.057,-0.121,-0.023,1.05
195,30,283.2,358.13,17.4,38.941,49.243,8.698,TP,32,0.221,0.541,0.585,-0.142,-0.169,-0.541
195,31,285.58,359.07,81.94,39.267,49.373,40.972,FP,,,,,,,
195,32,186.42,367.29,3.67,25.632,50.503,1.833,TP,33,0.543,0.649,0.846,-0.324,-0.435,-0.649
195,33,338.59,370.91,11.17,46.556,51.0,5.584,TP,35,0.552,1.427,1.53,0.539,-0.121,1.427
195,34,508.49,411.94,43.62,69.918,56.642,21.812,TP,37,0.079,2.618,2.619,-0.062,-0.048,2.618
195,35,157.63,416.97,47.45,21.675,57.334,23.723,TP,38,0.589,2.146,2.226,0.587,-0.051,2.146
195,36,419.55,419.09,35.73,57.688,57.625,17.864,TP,39,0.173,0.875,0.892,-0.172,0.023,-0.875
195,37,296.95,424.7,77.89,40.831,58.396,38.943,TP,36,0.621,2.375,2.455,0.141,0.605,-2.375
195,38,264.65,423.39,62.54,36.39,58.216,31.27,TP,41,0.626,2.212,2.299,0.594,0.197,-2.212
195,39,377.82,435.24,88.31,51.95,59.846,44.157,TP,42,0.163,0.425,0.455,-0.115,-0.116,0.425
195,40,492.33,444.67,94.0,67.696,61.142,47.0,FP,,,,,,,
195,41,99.28,448.03,14.01,13.651,61.604,7.003,TP,45,0.216,0.681,0.715,0.212,0.045,0.681
195,42,443.84,449.04,9.04,61.028,61.743,4.519,TP,43,0.311,2.927,2.943,0.084,0.299,2.927
195,43,23.52,456.82,26.83,3.234,62.812,13.415,TP,46,0.073,1.323,1.325,-0.026,-0.068,-1.323
195,44,200.26,467.05,66.96,27.535,64.219,33.48,TP,47,0.226,1.334,1.353,0.152,0.168,1.334
195,45,136.46,495.15,76.9,18.764,68.083,38.448,TP,48,0.245,0.804,0.841,0.025,-0.244,0.804
195,,,,,39.452,1.178,34.683,FN,0,,,,,,
195,,,,,49.275,0.756,37.744,FN,1,,,,,,
195,,,,,37.645,2.437,28.857,FN,2,,,,,,
195,,,,,33.251,2.61,35.742,FN,3,,,,,,
195,,,,,32.856,7.727,17.629,FN,4,,,,,,
195,,,,,31.411,8.49,6.518,FN,5,,,,,,
195,,,,,36.101,17.119,38.059,FN,10,,,,,,
195,,,,,39.699,31.096,37.027,FN,18,,,,,,
195,,,,,15.044,34.449,48.5,FN,20,,,,,,
195,,,,,34.009,33.764,41.814,FN,21,,,,,,
195,,,,,24.529,34.364,46.0,FN,22,,,,,,
195,,,,,38.304,49.628,45.534,FN,30,,,,,,
195,,,,,62.141,51.743,48.354,FN,34,,,,,,
195,,,,,22.601,57.236,25.201,FN,40,,,,,,
195,,,,,40.118,61.073,47.622,FN,44,,,,,,
196,0,438.73,11.63,91.61,60.325,1.599,45.803,TP,3,0.282,1.732,1.755,-0.268,0.088,1.732
196,1,34.94,9.08,10.45,4.805,1.248,5.226,TP,0,0.529,0.917,1.059,-0.102,0.519,0.917
196,2,467.23,23.97,73.65,64.245,3.296,36.827,TP,4,0.191,2.405,2.413,0.097,-0.165,-2.405
196,3,251.52,45.55,24.1,34.584,6.263,12.05,TP,5,0.071,0.063,0.095,-0.012,-0.07,0.063
196,4,194.43,53.89,42.83,26.734,7.409,21.416,TP,6,0.023,0.036,0.043,-0.006,-0.022,-0.036
196,5,251.12,85.84,13.79,34.529,11.803,6.896,FP,,,,,,,
196,6,429.99,85.78,47.27,59.123,11.795,23.633,TP,9,0.126,0.515,0.53,0.093,-0.084,-0.515
196,7,395.59,91.49,82.51,54.393,12.58,41.253,TP,10,0.338,1.753,1.785,-0.321,-0.106,1.753
196,8,251.93,101.87,92.02,34.641,14.007,46.008,TP,12,0.457,1.57,1.635,-0.436,-0.137,1.57
196,9,404.47,103.49,33.7,55.615,14.23,16.849,TP,13,0.161,3.395,3.398,0.11,0.118,-3.395
196,10,257.8,108.18,91.07,35.447,14.874,45.533,FP,,,,,,,
196,11,403.25,102.25,40.5,55.447,14.059,20.25,FP,,,,,,,
196,12,474.02,118.78,74.79,65.177,16.332,37.395,TP,15,0.156,2.808,2.812,0.041,0.15,2.808
196,13,55.63,148.08,27.3,7.649,20.362,13.649,TP,16,0.274,0.351,0.445,-0.209,-0.177,-0.351
196,14,334.0,166.5,30.0,45.925,22.894,15.0,FP,,,,,,,
196,15,32.64,170.18,26.19,4.488,23.4,13.097,TP,17,0.327,0.148,0.359,0.266,-0.191,-0.148
196,16,180.49,175.34,14.12,24.818,24.109,7.062,TP,18,0.178,1.252,1.265,0.141,0.11,-1.252
196,17,441.86,185.25,5.76,60.756,25.472,2.879,TP,19,0.154,1.724,1.731,0.079,-0.132,-1.724
196,18,49.26,203.79,68.11,6.773,28.021,34.056,TP,20,0.058,1.407,1.409,0.058,0.005,1.407
196,19,492.17,208.03,36.55,67.673,28.604,18.277,TP,21,0.166,0.612,0.635,0.163,-0.033,0.612
196,20,218.89,221.69,36.52,30.097,30.482,18.26,TP,22,0.135,0.496,0.513,0.13,-0.035,-0.496
196,21,243.11,223.31,9.73,33.428,30.705,4.867,TP,23,0.349,2.989,3.009,0.282,-0.206,2.989
196,22,376.29,225.11,67.58,51.74,30.953,33.792,TP,24,0.1,1.181,1.185,0.094,0.032,1.181
196,23,241.47,224.74,87.17,33.202,30.901,43.587,FP,,,,,,,
196,24,308.65,226.79,43.49,42.439,31.183,21.744,TP,25,0.41,0.197,0.455,-0.41,0.023,0.197
196,25,424.5,235.91,29.68,58.369,32.438,14.841,TP,27,0.063,0.645,0.648,-0.047,-0.042,-0.645
196,26,424.87,236.11,38.89,58.419,32.464,19.447,FP,,,,,,,
196,27,208.34,258.32,81.22,28.647,35.519,40.612,TP,29,1.188,0.164,1.199,-1.161,-0.255,-0.164
196,28,385.0,257.0,11.0,52.938,35.338,5.5,TP,30,0.286,0.637,0.698,-0.101,-0.268,0.637
196,29,390.0,258.0,34.0,53.625,35.475,17.0,FP,,,,,,,
196,30,390.0,260.0,33.5,53.625,35.75,16.75,FP,,,,,,,
196,31,77.2,268.98,88.3,10.614,36.984,44.148,TP,32,0.265,1.585,1.607,-0.055,0.26,-1.585
196,32,221.71,286.71,76.9,30.486,39.423,38.452,TP,33,0.867,1.57,1.793,0.528,0.688,-1.57
196,33,130.71,299.72,17.8,17.972,41.211,8.9,FP,,,,,,,
196,34,408.4,309.35,65.13,56.155,42.536,32.566,TP,37,0.117,0.049,0.127,0.064,0.097,0.049
196,35,100.93,330.96,16.96,13.878,45.507,8.481,TP,38,0.096,1.344,1.347,0.034,-0.09,-1.344
196,36,108.0,344.5,80.0,14.85,47.369,40.0,TP,39,0.46,0.663,0.807,-0.142,0.438,0.663
196,37,15.14,357.77,68.37,2.082,49.193,34.184,TP,40,0.43,0.792,0.902,0.429,0.034,-0.792
196,38,314.88,403.75,23.66,43.296,55.516,11.831,TP,42,0.07,1.039,1.041,0.07,-0.004,1.039
196,39,460.23,433.42,69.46,63.281,59.595,34.73,TP,43,0.072,1.789,1.79,-0.038,0.061,1.789
196,40,398.8,446.54,71.37,54.836,61.399,35.687,TP,44,0.35,0.55,0.652,0.297,0.185,-0.55
196,41,201.28,447.16,51.58,27.676,61.485,25.79,TP,45,0.084,0.21,0.226,-0.029,0.079,-0.21
196,42,379.36,476.55,28.91,52.163,65.525,14.455,TP,46,0.129,0.71,0.722,-0.071,0.108,0.71
196,43,184.58,481.8,76.88,25.38,66.248,38.438,TP,48,0.388,0.938,1.015,0.388,-0.007,0.938
196,44,83.3,506.33,54.33,11.454,69.621,27.165,TP,49,0.109,1.14,1.145,-0.041,-0.101,1.14
196,,,,,49.802,0.408,40.733,FN,1,,,,,,
196,,,,,52.531,1.316,21.731,FN,2,,,,,,
196,,,,,33.402,10.954,9.126,FN,7,,,,,,
196,,,,,34.429,11.904,48.442,FN,8,,,,,,
196,,,,,59.986,15.424,47.357,FN,11,,,,,,
196,,,,,27.446,14.591,43.138,FN,14,,,,,,
196,,,,,2.38,31.501,48.27,FN,26,,,,,,
196,,,,,28.309,34.351,24.766,FN,28,,,,,,
196,,,,,53.439,35.884,33.377,FN,31,,,,,,
196,,,,,36.223,41.162,10.134,FN,34,,,,,,
196,,,,,4.072,40.456,44.75,FN,35,,,,,,
196,,,,,17.123,41.411,1.484,FN,36,,,,,,
196,,,,,40.097,53.532,4.354,FN,41,,,,,,
196,,,,,70.162,66.371,28.0,FN,47,,,,,,
21,0,342.51,23.57,9.72,47.094,3.241,4.858,TP,0,0.104,1.508,1.511,0.031,-0.099,-1.508
21,1,201.2,27.48,35.23,27.664,3.778,17.613,TP,1,0.303,1.039,1.083,-0.011,-0.303,-1.039
21,2,86.05,47.19,89.83,11.832,6.489,44.915,TP,2,0.164,0.187,0.249,0.12,-0.112,0.187
21,3,26.06,79.36,54.87,3.584,10.912,27.435,TP,4,0.037,0.617,0.619,-0.028,0.024,0.617
21,4,23.86,79.14,64.0,3.28,10.882,32.0,FP,,,,,,,
21,5,228.78,102.51,78.6,31.457,14.095,39.302,TP,5,0.161,0.854,0.869,0.161,0.001,0.854
21,6,112.69,108.53,25.36,15.495,14.923,12.68,TP,6,0.059,1.82,1.821,0.046,0.037,-1.82
21,7,442.15,109.02,38.97,60.796,14.99,19.483,TP,7,0.17,1.453,1.463,0.158,-0.063,1.453
21,8,403.61,114.36,79.72,55.497,15.725,39.861,TP,8,0.25,0.643,0.69,-0.213,-0.132,-0.643
21,9,58.92,132.28,84.14,8.101,18.189,42.072,TP,9,0.345,3.038,3.057,0.245,0.242,3.038
21,10,251.36,152.91,69.13,34.562,21.024,34.563,TP,10,0.207,0.722,0.751,0.184,0.095,0.722
21,11,251.1,151.9,59.63,34.526,20.887,29.814,FP,,,,,,,
21,12,260.71,153.65,10.82,35.847,21.126,5.412,FP,,,,,,,
21,13,257.0,153.5,11.0,35.338,21.106,5.5,FP,,,,,,,
21,14,139.66,157.24,19.54,19.203,21.621,9.77,TP,11,0.386,1.221,1.28,-0.37,-0.11,-1.221
21,15,267.45,156.24,18.91,36.775,21.483,9.455,TP,12,0.06,1.584,1.585,-0.059,0.011,-1.584
21,16,337.87,160.46,75.51,46.457,22.063,37.755,TP,13,0.082,0.126,0.15,0.052,0.063,0.126
21,17,180.99,169.94,34.66,24.887,23.366,17.331,TP,14,0.266,0.414,0.492,-0.107,-0.244,0.414
21,18,411.62,182.12,6.88,56.598,25.041,3.441,TP,15,0.341,2.581,2.603,0.028,0.34,2.581
21,19,183.65,188.17,23.33,25.252,25.873,11.665,TP,16,0.283,3.751,3.762,0.278,0.055,-3.751
21,20,205.64,196.63,30.63,28.275,27.036,15.313,TP,17,0.39,1.252,1.311,0.09,0.379,-1.252
21,21,368.83,197.82,11.65,50.714,27.201,5.827,TP,18,0.159,2.753,2.758,-0.03,0.156,-2.753
21,22,501.74,213.37,32.83,68.99,29.338,16.414,TP,20,0.087,1.932,1.934,-0.051,0.071,1.932
21,23,314.95,220.51,26.05,43.305,30.32,13.023,TP,19,0.278,0.01,0.278,0.041,0.275,0.01
21,24,486.23,215.64,49.97,66.857,29.65,24.986,TP,21,0.215,2.153,2.164,0.019,-0.214,-2.153
21,25,37.02,253.02,58.0,5.09,34.791,29.0,TP,22,0.202,0.525,0.562,-0.054,-0.195,0.525
21,26,350.5,267.09,36.74,48.193,36.725,18.372,TP,23,0.216,2.128,2.139,0.13,0.173,-2.128
21,27,461.7,275.12,37.97,63.484,37.828,18.986,TP,24,0.097,1.466,1.469,-0.095,0.018,-1.466
21,28,161.15,294.3,81.0,22.158,40.466,40.5,TP,25,0.08,0.232,0.245,-0.078,0.018,0.232
21,29,129.84,308.24,53.03,17.853,42.383,26.513,TP,27,0.082,2.221,2.222,0.07,0.044,2.221
21,30,79.9,318.4,57.78,10.986,43.781,28.89,TP,28,0.164,1.493,1.502,-0.048,-0.157,1.493
21,31,79.56,317.12,66.6,10.94,43.604,33.299,FP,,,,,,,
21,32,280.34,318.51,84.87,38.547,43.795,42.436,TP,30,0.183,1.064,1.08,-0.172,0.065,-1.064
21,33,337.2,318.41,26.86,46.365,43.782,13.432,TP,29,0.117,1.056,1.063,0.041,0.11,-1.056
21,34,90.51,325.44,37.38,12.445,44.748,18.692,TP,31,0.123,2.203,2.206,-0.103,0.068,2.203
21,35,40.4,338.78,33.84,5.554,46.583,16.918,TP,32,0.201,1.054,1.073,0.032,0.198,1.054
21,36,116.39,342.39,80.28,16.003,47.078,40.139,FP,,,,,,,
21,37,225.02,355.95,28.27,30.94,48.943,14.137,TP,33,0.124,0.374,0.394,-0.031,-0.12,-0.374
21,38,396.51,380.56,36.68,54.521,52.327,18.341,TP,35,0.065,0.128,0.143,-0.03,-0.057,0.128
21,39,400.5,385.0,69.0,55.069,52.938,34.5,FP,,,,,,,
21,40,260.48,403.75,3.83,35.816,55.516,1.917,FP,,,,,,,
21,41,23.2,414.08,90.28,3.19,56.936,45.139,TP,37,0.278,0.865,0.909,-0.268,-0.074,0.865
21,42,416.73,430.44,39.91,57.3,59.186,19.953,TP,38,0.519,0.09,0.527,-0.31,-0.416,0.09
21,43,446.72,436.52,26.76,61.424,60.021,13.379,TP,39,0.292,0.717,0.774,0.11,0.271,0.717
21,44,159.57,440.13,7.5,21.941,60.517,3.751,TP,41,0.088,1.345,1.347,-0.065,0.059,-1.345
21,45,273.33,441.8,37.45,37.582,60.747,18.724,TP,40,0.07,2.179,2.18,0.06,0.036,-2.179
21,46,332.11,468.37,78.52,45.666,64.401,39.261,TP,43,0.098,1.723,1.726,0.096,0.022,1.723
21,47,58.17,485.33,44.5,7.998,66.734,22.252,TP,45,0.066,0.264,0.273,0.034,-0.057,0.264
21,48,25.08,487.18,38.17,3.448,66.987,19.083,TP,46,0.037,0.952,0.953,-0.024,0.028,-0.952
21,49,174.07,492.73,39.88,23.934,67.75,19.94,TP,48,0.027,0.788,0.789,0.027,-0.001,0.788
21,50,200.58,494.66,73.05,27.579,68.016,36.523,TP,49,0.419,0.891,0.985,0.411,-0.08,0.891
21,,,,,6.165,10.545,39.02,FN,3,,,,,,
21,,,,,58.738,41.744,37.308,FN,26,,,,,,
21,,,,,5.675,50.035,7.144,FN,34,,,,,,
21,,,,,35.836,55.499,43.993,FN,36,,,,,,
21,,,,,0.642,61.78,33.488,FN,42,,,,,,
21,,,,,40.472,66.985,41.083,FN,44,,,,,,
21,,,,,28.848,68.39,34.579,FN,47,,,,,,
35,0,456.97,13.35,15.49,62.833,1.836,7.743,TP,0,0.447,2.524,2.564,0.436,-0.098,-2.524
35,1,346.39,28.96,58.34,47.628,3.982,29.17,TP,1,0.067,1.369,1.371,-0.067,-0.002,-1.369
35,2,448.8,32.0,78.4,61.71,4.4,39.2,FP,,,,,,,
35,3,488.2,78.55,52.46,67.128,10.8,26.23,TP,2,0.406,0.246,0.475,-0.35,-0.207,-0.246
35,4,215.18,93.38,88.39,29.587,12.839,44.197,FP,,,,,,,
35,5,152.98,96.63,14.2,21.034,13.286,7.098,TP,4,0.446,1.322,1.395,-0.089,-0.437,1.322
35,6,343.5,95.89,2.48,47.231,13.185,1.241,TP,5,0.086,0.254,0.268,0.072,0.048,0.254
35,7,34.09,111.3,81.52,4.687,15.303,40.758,TP,6,0.037,0.696,0.697,-0.03,-0.021,0.696
35,8,219.7,123.18,50.61,30.209,16.937,25.306,TP,9,0.091,0.085,0.125,-0.046,0.078,0.085
35,9,223.01,129.42,74.86,30.664,17.795,37.431,FP,,,,,,,
35,10,457.53,131.78,57.92,62.91,18.12,28.962,TP,10,0.458,3.24,3.273,0.247,0.386,-3.24
35,11,180.85,141.68,3.79,24.866,19.481,1.894,TP,11,0.473,2.76,2.8,-0.096,0.463,-2.76
35,12,295.38,150.13,88.79,40.615,20.643,44.393,TP,13,0.368,2.561,2.588,-0.309,-0.199,2.561
35,13,355.95,160.51,18.1,48.943,22.07,9.048,TP,14,0.046,1.803,1.804,-0.031,0.034,-1.803
35,14,128.84,167.49,51.28,17.716,23.029,25.641,TP,15,0.16,0.567,0.589,0.136,0.085,0.567
35,15,124.5,168.0,64.0,17.119,23.1,32.0,FP,,,,,,,
35,16,430.2,194.03,43.29,59.152,26.679,21.646,TP,17,0.082,0.146,0.168,-0.032,-0.075,0.146
35,17,377.09,198.49,88.9,51.85,27.292,44.451,TP,16,0.313,1.451,1.484,0.086,0.301,1.451
35,18,59.18,224.37,16.95,8.137,30.851,8.473,TP,21,0.297,0.715,0.774,-0.257,-0.15,-0.715
35,19,17.75,231.01,13.64,2.44,31.764,6.821,TP,20,0.169,2.77,2.775,-0.114,-0.125,2.77
35,20,324.76,237.93,16.74,44.654,32.716,8.372,TP,22,0.271,1.105,1.138,0.098,0.253,-1.105
35,21,92.55,259.6,74.37,12.726,35.695,37.187,TP,23,0.134,2.541,2.544,-0.13,-0.029,2.541
35,22,456.2,267.56,93.44,62.728,36.79,46.719,TP,24,0.319,0.96,1.012,-0.217,0.234,0.96
35,23,49.09,283.48,6.54,6.749,38.978,3.268,TP,26,0.437,1.718,1.772,0.012,0.437,1.718
35,24,173.98,291.85,47.03,23.922,40.13,23.516,TP,28,0.051,0.845,0.847,0.041,0.03,-0.845
35,25,314.22,295.23,60.62,43.205,40.594,30.31,TP,27,0.106,0.794,0.801,0.105,0.014,-0.794
35,26,398.52,311.31,26.74,54.797,42.805,13.372,TP,29,0.138,2.179,2.183,0.117,0.072,-2.179
35,27,393.98,311.63,12.6,54.172,42.849,6.3,FP,,,,,,,
35,28,187.39,327.91,23.5,25.765,45.088,11.752,TP,30,0.071,0.84,0.843,-0.055,-0.044,0.84
35,29,380.89,330.71,18.16,52.372,45.472,9.078,TP,31,0.193,3.036,3.042,-0.067,-0.181,-3.036
35,30,39.22,343.35,72.38,5.393,47.21,36.188,TP,32,0.278,0.145,0.314,0.103,0.258,-0.145
35,31,370.43,349.64,65.56,50.934,48.076,32.781,FP,,,,,,,
35,32,371.61,350.35,37.74,51.096,48.173,18.87,TP,33,0.12,1.439,1.444,-0.105,0.057,1.439
35,33,370.0,350.0,79.0,50.875,48.125,39.5,FP,,,,,,,
35,34,335.33,398.68,8.62,46.108,54.818,4.312,TP,35,0.497,3.173,3.212,0.425,0.258,-3.173
35,35,209.1,400.99,27.71,28.751,55.137,13.855,TP,37,0.058,1.032,1.034,-0.033,-0.047,-1.032
35,36,389.94,402.07,58.44,53.617,55.285,29.221,TP,36,0.225,0.354,0.42,0.213,0.073,-0.354
35,37,256.48,437.96,81.71,35.266,60.22,40.856,FP,,,,,,,
35,38,240.16,442.92,63.68,33.022,60.902,31.84,TP,39,0.185,0.295,0.348,-0.181,-0.038,-0.295
35,39,386.03,444.81,34.45,53.079,61.161,17.227,TP,40,0.189,1.268,1.282,0.116,-0.149,-1.268
35,40,164.23,446.77,17.44,22.581,61.43,8.719,TP,41,0.199,1.46,1.473,0.193,0.047,1.46
35,41,424.07,455.83,43.55,58.309,62.677,21.777,TP,43,0.096,0.382,0.394,0.068,0.068,-0.382
35,42,54.11,456.7,47.49,7.441,62.797,23.743,TP,44,0.086,0.007,0.086,0.067,-0.054,-0.007
35,43,366.29,461.02,11.58,50.364,63.391,5.789,TP,46,0.411,3.516,3.54,-0.097,-0.4,3.516
35,44,327.91,472.96,25.96,45.087,65.032,12.981,TP,48,0.096,0.164,0.19,0.016,-0.094,0.164
35,,,,,52.689,12.76,48.0,FN,3,,,,,,
35,,,,,58.676,15.812,46.985,FN,7,,,,,,
35,,,,,1.238,16.558,47.773,FN,8,,,,,,
35,,,,,34.234,17.792,2.267,FN,12,,,,,,
35,,,,,7.602,30.495,1.253,FN,18,,,,,,
35,,,,,2.052,30.792,48.124,FN,19,,,,,,
35,,,,,7.288,37.937,41.8,FN,25,,,,,,
35,,,,,40.983,51.789,43.5,FN,34,,,,,,
35,,,,,31.656,59.401,36.818,FN,38,,,,,,
35,,,,,25.782,62.599,42.219,FN,42,,,,,,
35,,,,,47.587,63.368,2.958,FN,45,,,,,,
35,,,,,51.081,65.585,45.872,FN,47,,,,,,
44,0,466.12,20.23,15.17,64.092,2.781,7.583,TP,1,0.416,0.042,0.418,0.416,-0.009,-0.042
44,1,146.33,20.11,51.67,20.121,2.765,25.833,TP,0,0.584,1.028,1.182,0.265,0.521,-1.028
44,2,148.0,22.0,51.0,20.35,3.025,25.5,FP,,,,,,,
44,3,387.67,36.63,40.09,53.305,5.036,20.045,TP,2,0.029,4.224,4.224,-0.024,0.016,4.224
44,4,401.37,40.41,55.0,55.188,5.557,27.5,TP,3,0.229,0.059,0.236,0.194,0.121,-0.059
44,5,171.67,57.22,77.09,23.605,7.867,38.545,FP,,,,,,,
44,6,171.29,55.7,49.39,23.553,7.658,24.693,TP,5,0.718,2.148,2.265,-0.48,-0.534,2.148
44,7,178.93,65.47,45.99,24.602,9.003,22.997,FP,,,,,,,
44,8,40.11,65.45,42.14,5.516,9.0,21.068,TP,6,0.439,2.322,2.363,0.368,0.24,2.322
44,9,321.19,78.34,5.97,44.164,10.772,2.984,TP,7,0.233,1.294,1.315,-0.109,0.206,1.294
44,10,181.06,91.11,38.68,24.895,12.527,19.342,TP,9,0.023,1.031,1.031,0.012,-0.019,-1.031
44,11,34.56,102.63,19.52,4.752,14.112,9.76,TP,10,0.064,0.365,0.371,-0.044,0.047,-0.365
44,12,84.19,104.5,47.95,11.576,14.369,23.976,TP,11,0.101,0.922,0.927,0.101,-0.008,0.922
44,13,417.0,129.0,33.0,57.338,17.738,16.5,TP,13,0.11,0.494,0.506,-0.005,0.11,-0.494
44,14,418.0,129.0,80.0,57.475,17.738,40.0,FP,,,,,,,
44,15,503.48,142.37,44.51,69.229,19.575,22.254,TP,14,0.644,2.31,2.399,-0.356,0.537,2.31
44,16,305.9,152.84,68.34,42.061,21.015,34.172,TP,15,0.016,1.202,1.202,-0.012,0.01,1.202
44,17,306.0,152.82,62.08,42.075,21.012,31.039,FP,,,,,,,
44,18,427.36,157.62,40.02,58.763,21.672,20.011,TP,16,0.017,0.532,0.533,-0.001,0.017,-0.532
44,19,160.4,192.28,69.56,22.055,26.438,34.78,TP,18,0.073,2.033,2.035,-0.07,-0.023,2.033
44,20,281.27,219.68,14.13,38.675,30.206,7.065,TP,20,0.066,1.461,1.463,-0.066,-0.001,-1.461
44,21,447.85,222.21,47.02,61.579,30.553,23.509,TP,19,0.739,1.135,1.354,0.397,0.623,-1.135
44,22,448.03,221.2,71.28,61.604,30.415,35.64,FP,,,,,,,
44,23,474.9,233.83,48.65,65.299,32.151,24.325,TP,21,0.457,0.561,0.724,0.12,0.441,-0.561
44,24,29.03,241.65,35.45,3.992,33.227,17.726,TP,22,0.238,0.228,0.33,0.215,0.101,0.228
44,25,369.38,242.27,92.85,50.79,33.312,46.423,FP,,,,,,,
44,26,387.41,244.48,38.88,53.269,33.616,19.441,TP,23,0.362,1.188,1.242,-0.359,0.049,1.188
44,27,390.0,244.4,35.0,53.625,33.605,17.5,FP,,,,,,,
44,28,390.87,260.92,74.27,53.744,35.876,37.137,FP,,,,,,,
44,29,138.39,262.24,45.12,19.028,36.057,22.559,TP,24,0.013,0.289,0.289,0.004,-0.012,-0.289
44,30,43.11,269.85,9.89,5.928,37.104,4.947,TP,25,0.259,2.045,2.061,0.119,0.23,2.045
44,31,402.73,289.65,17.77,55.375,39.827,8.886,TP,28,0.185,0.928,0.946,0.182,0.029,0.928
44,32,425.28,289.58,86.5,58.476,39.817,43.249,TP,27,0.152,0.762,0.776,0.047,0.144,0.762
44,33,228.98,306.83,69.08,31.485,42.189,34.542,TP,29,0.151,2.018,2.024,0.085,0.124,2.018
44,34,150.19,313.79,80.99,20.651,43.146,40.493,TP,30,0.359,2.794,2.817,-0.356,-0.043,-2.794
44,35,130.98,343.14,49.53,18.01,47.182,24.763,TP,31,0.293,0.212,0.362,0.121,-0.267,-0.212
44,36,441.09,358.95,65.89,60.65,49.355,32.946,TP,33,0.027,0.277,0.279,-0.027,-0.005,-0.277
44,37,79.65,361.13,73.51,10.951,49.656,36.756,TP,32,0.104,2.769,2.771,-0.087,0.056,2.769
44,38,344.56,361.89,43.85,47.377,49.759,21.926,TP,34,0.052,0.643,0.645,-0.021,-0.047,0.643
44,39,364.51,399.37,14.85,50.119,54.913,7.424,TP,36,0.26,0.283,0.384,0.235,0.11,-0.283
44,40,482.81,404.09,67.79,66.386,55.563,33.896,TP,37,0.565,1.706,1.797,-0.316,-0.469,1.706
44,41,486.94,408.72,59.22,66.954,56.199,29.611,FP,,,,,,,
44,42,143.21,425.1,73.61,19.691,58.451,36.806,TP,38,0.207,0.802,0.828,0.206,0.026,0.802
44,43,18.17,427.86,36.96,2.498,58.831,18.48,TP,39,0.138,1.151,1.159,-0.027,-0.135,-1.151
44,44,313.27,437.02,15.18,43.074,60.09,7.592,TP,41,0.225,2.46,2.471,0.082,-0.209,-2.46
44,45,442.01,442.29,76.15,60.776,60.815,38.075,TP,40,0.541,1.643,1.73,0.074,0.536,1.643
44,46,404.12,443.09,23.23,55.566,60.925,11.616,TP,42,0.48,0.881,1.004,0.247,-0.412,0.881
44,47,304.25,461.96,10.69,41.834,63.519,5.343,TP,43,0.213,0.393,0.447,-0.211,0.026,0.393
44,48,245.91,471.5,73.61,33.813,64.831,36.807,TP,44,0.226,1.437,1.455,0.047,0.221,1.437
44,49,456.87,480.5,31.26,62.819,66.069,15.632,TP,45,0.249,2.514,2.526,-0.208,-0.138,-2.514
44,50,432.71,482.77,38.99,59.498,66.381,19.495,TP,46,0.183,0.15,0.236,-0.139,-0.119,-0.15
44,51,120.98,495.64,10.97,16.634,68.15,5.487,TP,47,0.217,3.411,3.418,-0.215,-0.029,3.411
44,,,,,23.283,7.039,44.907,FN,4,,,,,,
44,,,,,20.307,12.096,30.545,FN,8,,,,,,
44,,,,,6.51,16.015,48.741,FN,12,,,,,,
44,,,,,16.172,25.451,45.389,FN,17,,,,,,
44,,,,,53.934,36.542,2.355,FN,26,,,,,,
44,,,,,57.484,54.121,38.979,FN,35,,,,,,
44,,,,,22.021,69.808,21.051,FN,48,,,,,,
48,0,471.8,18.56,34.61,64.872,2.552,17.306,TP,0,0.144,1.005,1.015,0.137,-0.044,-1.005
48,1,416.1,33.03,61.38,57.214,4.542,30.689,TP,1,0.097,0.084,0.128,0.014,-0.096,0.084
48,2,492.17,38.65,20.1,67.673,5.314,10.052,TP,2,0.512,4.091,4.123,-0.501,-0.107,4.091
48,3,500.48,40.72,12.11,68.816,5.599,6.054,FP,,,,,,,
48,4,50.75,43.31,78.9,6.978,5.955,39.449,TP,3,0.023,0.359,0.359,-0.013,-0.019,0.359
48,5,112.49,53.76,7.09,15.468,7.392,3.544,TP,4,0.075,1.99,1.992,0.019,0.072,1.99
48,6,112.67,53.79,87.92,15.492,7.396,43.96,FP,,,,,,,
48,7,195.64,76.47,32.72,26.9,10.514,16.362,TP,5,0.077,0.614,0.619,0.057,0.053,-0.614
48,8,457.08,102.92,67.13,62.849,14.151,33.566,TP,6,0.121,1.689,1.694,0.083,0.088,1.689
48,9,56.96,105.25,51.67,7.833,14.471,25.837,TP,8,0.041,0.788,0.789,-0.018,-0.037,0.788
48,10,118.07,107.66,90.83,16.234,14.803,45.416,TP,7,0.254,3.74,3.749,-0.019,-0.253,3.74
48,11,311.9,114.88,7.09,42.887,15.796,3.546,TP,9,0.156,0.669,0.687,-0.138,0.073,-0.669
48,12,296.18,120.32,72.94,40.725,16.544,36.469,TP,10,0.182,2.344,2.352,0.027,0.18,2.344
48,13,462.46,122.71,31.86,63.589,16.872,15.928,TP,11,0.189,0.498,0.533,-0.125,-0.141,0.498
48,14,434.47,148.66,79.68,59.739,20.441,39.838,TP,15,0.41,0.16,0.44,-0.395,0.109,0.16
48,15,259.77,175.0,34.46,35.718,24.062,17.231,FP,,,,,,,
48,16,112.32,184.98,5.01,15.444,25.434,2.504,TP,17,0.332,0.506,0.605,-0.321,-0.086,-0.506
48,17,404.11,205.7,69.42,55.565,28.283,34.712,TP,18,0.181,2.574,2.58,-0.09,-0.157,2.574
48,18,367.16,207.69,68.33,50.485,28.557,34.165,TP,19,0.289,3.825,3.835,-0.201,0.207,3.825
48,19,368.07,207.0,60.16,50.61,28.463,30.079,FP,,,,,,,
48,20,495.24,215.96,88.7,68.096,29.695,44.351,TP,21,0.486,3.328,3.363,-0.483,-0.047,3.328
48,21,231.29,224.58,79.29,31.802,30.879,39.643,TP,23,0.183,0.172,0.251,0.175,0.053,-0.172
48,22,289.73,226.43,28.16,39.837,31.135,14.079,FP,,,,,,,
48,23,292.25,226.15,42.35,40.184,31.095,21.174,TP,24,0.135,0.978,0.987,-0.093,-0.098,0.978
48,24,290.29,227.43,16.86,39.914,31.271,8.429,FP,,,,,,,
48,25,420.67,236.58,57.01,57.843,32.53,28.506,TP,25,0.04,0.433,0.435,-0.008,-0.04,0.433
48,26,239.15,235.93,46.31,32.883,32.441,23.153,TP,22,1.02,0.231,1.046,0.126,1.013,0.231
48,27,30.39,270.22,54.32,4.179,37.155,27.16,TP,28,0.449,0.585,0.737,0.438,-0.099,-0.585
48,28,274.15,272.65,32.94,37.695,37.489,16.469,TP,29,0.134,0.775,0.786,-0.051,-0.123,-0.775
48,29,348.39,303.14,25.42,47.904,41.682,12.712,TP,32,0.026,0.098,0.101,0.0,0.026,0.098
48,30,79.99,351.47,2.86,10.999,48.327,1.432,TP,33,0.099,0.568,0.577,0.068,-0.073,-0.568
48,31,186.06,368.64,46.6,25.584,50.688,23.3,TP,34,0.121,1.722,1.727,-0.062,-0.103,-1.722
48,32,95.88,387.77,48.31,13.183,53.318,24.155,TP,35,0.057,1.247,1.248,0.051,0.026,-1.247
48,33,353.5,392.5,46.04,48.606,53.969,23.018,TP,36,0.178,1.982,1.99,0.129,0.123,-1.982
48,34,457.2,396.74,34.77,62.866,54.552,17.385,TP,37,0.132,2.624,2.628,-0.044,-0.125,-2.624
48,35,129.79,413.43,68.92,17.846,56.847,34.459,TP,39,0.179,1.959,1.967,0.081,0.16,1.959
48,36,121.13,415.84,76.52,16.656,57.178,38.261,TP,40,0.147,2.588,2.592,0.053,-0.137,2.588
48,37,440.28,414.65,27.83,60.539,57.015,13.913,TP,41,0.061,0.502,0.505,-0.059,-0.013,-0.502
48,38,439.8,414.62,78.77,60.472,57.01,39.383,FP,,,,,,,
48,39,433.5,440.12,31.66,59.607,60.517,15.828,TP,44,0.11,0.336,0.354,-0.093,-0.057,-0.336
48,40,85.38,453.26,74.47,11.74,62.323,37.233,TP,45,0.208,0.505,0.546,0.151,0.143,0.505
48,41,181.83,458.32,4.02,25.002,63.018,2.011,TP,47,0.297,0.461,0.549,-0.202,-0.219,-0.461
48,42,227.39,482.97,41.75,31.266,66.408,20.873,TP,48,0.469,0.026,0.47,0.046,0.467,0.026
48,43,219.44,495.15,7.34,30.173,68.083,3.669,TP,49,0.265,1.944,1.962,0.093,0.248,-1.944
48,,,,,13.878,19.189,45.943,FN,12,,,,,,
48,,,,,49.935,18.434,0.95,FN,13,,,,,,
48,,,,,53.859,19.222,46.648,FN,14,,,,,,
48,,,,,35.684,24.235,34.388,FN,16,,,,,,
48,,,,,25.58,29.034,48.028,FN,20,,,,,,
48,,,,,39.236,34.613,24.86,FN,26,,,,,,
48,,,,,67.634,35.498,33.83,FN,27,,,,,,
48,,,,,17.331,39.796,47.554,FN,30,,,,,,
48,,,,,60.091,41.043,48.782,FN,31,,,,,,
48,,,,,48.528,55.157,24.5,FN,38,,,,,,
48,,,,,11.819,59.086,36.004,FN,42,,,,,,
48,,,,,34.501,60.171,4.182,FN,43,,,,,,
48,,,,,20.854,63.67,45.978,FN,46,,,,,,
48,,,,,18.259,69.082,38.357,FN,50,,,,,,
55,0,335.3,6.69,85.57,46.103,0.92,42.786,TP,2,0.495,2.362,2.414,0.362,-0.338,-2.362
55,1,503.26,31.85,13.86,69.198,4.38,6.929,FP,,,,,,,
55,2,290.81,57.2,12.35,39.986,7.865,6.174,TP,4,0.408,2.121,2.16,0.172,0.37,-2.121
55,3,291.71,57.9,79.47,40.11,7.961,39.737,FP,,,,,,,
55,4,119.1,58.67,95.88,16.377,8.068,47.939,FP,,,,,,,
55,5,202.32,59.24,76.85,27.819,8.146,38.424,TP,6,0.032,4.114,4.114,-0.026,0.019,4.114
55,6,359.27,61.52,56.12,49.4,8.46,28.062,TP,7,0.04,1.305,1.305,0.007,-0.039,-1.305
55,7,408.07,77.64,5.83,56.109,10.675,2.917,TP,8,0.284,0.833,0.88,0.147,0.243,0.833
55,8,216.31,79.5,77.39,29.742,10.932,38.696,TP,9,0.278,0.054,0.284,0.273,0.055,-0.054
55,9,301.63,84.34,4.66,41.474,11.596,2.33,TP,10,0.184,0.819,0.84,0.182,-0.022,0.819
55,10,419.29,100.85,18.98,57.653,13.868,9.488,TP,12,0.023,1.154,1.154,-0.012,0.019,1.154
55,11,120.58,104.3,43.53,16.579,14.342,21.767,TP,11,0.119,1.991,1.995,-0.117,-0.021,1.991
55,12,338.26,129.14,49.36,46.511,17.757,24.679,TP,16,0.137,1.917,1.922,0.021,-0.136,1.917
55,13,180.49,133.05,43.21,24.817,18.294,21.606,TP,17,0.067,0.173,0.185,0.056,-0.036,-0.173
55,14,460.85,142.97,67.03,63.367,19.658,33.516,TP,18,0.054,1.212,1.213,-0.037,0.039,1.212
55,15,269.18,158.13,23.74,37.012,21.743,11.87,TP,19,0.142,1.742,1.748,-0.138,0.032,-1.742
55,16,450.81,161.96,14.76,61.986,22.27,7.379,TP,20,0.214,1.179,1.198,-0.048,0.209,-1.179
55,17,303.45,166.66,28.64,41.725,22.916,14.32,TP,21,0.992,0.226,1.018,-0.337,-0.933,-0.226
55,18,304.4,167.1,47.4,41.855,22.976,23.7,FP,,,,,,,
55,19,316.47,188.48,24.28,43.515,25.916,12.142,TP,23,0.272,1.873,1.892,0.243,0.124,1.873
55,20,29.01,181.73,68.9,3.989,24.988,34.451,TP,22,0.084,0.25,0.263,0.082,0.02,0.25
55,21,334.33,191.5,78.67,45.971,26.331,39.333,FP,,,,,,,
55,22,125.84,201.05,46.19,17.303,27.644,23.096,FP,,,,,,,
55,23,131.19,207.08,39.38,18.038,28.473,19.688,TP,25,0.343,1.859,1.89,0.159,0.304,1.859
55,24,344.04,208.36,62.64,47.305,28.649,31.321,TP,27,0.482,1.619,1.689,0.478,-0.062,1.619
55,25,394.03,240.9,54.54,54.178,33.123,27.272,TP,29,0.373,0.061,0.378,-0.356,-0.113,0.061
55,26,298.05,257.26,20.25,40.982,35.373,10.123,TP,31,0.068,1.045,1.048,-0.018,-0.066,1.045
55,27,68.46,254.74,38.07,9.413,35.026,19.033,TP,30,0.123,0.886,0.895,0.099,0.073,0.886
55,28,359.51,295.86,48.01,49.433,40.681,24.005,TP,32,0.243,1.764,1.781,-0.211,-0.12,-1.764
55,29,112.9,296.51,22.89,15.524,40.77,11.443,TP,33,0.107,0.793,0.8,0.107,-0.001,-0.793
55,30,272.09,309.08,70.8,37.413,42.499,35.399,TP,34,0.051,1.197,1.198,-0.025,0.045,1.197
55,31,376.9,315.71,55.26,51.823,43.41,27.628,TP,35,0.414,0.453,0.614,-0.409,0.066,0.453
55,32,385.42,317.07,65.82,52.995,43.597,32.912,FP,,,,,,,
55,33,28.16,329.82,7.98,3.871,45.351,3.99,TP,36,0.231,1.833,1.848,-0.227,0.045,-1.833
55,34,348.0,334.5,77.0,47.85,45.994,38.5,TP,37,1.083,2.488,2.713,0.012,-1.083,2.488
55,35,307.19,362.15,4.99,42.239,49.795,2.493,TP,38,0.511,2.482,2.534,-0.437,0.265,-2.482
55,36,238.72,374.82,24.62,32.824,51.538,12.309,TP,39,0.367,0.542,0.654,-0.154,-0.333,0.542
55,37,485.42,405.96,18.87,66.746,55.819,9.436,TP,40,0.138,0.507,0.526,0.137,0.009,0.507
55,38,34.64,433.1,33.71,4.763,59.551,16.853,TP,42,0.084,1.118,1.121,0.064,0.054,-1.118
55,39,459.33,445.89,87.4,63.157,61.31,43.702,TP,43,0.315,0.609,0.686,-0.27,0.163,0.609
55,40,466.8,455.84,22.17,64.185,62.678,11.086,TP,45,0.245,0.687,0.729,0.131,0.206,-0.687
55,41,414.76,461.66,54.14,57.03,63.479,27.069,TP,44,0.13,0.054,0.141,-0.112,-0.066,-0.054
55,42,281.4,477.47,25.25,38.693,65.653,12.624,TP,46,0.046,0.126,0.134,0.021,0.041,-0.126
55,43,210.57,481.89,38.92,28.953,66.259,19.461,TP,48,0.079,0.387,0.395,-0.064,-0.046,0.387
55,44,159.75,485.29,51.34,21.966,66.727,25.671,TP,47,0.073,0.798,0.802,0.008,-0.072,-0.798
55,,,,,15.321,0.039,0.5,FN,0,,,,,,
55,,,,,41.021,1.006,24.957,FN,1,,,,,,
55,,,,,69.569,4.442,1.512,FN,3,,,,,,
55,,,,,17.179,7.474,42.681,FN,5,,,,,,
55,,,,,35.526,14.358,48.465,FN,13,,,,,,
55,,,,,19.421,16.306,47.333,FN,14,,,,,,
55,,,,,19.625,16.587,19.838,FN,15,,,,,,
55,,,,,44.903,26.585,6.232,FN,24,,,,,,
55,,,,,37.191,28.983,29.466,FN,26,,,,,,
55,,,,,17.872,33.212,43.509,FN,28,,,,,,
55,,,,,63.318,57.411,1.487,FN,41,,,,,,
55,,,,,69.263,69.308,15.261,FN,49,,,,,,
58,0,63.72,49.33,29.33,8.761,6.782,14.665,TP,2,0.224,1.85,1.863,-0.15,-0.165,-1.85
58,1,236.09,60.83,16.86,32.462,8.365,8.428,TP,6,0.099,1.836,1.839,-0.096,-0.023,-1.836
58,2,310.25,61.17,48.85,42.659,8.411,24.426,TP,5,0.126,0.316,0.34,0.125,-0.013,0.316
58,3,151.54,63.81,10.3,20.836,8.774,5.152,TP,4,0.079,0.706,0.71,0.077,0.018,-0.706
58,4,150.03,65.76,2.33,20.629,9.042,1.167,FP,,,,,,,
58,5,294.44,66.21,47.98,40.485,9.104,23.991,TP,7,0.325,0.731,0.8,0.322,0.046,-0.731
58,6,152.21,90.73,18.21,20.929,12.475,9.105,TP,9,0.313,2.305,2.326,0.175,0.259,2.305
58,7,20.69,91.59,77.76,2.845,12.593,38.878,TP,8,0.75,0.937,1.2,0.234,0.712,0.937
58,8,455.89,97.08,89.85,62.685,13.348,44.924,TP,12,0.279,0.33,0.432,-0.112,-0.255,0.33
58,9,198.46,98.97,34.43,27.288,13.608,17.214,TP,10,0.257,0.739,0.782,0.257,0.0,-0.739
58,10,327.61,105.75,41.84,45.047,14.541,20.922,TP,13,0.337,0.08,0.346,-0.279,-0.188,0.08
58,11,354.55,122.16,77.76,48.75,16.797,38.88,TP,15,0.252,2.53,2.542,0.081,-0.239,2.53
58,12,51.5,125.27,24.17,7.081,17.224,12.087,TP,16,0.084,0.028,0.088,0.021,-0.081,-0.028
58,13,49.43,128.6,77.77,6.796,17.683,38.886,FP,,,,,,,
58,14,33.85,160.84,73.85,4.655,22.115,36.926,TP,19,0.249,0.649,0.696,-0.13,0.213,0.649
58,15,449.4,170.3,51.84,61.792,23.416,25.918,TP,20,0.137,0.576,0.592,-0.114,-0.077,-0.576
58,16,91.97,181.0,23.84,12.646,24.887,11.918,TP,23,0.063,1.036,1.038,0.045,-0.045,-1.036
58,17,416.13,184.78,88.55,57.218,25.407,44.277,TP,22,0.355,0.223,0.419,-0.257,0.245,-0.223
58,18,462.44,186.13,4.27,63.585,25.593,2.134,TP,24,0.131,0.651,0.664,0.044,0.123,0.651
58,19,460.75,186.49,91.07,63.353,25.642,45.536,FP,,,,,,,
58,20,486.35,194.77,82.21,66.873,26.781,41.105,FP,,,,,,,
58,21,286.24,217.69,55.52,39.358,29.932,27.762,TP,27,0.217,1.678,1.692,-0.188,0.109,-1.678
58,22,310.67,217.65,42.14,42.717,29.926,21.071,TP,28,0.032,0.668,0.669,0.03,0.01,-0.668
58,23,310.33,218.11,34.78,42.671,29.99,17.389,FP,,,,,,,
58,24,468.23,271.22,43.13,64.382,37.293,21.567,TP,31,0.192,0.882,0.903,0.11,0.157,-0.882
58,25,113.77,273.37,13.64,15.643,37.589,6.818,TP,32,0.202,1.822,1.833,-0.095,-0.179,1.822
58,26,242.79,276.61,24.04,33.383,38.033,12.019,TP,33,0.036,0.712,0.713,0.03,-0.019,0.712
58,27,219.88,298.89,48.2,30.233,41.097,24.101,TP,35,0.097,0.628,0.635,0.037,-0.09,0.628
58,28,155.24,302.26,43.48,21.345,41.561,21.738,TP,34,0.03,0.185,0.188,0.012,-0.027,0.185
58,29,494.54,303.91,82.19,67.999,41.788,41.095,TP,36,0.404,1.405,1.462,-0.303,-0.267,-1.405
58,30,370.74,319.39,91.84,50.976,43.915,45.919,TP,37,0.233,0.514,0.564,-0.232,0.018,0.514
58,31,170.28,353.98,13.14,23.413,48.672,6.569,TP,38,0.126,0.668,0.68,-0.102,-0.074,-0.668
58,32,117.93,359.2,39.62,16.216,49.39,19.808,TP,39,1.233,1.471,1.92,-1.121,-0.514,1.471
58,33,120.92,361.18,69.28,16.626,49.662,34.64,FP,,,,,,,
58,34,135.14,365.71,34.76,18.582,50.286,17.381,FP,,,,,,,
58,35,135.0,366.0,37.0,18.562,50.325,18.5,FP,,,,,,,
58,36,74.84,400.8,50.54,10.291,55.11,25.269,TP,42,0.103,0.538,0.548,-0.083,0.062,0.538
58,37,76.33,399.5,10.67,10.496,54.931,5.333,FP,,,,,,,
58,38,263.88,403.53,77.07,36.283,55.486,38.536,TP,41,0.283,0.299,0.412,0.215,0.184,-0.299
58,39,496.27,416.18,9.25,68.237,57.225,4.623,TP,44,0.097,0.212,0.234,-0.097,-0.004,-0.212
58,40,378.25,418.45,92.92,52.009,57.537,46.461,TP,43,0.337,0.295,0.448,0.017,0.337,-0.295
58,41,2.86,438.29,23.96,0.394,60.264,11.979,TP,45,0.115,0.229,0.256,0.005,-0.115,0.229
58,42,496.33,448.67,14.5,68.246,61.692,7.25,TP,46,0.667,2.896,2.972,0.507,-0.434,-2.896
58,43,498.0,448.0,14.0,68.475,61.6,7.0,FP,,,,,,,
58,44,76.96,469.35,15.53,10.581,64.535,7.764,TP,47,0.22,0.985,1.009,0.096,0.198,-0.985
58,45,379.08,481.52,82.71,52.124,66.209,41.355,TP,48,0.329,1.348,1.387,-0.253,0.211,-1.348
58,46,387.95,481.75,93.94,53.344,66.241,46.972,FP,,,,,,,
58,47,131.83,490.31,63.56,18.127,67.417,31.781,TP,49,0.088,1.911,1.913,0.046,-0.075,-1.911
58,,,,,18.383,0.951,33.928,FN,0,,,,,,
58,,,,,17.209,3.23,47.853,FN,1,,,,,,
58,,,,,8.418,6.559,12.527,FN,3,,,,,,
58,,,,,28.319,13.836,9.51,FN,11,,,,,,
58,,,,,11.194,17.285,21.029,FN,14,,,,,,
58,,,,,2.414,20.013,47.383,FN,17,,,,,,
58,,,,,50.701,21.249,22.606,FN,18,,,,,,
58,,,,,38.675,23.705,44.185,FN,21,,,,,,
58,,,,,1.98,26.421,30.43,FN,25,,,,,,
58,,,,,12.232,28.441,9.167,FN,26,,,,,,
58,,,,,39.195,30.757,22.029,FN,29,,,,,,
58,,,,,36.141,36.793,47.287,FN,30,,,,,,
58,,,,,24.241,52.302,45.006,FN,40,,,,,,
66,0,232.26,1.74,30.82,31.936,0.24,15.409,TP,0,0.125,0.845,0.854,-0.045,0.116,0.845
66,1,353.89,18.95,8.47,48.659,2.605,4.237,TP,1,0.146,0.625,0.642,-0.061,-0.133,-0.625
66,2,120.25,34.09,13.71,16.535,4.687,6.853,TP,2,0.139,0.363,0.389,0.12,0.07,0.363
66,3,235.2,49.77,35.73,32.34,6.844,17.865,TP,3,0.062,1.006,1.008,-0.054,-0.029,-1.006
66,4,86.47,51.5,33.22,11.89,7.082,16.609,TP,4,0.186,0.585,0.614,0.18,0.049,-0.585
66,5,6.0,63.0,26.0,0.825,8.663,13.0,TP,5,0.434,2.152,2.195,-0.354,-0.252,-2.152
66,6,296.95,72.5,65.73,40.831,9.968,32.865,TP,6,0.073,0.65,0.654,0.073,0.003,0.65
66,7,95.08,78.83,51.04,13.073,10.839,25.518,FP,,,,,,,
66,8,347.19,83.28,15.75,47.738,11.451,7.876,TP,9,0.054,1.747,1.748,0.054,0.001,-1.747
66,9,90.24,94.05,12.84,12.409,12.932,6.421,TP,10,0.391,0.76,0.855,0.318,-0.227,0.76
66,10,27.33,103.21,40.96,3.758,14.191,20.479,FP,,,,,,,
66,11,296.38,111.3,18.54,40.753,15.304,9.269,TP,12,0.421,0.361,0.554,-0.418,-0.045,-0.361
66,12,61.33,138.96,23.66,8.433,19.107,11.828,TP,14,0.105,2.428,2.431,0.103,0.021,-2.428
66,13,443.22,157.02,10.55,60.942,21.591,5.276,TP,15,0.65,2.255,2.347,-0.563,0.324,2.255
66,14,240.17,166.53,7.7,33.023,22.898,3.852,TP,16,0.082,1.125,1.128,-0.062,0.053,-1.125
66,15,479.2,166.51,50.22,65.89,22.895,25.11,TP,17,0.084,1.534,1.536,-0.042,-0.072,-1.534
66,16,32.61,180.09,59.96,4.484,24.763,29.978,TP,19,0.17,1.272,1.283,-0.084,-0.147,-1.272
66,17,115.32,179.23,58.29,15.857,24.644,29.143,TP,18,0.1,0.284,0.301,-0.089,0.047,-0.284
66,18,480.32,184.7,80.62,66.044,25.396,40.308,TP,20,0.072,4.201,4.201,0.072,-0.002,-4.201
66,19,482.68,217.07,76.24,66.369,29.847,38.121,TP,21,0.416,0.317,0.523,0.305,0.283,0.317
66,20,120.3,219.59,64.26,16.541,30.194,32.13,TP,22,0.851,2.085,2.252,-0.774,-0.354,2.085
66,21,121.57,219.79,58.86,16.716,30.221,29.432,FP,,,,,,,
66,22,163.75,232.59,4.81,22.516,31.982,2.405,TP,23,0.29,1.469,1.497,0.289,0.025,1.469
66,23,500.44,247.7,42.66,68.811,34.058,21.331,TP,24,0.103,1.395,1.399,-0.099,-0.03,1.395
66,24,250.28,258.45,25.51,34.414,35.537,12.755,TP,25,0.429,0.255,0.499,0.402,-0.148,0.255
66,25,147.16,275.3,76.25,20.235,37.854,38.124,TP,27,0.12,2.661,2.664,-0.059,-0.104,-2.661
66,26,490.09,288.19,11.99,67.388,39.627,5.996,TP,28,0.387,3.175,3.199,-0.062,0.382,3.175
66,27,379.71,295.42,95.18,52.211,40.62,47.588,FP,,,,,,,
66,28,391.41,295.96,72.44,53.819,40.695,36.22,TP,31,0.34,0.688,0.768,0.337,0.044,-0.688
66,29,296.53,298.67,90.91,40.773,41.067,45.456,TP,29,0.338,1.258,1.303,0.166,0.294,1.258
66,30,218.72,298.19,79.04,30.074,41.001,39.518,FP,,,,,,,
66,31,218.17,298.92,12.97,29.998,41.101,6.484,TP,30,0.363,0.888,0.959,0.033,0.361,0.888
66,32,50.26,311.1,10.41,6.911,42.776,5.206,TP,33,0.133,1.034,1.043,-0.132,-0.01,1.034
66,33,170.24,314.29,15.11,23.408,43.215,7.557,FP,,,,,,,
66,34,90.44,324.91,80.89,12.436,44.675,40.443,TP,35,0.2,1.324,1.339,-0.105,0.17,-1.324
66,35,3.06,325.68,32.55,0.421,44.781,16.274,TP,36,0.234,0.173,0.291,-0.201,0.12,0.173
66,36,180.55,331.35,82.5,24.826,45.561,41.252,TP,37,0.207,0.515,0.556,0.076,-0.193,-0.515
66,37,373.89,332.9,25.05,51.409,45.774,12.526,TP,38,0.427,0.879,0.977,-0.426,-0.017,0.879
66,38,232.53,387.33,11.29,31.973,53.258,5.643,FP,,,,,,,
66,39,231.0,385.0,47.0,31.763,52.938,23.5,TP,39,0.399,2.761,2.79,0.067,-0.394,-2.761
66,40,225.38,402.05,40.19,30.99,55.282,20.094,TP,40,0.048,1.748,1.749,-0.038,0.029,-1.748
66,41,96.22,411.02,7.64,13.23,56.515,3.819,TP,42,0.27,2.319,2.335,-0.233,0.137,2.319
66,42,134.52,424.38,40.58,18.496,58.352,20.29,TP,43,0.67,0.235,0.71,-0.664,-0.085,0.235
66,43,503.4,431.21,89.28,69.218,59.291,44.64,TP,44,0.194,0.115,0.225,-0.119,-0.153,-0.115
66,44,22.62,445.5,15.31,3.111,61.256,7.654,TP,45,0.255,3.665,3.674,-0.138,0.214,-3.665
66,45,301.84,460.81,31.46,41.504,63.361,15.728,TP,46,0.095,0.527,0.536,-0.094,-0.008,-0.527
66,46,30.84,470.37,55.66,4.24,64.676,27.832,TP,47,0.216,0.785,0.814,0.137,0.167,-0.785
66,47,469.5,496.53,83.89,64.556,68.273,41.947,TP,48,0.089,1.677,1.679,0.088,-0.014,-1.677
66,48,179.79,496.68,24.03,24.722,68.294,12.015,TP,49,0.42,1.385,1.447,-0.198,-0.371,1.385
66,,,,,13.17,11.163,20.649,FN,7,,,,,,
66,,,,,2.574,12.524,32.281,FN,8,,,,,,
66,,,,,3.438,14.231,14.5,FN,11,,,,,,
66,,,,,66.909,18.676,16.255,FN,13,,,,,,
66,,,,,33.67,37.416,31.468,FN,26,,,,,,
66,,,,,45.665,41.635,49.23,FN,32,,,,,,
66,,,,,23.117,43.048,48.259,FN,34,,,,,,
66,,,,,64.002,55.374,0.5,FN,41,,,,,,
69,0,78.37,21.25,65.89,10.775,2.922,32.943,TP,1,0.294,0.776,0.83,0.209,-0.206,0.776
69,1,473.43,9.57,9.41,65.096,1.316,4.705,FP,,,,,,,
69,2,335.4,30.97,22.51,46.117,4.258,11.255,TP,4,0.153,2.003,2.009,-0.119,0.097,2.003
69,3,386.86,39.72,21.95,53.193,5.461,10.977,TP,6,0.371,2.308,2.338,-0.019,-0.37,-2.308
69,4,424.31,37.37,46.73,58.342,5.138,23.366,TP,5,0.062,0.683,0.686,0.001,-0.062,-0.683
69,5,9.51,57.63,80.58,1.308,7.924,40.292,TP,7,0.4,0.558,0.687,0.338,-0.214,0.558
69,6,391.46,71.28,54.61,53.826,9.801,27.304,TP,8,0.423,1.932,1.978,0.419,0.057,-1.932
69,7,438.9,106.23,86.73,60.349,14.606,43.363,TP,9,0.779,3.425,3.512,0.507,0.591,-3.425
69,8,485.98,117.55,8.56,66.822,16.164,4.279,TP,10,0.209,2.824,2.832,-0.142,-0.154,2.824
69,9,487.7,118.8,89.53,67.059,16.335,44.763,FP,,,,,,,
69,10,251.17,123.17,34.46,34.535,16.935,17.228,TP,11,0.595,0.487,0.769,-0.559,0.204,-0.487
69,11,503.4,170.04,31.72,69.218,23.38,15.861,TP,13,0.177,0.894,0.912,-0.177,-0.007,0.894
69,12,389.0,169.0,3.0,53.488,23.238,1.5,TP,12,0.967,0.597,1.137,-0.838,-0.484,-0.597
69,13,396.74,173.65,4.21,54.552,23.877,2.107,FP,,,,,,,
69,14,444.8,200.07,59.93,61.16,27.51,29.963,TP,14,0.239,0.102,0.26,-0.086,-0.223,-0.102
69,15,350.53,223.0,97.67,48.198,30.663,48.833,FP,,,,,,,
69,16,270.12,228.92,46.95,37.142,31.477,23.474,TP,16,0.051,0.286,0.291,-0.035,0.037,-0.286
69,17,358.35,238.73,69.99,49.273,32.825,34.996,TP,19,0.224,2.772,2.781,-0.195,-0.112,2.772
69,18,359.81,239.58,61.92,49.473,32.943,30.958,FP,,,,,,,
69,19,193.02,249.49,58.51,26.541,34.305,29.256,TP,20,0.2,0.857,0.88,0.18,0.088,0.857
69,20,119.17,262.8,90.78,16.386,36.135,45.391,TP,23,0.286,0.432,0.518,0.236,0.162,0.432
69,21,453.23,275.44,88.73,62.319,37.873,44.365,TP,24,0.671,1.388,1.542,0.621,0.253,-1.388
69,22,431.02,279.02,24.6,59.265,38.365,12.298,TP,25,0.006,1.346,1.346,0.005,-0.003,-1.346
69,23,223.89,302.36,47.06,30.784,41.574,23.53,TP,26,0.064,0.638,0.641,-0.063,-0.01,0.638
69,24,261.74,319.26,47.64,35.989,43.899,23.82,TP,27,0.099,0.09,0.134,0.088,-0.044,-0.09
69,25,347.77,331.17,9.59,47.819,45.536,4.797,TP,28,0.169,4.039,4.042,-0.165,-0.036,-4.039
69,26,409.84,333.02,51.02,56.353,45.791,25.511,TP,29,0.096,0.196,0.218,-0.082,0.049,0.196
69,27,387.75,337.96,19.61,53.316,46.47,9.803,TP,30,0.18,1.384,1.396,0.177,0.032,1.384
69,28,263.79,351.4,27.26,36.271,48.317,13.631,TP,31,0.083,0.602,0.607,-0.058,-0.059,-0.602
69,29,286.04,368.66,8.93,39.33,50.691,4.467,TP,32,0.133,2.967,2.97,0.133,-0.009,2.967
69,30,63.46,392.32,27.35,8.726,53.944,13.677,TP,34,0.134,1.089,1.097,0.041,-0.128,-1.089
69,31,327.08,430.56,70.03,44.973,59.202,35.014,TP,36,0.088,2.738,2.739,-0.071,-0.052,2.738
69,32,57.05,439.6,95.25,7.844,60.444,47.625,TP,37,0.379,0.121,0.398,-0.133,0.355,-0.121
69,33,368.47,444.29,81.76,50.665,61.09,40.882,FP,,,,,,,
69,34,368.58,445.85,18.3,50.68,61.305,9.152,TP,39,0.246,0.845,0.88,0.037,0.243,-0.845
69,35,259.51,449.06,77.28,35.683,61.746,38.641,FP,,,,,,,
69,36,264.28,446.88,46.88,36.338,61.446,23.439,TP,40,0.038,0.762,0.763,0.032,0.021,-0.762
69,37,251.55,449.6,69.96,34.588,61.82,34.978,FP,,,,,,,
69,38,253.0,451.0,50.5,34.788,62.013,25.25,TP,42,0.191,1.987,1.996,-0.072,-0.177,1.987
69,39,46.41,455.42,27.36,6.381,62.621,13.682,TP,41,0.064,0.566,0.57,0.064,0.01,-0.566
69,40,379.0,460.64,49.5,52.112,63.338,24.75,TP,43,0.444,3.997,4.021,-0.307,-0.32,3.997
69,41,362.45,475.61,50.03,49.838,65.396,25.015,TP,44,0.112,0.714,0.722,0.03,0.108,0.714
69,42,26.22,485.23,35.62,3.605,66.718,17.811,TP,45,0.134,1.723,1.728,0.074,0.112,-1.723
69,43,27.9,484.5,42.9,3.836,66.619,21.45,FP,,,,,,,
69,44,316.85,491.49,39.21,43.567,67.579,19.607,TP,48,0.137,0.059,0.149,-0.103,-0.091,0.059
69,45,377.47,487.07,9.93,51.902,66.972,4.967,FP,,,,,,,
69,46,234.37,497.67,11.75,32.226,68.43,5.875,TP,49,0.652,2.879,2.952,-0.549,0.353,2.879
69,,,,,65.212,1.034,9.683,FN,0,,,,,,
69,,,,,0.579,2.448,23.514,FN,2,,,,,,
69,,,,,5.703,3.061,13.179,FN,3,,,,,,
69,,,,,41.577,30.362,48.783,FN,15,,,,,,
69,,,,,47.391,31.942,34.589,FN,17,,,,,,
69,,,,,61.671,31.678,45.257,FN,18,,,,,,
69,,,,,34.837,35.325,13.812,FN,21,,,,,,
69,,,,,48.961,35.675,41.0,FN,22,,,,,,
69,,,,,69.923,54.271,20.283,FN,33,,,,,,
69,,,,,66.22,55.427,28.0,FN,35,,,,,,
69,,,,,58.866,62.031,43.0,FN,38,,,,,,
69,,,,,52.046,67.161,47.965,FN,46,,,,,,
69,,,,,55.502,66.804,48.009,FN,47,,,,,,
75,0,267.62,25.27,20.05,36.798,3.475,10.025,TP,1,0.279,1.451,1.478,0.268,0.079,-1.451
75,1,452.32,23.75,34.79,62.194,3.266,17.393,TP,3,0.963,1.869,2.103,0.959,-0.089,-1.869
75,2,76.52,25.77,47.38,10.522,3.543,23.689,TP,2,0.518,0.767,0.925,0.118,-0.504,-0.767
75,3,76.23,25.98,53.48,10.482,3.573,26.738,FP,,,,,,,
75,4,110.66,37.43,44.64,15.216,5.147,22.319,TP,4,0.142,0.068,0.158,-0.086,0.113,0.068
75,5,248.35,44.29,92.69,34.148,6.089,46.344,TP,5,0.835,1.344,1.582,-0.82,-0.158,1.344
75,6,254.0,48.0,92.0,34.925,6.6,46.0,FP,,,,,,,
75,7,258.75,49.33,92.5,35.578,6.783,46.25,FP,,,,,,,
75,8,147.97,55.55,18.22,20.345,7.638,9.111,TP,6,0.405,0.202,0.453,0.251,0.318,-0.202
75,9,417.81,56.49,81.41,57.448,7.768,40.706,TP,7,0.28,3.473,3.484,0.182,-0.213,3.473
75,10,37.08,57.98,22.52,5.099,7.972,11.259,TP,8,0.263,1.307,1.333,-0.247,-0.091,-1.307
75,11,93.5,69.73,84.02,12.856,9.588,42.011,TP,9,0.212,1.87,1.882,0.126,-0.171,-1.87
75,12,92.28,70.62,2.46,12.689,9.711,1.231,FP,,,,,,,
75,13,93.77,98.43,25.56,12.893,13.535,12.781,TP,12,0.217,1.215,1.234,0.121,0.18,-1.215
75,14,93.5,98.06,39.69,12.856,13.484,19.844,FP,,,,,,,
75,15,275.81,110.76,69.08,37.924,15.229,34.539,TP,13,0.436,2.547,2.584,0.37,0.23,2.547
75,16,46.29,110.41,52.86,6.365,15.181,26.429,TP,15,0.285,1.147,1.182,0.19,-0.213,-1.147
75,17,34.88,115.27,42.04,4.796,15.849,21.022,FP,,,,,,,
75,18,95.28,117.47,20.65,13.102,16.152,10.326,TP,16,0.524,0.735,0.903,0.425,-0.307,0.735
75,19,7.25,155.44,71.91,0.997,21.373,35.953,TP,18,0.605,1.705,1.809,0.435,0.421,1.705
75,20,71.14,169.46,58.78,9.782,23.3,29.392,TP,20,0.056,0.403,0.406,-0.047,0.032,-0.403
75,21,142.79,176.15,82.8,19.633,24.22,41.401,TP,21,0.264,0.628,0.681,0.247,0.095,-0.628
75,22,337.07,176.0,90.92,46.348,24.2,45.46,TP,22,0.276,1.441,1.468,-0.244,-0.129,1.441
75,23,197.6,181.13,15.97,27.17,24.906,7.987,TP,23,0.382,0.079,0.39,-0.291,-0.248,-0.079
75,24,459.71,192.23,93.25,63.211,26.431,46.624,TP,24,0.62,0.876,1.073,-0.383,-0.488,-0.876
75,25,9.05,199.64,76.73,1.245,27.451,38.364,FP,,,,,,,
75,26,219.75,205.09,43.47,30.216,28.199,21.736,TP,26,0.042,0.709,0.71,-0.038,-0.017,0.709
75,27,220.43,204.86,34.71,30.309,28.168,17.357,FP,,,,,,,
75,28,210.87,232.24,18.91,28.995,31.933,9.456,TP,27,0.59,0.593,0.837,0.233,0.542,0.593
75,29,13.43,227.18,13.87,1.846,31.237,6.937,TP,28,0.306,2.69,2.708,0.303,0.046,2.69
75,30,65.68,272.8,3.72,9.031,37.51,1.861,TP,30,0.322,0.965,1.018,-0.295,-0.129,0.965
75,31,221.21,309.1,8.18,30.416,42.502,4.089,TP,31,0.187,1.499,1.51,0.146,0.117,-1.499
75,32,450.33,325.4,10.83,61.92,44.743,5.416,TP,32,0.093,0.349,0.361,-0.082,0.042,-0.349
75,33,70.21,332.01,7.33,9.654,45.651,3.663,TP,33,1.077,0.291,1.115,-1.075,-0.067,0.291
75,34,191.86,334.6,14.31,26.38,46.008,7.156,TP,35,0.451,2.695,2.733,0.318,0.321,-2.695
75,35,121.03,355.28,74.35,16.642,48.851,37.175,TP,37,0.171,4.133,4.136,-0.122,0.121,4.133
75,36,239.48,362.59,30.91,32.929,49.856,15.456,TP,38,0.43,0.544,0.693,-0.34,-0.264,-0.544
75,37,149.49,371.89,28.49,20.555,51.134,14.246,TP,39,0.221,0.058,0.228,0.221,0.003,-0.058
75,38,183.81,388.0,68.63,25.274,53.35,34.315,TP,41,0.161,1.822,1.829,0.16,0.019,-1.822
75,39,495.6,415.55,30.69,68.144,57.138,15.344,TP,42,0.095,0.567,0.575,-0.089,-0.031,0.567
75,40,351.05,454.52,57.71,48.269,62.497,28.857,TP,43,0.067,0.188,0.2,0.045,0.05,-0.188
75,41,463.8,463.09,95.36,63.772,63.675,47.679,TP,44,0.483,1.187,1.281,-0.475,0.087,1.187
75,42,412.1,470.19,75.42,56.664,64.651,37.708,TP,46,0.252,1.708,1.727,0.199,0.153,1.708
75,43,184.37,472.93,6.19,25.351,65.028,3.093,TP,45,0.164,0.564,0.587,-0.05,0.157,0.564
75,44,323.39,504.34,55.96,44.467,69.347,27.979,TP,48,0.106,1.025,1.031,-0.1,-0.035,-1.025
75,,,,,14.667,1.236,44.0,FN,0,,,,,,
75,,,,,9.152,10.844,37.152,FN,10,,,,,,
75,,,,,64.957,12.495,48.748,FN,11,,,,,,
75,,,,,23.155,15.268,0.5,FN,14,,,,,,
75,,,,,5.851,15.871,16.055,FN,17,,,,,,
75,,,,,21.369,20.567,34.5,FN,19,,,,,,
75,,,,,0.363,28.381,30.139,FN,25,,,,,,
75,,,,,18.883,37.429,46.307,FN,29,,,,,,
75,,,,,8.663,45.43,6.561,FN,34,,,,,,
75,,,,,61.247,46.978,48.581,FN,36,,,,,,
75,,,,,30.697,51.564,30.868,FN,40,,,,,,
75,,,,,51.064,68.072,49.457,FN,47,,,,,,
75,,,,,50.945,69.685,4.5,FN,49,,,,,,
89,0,280.83,7.17,60.83,38.615,0.985,30.417,TP,0,0.256,2.083,2.099,0.043,-0.252,-2.083
89,1,280.73,12.08,70.29,38.6,1.661,35.146,FP,,,,,,,
89,2,440.77,18.94,70.53,60.606,2.605,35.263,TP,1,0.26,0.944,0.979,0.259,0.019,0.944
89,3,492.92,26.11,10.51,67.776,3.59,5.254,TP,2,0.34,0.94,1.0,-0.113,-0.321,-0.94
89,4,100.51,57.54,23.99,13.82,7.911,11.993,TP,3,0.168,0.829,0.846,0.103,0.132,-0.829
89,5,203.61,55.11,10.75,27.996,7.578,5.376,TP,5,0.186,2.358,2.365,-0.138,0.125,-2.358
89,6,402.11,68.38,38.07,55.289,9.402,19.037,TP,6,0.373,0.976,1.045,0.173,0.331,0.976
89,7,136.06,76.59,79.62,18.708,10.532,39.81,TP,7,0.081,0.297,0.308,-0.077,-0.025,0.297
89,8,373.95,91.7,35.25,51.418,12.609,17.626,TP,8,1.058,0.021,1.058,-1.052,-0.108,-0.021
89,9,370.17,92.79,65.34,50.899,12.759,32.672,FP,,,,,,,
89,10,412.05,107.1,68.78,56.657,14.726,34.392,TP,10,0.1,0.123,0.159,0.026,-0.097,-0.123
89,11,51.17,110.39,55.55,7.037,15.178,27.775,TP,9,0.26,2.258,2.273,-0.015,-0.259,-2.258
89,12,31.16,125.33,54.23,4.284,17.233,27.116,TP,12,0.21,0.408,0.459,-0.195,0.078,0.408
89,13,32.01,130.23,70.15,4.402,17.906,35.075,FP,,,,,,,
89,14,476.5,137.41,50.6,65.519,18.894,25.299,TP,13,0.624,0.796,1.011,-0.62,-0.065,-0.796
89,15,380.45,170.3,25.45,52.311,23.416,12.723,TP,14,0.253,1.044,1.074,-0.248,0.053,-1.044
89,16,385.0,178.71,35.0,52.938,24.573,17.5,FP,,,,,,,
89,17,411.22,203.93,63.93,56.542,28.041,31.966,TP,16,0.356,0.365,0.51,-0.218,-0.281,-0.365
89,18,314.28,215.45,35.72,43.214,29.624,17.859,TP,17,0.126,0.543,0.557,0.076,0.101,0.543
89,19,238.39,216.41,68.47,32.779,29.756,34.233,TP,18,0.667,0.2,0.697,0.578,0.334,-0.2
89,20,213.05,232.7,11.89,29.294,31.996,5.946,TP,20,0.31,0.791,0.85,-0.291,0.104,0.791
89,21,217.67,231.01,93.47,29.93,31.764,46.734,FP,,,,,,,
89,22,200.68,262.44,68.48,27.594,36.086,34.24,TP,23,0.237,1.302,1.323,0.185,0.148,-1.302
89,23,113.81,277.48,29.17,15.649,38.153,14.586,TP,24,0.223,0.299,0.374,0.219,-0.046,0.299
89,24,116.0,278.0,38.0,15.95,38.225,19.0,FP,,,,,,,
89,25,73.35,282.71,26.8,10.085,38.872,13.398,TP,25,0.147,0.797,0.81,-0.134,-0.06,-0.797
89,26,369.24,292.0,23.81,50.771,40.15,11.903,TP,28,0.023,0.857,0.857,0.017,0.016,0.857
89,27,482.62,287.52,33.35,66.36,39.534,16.674,TP,29,0.243,2.039,2.053,0.237,0.053,-2.039
89,28,402.42,290.35,7.47,55.333,39.923,3.737,TP,27,0.167,0.125,0.208,0.003,0.167,-0.125
89,29,66.24,319.98,57.14,9.107,43.997,28.572,TP,31,0.039,0.594,0.595,0.014,0.036,0.594
89,30,223.68,321.85,68.54,30.756,44.255,34.269,TP,33,0.018,1.81,1.81,-0.001,0.018,1.81
89,31,64.95,321.16,64.21,8.93,44.159,32.105,FP,,,,,,,
89,32,223.55,321.27,62.27,30.738,44.175,31.136,FP,,,,,,,
89,33,327.02,375.05,53.61,44.965,51.569,26.805,TP,34,0.303,0.542,0.621,-0.157,-0.259,0.542
89,34,329.6,388.46,64.49,45.32,53.413,32.243,FP,,,,,,,
89,35,5.27,393.44,11.4,0.725,54.097,5.701,FP,,,,,,,
89,36,331.35,409.63,59.14,45.561,56.323,29.57,TP,37,0.128,0.421,0.44,0.02,-0.126,-0.421
89,37,487.86,407.48,29.35,67.081,56.029,14.676,TP,39,0.071,0.954,0.957,-0.032,-0.063,0.954
89,38,315.7,408.59,14.35,43.408,56.182,7.174,TP,36,0.415,3.485,3.509,0.05,0.412,-3.485
89,39,331.0,413.0,64.0,45.513,56.788,32.0,FP,,,,,,,
89,40,442.67,426.55,57.16,60.867,58.651,28.581,TP,40,0.04,1.612,1.613,-0.035,-0.019,-1.612
89,41,505.94,442.56,56.11,69.567,60.851,28.056,TP,42,0.552,2.558,2.617,-0.525,-0.168,-2.558
89,42,172.62,489.4,48.4,23.735,67.293,24.202,TP,44,0.202,0.586,0.619,0.184,-0.084,-0.586
89,43,425.36,491.01,50.76,58.487,67.514,25.381,TP,45,0.092,0.705,0.711,0.081,0.043,0.705
89,44,406.58,496.11,80.45,55.904,68.215,40.225,FP,,,,,,,
89,45,277.48,497.74,9.75,38.154,68.439,4.873,TP,46,0.121,4.148,4.149,0.022,-0.119,4.148
89,46,160.43,501.28,11.05,22.06,68.926,5.523,TP,49,0.826,1.342,1.576,-0.825,0.03,1.342
89,47,401.88,501.81,46.5,55.258,68.999,23.25,TP,47,0.203,4.299,4.304,-0.003,0.203,-4.299
89,,,,,53.87,7.245,47.186,FN,4,,,,,,
89,,,,,56.883,17.336,49.027,FN,11,,,,,,
89,,,,,53.535,24.689,47.979,FN,15,,,,,,
89,,,,,69.886,31.674,26.603,FN,19,,,,,,
89,,,,,28.352,32.747,1.241,FN,21,,,,,,
89,,,,,53.621,35.599,47.5,FN,22,,,,,,
89,,,,,14.419,38.858,48.781,FN,26,,,,,,
89,,,,,47.089,41.98,48.321,FN,30,,,,,,
89,,,,,36.307,44.571,34.835,FN,32,,,,,,
89,,,,,1.053,54.212,13.974,FN,35,,,,,,
89,,,,,27.625,55.429,44.536,FN,38,,,,,,
89,,,,,13.052,59.649,48.616,FN,41,,,,,,
89,,,,,12.674,65.16,47.075,FN,43,,,,,,
89,,,,,19.989,68.858,29.994,FN,48,,,,,,
9,0,62.62,5.94,81.49,8.61,0.817,40.744,TP,0,0.226,0.32,0.392,0.217,0.065,0.32
9,1,502.4,15.12,24.23,69.08,2.079,12.113,TP,3,0.372,0.077,0.38,-0.105,-0.357,-0.077
9,2,360.57,25.47,91.99,49.578,3.502,45.994,FP,,,,,,,
9,3,267.68,55.23,69.18,36.806,7.595,34.59,TP,5,0.178,0.342,0.386,0.103,0.146,0.342
9,4,264.83,57.33,61.58,36.415,7.883,30.792,FP,,,,,,,
9,5,230.0,63.0,76.5,31.625,8.663,38.25,TP,6,0.941,2.062,2.267,0.753,-0.564,2.062
9,6,223.78,67.52,76.0,30.77,9.284,37.998,FP,,,,,,,
9,7,77.13,91.98,74.82,10.606,12.647,37.409,TP,7,0.221,0.875,0.903,0.185,0.122,-0.875
9,8,473.21,94.49,9.98,65.067,12.993,4.988,TP,8,0.352,0.452,0.573,-0.349,0.044,-0.452
9,9,367.62,96.62,14.47,50.547,13.286,7.234,TP,9,0.478,0.217,0.525,0.103,-0.467,-0.217
9,10,428.56,107.4,82.49,58.927,14.768,41.243,TP,10,0.297,0.985,1.029,0.294,-0.042,0.985
9,11,245.28,108.31,2.0,33.726,14.892,1.0,FP,,,,,,,
9,12,497.31,131.93,69.77,68.38,18.14,34.883,FP,,,,,,,
9,13,301.19,139.19,26.7,41.413,19.138,13.348,TP,14,0.036,2.574,2.574,-0.03,-0.021,-2.574
9,14,125.99,152.32,58.02,17.323,20.944,29.009,TP,15,0.468,1.454,1.528,-0.466,-0.047,-1.454
9,15,128.67,170.44,97.78,17.692,23.436,48.889,FP,,,,,,,
9,16,130.96,173.73,17.2,18.006,23.887,8.6,TP,17,0.222,2.362,2.372,0.158,0.155,2.362
9,17,259.36,176.48,11.54,35.662,24.267,5.768,TP,16,0.509,0.937,1.067,-0.489,-0.143,-0.937
9,18,447.92,182.53,21.85,61.589,25.097,10.924,TP,18,0.07,0.98,0.983,0.014,0.068,0.98
9,19,148.21,176.77,25.45,20.379,24.306,12.726,TP,19,0.173,0.17,0.242,0.147,0.092,0.17
9,20,305.35,181.66,64.53,41.986,24.978,32.265,TP,20,0.173,0.075,0.189,0.15,0.086,-0.075
9,21,454.74,194.22,79.21,62.526,26.706,39.606,TP,21,0.291,2.106,2.126,0.291,-0.013,2.106
9,22,296.32,217.81,24.58,40.744,29.949,12.29,TP,22,0.24,3.966,3.973,0.234,-0.054,3.966
9,23,30.0,264.0,18.5,4.125,36.3,9.25,FP,,,,,,,
9,24,220.89,283.41,37.71,30.372,38.969,18.856,TP,26,0.076,0.419,0.426,0.075,0.009,0.419
9,25,180.26,280.54,80.92,24.785,38.574,40.462,FP,,,,,,,
9,26,374.78,283.06,78.57,51.533,38.921,39.286,TP,29,0.07,0.902,0.905,0.046,-0.054,0.902
9,27,184.0,284.5,80.0,25.3,39.119,40.0,FP,,,,,,,
9,28,188.01,289.0,79.41,25.852,39.737,39.706,FP,,,,,,,
9,29,225.93,310.17,28.22,31.065,42.648,14.112,TP,31,0.266,1.888,1.907,-0.132,-0.231,-1.888
9,30,122.69,313.08,23.27,16.871,43.049,11.633,TP,32,0.103,1.471,1.474,-0.097,-0.035,1.471
9,31,134.44,314.79,54.11,18.486,43.283,27.057,FP,,,,,,,
9,32,128.49,313.92,54.22,17.667,43.164,27.108,FP,,,,,,,
9,33,163.44,324.87,21.36,22.473,44.67,10.68,TP,33,0.033,0.574,0.575,0.023,0.024,-0.574
9,34,192.0,337.9,3.21,26.4,46.461,1.606,TP,34,0.214,1.644,1.658,-0.207,0.055,-1.644
9,35,80.19,354.62,33.1,11.026,48.761,16.552,TP,35,0.046,3.132,3.132,0.045,-0.009,-3.132
9,36,79.68,352.09,41.82,10.956,48.413,20.909,FP,,,,,,,
9,37,234.43,353.53,50.15,32.234,48.61,25.073,TP,36,0.146,1.199,1.208,-0.125,-0.076,-1.199
9,38,368.95,354.93,53.52,50.73,48.803,26.762,TP,37,0.034,0.335,0.337,0.001,-0.034,-0.335
9,39,453.74,387.9,24.66,62.389,53.337,12.328,TP,38,0.216,0.209,0.3,-0.139,-0.165,0.209
9,40,317.2,390.11,32.27,43.615,53.64,16.135,TP,39,0.048,3.365,3.365,-0.029,-0.039,-3.365
9,41,317.75,390.0,40.5,43.691,53.625,20.25,FP,,,,,,,
9,42,29.83,396.39,34.31,4.102,54.503,17.155,TP,40,0.115,0.139,0.181,0.11,0.034,0.139
9,43,290.2,404.81,34.47,39.903,55.662,17.235,TP,42,0.083,0.832,0.836,0.083,0.005,-0.832
9,44,373.76,394.43,5.9,51.392,54.234,2.952,FP,,,,,,,
9,45,473.17,405.37,60.5,65.06,55.738,30.249,TP,43,0.184,1.751,1.761,0.08,0.166,-1.751
9,46,79.2,414.74,8.12,10.89,57.026,4.059,TP,44,0.414,0.801,0.902,0.125,0.395,0.801
9,47,258.65,455.49,16.39,35.564,62.629,8.197,FP,,,,,,,
9,48,277.82,464.7,35.59,38.201,63.897,17.795,TP,46,0.11,0.09,0.142,0.094,-0.057,0.09
9,49,197.8,473.2,28.77,27.197,65.065,14.383,TP,47,0.117,0.73,0.739,0.098,0.063,-0.73
9,50,505.55,478.5,77.5,69.512,65.794,38.75,FP,,,,,,,
9,51,338.61,506.72,74.49,46.559,69.674,37.247,TP,49,0.47,3.251,3.285,-0.318,0.346,3.251
9,,,,,46.475,0.38,46.333,FN,1,,,,,,
9,,,,,49.364,2.165,39.506,FN,2,,,,,,
9,,,,,50.656,4.344,41.469,FN,4,,,,,,
9,,,,,33.562,14.949,43.532,FN,11,,,,,,
9,,,,,10.952,17.743,32.847,FN,12,,,,,,
9,,,,,68.743,17.938,26.012,FN,13,,,,,,
9,,,,,38.162,35.12,9.51,FN,23,,,,,,
9,,,,,3.001,35.126,11.023,FN,24,,,,,,
9,,,,,4.386,36.733,0.638,FN,25,,,,,,
9,,,,,2.701,38.156,36.485,FN,27,,,,,,
9,,,,,15.96,38.221,14.803,FN,28,,,,,,
9,,,,,58.43,40.22,47.5,FN,30,,,,,,
9,,,,,51.142,54.238,47.758,FN,41,,,,,,
9,,,,,35.736,62.627,48.114,FN,45,,,,,,
9,,,,,69.951,65.819,33.066,FN,48,,,,,,
91,0,379.21,5.97,23.52,52.141,0.821,11.761,TP,0,0.211,4.238,4.243,0.209,-0.027,4.238
91,1,385.46,9.49,41.34,53.001,1.305,20.669,FP,,,,,,,
91,2,289.22,17.16,95.89,39.767,2.359,47.943,TP,2,0.326,1.541,1.575,0.167,-0.28,1.541
91,3,316.63,27.91,59.07,43.537,3.838,29.536,TP,3,0.117,1.729,1.733,-0.115,-0.022,-1.729
91,4,445.12,32.38,8.07,61.205,4.452,4.036,TP,4,0.099,2.862,2.864,-0.099,0.001,2.862
91,5,248.76,50.17,27.95,34.205,6.898,13.973,TP,6,0.291,0.75,0.805,0.036,-0.288,-0.75
91,6,108.43,54.09,28.79,14.91,7.437,14.397,TP,8,0.285,0.72,0.774,-0.26,-0.117,-0.72
91,7,105.12,50.7,77.48,14.454,6.971,38.741,FP,,,,,,,
91,8,294.09,53.86,73.93,40.438,7.406,36.966,FP,,,,,,,
91,9,305.61,59.43,40.01,42.021,8.171,20.006,TP,10,0.098,1.354,1.358,-0.052,-0.083,1.354
91,10,50.83,62.63,23.38,6.989,8.612,11.691,TP,9,0.095,1.437,1.44,-0.075,0.057,1.437
91,11,161.8,79.56,25.33,22.247,10.939,12.666,TP,11,0.218,0.464,0.513,0.213,0.045,-0.464
91,12,344.23,92.9,61.11,47.332,12.773,30.554,TP,13,0.202,0.968,0.989,-0.187,0.078,-0.968
91,13,227.95,89.06,8.86,31.344,12.245,4.428,TP,12,0.173,0.302,0.348,-0.148,0.089,-0.302
91,14,477.5,91.54,80.44,65.657,12.587,40.218,TP,14,0.109,0.674,0.683,-0.094,-0.055,-0.674
91,15,496.15,91.75,75.03,68.221,12.616,37.513,TP,15,0.664,1.506,1.646,0.143,0.648,-1.506
91,16,106.23,93.77,15.89,14.606,12.893,7.944,TP,16,0.33,4.556,4.568,-0.079,0.32,-4.556
91,17,398.12,108.76,59.65,54.741,14.955,29.823,TP,17,0.254,0.53,0.588,-0.193,-0.165,-0.53
91,18,444.96,138.47,34.57,61.182,19.04,17.286,TP,18,0.074,1.482,1.484,-0.051,0.054,-1.482
91,19,15.35,155.81,37.27,2.11,21.423,18.635,TP,19,0.121,1.105,1.112,-0.116,0.034,-1.105
91,20,241.81,157.09,75.38,33.248,21.6,37.689,TP,20,0.194,1.853,1.863,-0.192,0.025,1.853
91,21,116.7,192.28,20.09,16.046,26.439,10.044,TP,22,0.147,1.878,1.884,-0.143,-0.034,1.878
91,22,486.34,207.06,22.58,66.871,28.47,11.29,TP,23,0.451,0.035,0.453,0.255,0.372,-0.035
91,23,37.33,231.26,76.82,5.132,31.799,38.41,TP,26,0.292,1.416,1.445,-0.289,0.038,1.416
91,24,83.51,239.51,43.15,11.482,32.932,21.574,TP,27,0.778,0.855,1.156,-0.33,-0.705,0.855
91,25,89.45,246.47,79.18,12.299,33.89,39.592,FP,,,,,,,
91,26,104.04,257.85,70.97,14.305,35.454,35.484,TP,28,0.33,2.677,2.697,0.195,0.267,2.677
91,27,5.72,263.85,4.75,0.786,36.279,2.376,FP,,,,,,,
91,28,14.76,267.1,26.33,2.03,36.726,13.165,TP,30,0.535,3.12,3.166,0.521,0.119,3.12
91,29,430.66,281.38,78.97,59.216,38.689,39.486,TP,32,0.284,1.347,1.377,0.232,0.164,-1.347
91,30,498.49,283.66,80.41,68.543,39.004,40.204,FP,,,,,,,
91,31,91.4,285.05,31.66,12.568,39.194,15.83,TP,33,0.794,1.17,1.414,-0.594,-0.527,-1.17
91,32,101.58,296.59,39.4,13.967,40.782,19.701,FP,,,,,,,
91,33,46.66,301.33,17.39,6.416,41.433,8.694,TP,34,0.276,0.313,0.418,-0.032,0.274,-0.313
91,34,122.72,312.29,89.91,16.875,42.94,44.953,FP,,,,,,,
91,35,136.49,317.73,77.27,18.768,43.687,38.633,FP,,,,,,,
91,36,209.3,350.89,18.34,28.778,48.248,9.169,TP,36,0.187,1.328,1.342,-0.008,0.187,-1.328
91,37,404.76,352.47,5.0,55.654,48.465,2.5,TP,37,0.151,1.764,1.77,-0.037,-0.147,1.764
91,38,456.89,359.04,4.55,62.822,49.368,2.275,TP,38,0.332,1.564,1.598,0.236,0.233,1.564
91,39,89.11,390.81,14.58,12.253,53.737,7.289,TP,39,0.234,0.043,0.238,0.233,0.028,0.043
91,40,49.25,393.34,58.81,6.772,54.085,29.406,TP,40,0.411,0.103,0.424,0.359,0.201,-0.103
91,41,373.0,411.91,50.12,51.288,56.637,25.062,TP,42,0.329,1.438,1.475,-0.291,-0.154,1.438
91,42,368.09,411.78,69.54,50.613,56.62,34.768,FP,,,,,,,
91,43,47.51,424.9,80.84,6.532,58.424,40.421,TP,43,0.216,1.474,1.489,0.216,-0.0,1.474
91,44,3.53,430.12,2.52,0.485,59.141,1.26,TP,44,0.996,2.719,2.896,-0.995,-0.051,-2.719
91,45,13.29,432.58,11.43,1.827,59.48,5.715,FP,,,,,,,
91,46,398.47,438.23,27.52,54.79,60.256,13.762,TP,45,0.057,1.953,1.954,0.005,0.057,-1.953
91,47,396.0,438.33,10.33,54.45,60.271,5.167,FP,,,,,,,
91,48,399.0,439.0,40.0,54.863,60.363,20.0,FP,,,,,,,
91,49,70.37,469.16,13.23,9.675,64.51,6.613,TP,47,0.122,3.14,3.142,-0.116,-0.037,-3.14
91,,,,,53.553,2.026,12.825,FN,1,,,,,,
91,,,,,45.322,6.003,41.215,FN,5,,,,,,
91,,,,,40.667,7.947,42.217,FN,7,,,,,,
91,,,,,22.196,25.206,46.741,FN,21,,,,,,
91,,,,,21.43,29.285,48.02,FN,24,,,,,,
91,,,,,48.454,30.755,46.385,FN,25,,,,,,
91,,,,,3.74,36.169,45.994,FN,29,,,,,,
91,,,,,2.514,36.883,22.179,FN,31,,,,,,
91,,,,,17.401,42.937,38.091,FN,35,,,,,,
91,,,,,53.672,53.753,0.534,FN,41,,,,,,
91,,,,,53.198,63.155,48.541,FN,46,,,,,,
91,,,,,55.728,66.756,46.081,FN,48,,,,,,
97,0,265.85,4.53,24.1,36.554,0.622,12.051,TP,0,0.292,3.171,3.185,-0.11,-0.27,-3.171
97,1,498.74,18.05,28.59,68.577,2.482,14.295,FP,,,,,,,
97,2,320.08,25.57,12.33,44.011,3.515,6.164,TP,4,0.258,1.911,1.928,0.165,0.198,-1.911
97,3,139.68,25.73,10.17,19.206,3.538,5.087,TP,3,0.107,3.951,3.953,-0.094,0.051,-3.951
97,4,318.66,25.0,82.55,43.815,3.438,41.276,FP,,,,,,,
97,5,203.64,34.54,25.1,28.001,4.75,12.549,TP,6,0.144,0.307,0.339,-0.144,0.005,-0.307
97,6,227.46,34.15,12.41,31.276,4.696,6.206,TP,5,0.198,0.767,0.792,-0.193,0.045,-0.767
97,7,327.99,43.24,54.9,45.098,5.945,27.452,TP,7,0.133,0.363,0.386,-0.064,-0.116,-0.363
97,8,390.05,55.21,37.95,53.632,7.592,18.975,TP,8,1.074,1.961,2.235,0.034,-1.074,-1.961
97,9,386.86,74.14,26.43,53.193,10.195,13.214,FP,,,,,,,
97,10,375.16,89.73,10.25,51.585,12.338,5.127,TP,9,0.293,1.873,1.896,-0.293,0.019,1.873
97,11,464.06,96.26,11.64,63.808,13.236,5.818,TP,10,0.304,1.086,1.128,-0.228,0.201,-1.086
97,12,494.29,150.28,8.29,67.965,20.663,4.147,TP,13,0.445,0.563,0.718,0.418,0.152,-0.563
97,13,447.61,156.87,47.05,61.546,21.57,23.524,TP,14,0.081,1.327,1.329,-0.072,-0.036,1.327
97,14,81.77,172.44,56.18,11.243,23.71,28.092,TP,15,0.074,0.413,0.419,-0.056,-0.049,-0.413
97,15,40.97,188.26,2.16,5.633,25.886,1.08,TP,16,0.284,0.58,0.645,-0.271,0.085,0.58
97,16,276.64,199.0,78.29,38.038,27.362,39.143,TP,17,0.291,1.475,1.503,-0.042,-0.288,-1.475
97,17,99.92,218.17,4.13,13.74,29.998,2.065,TP,18,0.383,0.375,0.536,-0.156,-0.349,0.375
97,18,493.67,218.17,21.47,67.879,29.998,10.733,TP,19,0.054,2.365,2.366,-0.002,-0.054,-2.365
97,19,439.58,223.87,92.1,60.443,30.782,46.052,TP,21,0.653,1.671,1.795,0.57,-0.32,1.671
97,20,440.24,222.83,81.91,60.533,30.639,40.957,FP,,,,,,,
97,21,256.27,229.45,41.81,35.237,31.55,20.905,TP,20,0.136,2.332,2.336,-0.135,0.015,2.332
97,22,246.75,227.9,95.68,33.928,31.337,47.838,FP,,,,,,,
97,23,155.6,229.51,36.64,21.395,31.557,18.321,TP,22,0.077,0.566,0.572,0.051,-0.058,0.566
97,24,108.16,273.95,65.09,14.872,37.669,32.546,TP,26,0.429,2.562,2.597,0.297,0.31,2.562
97,25,398.54,272.69,34.69,54.799,37.495,17.346,FP,,,,,,,
97,26,113.83,275.31,34.66,15.651,37.856,17.33,TP,27,0.223,1.367,1.385,0.216,0.054,-1.367
97,27,398.0,274.5,40.0,54.725,37.744,20.0,TP,25,0.343,4.75,4.762,-0.179,0.292,-4.75
97,28,399.0,275.0,39.0,54.863,37.812,19.5,FP,,,,,,,
97,29,401.66,278.82,49.57,55.228,38.338,24.784,FP,,,,,,,
97,30,493.91,280.01,6.55,67.912,38.501,3.274,TP,28,0.049,0.165,0.172,-0.045,0.018,0.165
97,31,132.64,290.91,57.87,18.238,39.999,28.935,TP,30,0.223,0.2,0.3,-0.175,0.139,0.2
97,32,143.21,325.0,94.7,19.692,44.688,47.348,FP,,,,,,,
97,33,55.56,331.51,78.19,7.64,45.583,39.094,TP,34,0.495,3.104,3.144,-0.078,-0.489,-3.104
97,34,335.74,349.17,92.72,46.164,48.011,46.361,FP,,,,,,,
97,35,340.41,356.37,81.49,46.807,49.0,40.745,TP,35,0.206,1.939,1.95,0.138,0.152,-1.939
97,36,433.1,363.28,32.28,59.551,49.951,16.139,TP,36,0.21,4.09,4.095,-0.135,-0.16,-4.09
97,37,434.0,362.33,46.33,59.675,49.821,23.167,FP,,,,,,,
97,38,433.0,363.5,45.0,59.538,49.981,22.5,FP,,,,,,,
97,39,503.7,370.67,42.95,69.258,50.967,21.474,TP,38,0.136,0.175,0.221,0.129,0.044,-0.175
97,40,14.74,369.32,55.79,2.026,50.781,27.895,TP,37,0.178,2.526,2.532,0.173,0.044,2.526
97,41,15.0,371.0,47.0,2.062,51.013,23.5,FP,,,,,,,
97,42,416.71,376.88,9.03,57.297,51.821,4.513,TP,40,0.548,0.099,0.557,0.134,-0.531,0.099
97,43,296.5,387.77,26.19,40.769,53.318,13.096,TP,41,0.14,0.739,0.752,-0.096,-0.102,-0.739
97,44,455.41,442.13,65.54,62.619,60.792,32.77,TP,43,0.146,0.107,0.181,0.115,0.09,0.107
97,45,130.77,443.95,46.09,17.981,61.043,23.044,TP,42,0.039,0.411,0.413,-0.02,-0.033,0.411
97,46,225.79,460.22,4.94,31.047,63.281,2.472,TP,44,0.117,0.559,0.571,-0.099,0.062,-0.559
97,47,167.17,461.55,77.93,22.986,63.464,38.967,TP,45,0.021,0.004,0.021,-0.004,-0.02,-0.004
97,48,64.0,480.5,96.0,8.8,66.069,48.0,FP,,,,,,,
97,49,89.63,485.48,76.44,12.324,66.753,38.22,TP,47,0.393,1.942,1.981,0.019,-0.393,-1.942
97,,,,,69.242,2.628,7.43,FN,1,,,,,,
97,,,,,2.472,3.345,47.666,FN,2,,,,,,
97,,,,,62.299,16.389,20.683,FN,11,,,,,,
97,,,,,60.591,19.007,43.394,FN,12,,,,,,
97,,,,,62.345,33.115,42.043,FN,23,,,,,,
97,,,,,33.848,32.62,44.789,FN,24,,,,,,
97,,,,,4.806,38.799,45.112,FN,29,,,,,,
97,,,,,14.518,42.051,8.225,FN,31,,,,,,
97,,,,,53.889,42.519,46.596,FN,32,,,,,,
97,,,,,14.97,45.046,17.644,FN,33,,,,,,
97,,,,,0.19,51.41,25.575,FN,39,,,,,,
97,,,,,18.964,65.766,1.448,FN,46,,,,,,
97,,,,,8.694,67.206,43.272,FN,48,,,,,,
97,,,,,20.263,68.736,49.484,FN,49,,,,,,
