vol_idx,pred_id,x_px,y_px,z_plane,x_um,y_um,z_um,status,gt_id,err_xy_um,err_z_um,err_um,dx_um,dy_um,dz_um
103,0,166.26,12.5,60.52,22.861,1.718,30.261,TP,2,0.194,0.581,0.612,0.041,0.189,-0.581
103,1,429.08,10.76,71.53,58.999,1.48,35.766,FP,,,,,,,
103,2,95.0,16.56,35.0,13.062,2.276,17.5,TP,3,0.468,0.381,0.604,-0.269,-0.383,-0.381
103,3,99.0,20.0,39.0,13.613,2.75,19.5,FP,,,,,,,
103,4,102.0,22.2,39.1,14.025,3.053,19.55,FP,,,,,,,
103,5,240.5,22.66,6.25,33.069,3.115,3.125,FP,,,,,,,
103,6,371.8,29.89,34.83,51.122,4.11,17.417,TP,4,0.058,0.824,0.826,0.053,0.024,-0.824
103,7,147.7,31.63,77.77,20.308,4.349,38.883,TP,5,0.042,1.233,1.234,-0.037,0.021,1.233
103,8,239.48,54.42,29.61,32.929,7.482,14.805,TP,6,0.124,0.195,0.231,0.113,0.051,-0.195
103,9,150.87,64.63,50.89,20.744,8.887,25.445,TP,7,0.278,0.443,0.523,0.091,0.262,-0.443
103,10,350.21,66.63,5.88,48.154,9.162,2.938,TP,8,0.048,0.979,0.98,0.041,-0.025,0.979
103,11,335.64,73.58,54.21,46.15,10.117,27.106,TP,9,0.191,0.06,0.2,-0.183,0.056,-0.06
103,12,39.58,95.93,30.83,5.442,13.191,15.414,TP,11,0.043,0.054,0.069,-0.025,0.035,0.054
103,13,458.82,93.43,33.79,63.088,12.847,16.897,TP,10,0.214,0.197,0.291,0.193,0.093,-0.197
103,14,36.5,93.0,36.0,5.019,12.788,18.0,FP,,,,,,,
103,15,298.53,121.65,7.23,41.048,16.727,3.615,TP,13,0.303,0.335,0.452,0.179,-0.245,0.335
103,16,297.17,129.24,16.18,40.861,17.77,8.091,FP,,,,,,,
103,17,219.98,160.22,68.8,30.247,22.03,34.401,TP,16,0.112,0.312,0.331,0.007,0.112,0.312
103,18,458.05,173.05,7.27,62.981,23.794,3.636,FP,,,,,,,
103,19,314.08,189.37,30.68,43.187,26.039,15.342,TP,19,0.12,0.389,0.407,0.079,0.09,0.389
103,20,405.77,212.13,3.89,55.793,29.167,1.943,TP,20,0.141,0.194,0.24,-0.141,0.002,0.194
103,21,466.97,219.64,79.7,64.208,30.2,39.848,TP,21,0.076,0.639,0.644,-0.071,-0.029,-0.639
103,22,336.37,271.4,75.36,46.25,37.318,37.681,TP,22,0.165,1.694,1.702,-0.104,-0.128,1.694
103,23,491.51,278.26,81.06,67.582,38.261,40.532,TP,23,0.049,0.779,0.78,0.031,0.038,0.779
103,24,120.88,277.29,34.58,16.62,38.128,17.292,TP,24,0.707,1.701,1.842,-0.632,-0.318,1.701
103,25,239.7,304.31,3.53,32.959,41.843,1.764,TP,25,0.062,0.532,0.535,0.06,0.015,0.532
103,26,73.49,317.38,11.59,10.105,43.64,5.797,TP,26,0.327,1.207,1.25,-0.097,-0.313,-1.207
103,27,434.61,349.94,52.66,59.759,48.117,26.332,TP,27,0.095,0.422,0.433,-0.033,0.089,0.422
103,28,86.44,362.13,32.47,11.885,49.793,16.234,TP,28,0.057,0.487,0.49,0.032,-0.047,0.487
103,29,482.52,369.17,21.34,66.346,50.761,10.67,TP,29,0.481,0.643,0.803,-0.441,-0.192,0.643
103,30,378.17,404.05,39.27,51.999,55.556,19.634,TP,34,0.14,0.357,0.383,-0.077,-0.117,0.357
103,31,80.26,404.89,54.9,11.035,55.673,27.45,TP,33,0.147,0.22,0.264,-0.042,0.141,-0.22
103,32,181.57,413.51,48.31,24.966,56.858,24.157,TP,36,0.109,0.868,0.875,-0.091,-0.06,-0.868
103,33,354.51,441.16,67.34,48.746,60.659,33.672,TP,37,0.431,0.355,0.558,-0.243,-0.356,0.355
103,34,27.02,452.72,74.72,3.715,62.249,37.362,TP,38,0.124,0.684,0.695,-0.107,0.063,0.684
103,35,114.95,455.74,29.94,15.805,62.665,14.97,TP,39,0.073,1.481,1.483,-0.043,0.059,-1.481
103,36,211.89,454.94,25.94,29.135,62.555,12.972,TP,40,0.114,0.443,0.458,0.022,-0.112,-0.443
103,37,30.93,459.05,91.6,4.253,63.119,45.799,FP,,,,,,,
103,38,109.18,464.91,51.83,15.012,63.926,25.913,TP,41,0.308,0.404,0.508,0.181,0.249,-0.404
103,39,81.92,481.0,20.14,11.264,66.138,10.07,TP,42,0.402,1.93,1.971,-0.108,0.387,-1.93
103,40,366.03,484.24,2.11,50.33,66.583,1.056,TP,44,0.281,0.074,0.29,-0.202,0.195,0.074
103,41,243.19,489.42,34.34,33.438,67.295,17.17,TP,46,0.313,1.243,1.282,-0.094,-0.298,1.243
103,42,242.5,489.0,67.0,33.344,67.238,33.5,FP,,,,,,,
103,,,,,58.867,0.954,31.052,FN,0,,,,,,
103,,,,,6.562,1.212,45.816,FN,1,,,,,,
103,,,,,1.662,16.573,48.115,FN,12,,,,,,
103,,,,,58.333,21.181,48.528,FN,14,,,,,,
103,,,,,51.31,20.992,1.0,FN,15,,,,,,
103,,,,,63.058,24.923,45.569,FN,17,,,,,,
103,,,,,0.794,25.63,25.74,FN,18,,,,,,
103,,,,,59.63,54.081,48.608,FN,30,,,,,,
103,,,,,57.458,55.319,48.958,FN,31,,,,,,
103,,,,,10.186,55.653,0.618,FN,32,,,,,,
103,,,,,20.326,57.451,9.5,FN,35,,,,,,
103,,,,,59.751,65.759,0.756,FN,43,,,,,,
103,,,,,40.823,67.6,45.343,FN,45,,,,,,
103,,,,,28.938,67.972,19.985,FN,47,,,,,,
103,,,,,31.121,68.805,14.61,FN,48,,,,,,
103,,,,,61.214,69.626,8.258,FN,49,,,,,,
104,0,463.92,3.38,16.0,63.789,0.465,8.0,FP,,,,,,,
104,1,464.96,14.9,20.42,63.932,2.049,10.21,TP,2,0.304,1.409,1.441,-0.123,-0.278,-1.409
104,2,298.43,13.67,76.82,41.035,1.879,38.408,TP,3,0.164,0.941,0.956,-0.021,0.162,0.941
104,3,31.3,23.02,28.11,4.304,3.165,14.053,TP,5,0.158,0.474,0.5,0.107,0.116,0.474
104,4,244.86,39.54,51.73,33.669,5.436,25.864,TP,8,0.189,0.367,0.413,0.135,-0.133,-0.367
104,5,97.57,43.52,43.69,13.416,5.984,21.844,TP,10,0.09,0.696,0.701,0.017,0.088,0.696
104,6,457.94,48.26,85.05,62.967,6.636,42.526,TP,9,0.197,0.871,0.893,0.044,0.192,-0.871
104,7,24.59,64.55,86.09,3.382,8.875,43.043,FP,,,,,,,
104,8,367.99,71.87,23.65,50.599,9.882,11.824,TP,12,0.088,0.943,0.947,0.078,0.041,-0.943
104,9,204.8,73.95,79.84,28.16,10.169,39.918,TP,13,0.131,1.578,1.583,-0.018,0.129,1.578
104,10,3.89,110.26,2.94,0.535,15.161,1.47,TP,17,0.189,2.761,2.767,-0.189,0.004,-2.761
104,11,154.27,157.37,11.12,21.212,21.639,5.562,FP,,,,,,,
104,12,334.95,160.81,28.66,46.056,22.112,14.332,TP,22,0.097,0.89,0.895,-0.032,0.091,0.89
104,13,352.81,191.21,13.06,48.511,26.291,6.531,TP,23,0.711,1.743,1.882,0.623,0.342,1.743
104,14,56.71,194.96,43.76,7.798,26.808,21.88,TP,24,0.027,0.632,0.633,0.008,0.026,0.632
104,15,169.24,202.57,79.57,23.27,27.853,39.783,TP,28,0.049,1.016,1.018,0.038,-0.031,-1.016
104,16,74.18,202.06,54.24,10.2,27.783,27.122,TP,27,0.027,0.533,0.534,0.019,0.019,-0.533
104,17,113.26,201.53,70.96,15.574,27.71,35.482,TP,25,0.169,2.413,2.418,-0.168,0.016,2.413
104,18,416.0,204.74,49.37,57.2,28.152,24.683,TP,29,0.065,0.085,0.107,-0.046,0.045,-0.085
104,19,174.38,219.94,16.85,23.977,30.242,8.425,TP,30,0.32,0.445,0.548,0.059,0.315,0.445
104,20,421.73,233.24,50.68,57.988,32.071,25.338,TP,34,0.116,1.039,1.046,-0.086,-0.078,-1.039
104,21,32.81,244.8,6.67,4.512,33.66,3.335,FP,,,,,,,
104,22,115.93,243.31,13.31,15.941,33.455,6.656,TP,35,0.377,3.12,3.143,0.328,0.186,-3.12
104,23,187.01,256.51,45.19,25.714,35.271,22.596,TP,36,0.104,0.61,0.619,0.08,0.067,0.61
104,24,144.8,257.96,65.78,19.911,35.469,32.892,TP,37,0.75,1.836,1.984,0.704,0.257,-1.836
104,25,185.66,279.05,2.25,25.529,38.369,1.127,TP,40,0.205,0.217,0.299,0.193,-0.071,0.217
104,26,19.85,278.68,38.85,2.73,38.319,19.427,TP,38,0.149,0.886,0.899,-0.14,-0.05,0.886
104,27,329.15,304.41,14.07,45.258,41.856,7.034,TP,41,0.077,0.099,0.126,-0.076,-0.016,-0.099
104,28,433.21,303.88,21.16,59.566,41.783,10.58,TP,42,0.023,0.315,0.316,0.023,0.001,-0.315
104,29,379.4,345.48,17.94,52.167,47.503,8.97,TP,43,0.033,1.015,1.016,0.005,0.032,-1.015
104,30,173.69,378.46,65.57,23.883,52.038,32.784,TP,44,0.31,0.25,0.398,0.142,0.275,0.25
104,31,27.0,376.0,78.12,3.713,51.7,39.062,TP,45,1.19,0.729,1.396,-0.536,-1.063,-0.729
104,32,140.75,379.25,64.57,19.353,52.147,32.286,FP,,,,,,,
104,33,333.14,401.89,84.62,45.807,55.259,42.312,TP,47,0.144,0.467,0.489,0.095,0.108,-0.467
104,34,381.76,427.71,30.9,52.492,58.811,15.452,TP,48,0.96,2.441,2.623,0.189,0.941,-2.441
104,35,50.73,500.58,57.9,6.976,68.83,28.951,TP,49,0.191,1.375,1.388,0.02,-0.19,1.375
104,,,,,47.585,0.907,4.333,FN,0,,,,,,
104,,,,,61.8,1.347,32.259,FN,1,,,,,,
104,,,,,51.808,1.639,12.88,FN,4,,,,,,
104,,,,,14.204,3.794,28.047,FN,6,,,,,,
104,,,,,51.49,3.865,47.256,FN,7,,,,,,
104,,,,,51.675,7.898,47.165,FN,11,,,,,,
104,,,,,13.32,10.053,48.224,FN,14,,,,,,
104,,,,,17.067,14.271,1.31,FN,15,,,,,,
104,,,,,69.364,14.841,23.117,FN,16,,,,,,
104,,,,,8.008,20.493,0.5,FN,18,,,,,,
104,,,,,20.795,21.093,10.552,FN,19,,,,,,
104,,,,,45.843,22.144,20.441,FN,20,,,,,,
104,,,,,16.919,21.51,1.0,FN,21,,,,,,
104,,,,,19.224,28.092,35.101,FN,26,,,,,,
104,,,,,69.932,30.733,48.733,FN,31,,,,,,
104,,,,,45.581,30.731,1.0,FN,32,,,,,,
104,,,,,23.007,31.776,0.58,FN,33,,,,,,
104,,,,,0.52,38.105,3.674,FN,39,,,,,,
104,,,,,19.341,52.189,16.799,FN,46,,,,,,
105,0,440.02,17.87,16.91,60.503,2.457,8.456,TP,0,0.304,1.686,1.714,-0.055,-0.299,-1.686
105,1,52.13,29.18,71.76,7.168,4.012,35.882,TP,4,0.053,0.372,0.376,0.053,-0.002,0.372
105,2,158.12,31.83,26.21,21.741,4.377,13.107,TP,1,0.153,1.633,1.64,0.136,0.069,-1.633
105,3,443.91,27.91,27.82,61.038,3.837,13.909,FP,,,,,,,
105,4,192.4,35.42,72.64,26.455,4.871,36.319,TP,7,0.291,0.521,0.597,0.288,-0.04,0.521
105,5,293.34,37.75,14.49,40.334,5.19,7.244,TP,6,0.178,0.568,0.595,0.007,0.178,-0.568
105,6,486.89,53.48,86.4,66.947,7.353,43.2,TP,9,0.287,1.968,1.989,-0.274,-0.086,-1.968
105,7,92.59,76.74,41.14,12.731,10.551,20.569,TP,10,0.068,0.828,0.831,0.054,0.042,-0.828
105,8,261.65,79.36,67.13,35.976,10.912,33.563,TP,12,0.367,0.204,0.42,0.36,0.07,-0.204
105,9,249.82,80.38,87.3,34.35,11.052,43.652,FP,,,,,,,
105,10,217.3,86.6,78.97,29.878,11.907,39.487,TP,11,0.151,0.32,0.353,-0.022,0.149,-0.32
105,11,404.24,139.14,6.09,55.583,19.132,3.047,TP,13,0.026,0.622,0.622,0.026,0.0,0.622
105,12,31.2,147.48,69.24,4.29,20.279,34.618,TP,16,0.26,0.878,0.916,0.233,0.115,0.878
105,13,145.29,146.05,63.04,19.977,20.082,31.52,TP,15,0.115,1.758,1.762,0.076,0.086,-1.758
105,14,383.84,169.22,15.28,52.778,23.268,7.64,TP,18,0.177,1.472,1.482,-0.161,0.074,1.472
105,15,249.23,182.17,84.31,34.27,25.049,42.154,TP,19,0.092,0.195,0.216,0.062,0.069,0.195
105,16,48.73,190.64,11.55,6.7,26.213,5.773,FP,,,,,,,
105,17,113.42,211.39,22.7,15.596,29.067,11.352,TP,22,0.274,0.799,0.845,0.206,0.181,-0.799
105,18,454.0,213.79,82.63,62.426,29.396,41.314,TP,25,0.165,0.84,0.856,0.1,0.131,-0.84
105,19,249.38,215.08,49.15,34.29,29.573,24.577,FP,,,,,,,
105,20,89.35,216.97,32.35,12.286,29.833,16.176,TP,26,0.349,2.452,2.477,-0.349,-0.006,-2.452
105,21,273.42,247.48,23.35,37.596,34.029,11.674,TP,27,0.743,1.45,1.629,-0.72,-0.184,-1.45
105,22,287.29,251.83,51.04,39.503,34.627,25.521,FP,,,,,,,
105,23,105.87,273.73,79.99,14.557,37.638,39.993,TP,28,0.16,0.953,0.966,0.018,-0.159,-0.953
105,24,441.17,286.81,48.82,60.66,39.437,24.411,TP,30,0.052,0.153,0.161,-0.052,-0.004,0.153
105,25,67.12,282.7,19.31,9.228,38.871,9.655,TP,31,0.087,1.151,1.154,-0.026,0.082,-1.151
105,26,197.74,285.39,3.61,27.189,39.24,1.804,TP,29,0.802,3.46,3.551,0.678,0.429,-3.46
105,27,336.52,293.54,33.97,46.271,40.362,16.985,TP,32,0.064,0.268,0.276,0.028,-0.057,-0.268
105,28,221.36,295.43,59.35,30.437,40.621,29.676,TP,33,0.115,1.084,1.09,0.115,0.002,-1.084
105,29,16.94,326.44,52.22,2.329,44.885,26.109,TP,35,0.147,2.59,2.594,0.127,-0.074,2.59
105,30,314.94,331.56,30.11,43.305,45.59,15.055,TP,36,0.081,0.148,0.169,-0.04,0.07,0.148
105,31,380.09,348.27,58.47,52.263,47.887,29.233,TP,38,0.062,0.767,0.769,-0.035,-0.051,-0.767
105,32,385.12,349.45,66.9,52.954,48.049,33.451,FP,,,,,,,
105,33,460.98,348.25,39.27,63.385,47.884,19.635,TP,37,0.043,0.404,0.406,0.01,0.042,-0.404
105,34,234.32,413.33,19.11,32.219,56.833,9.556,TP,40,0.022,0.289,0.29,-0.005,-0.022,0.289
105,35,207.91,422.28,14.36,28.587,58.064,7.179,TP,41,0.138,0.127,0.188,0.039,0.133,-0.127
105,36,18.83,423.74,6.26,2.589,58.265,3.128,TP,42,0.059,1.147,1.149,0.026,0.053,1.147
105,37,160.5,435.51,51.75,22.069,59.882,25.875,TP,43,0.032,0.037,0.049,0.032,-0.0,0.037
105,38,267.99,436.9,39.7,36.849,60.073,19.852,TP,44,0.165,0.313,0.354,-0.154,-0.059,-0.313
105,39,218.85,473.27,80.71,30.092,65.075,40.354,TP,45,0.119,0.73,0.74,0.053,0.106,-0.73
105,40,328.25,483.21,71.02,45.135,66.441,35.51,TP,47,0.197,2.005,2.015,0.052,-0.19,2.005
105,41,91.72,489.07,76.52,12.612,67.247,38.262,TP,46,0.1,1.453,1.457,0.084,-0.053,1.453
105,42,329.0,486.0,62.0,45.237,66.825,31.0,FP,,,,,,,
105,43,301.95,505.23,32.94,41.518,69.47,16.468,TP,49,0.09,0.056,0.106,-0.033,-0.084,0.056
105,,,,,9.83,4.028,29.0,FN,2,,,,,,
105,,,,,70.036,4.914,34.0,FN,3,,,,,,
105,,,,,30.373,5.159,1.593,FN,5,,,,,,
105,,,,,36.045,6.255,18.167,FN,8,,,,,,
105,,,,,0.715,20.468,30.035,FN,14,,,,,,
105,,,,,35.692,22.508,15.495,FN,17,,,,,,
105,,,,,6.634,26.041,11.362,FN,20,,,,,,
105,,,,,4.976,28.097,20.266,FN,21,,,,,,
105,,,,,35.561,29.428,12.039,FN,23,,,,,,
105,,,,,4.867,29.433,44.803,FN,24,,,,,,
105,,,,,22.33,41.186,48.0,FN,34,,,,,,
105,,,,,25.81,49.45,47.364,FN,39,,,,,,
105,,,,,16.153,67.046,1.457,FN,48,,,,,,
118,0,186.03,27.71,27.98,25.58,3.81,13.992,TP,1,0.096,0.461,0.471,-0.02,0.094,-0.461
118,1,80.94,26.85,32.67,11.13,3.693,16.335,TP,0,0.144,3.404,3.407,-0.105,-0.098,-3.404
118,2,81.55,32.2,39.9,11.213,4.428,19.95,FP,,,,,,,
118,3,150.36,47.77,50.6,20.674,6.569,25.301,TP,2,0.171,1.026,1.04,-0.046,0.165,1.026
118,4,506.0,70.64,90.32,69.575,9.713,45.161,TP,3,0.352,0.081,0.362,-0.339,0.095,-0.081
118,5,170.94,84.63,16.23,23.505,11.637,8.117,TP,4,0.106,0.467,0.479,-0.054,-0.091,-0.467
118,6,382.12,103.14,61.5,52.542,14.181,30.752,TP,5,0.067,0.755,0.758,0.034,0.058,0.755
118,7,378.5,101.5,64.0,52.044,13.956,32.0,FP,,,,,,,
118,8,122.48,134.42,82.85,16.842,18.483,41.425,TP,6,0.299,1.92,1.943,-0.258,-0.151,1.92
118,9,258.27,140.81,40.38,35.512,19.361,20.192,TP,8,0.554,1.293,1.407,0.553,0.042,-1.293
118,10,252.0,141.0,44.25,34.65,19.388,22.125,FP,,,,,,,
118,11,468.11,146.49,3.3,64.365,20.143,1.649,TP,7,0.333,0.281,0.436,0.245,0.225,0.281
118,12,489.13,161.27,24.49,67.255,22.175,12.246,TP,9,0.034,0.195,0.197,-0.005,0.033,-0.195
118,13,124.43,168.52,32.02,17.11,23.172,16.009,TP,10,0.006,0.011,0.012,-0.002,0.006,-0.011
118,14,333.45,173.07,80.62,45.849,23.797,40.309,TP,11,0.048,0.21,0.216,0.024,0.042,-0.21
118,15,80.18,177.3,58.45,11.024,24.379,29.223,TP,12,0.14,0.294,0.326,0.038,0.135,-0.294
118,16,496.9,184.16,86.43,68.324,25.321,43.217,TP,13,0.046,0.54,0.542,-0.042,0.018,0.54
118,17,300.5,192.47,58.93,41.319,26.465,29.465,TP,14,0.095,1.273,1.277,0.094,-0.017,-1.273
118,18,457.89,204.36,23.57,62.96,28.099,11.786,FP,,,,,,,
118,19,399.45,220.99,78.74,54.924,30.386,39.372,TP,16,0.358,1.868,1.902,0.16,0.32,-1.868
118,20,328.71,244.97,50.2,45.197,33.683,25.098,TP,19,0.141,0.003,0.141,-0.007,0.141,-0.003
118,21,9.02,238.58,27.15,1.24,32.804,13.577,TP,18,0.389,0.197,0.436,0.332,0.203,-0.197
118,22,226.2,252.2,26.5,31.103,34.678,13.25,TP,22,0.522,2.42,2.475,0.019,-0.521,2.42
118,23,228.68,258.81,16.85,31.444,35.586,8.427,FP,,,,,,,
118,24,107.06,273.06,60.79,14.721,37.545,30.394,TP,23,0.206,1.392,1.407,-0.064,0.195,-1.392
118,25,361.85,280.24,71.06,49.754,38.533,35.529,TP,24,0.144,0.457,0.479,-0.061,0.13,-0.457
118,26,142.24,291.96,81.66,19.558,40.145,40.828,TP,25,0.28,0.366,0.461,0.179,0.215,-0.366
118,27,267.56,306.02,22.75,36.79,42.078,11.374,TP,26,0.201,0.115,0.231,-0.128,-0.155,0.115
118,28,342.33,330.27,4.41,47.07,45.412,2.204,TP,28,0.092,0.632,0.639,0.078,-0.05,-0.632
118,29,178.04,331.34,4.96,24.481,45.559,2.478,TP,27,0.304,2.522,2.54,-0.213,0.216,-2.522
118,30,267.11,340.13,11.48,36.727,46.768,5.742,TP,32,0.055,2.358,2.359,0.055,0.006,-2.358
118,31,458.0,343.11,24.45,62.976,47.178,12.223,TP,33,0.109,1.029,1.035,0.083,0.071,-1.029
118,32,430.18,349.06,5.04,59.149,47.996,2.518,TP,34,0.219,0.64,0.676,0.182,0.122,-0.64
118,33,37.36,361.67,12.28,5.137,49.73,6.138,TP,35,0.229,0.935,0.963,-0.208,0.097,-0.935
118,34,304.69,365.81,81.54,41.894,50.298,40.77,FP,,,,,,,
118,35,220.15,362.95,59.55,30.271,49.906,29.775,TP,36,0.227,4.405,4.411,-0.12,-0.192,4.405
118,36,217.59,362.53,53.06,29.918,49.848,26.529,FP,,,,,,,
118,37,224.78,367.67,51.61,30.907,50.554,25.806,FP,,,,,,,
118,38,272.78,387.5,48.49,37.507,53.282,24.245,TP,38,0.225,1.324,1.343,0.157,0.162,-1.324
118,39,112.8,391.61,44.51,15.51,53.846,22.256,TP,39,0.038,0.993,0.994,-0.027,0.027,0.993
118,40,491.12,396.52,0.8,67.529,54.521,0.402,FP,,,,,,,
118,41,482.96,398.81,15.04,66.407,54.836,7.518,TP,40,0.588,2.088,2.169,-0.569,-0.15,2.088
118,42,317.34,409.66,35.13,43.634,56.328,17.567,TP,41,0.059,0.446,0.45,0.015,0.057,-0.446
118,43,47.15,414.01,83.62,6.483,56.927,41.812,TP,42,0.068,0.636,0.64,-0.025,0.063,0.636
118,44,174.4,432.11,15.27,23.979,59.415,7.637,TP,43,0.221,0.306,0.377,0.199,0.097,-0.306
118,45,392.05,454.59,6.64,53.906,62.506,3.318,FP,,,,,,,
118,46,456.67,466.72,58.51,62.792,64.174,29.256,TP,45,0.349,1.621,1.658,0.129,0.324,-1.621
118,47,458.34,474.87,76.59,63.022,65.295,38.296,TP,47,0.071,1.421,1.423,-0.05,-0.05,-1.421
118,48,396.93,497.73,12.6,54.578,68.438,6.299,TP,48,0.081,0.937,0.94,0.02,0.078,-0.937
118,,,,,62.122,27.74,17.5,FN,15,,,,,,
118,,,,,68.23,30.363,46.141,FN,17,,,,,,
118,,,,,50.84,33.492,46.26,FN,20,,,,,,
118,,,,,17.139,33.512,9.293,FN,21,,,,,,
118,,,,,29.12,45.849,19.628,FN,29,,,,,,
118,,,,,50.179,47.013,42.109,FN,30,,,,,,
118,,,,,46.41,46.177,12.474,FN,31,,,,,,
118,,,,,12.595,53.17,45.843,FN,37,,,,,,
118,,,,,69.14,59.492,33.019,FN,44,,,,,,
118,,,,,63.014,64.499,25.34,FN,46,,,,,,
119,0,161.78,16.89,49.81,22.244,2.322,24.903,TP,2,0.291,3.311,3.324,0.006,0.291,3.311
119,1,209.88,20.94,13.25,28.858,2.879,6.626,TP,3,0.137,1.945,1.95,0.099,0.095,1.945
119,2,162.27,28.26,76.29,22.312,3.886,38.144,FP,,,,,,,
119,3,209.0,28.0,19.0,28.738,3.85,9.5,FP,,,,,,,
119,4,208.0,30.0,20.0,28.6,4.125,10.0,FP,,,,,,,
119,5,39.85,48.56,82.13,5.479,6.677,41.067,TP,5,0.092,0.499,0.507,-0.076,-0.052,-0.499
119,6,248.44,48.67,42.56,34.161,6.692,21.278,TP,4,0.058,1.001,1.003,0.055,0.019,1.001
119,7,220.8,63.7,71.2,30.36,8.759,35.6,TP,6,0.8,2.48,2.606,-0.036,0.799,-2.48
119,8,51.82,76.41,30.71,7.125,10.507,15.355,TP,7,0.181,0.185,0.259,0.105,0.147,-0.185
119,9,227.67,73.13,57.23,31.305,10.055,28.614,TP,8,0.106,0.8,0.807,-0.105,0.016,-0.8
119,10,491.71,87.5,32.55,67.609,12.031,16.273,TP,9,0.185,0.489,0.523,-0.104,-0.153,0.489
119,11,295.23,113.77,74.97,40.594,15.643,37.483,TP,11,0.082,0.876,0.879,-0.042,-0.071,0.876
119,12,399.85,109.4,70.5,54.98,15.043,35.252,TP,10,0.153,0.117,0.193,-0.015,0.152,-0.117
119,13,344.66,151.31,67.96,47.39,20.806,33.98,TP,15,0.11,1.01,1.016,-0.017,0.109,1.01
119,14,78.09,168.83,80.34,10.738,23.214,40.17,TP,19,0.793,0.732,1.079,-0.751,-0.254,0.732
119,15,457.53,178.24,26.18,62.91,24.508,13.091,TP,18,0.22,0.535,0.579,0.11,0.191,0.535
119,16,117.54,171.53,4.1,16.161,23.585,2.049,TP,17,0.23,3.086,3.095,0.201,0.112,-3.086
119,17,59.81,208.11,14.67,8.223,28.615,7.336,TP,20,0.073,0.645,0.649,0.05,-0.053,-0.645
119,18,215.7,217.77,18.55,29.659,29.943,9.274,TP,21,0.033,0.052,0.061,-0.003,0.033,-0.052
119,19,445.15,224.4,50.51,61.208,30.855,25.256,TP,23,0.078,0.424,0.431,0.027,0.073,0.424
119,20,143.9,221.12,38.41,19.787,30.404,19.207,TP,22,0.373,1.866,1.902,0.314,0.201,1.866
119,21,78.63,248.86,29.16,10.812,34.219,14.581,TP,24,0.316,0.035,0.318,0.188,0.255,0.035
119,22,195.58,287.78,64.34,26.892,39.57,32.17,TP,25,0.043,0.269,0.272,0.004,0.043,-0.269
119,23,72.87,299.17,67.2,10.02,41.136,33.6,TP,26,0.065,0.053,0.084,-0.005,0.065,0.053
119,24,75.94,299.0,94.35,10.441,41.112,47.177,FP,,,,,,,
119,25,368.89,303.49,50.56,50.722,41.73,25.278,TP,28,0.015,0.283,0.284,-0.005,-0.014,0.283
119,26,485.0,302.5,40.0,66.688,41.594,20.0,TP,27,0.681,0.393,0.786,-0.406,-0.546,-0.393
119,27,488.0,305.0,39.5,67.1,41.938,19.75,FP,,,,,,,
119,28,489.5,307.0,39.0,67.306,42.213,19.5,FP,,,,,,,
119,29,492.12,310.94,39.18,67.666,42.754,19.588,FP,,,,,,,
119,30,495.3,313.15,35.0,68.104,43.058,17.5,FP,,,,,,,
119,31,330.21,333.15,5.29,45.404,45.808,2.647,TP,29,0.217,0.466,0.514,-0.15,0.158,0.466
119,32,421.79,332.65,56.72,57.996,45.739,28.361,TP,30,0.169,0.698,0.719,0.163,-0.045,-0.698
119,33,109.8,363.63,50.36,15.097,49.999,25.182,TP,31,0.122,0.368,0.388,-0.033,-0.117,0.368
119,34,183.12,373.57,29.96,25.178,51.366,14.981,TP,32,0.642,0.228,0.682,-0.578,-0.28,0.228
119,35,43.95,389.42,83.17,6.044,53.545,41.587,FP,,,,,,,
119,36,263.83,412.69,83.3,36.277,56.745,41.649,TP,37,0.262,1.841,1.859,0.066,0.253,-1.841
119,37,35.34,418.28,66.49,4.859,57.513,33.243,TP,36,0.688,2.274,2.376,0.22,0.652,2.274
119,38,171.65,448.56,46.37,23.602,61.676,23.185,TP,38,0.197,0.073,0.21,0.058,0.188,0.073
119,39,142.57,461.89,15.28,19.603,63.51,7.642,TP,39,0.541,0.925,1.072,0.304,0.448,0.925
119,40,45.85,466.21,88.4,6.304,64.104,44.2,TP,41,0.294,0.957,1.001,0.223,0.191,-0.957
119,41,98.01,469.13,79.47,13.477,64.505,39.737,FP,,,,,,,
119,42,202.11,491.65,82.78,27.79,67.601,41.392,TP,43,0.064,0.357,0.362,-0.054,-0.035,0.357
119,43,431.82,493.16,78.44,59.376,67.81,39.221,TP,44,0.222,0.25,0.334,-0.011,0.221,0.25
119,44,56.86,500.58,0.38,7.818,68.829,0.191,TP,45,0.579,1.93,2.015,-0.272,0.512,-1.93
119,,,,,18.466,0.211,18.836,FN,0,,,,,,
119,,,,,27.923,0.375,36.864,FN,1,,,,,,
119,,,,,14.379,17.341,37.163,FN,12,,,,,,
119,,,,,47.022,17.641,39.463,FN,13,,,,,,
119,,,,,18.014,19.445,46.505,FN,14,,,,,,
119,,,,,9.443,21.107,45.277,FN,16,,,,,,
119,,,,,11.227,52.579,22.372,FN,33,,,,,,
119,,,,,5.921,53.643,35.909,FN,34,,,,,,
119,,,,,0.175,55.237,0.5,FN,35,,,,,,
119,,,,,8.347,62.558,15.754,FN,40,,,,,,
119,,,,,9.152,67.894,11.363,FN,42,,,,,,
119,,,,,5.514,69.093,32.0,FN,46,,,,,,
119,,,,,13.319,69.947,8.681,FN,47,,,,,,
121,0,356.56,15.67,71.33,49.026,2.154,35.663,TP,1,0.153,1.17,1.18,0.041,0.148,-1.17
121,1,49.82,19.22,44.9,6.85,2.643,22.45,TP,2,0.275,2.515,2.53,-0.053,0.27,2.515
121,2,471.77,22.49,47.34,64.868,3.092,23.668,TP,3,0.051,0.503,0.506,0.05,-0.006,-0.503
121,3,366.78,29.82,15.54,50.432,4.1,7.772,TP,4,0.37,0.839,0.917,0.15,-0.338,-0.839
121,4,286.72,39.89,27.07,39.424,5.485,13.535,TP,5,0.202,1.501,1.515,0.113,0.168,-1.501
121,5,108.91,56.67,52.22,14.975,7.792,26.111,TP,7,0.451,0.41,0.61,-0.195,-0.407,-0.41
121,6,204.72,85.47,6.14,28.149,11.752,3.072,TP,9,0.133,0.41,0.431,-0.117,0.062,-0.41
121,7,317.23,85.15,38.88,43.619,11.708,19.439,TP,10,0.055,0.572,0.574,0.039,0.039,-0.572
121,8,115.48,92.82,47.07,15.878,12.763,23.536,TP,11,0.138,0.304,0.334,0.064,0.122,0.304
121,9,44.76,99.37,52.64,6.154,13.663,26.318,TP,13,0.061,0.129,0.143,0.037,0.049,0.129
121,10,442.01,101.53,60.79,60.776,13.96,30.393,TP,15,0.148,0.398,0.424,-0.043,0.142,0.398
121,11,79.79,107.04,78.65,10.971,14.718,39.324,FP,,,,,,,
121,12,437.73,127.79,12.27,60.188,17.572,6.136,TP,18,0.194,0.418,0.461,-0.0,-0.194,0.418
121,13,281.73,118.62,22.35,38.737,16.31,11.173,TP,17,0.353,0.291,0.458,-0.349,0.055,0.291
121,14,124.98,129.34,17.34,17.184,17.784,8.669,TP,19,0.484,1.494,1.57,0.352,0.331,1.494
121,15,170.07,169.69,43.94,23.385,23.333,21.969,TP,20,0.027,0.951,0.952,-0.014,-0.023,-0.951
121,16,253.46,176.57,42.75,34.851,24.279,21.377,TP,21,0.156,1.036,1.048,-0.155,-0.021,1.036
121,17,421.65,184.83,41.82,57.976,25.414,20.909,TP,22,0.125,0.262,0.29,0.111,0.057,0.262
121,18,272.96,196.97,53.31,37.532,27.084,26.657,TP,24,0.071,0.105,0.126,0.047,0.053,-0.105
121,19,74.41,198.67,80.3,10.232,27.316,40.148,TP,23,0.135,1.533,1.539,0.059,0.121,1.533
121,20,250.96,204.47,25.06,34.507,28.114,12.532,TP,25,0.132,0.767,0.779,0.07,-0.113,0.767
121,21,347.32,209.39,14.71,47.757,28.791,7.356,TP,26,0.144,1.157,1.166,0.055,0.134,-1.157
121,22,308.15,227.09,78.35,42.371,31.225,39.176,TP,27,0.217,0.413,0.467,0.06,0.209,0.413
121,23,189.91,262.18,31.22,26.113,36.05,15.608,TP,30,0.058,0.131,0.144,-0.039,-0.043,-0.131
121,24,82.96,266.02,0.75,11.408,36.577,0.377,FP,,,,,,,
121,25,80.82,270.62,7.18,11.113,37.21,3.589,TP,31,0.118,1.842,1.845,-0.074,0.092,-1.842
121,26,396.33,286.11,2.28,54.495,39.34,1.138,TP,32,0.248,1.813,1.83,-0.23,0.095,-1.813
121,27,139.41,315.07,88.28,19.168,43.322,44.14,TP,33,0.278,0.264,0.383,0.056,0.272,0.264
121,28,111.4,345.61,41.13,15.318,47.521,20.564,TP,34,1.022,0.265,1.056,-0.517,-0.882,-0.265
121,29,443.07,351.12,25.95,60.922,48.279,12.974,TP,35,0.176,0.416,0.452,0.101,0.144,-0.416
121,30,119.12,352.5,31.25,16.38,48.469,15.625,FP,,,,,,,
121,31,217.15,355.71,44.48,29.858,48.91,22.242,TP,36,0.181,0.547,0.576,-0.157,-0.091,-0.547
121,32,405.45,367.1,86.96,55.749,50.477,43.48,TP,37,0.276,0.941,0.981,0.231,0.152,0.941
121,33,30.42,372.09,79.44,4.183,51.162,39.72,TP,38,0.228,0.322,0.394,0.218,-0.068,-0.322
121,34,325.51,379.17,77.74,44.757,52.136,38.868,TP,40,0.096,1.644,1.647,0.019,-0.094,1.644
121,35,327.36,386.55,90.57,45.013,53.15,45.284,FP,,,,,,,
121,36,488.09,385.33,44.68,67.112,52.982,22.339,TP,41,0.095,0.294,0.309,0.094,-0.015,0.294
121,37,371.43,389.61,39.94,51.071,53.571,19.97,TP,42,0.106,0.619,0.628,-0.087,-0.061,0.619
121,38,421.55,397.09,59.95,57.963,54.599,29.975,TP,43,0.136,2.459,2.462,-0.004,-0.136,-2.459
121,39,454.43,428.17,81.44,62.483,58.873,40.718,TP,45,0.339,0.865,0.929,0.071,0.332,0.865
121,40,272.47,428.74,60.21,37.465,58.951,30.107,TP,46,0.062,0.145,0.158,0.046,-0.04,0.145
121,41,183.29,457.83,61.76,25.202,62.951,30.88,TP,47,0.168,0.691,0.711,-0.006,0.168,-0.691
121,42,65.87,466.33,50.29,9.057,64.121,25.145,TP,48,0.036,0.616,0.617,0.018,0.031,0.616
121,43,142.04,493.5,78.9,19.53,67.857,39.448,TP,49,0.058,0.046,0.074,-0.058,0.003,-0.046
121,,,,,49.386,1.361,17.655,FN,0,,,,,,
121,,,,,36.643,6.358,21.701,FN,6,,,,,,
121,,,,,9.154,10.531,47.569,FN,8,,,,,,
121,,,,,25.425,13.03,11.382,FN,12,,,,,,
121,,,,,19.724,13.791,48.685,FN,14,,,,,,
121,,,,,13.94,16.063,47.259,FN,16,,,,,,
121,,,,,19.926,34.938,11.517,FN,28,,,,,,
121,,,,,14.414,36.241,6.027,FN,29,,,,,,
121,,,,,62.685,52.267,28.47,FN,39,,,,,,
121,,,,,1.059,54.457,22.074,FN,44,,,,,,
123,0,487.32,29.78,54.23,67.007,4.095,27.113,TP,0,0.22,0.006,0.22,-0.163,-0.147,0.006
123,1,163.63,29.88,43.74,22.499,4.109,21.871,TP,1,0.121,0.853,0.862,-0.011,0.121,0.853
123,2,345.3,35.04,61.55,47.478,4.818,30.773,TP,2,0.111,0.248,0.272,-0.05,-0.1,-0.248
123,3,25.61,75.01,51.56,3.521,10.313,25.782,TP,4,0.101,1.187,1.191,-0.086,-0.053,1.187
123,4,427.57,96.42,33.53,58.791,13.258,16.767,TP,5,0.119,0.502,0.516,0.114,0.035,0.502
123,5,493.56,96.7,21.33,67.865,13.296,10.664,TP,7,0.486,0.157,0.51,-0.445,-0.195,0.157
123,6,309.74,109.7,71.12,42.589,15.084,35.561,TP,11,0.081,0.042,0.091,-0.006,0.081,0.042
123,7,36.36,108.42,1.9,5.0,14.908,0.948,FP,,,,,,,
123,8,160.93,112.5,31.06,22.128,15.469,15.529,TP,10,0.221,0.318,0.387,-0.194,-0.105,0.318
123,9,310.0,107.5,89.5,42.625,14.781,44.75,FP,,,,,,,
123,10,366.61,113.91,58.37,50.409,15.663,29.183,TP,9,0.265,1.748,1.767,0.031,0.263,-1.748
123,11,394.27,116.7,30.79,54.213,16.046,15.397,TP,12,0.437,0.582,0.728,0.42,0.122,-0.582
123,12,439.7,136.16,80.51,60.458,18.723,40.254,TP,14,0.469,1.525,1.596,0.059,0.465,-1.525
123,13,335.0,142.0,23.61,46.062,19.525,11.803,TP,15,0.307,2.202,2.223,-0.195,-0.237,-2.202
123,14,441.22,157.25,18.84,60.668,21.622,9.418,TP,17,0.326,1.231,1.274,0.033,0.324,1.231
123,15,79.39,154.29,1.06,10.916,21.214,0.531,TP,19,0.124,0.95,0.958,0.122,-0.024,-0.95
123,16,73.12,158.51,41.93,10.054,21.796,20.966,TP,18,0.041,0.505,0.506,0.003,0.041,-0.505
123,17,392.81,177.67,23.47,54.011,24.429,11.734,TP,20,0.399,1.264,1.325,-0.351,-0.19,-1.264
123,18,278.86,191.8,55.2,38.343,26.372,27.6,TP,21,0.051,0.356,0.36,0.05,0.003,-0.356
123,19,61.05,205.13,3.87,8.394,28.205,1.935,TP,22,0.277,1.409,1.436,0.234,0.148,1.409
123,20,122.72,226.47,31.03,16.874,31.14,15.515,TP,24,0.542,0.457,0.709,-0.368,-0.398,-0.457
123,21,378.75,229.49,66.49,52.079,31.555,33.245,FP,,,,,,,
123,22,56.53,237.46,83.62,7.774,32.65,41.811,TP,27,0.639,0.183,0.664,-0.496,-0.401,-0.183
123,23,376.24,232.04,45.96,51.734,31.905,22.982,TP,26,1.144,0.226,1.166,-1.143,-0.027,0.226
123,24,129.55,234.05,38.45,17.812,32.181,19.227,FP,,,,,,,
123,25,316.05,243.19,63.04,43.457,33.438,31.518,TP,28,0.009,1.766,1.766,0.007,0.006,1.766
123,26,485.59,250.26,68.79,66.769,34.411,34.395,TP,30,0.575,1.986,2.068,-0.575,-0.01,1.986
123,27,409.0,250.0,67.5,56.238,34.375,33.75,TP,29,0.509,0.15,0.531,-0.093,-0.501,-0.15
123,28,412.32,254.06,66.41,56.694,34.933,33.206,FP,,,,,,,
123,29,202.77,264.44,15.89,27.88,36.361,7.947,TP,33,0.079,0.006,0.079,-0.002,-0.079,-0.006
123,30,205.25,263.25,0.75,28.222,36.197,0.375,FP,,,,,,,
123,31,292.59,304.59,3.49,40.231,41.881,1.746,TP,35,0.32,1.246,1.286,-0.038,-0.318,1.246
123,32,109.93,318.12,73.57,15.115,43.742,36.786,TP,36,0.266,1.365,1.391,-0.261,0.049,-1.365
123,33,62.71,323.47,18.52,8.623,44.477,9.262,TP,37,0.294,1.796,1.82,0.217,0.199,-1.796
123,34,214.76,320.5,57.2,29.53,44.068,28.601,TP,38,0.054,0.065,0.085,-0.03,-0.045,-0.065
123,35,176.32,330.29,59.6,24.244,45.415,29.8,TP,41,0.195,0.746,0.771,0.192,0.035,0.746
123,36,177.19,330.75,95.25,24.363,45.478,47.625,FP,,,,,,,
123,37,349.24,345.63,86.24,48.02,47.524,43.121,TP,42,0.409,1.763,1.81,0.355,0.204,-1.763
123,38,94.29,352.75,72.67,12.965,48.503,36.337,TP,43,0.098,1.928,1.931,0.003,0.098,1.928
123,39,322.51,423.08,68.75,44.345,58.173,34.373,TP,44,0.054,0.185,0.192,-0.045,-0.029,-0.185
123,40,136.61,460.68,33.99,18.783,63.343,16.994,TP,46,0.521,0.924,1.061,0.464,0.236,-0.924
123,41,450.9,479.55,90.62,61.999,65.938,45.308,TP,47,0.27,0.264,0.378,0.063,0.263,-0.264
123,,,,,51.842,5.656,0.741,FN,3,,,,,,
123,,,,,69.294,13.349,29.535,FN,6,,,,,,
123,,,,,4.595,13.978,5.918,FN,8,,,,,,
123,,,,,34.311,17.077,23.31,FN,13,,,,,,
123,,,,,46.64,20.044,39.24,FN,16,,,,,,
123,,,,,0.199,28.376,32.357,FN,23,,,,,,
123,,,,,38.634,32.078,23.035,FN,25,,,,,,
123,,,,,36.56,35.06,26.466,FN,31,,,,,,
123,,,,,5.99,34.723,16.75,FN,32,,,,,,
123,,,,,13.058,37.254,38.558,FN,34,,,,,,
123,,,,,40.778,44.779,48.263,FN,39,,,,,,
123,,,,,20.158,46.085,14.0,FN,40,,,,,,
123,,,,,66.754,59.738,48.31,FN,45,,,,,,
123,,,,,44.848,65.241,27.221,FN,48,,,,,,
13,0,407.57,5.0,13.86,56.041,0.688,6.929,TP,0,0.178,1.391,1.403,0.045,-0.172,-1.391
13,1,330.73,11.71,75.22,45.475,1.61,37.612,TP,3,0.096,2.176,2.178,-0.02,-0.094,2.176
13,2,428.49,45.11,1.87,58.917,6.202,0.934,TP,4,1.055,2.248,2.483,0.249,1.025,-2.248
13,3,35.94,70.04,55.05,4.942,9.63,27.523,TP,5,0.034,0.591,0.592,-0.006,0.033,-0.591
13,4,427.76,98.34,63.81,58.817,13.522,31.904,TP,6,0.052,0.339,0.343,-0.022,0.047,-0.339
13,5,481.94,105.12,70.0,66.266,14.455,35.0,TP,7,0.204,3.358,3.364,-0.163,0.123,-3.358
13,6,215.1,134.23,33.5,29.576,18.456,16.748,TP,8,0.114,1.252,1.257,-0.097,-0.061,-1.252
13,7,112.03,151.78,21.24,15.405,20.87,10.62,TP,11,0.237,0.868,0.9,0.235,-0.024,-0.868
13,8,494.93,161.7,80.06,68.052,22.233,40.032,TP,12,0.096,1.883,1.885,0.095,-0.008,-1.883
13,9,405.59,172.88,47.38,55.769,23.771,23.689,TP,13,0.13,1.124,1.132,0.025,0.127,1.124
13,10,460.51,204.05,74.18,63.32,28.057,37.088,TP,14,0.217,0.188,0.287,0.064,0.207,-0.188
13,11,288.76,206.21,4.52,39.704,28.354,2.259,TP,15,0.204,0.229,0.307,0.021,0.203,0.229
13,12,301.8,244.89,5.76,41.498,33.673,2.882,TP,16,1.006,1.131,1.514,0.617,0.794,-1.131
13,13,43.66,258.27,52.76,6.003,35.512,26.381,TP,18,0.142,2.014,2.019,-0.067,-0.126,-2.014
13,14,313.99,259.7,51.21,43.173,35.708,25.605,TP,19,0.21,0.164,0.266,-0.076,-0.195,-0.164
13,15,361.47,264.58,5.97,49.701,36.38,2.983,TP,20,0.104,0.735,0.742,0.019,0.103,0.735
13,16,313.54,269.92,75.47,43.111,37.114,37.734,FP,,,,,,,
13,17,108.2,281.4,47.7,14.877,38.693,23.85,TP,21,0.844,0.438,0.951,-0.63,-0.562,-0.438
13,18,116.57,291.29,46.71,16.029,40.052,23.357,FP,,,,,,,
13,19,371.57,293.66,38.02,51.09,40.379,19.01,TP,22,0.047,0.39,0.393,-0.045,-0.013,0.39
13,20,438.69,299.21,51.46,60.319,41.142,25.728,TP,23,0.011,0.997,0.997,-0.011,0.0,-0.997
13,21,71.07,314.37,33.84,9.773,43.226,16.921,TP,25,0.062,1.174,1.175,0.011,-0.062,-1.174
13,22,439.71,315.05,82.38,60.46,43.319,41.188,TP,26,0.101,1.804,1.807,-0.049,-0.088,-1.804
13,23,139.97,354.16,59.47,19.246,48.697,29.733,TP,27,0.132,0.02,0.134,-0.131,-0.02,0.02
13,24,251.12,365.61,21.0,34.529,50.272,10.5,TP,29,0.052,0.383,0.387,-0.004,0.052,-0.383
13,25,303.6,380.21,31.62,41.744,52.279,15.812,TP,31,0.047,0.042,0.063,-0.001,-0.047,0.042
13,26,57.08,386.94,39.9,7.849,53.205,19.951,TP,32,0.055,1.413,1.414,-0.028,-0.048,1.413
13,27,231.64,386.35,43.6,31.85,53.123,21.798,TP,30,0.877,0.05,0.878,0.712,0.512,-0.05
13,28,87.22,400.13,69.97,11.993,55.018,34.987,TP,33,0.934,0.369,1.004,0.463,0.811,-0.369
13,29,185.68,445.79,34.93,25.531,61.296,17.463,TP,35,0.205,1.543,1.557,0.15,0.141,-1.543
13,30,193.6,446.09,67.23,26.62,61.337,33.616,TP,36,0.227,2.884,2.893,-0.061,-0.218,-2.884
13,31,113.13,454.51,47.49,15.556,62.496,23.745,TP,37,0.058,0.908,0.91,-0.021,0.054,0.908
13,32,357.78,450.5,77.76,49.194,61.944,38.878,TP,38,0.149,1.583,1.59,0.046,-0.142,-1.583
13,33,473.2,472.36,56.17,65.065,64.95,28.084,TP,39,0.206,0.432,0.479,-0.133,0.158,-0.432
13,34,464.84,479.61,79.05,63.915,65.946,39.523,TP,43,0.365,0.899,0.97,0.206,-0.301,-0.899
13,35,322.94,479.2,83.89,44.405,65.89,41.944,TP,44,0.266,1.738,1.758,-0.143,-0.224,-1.738
13,36,104.41,481.38,84.52,14.357,66.19,42.259,TP,40,0.297,0.154,0.335,-0.273,-0.118,0.154
13,37,176.71,502.98,56.92,24.297,69.159,28.462,TP,46,0.082,0.456,0.464,-0.019,0.079,0.456
13,38,59.94,503.06,45.9,8.242,69.17,22.95,TP,48,0.078,0.483,0.49,-0.072,-0.031,-0.483
13,39,261.38,501.88,45.01,35.94,69.008,22.507,TP,47,0.032,0.409,0.41,0.03,0.012,-0.409
13,,,,,34.878,0.579,17.959,FN,1,,,,,,
13,,,,,10.031,1.589,19.743,FN,2,,,,,,
13,,,,,16.878,18.952,35.668,FN,9,,,,,,
13,,,,,10.76,19.033,36.711,FN,10,,,,,,
13,,,,,40.604,31.971,47.199,FN,17,,,,,,
13,,,,,70.125,41.408,40.213,FN,24,,,,,,
13,,,,,22.081,48.978,46.491,FN,28,,,,,,
13,,,,,66.723,53.676,48.308,FN,34,,,,,,
13,,,,,44.0,66.034,0.868,FN,41,,,,,,
13,,,,,51.851,66.736,15.583,FN,42,,,,,,
13,,,,,53.167,68.147,38.174,FN,45,,,,,,
13,,,,,47.59,69.794,19.472,FN,49,,,,,,
143,0,219.48,7.09,0.35,30.178,0.974,0.174,TP,1,0.265,0.753,0.798,-0.234,-0.123,-0.753
143,1,330.15,20.62,21.05,45.396,2.836,10.523,TP,2,0.145,0.374,0.401,0.082,0.119,0.374
143,2,18.89,39.74,74.06,2.597,5.464,37.031,TP,4,0.22,1.298,1.317,-0.183,0.122,1.298
143,3,458.17,51.63,51.12,62.998,7.1,25.56,TP,6,0.04,0.164,0.169,0.019,0.035,-0.164
143,4,84.15,51.43,26.72,11.571,7.072,13.359,TP,5,0.187,1.153,1.169,-0.002,0.187,-1.153
143,5,170.44,65.3,67.22,23.436,8.978,33.612,TP,7,0.081,0.179,0.197,0.007,0.081,-0.179
143,6,10.08,71.6,66.72,1.386,9.845,33.36,TP,8,0.265,2.418,2.432,0.16,-0.212,2.418
143,7,261.07,94.1,9.35,35.897,12.939,4.676,TP,9,0.051,0.489,0.492,-0.051,0.004,0.489
143,8,294.32,120.96,7.04,40.469,16.632,3.519,TP,10,0.279,1.343,1.372,-0.094,-0.263,1.343
143,9,48.08,131.36,14.72,6.611,18.063,7.36,TP,11,0.352,3.575,3.592,0.208,0.284,3.575
143,10,328.82,138.17,12.8,45.212,18.999,6.402,TP,12,0.206,0.018,0.206,-0.159,0.13,-0.018
143,11,262.9,160.13,4.46,36.149,22.018,2.229,TP,13,0.214,1.771,1.784,0.018,0.214,-1.771
143,12,176.05,172.75,58.49,24.208,23.753,29.245,TP,14,0.096,0.203,0.225,-0.033,0.09,-0.203
143,13,80.97,183.68,12.58,11.134,25.256,6.291,TP,16,0.522,0.569,0.772,-0.414,-0.318,-0.569
143,14,79.72,202.15,77.67,10.962,27.796,38.833,FP,,,,,,,
143,15,21.2,207.01,33.08,2.915,28.464,16.541,TP,18,0.499,2.244,2.299,0.462,0.19,-2.244
143,16,147.32,215.47,24.92,20.257,29.627,12.46,TP,21,0.881,0.09,0.885,-0.65,-0.594,-0.09
143,17,162.23,221.4,6.08,22.307,30.442,3.042,FP,,,,,,,
143,18,216.75,233.05,34.04,29.803,32.045,17.022,TP,22,0.082,0.522,0.528,-0.026,-0.078,0.522
143,19,412.33,253.56,32.8,56.696,34.865,16.4,TP,24,0.125,0.186,0.224,-0.119,-0.036,0.186
143,20,189.23,260.12,83.28,26.019,35.767,41.639,TP,26,0.216,4.222,4.227,0.008,0.216,4.222
143,21,188.85,259.94,71.43,25.968,35.742,35.714,FP,,,,,,,
143,22,272.32,258.56,47.1,37.445,35.552,23.55,TP,25,0.074,0.371,0.379,0.074,0.003,0.371
143,23,413.4,256.0,46.8,56.842,35.2,23.4,FP,,,,,,,
143,24,434.44,274.78,53.19,59.735,37.783,26.594,TP,27,0.113,0.367,0.384,0.03,0.108,0.367
143,25,496.63,292.74,84.17,68.286,40.252,42.084,FP,,,,,,,
143,26,60.5,304.75,10.75,8.319,41.903,5.375,FP,,,,,,,
143,27,101.2,334.45,15.75,13.915,45.987,7.877,TP,32,0.052,0.266,0.271,-0.049,-0.019,0.266
143,28,57.49,349.46,82.74,7.904,48.051,41.372,FP,,,,,,,
143,29,238.55,351.84,7.42,32.801,48.379,3.709,TP,33,0.479,0.19,0.516,0.245,0.412,-0.19
143,30,291.72,378.0,5.57,40.111,51.974,2.784,TP,34,0.156,1.055,1.067,-0.051,-0.148,1.055
143,31,291.21,385.68,17.96,40.041,53.031,8.978,FP,,,,,,,
143,32,37.69,419.08,87.27,5.182,57.623,43.636,TP,35,0.139,0.381,0.406,0.111,0.083,-0.381
143,33,148.58,419.35,31.15,20.429,57.661,15.576,TP,36,0.086,0.194,0.213,0.085,-0.016,-0.194
143,34,294.18,443.18,75.75,40.449,60.937,37.877,TP,38,0.108,0.618,0.627,0.107,-0.017,0.618
143,35,474.63,445.11,79.33,65.262,61.203,39.664,FP,,,,,,,
143,36,94.52,450.59,73.82,12.997,61.956,36.908,TP,39,0.115,0.427,0.442,0.053,0.102,0.427
143,37,346.23,455.83,2.06,47.607,62.677,1.031,TP,40,0.154,0.531,0.553,-0.116,0.101,0.531
143,38,439.3,469.35,21.43,60.404,64.536,10.714,TP,42,0.163,0.899,0.913,0.122,0.109,-0.899
143,39,465.56,466.44,92.33,64.014,64.136,46.167,TP,41,0.145,0.609,0.626,0.11,0.095,0.609
143,40,419.73,472.44,78.58,57.713,64.961,39.289,FP,,,,,,,
143,41,456.26,473.23,54.78,62.735,65.069,27.388,TP,43,0.125,1.016,1.023,-0.115,-0.05,1.016
143,42,261.12,493.74,77.13,35.903,67.889,38.564,TP,44,0.587,2.349,2.421,0.313,0.497,2.349
143,43,257.67,490.17,68.17,35.429,67.398,34.083,FP,,,,,,,
143,44,482.53,494.45,75.83,66.347,67.987,37.917,TP,47,0.203,0.459,0.502,0.199,0.042,-0.459
143,,,,,7.421,0.836,17.5,FN,0,,,,,,
143,,,,,12.926,5.75,32.089,FN,3,,,,,,
143,,,,,53.154,25.238,7.19,FN,15,,,,,,
143,,,,,17.128,27.066,6.677,FN,17,,,,,,
143,,,,,41.866,29.556,48.361,FN,19,,,,,,
143,,,,,63.217,28.293,48.018,FN,20,,,,,,
143,,,,,55.964,32.674,22.258,FN,23,,,,,,
143,,,,,68.265,39.359,48.27,FN,28,,,,,,
143,,,,,68.754,40.506,36.863,FN,29,,,,,,
143,,,,,19.559,39.806,47.25,FN,30,,,,,,
143,,,,,9.68,41.984,7.537,FN,31,,,,,,
143,,,,,15.662,61.06,5.0,FN,37,,,,,,
143,,,,,24.161,67.982,20.0,FN,45,,,,,,
143,,,,,29.245,68.141,12.102,FN,46,,,,,,
143,,,,,66.83,69.166,3.388,FN,48,,,,,,
148,0,109.42,10.38,28.01,15.046,1.427,14.004,TP,0,0.394,3.475,3.497,0.264,-0.292,-3.475
148,1,107.0,13.1,38.4,14.713,1.801,19.2,FP,,,,,,,
148,2,276.2,18.49,46.99,37.977,2.542,23.495,TP,1,0.186,0.989,1.006,0.038,0.182,0.989
148,3,422.97,19.14,34.78,58.159,2.632,17.389,TP,2,0.337,1.467,1.505,0.077,-0.328,-1.467
148,4,422.55,21.18,38.18,58.1,2.913,19.091,FP,,,,,,,
148,5,316.69,28.01,78.17,43.544,3.851,39.086,TP,3,0.157,1.052,1.064,-0.092,-0.127,-1.052
148,6,423.31,26.69,48.77,58.205,3.67,24.385,FP,,,,,,,
148,7,75.63,40.28,5.2,10.399,5.539,2.602,TP,4,0.238,1.39,1.411,-0.116,0.208,1.39
148,8,336.49,55.65,29.84,46.267,7.651,14.919,TP,5,0.13,0.216,0.252,0.114,0.063,-0.216
148,9,439.92,66.19,36.7,60.488,9.101,18.351,TP,6,0.086,0.307,0.319,-0.029,0.081,0.307
148,10,318.78,75.69,13.04,43.832,10.408,6.519,TP,9,0.295,0.567,0.639,-0.189,0.226,-0.567
148,11,482.78,86.39,2.6,66.382,11.879,1.3,TP,10,0.177,0.849,0.868,0.138,0.11,-0.849
148,12,317.27,93.3,34.12,43.625,12.829,17.061,TP,11,0.565,1.187,1.315,0.509,0.245,-1.187
148,13,375.81,113.93,78.65,51.674,15.665,39.326,TP,12,0.627,1.818,1.924,0.613,0.132,-1.818
148,14,345.31,118.64,2.11,47.48,16.314,1.056,FP,,,,,,,
148,15,240.37,133.82,83.08,33.051,18.4,41.542,TP,14,0.252,1.765,1.783,0.17,0.186,1.765
148,16,394.12,177.57,54.9,54.191,24.415,27.451,TP,15,0.043,0.207,0.211,-0.042,-0.006,0.207
148,17,194.72,181.72,64.29,26.773,24.987,32.146,TP,17,0.249,0.132,0.282,0.213,0.129,-0.132
148,18,192.16,182.87,74.37,26.422,25.144,37.184,FP,,,,,,,
148,19,8.76,187.86,78.85,1.205,25.831,39.427,TP,16,0.375,3.573,3.592,0.151,0.344,-3.573
148,20,440.81,187.2,65.23,60.611,25.74,32.615,TP,19,0.153,0.123,0.197,-0.082,0.13,0.123
148,21,290.07,190.18,4.81,39.885,26.149,2.407,TP,18,0.271,0.076,0.281,-0.19,0.192,-0.076
148,22,64.45,195.08,73.85,8.861,26.824,36.924,TP,20,0.13,2.268,2.271,0.111,0.067,2.268
148,23,489.69,232.94,29.83,67.332,32.029,14.914,TP,22,0.393,1.646,1.692,-0.345,0.187,1.646
148,24,425.82,275.09,36.13,58.551,37.825,18.066,TP,23,0.107,0.345,0.361,0.042,0.099,-0.345
148,25,259.08,275.31,69.83,35.624,37.855,34.917,TP,25,0.733,4.029,4.095,0.733,0.01,-4.029
148,26,202.64,290.58,14.01,27.863,39.955,7.004,TP,27,0.233,0.785,0.818,-0.078,-0.219,-0.785
148,27,15.78,295.03,31.85,2.17,40.566,15.925,TP,26,0.532,3.575,3.614,0.259,0.465,-3.575
148,28,453.32,292.73,7.41,62.331,40.251,3.706,TP,28,0.333,2.286,2.31,0.269,0.196,2.286
148,29,229.14,296.37,47.02,31.507,40.751,23.51,TP,29,0.282,0.005,0.282,-0.277,0.056,0.005
148,30,338.83,314.47,2.2,46.589,43.24,1.1,TP,30,0.202,0.321,0.379,0.2,-0.028,0.321
148,31,96.53,338.58,78.0,13.273,46.555,39.002,TP,32,0.109,0.728,0.736,-0.109,-0.001,-0.728
148,32,54.93,353.0,72.63,7.553,48.538,36.316,TP,33,0.126,1.623,1.628,-0.111,0.059,1.623
148,33,291.43,353.41,54.73,40.072,48.594,27.363,TP,34,0.07,1.86,1.861,0.034,0.062,-1.86
148,34,262.04,376.19,92.36,36.031,51.726,46.179,FP,,,,,,,
148,35,259.86,379.88,70.04,35.731,52.234,35.02,TP,36,0.303,2.451,2.469,0.27,0.137,-2.451
148,36,58.5,394.46,80.64,8.044,54.238,40.321,TP,38,0.241,1.16,1.185,-0.021,0.24,-1.16
148,37,67.23,408.01,71.21,9.244,56.101,35.604,TP,41,0.899,2.221,2.396,0.822,0.365,2.221
148,38,456.43,424.31,65.1,62.759,58.343,32.551,TP,43,0.149,0.866,0.878,-0.015,0.148,0.866
148,39,310.36,426.55,12.99,42.674,58.651,6.493,TP,45,0.071,0.581,0.585,0.071,0.008,0.581
148,40,462.0,430.56,61.05,63.525,59.202,30.524,FP,,,,,,,
148,41,142.52,446.33,67.6,19.597,61.37,33.8,TP,46,0.073,1.074,1.076,0.035,0.064,-1.074
148,42,286.08,465.3,45.04,39.336,63.979,22.52,TP,47,0.127,0.367,0.388,0.021,0.125,0.367
148,43,393.4,489.2,43.0,54.092,67.265,21.5,FP,,,,,,,
148,44,391.16,491.92,28.89,53.784,67.639,14.447,TP,49,0.573,1.439,1.549,-0.215,-0.531,1.439
148,,,,,69.699,8.553,18.389,FN,7,,,,,,
148,,,,,16.463,10.226,48.792,FN,8,,,,,,
148,,,,,46.921,16.34,7.144,FN,13,,,,,,
148,,,,,10.857,29.104,45.056,FN,21,,,,,,
148,,,,,50.46,37.873,47.08,FN,24,,,,,,
148,,,,,31.906,45.068,7.443,FN,31,,,,,,
148,,,,,33.35,49.336,46.339,FN,35,,,,,,
148,,,,,65.0,53.094,10.0,FN,37,,,,,,
148,,,,,62.863,53.669,48.771,FN,39,,,,,,
148,,,,,14.557,55.395,37.533,FN,40,,,,,,
148,,,,,10.278,56.746,33.56,FN,42,,,,,,
148,,,,,63.264,57.886,11.861,FN,44,,,,,,
148,,,,,28.848,67.032,48.912,FN,48,,,,,,
149,0,467.37,6.02,22.39,64.264,0.828,11.195,TP,1,0.316,1.348,1.385,0.208,0.237,1.348
149,1,318.67,14.63,14.16,43.816,2.012,7.081,TP,2,0.21,0.807,0.834,0.197,0.074,0.807
149,2,316.9,21.23,30.78,43.574,2.92,15.392,FP,,,,,,,
149,3,177.43,41.56,83.08,24.397,5.715,41.539,TP,5,0.475,1.657,1.723,-0.176,-0.441,-1.657
149,4,283.35,46.58,83.18,38.96,6.405,41.59,TP,4,0.18,2.156,2.164,0.133,0.121,-2.156
149,5,404.75,53.49,18.92,55.653,7.355,9.462,TP,6,0.13,0.198,0.237,-0.095,0.088,-0.198
149,6,188.0,51.5,86.33,25.85,7.081,43.167,FP,,,,,,,
149,7,49.08,65.89,23.59,6.748,9.06,11.796,TP,7,0.079,0.057,0.097,0.077,-0.016,0.057
149,8,26.3,75.17,26.17,3.616,10.335,13.083,TP,9,0.282,0.32,0.427,-0.276,-0.061,-0.32
149,9,156.42,77.45,26.32,21.508,10.65,13.16,TP,8,0.561,1.142,1.273,0.306,0.47,-1.142
149,10,117.56,79.27,51.07,16.164,10.9,25.533,TP,10,0.063,0.86,0.862,0.061,-0.017,0.86
149,11,86.04,88.33,31.85,11.831,12.146,15.925,TP,11,0.107,1.338,1.343,0.049,-0.095,-1.338
149,12,85.5,88.5,36.29,11.756,12.169,18.143,FP,,,,,,,
149,13,504.31,100.29,76.35,69.342,13.79,38.176,TP,12,0.429,1.672,1.726,-0.419,0.093,1.672
149,14,200.45,112.93,33.43,27.562,15.528,16.715,TP,13,0.16,2.255,2.26,-0.158,-0.026,-2.255
149,15,67.16,123.51,66.9,9.234,16.982,33.449,TP,14,0.043,0.527,0.529,-0.002,0.043,-0.527
149,16,337.17,139.67,15.54,46.361,19.205,7.771,TP,17,0.027,0.048,0.055,-0.021,-0.018,-0.048
149,17,19.01,189.39,63.55,2.614,26.041,31.777,TP,19,0.065,1.032,1.034,0.059,-0.027,1.032
149,18,244.65,195.43,24.36,33.639,26.872,12.178,TP,20,0.055,1.225,1.226,-0.01,-0.054,-1.225
149,19,352.63,199.19,77.3,48.487,27.389,38.649,TP,22,0.042,2.212,2.212,0.035,0.024,2.212
149,20,352.17,203.57,96.96,48.424,27.99,48.478,FP,,,,,,,
149,21,246.17,208.84,47.76,33.849,28.716,23.878,TP,23,0.124,0.262,0.29,0.124,0.005,0.262
149,22,208.5,218.0,78.0,28.669,29.975,39.0,FP,,,,,,,
149,23,176.75,234.0,51.14,24.303,32.175,25.569,TP,25,0.215,0.353,0.414,-0.138,-0.165,-0.353
149,24,316.3,260.06,46.74,43.491,35.758,23.369,TP,26,0.041,0.067,0.078,0.028,0.03,0.067
149,25,111.45,263.6,60.34,15.325,36.245,30.168,TP,27,0.124,0.433,0.45,0.006,0.124,0.433
149,26,111.43,262.71,64.0,15.321,36.123,32.0,FP,,,,,,,
149,27,340.48,264.59,55.98,46.816,36.382,27.991,TP,28,0.105,1.297,1.301,0.102,0.026,-1.297
149,28,434.28,280.84,57.22,59.713,38.615,28.611,TP,30,0.325,0.287,0.434,0.121,0.302,-0.287
149,29,467.81,287.0,91.65,64.324,39.463,45.824,TP,32,0.336,0.664,0.744,0.29,0.169,0.664
149,30,24.43,302.96,86.01,3.359,41.657,43.004,TP,33,0.101,0.492,0.502,-0.029,0.097,-0.492
149,31,299.73,306.95,55.6,41.213,42.206,27.799,TP,34,0.112,0.666,0.675,-0.001,0.112,-0.666
149,32,182.99,318.24,80.91,25.161,43.758,40.456,TP,35,0.103,1.527,1.53,0.001,0.103,-1.527
149,33,54.67,372.25,70.62,7.517,51.185,35.311,TP,38,0.146,1.519,1.526,-0.145,-0.014,1.519
149,34,279.56,387.0,50.93,38.439,53.213,25.466,TP,42,0.099,0.42,0.432,0.087,0.048,0.42
149,35,92.15,393.31,19.94,12.671,54.08,9.969,TP,41,0.623,1.165,1.321,0.315,0.538,-1.165
149,36,441.87,399.6,29.21,60.756,54.946,14.607,TP,43,0.135,0.093,0.163,-0.01,0.134,-0.093
149,37,143.65,414.83,77.83,19.752,57.04,38.917,TP,44,0.807,1.961,2.121,-0.73,-0.344,-1.961
149,38,155.04,423.03,81.6,21.318,58.167,40.799,FP,,,,,,,
149,39,457.56,448.39,80.91,62.914,61.654,40.454,TP,45,0.058,0.659,0.661,-0.039,-0.043,-0.659
149,40,80.24,452.52,15.91,11.033,62.222,7.954,TP,47,0.315,1.656,1.686,0.08,-0.305,1.656
149,41,76.12,467.74,79.78,10.466,64.314,39.89,TP,48,0.173,1.65,1.66,0.112,0.133,1.65
149,42,444.75,479.82,51.02,61.153,65.975,25.511,TP,49,0.014,0.296,0.296,0.012,-0.007,0.296
149,,,,,39.91,0.685,16.5,FN,0,,,,,,
149,,,,,23.668,4.717,46.44,FN,3,,,,,,
149,,,,,57.869,17.307,25.247,FN,15,,,,,,
149,,,,,15.403,19.22,32.579,FN,16,,,,,,
149,,,,,7.984,26.412,42.668,FN,18,,,,,,
149,,,,,15.976,27.296,43.445,FN,21,,,,,,
149,,,,,36.775,30.322,27.6,FN,24,,,,,,
149,,,,,0.509,37.566,9.112,FN,29,,,,,,
149,,,,,49.401,37.498,26.474,FN,31,,,,,,
149,,,,,38.565,46.409,47.887,FN,36,,,,,,
149,,,,,56.08,49.052,0.5,FN,37,,,,,,
149,,,,,53.276,52.215,31.401,FN,39,,,,,,
149,,,,,19.375,53.165,18.935,FN,40,,,,,,
149,,,,,10.374,61.862,15.5,FN,46,,,,,,
15,0,356.35,25.55,44.1,48.998,3.514,22.051,TP,0,0.238,0.94,0.97,0.099,0.216,0.94
15,1,95.47,39.76,32.66,13.127,5.468,16.332,TP,2,0.214,2.63,2.639,-0.212,-0.03,-2.63
15,2,139.18,55.54,58.9,19.137,7.637,29.448,FP,,,,,,,
15,3,448.03,64.51,92.11,61.604,8.871,46.054,TP,5,0.203,0.036,0.206,0.122,-0.163,0.036
15,4,154.4,69.43,52.92,21.23,9.546,26.461,TP,4,1.111,0.657,1.291,0.76,0.81,-0.657
15,5,258.18,74.89,68.75,35.499,10.297,34.374,TP,6,0.564,1.178,1.306,0.326,0.461,-1.178
15,6,56.73,101.05,49.86,7.8,13.894,24.932,TP,8,0.044,0.075,0.087,-0.018,-0.041,-0.075
15,7,391.3,104.0,0.95,53.804,14.3,0.475,FP,,,,,,,
15,8,21.01,111.94,68.67,2.888,15.392,34.336,TP,10,0.18,1.128,1.142,-0.175,0.044,-1.128
15,9,152.17,119.33,23.95,20.923,16.408,11.974,TP,11,0.507,0.949,1.075,-0.277,-0.424,0.949
15,10,321.82,144.63,26.55,44.25,19.887,13.276,TP,13,0.266,0.011,0.266,-0.034,0.264,0.011
15,11,328.93,155.85,32.14,45.228,21.429,16.069,TP,14,0.425,1.004,1.09,0.187,0.382,1.004
15,12,467.8,163.68,36.23,64.323,22.506,18.113,TP,16,0.302,0.997,1.041,-0.24,-0.182,-0.997
15,13,450.41,164.7,90.98,61.932,22.647,45.492,TP,15,0.441,0.788,0.903,0.356,0.261,-0.788
15,14,394.93,168.71,55.08,54.304,23.198,27.542,TP,17,0.017,0.214,0.215,0.007,0.016,0.214
15,15,56.25,175.75,66.25,7.734,24.166,33.125,FP,,,,,,,
15,16,164.62,182.02,8.98,22.636,25.028,4.49,TP,18,0.493,3.764,3.797,0.469,-0.152,3.764
15,17,169.22,183.33,2.78,23.268,25.208,1.389,FP,,,,,,,
15,18,153.37,202.02,76.98,21.089,27.778,38.491,TP,19,0.089,0.608,0.615,0.039,0.081,0.608
15,19,79.84,204.41,82.92,10.977,28.107,41.459,TP,20,0.032,0.303,0.305,0.0,0.032,0.303
15,20,56.12,209.72,17.36,7.717,28.836,8.682,TP,21,0.067,0.193,0.205,0.067,-0.01,0.193
15,21,13.36,224.16,58.23,1.837,30.822,29.113,TP,22,0.018,2.284,2.284,-0.017,-0.007,2.284
15,22,296.82,228.65,85.02,40.813,31.44,42.511,TP,23,0.081,0.825,0.829,-0.01,0.08,-0.825
15,23,483.17,231.48,56.73,66.436,31.828,28.365,TP,24,0.015,0.054,0.056,-0.013,0.007,0.054
15,24,184.39,287.47,64.59,25.353,39.527,32.296,TP,26,0.073,0.038,0.082,-0.043,0.059,0.038
15,25,42.05,290.81,78.8,5.781,39.987,39.398,TP,28,0.696,0.748,1.022,-0.666,-0.202,-0.748
15,26,469.27,296.32,78.37,64.524,40.745,39.185,TP,27,0.755,0.203,0.782,0.032,-0.754,-0.203
15,27,56.47,305.11,64.68,7.765,41.952,32.342,TP,29,0.799,2.359,2.49,0.021,-0.799,2.359
15,28,58.0,314.87,59.5,7.975,43.295,29.751,FP,,,,,,,
15,29,455.39,319.19,81.74,62.616,43.888,40.868,TP,30,0.213,0.037,0.216,0.042,0.209,0.037
15,30,97.28,329.4,15.96,13.376,45.292,7.981,TP,31,0.134,0.312,0.34,0.106,-0.081,0.312
15,31,372.98,340.45,20.31,51.285,46.812,10.153,TP,32,0.084,0.123,0.149,-0.057,-0.062,-0.123
15,32,139.24,390.62,83.11,19.146,53.711,41.556,TP,37,0.194,3.207,3.213,-0.172,0.089,3.207
15,33,196.29,395.51,51.69,26.99,54.383,25.846,TP,38,0.157,1.648,1.655,-0.156,-0.02,-1.648
15,34,266.25,398.16,68.99,36.609,54.747,34.493,TP,39,0.118,2.32,2.323,-0.061,0.101,2.32
15,35,427.5,417.62,57.73,58.781,57.422,28.865,TP,40,0.077,0.203,0.217,-0.066,0.04,-0.203
15,36,109.43,421.97,34.21,15.047,58.021,17.106,TP,42,0.092,1.647,1.649,0.079,-0.046,-1.647
15,37,34.98,425.37,7.44,4.81,58.489,3.721,TP,43,0.18,0.229,0.291,0.068,0.166,-0.229
15,38,194.63,457.89,55.6,26.762,62.96,27.799,TP,45,0.177,0.554,0.581,-0.168,0.056,0.554
15,39,55.23,486.97,78.62,7.594,66.958,39.31,TP,47,0.145,0.427,0.451,0.03,0.142,-0.427
15,40,207.5,497.0,0.0,28.531,68.338,0.0,FP,,,,,,,
15,,,,,2.408,6.033,26.125,FN,1,,,,,,
15,,,,,22.734,6.712,46.318,FN,3,,,,,,
15,,,,,54.255,13.911,5.275,FN,7,,,,,,
15,,,,,28.275,15.48,48.757,FN,9,,,,,,
15,,,,,64.93,18.892,20.879,FN,12,,,,,,
15,,,,,35.853,35.653,48.867,FN,25,,,,,,
15,,,,,17.179,48.908,10.955,FN,33,,,,,,
15,,,,,22.63,50.157,16.718,FN,34,,,,,,
15,,,,,1.151,52.62,40.285,FN,35,,,,,,
15,,,,,1.345,52.346,1.934,FN,36,,,,,,
15,,,,,29.562,57.956,1.0,FN,41,,,,,,
15,,,,,23.671,63.212,9.402,FN,44,,,,,,
15,,,,,29.133,66.892,11.411,FN,46,,,,,,
15,,,,,27.815,68.048,6.5,FN,48,,,,,,
151,0,292.16,32.84,25.4,40.171,4.515,12.7,TP,0,0.11,0.418,0.432,-0.092,-0.06,-0.418
151,1,32.54,32.72,18.93,4.474,4.499,9.467,FP,,,,,,,
151,2,32.29,36.73,33.18,4.441,5.05,16.592,TP,2,0.346,0.527,0.63,0.319,0.134,0.527
151,3,133.91,62.73,80.77,18.412,8.625,40.386,TP,4,0.315,1.103,1.147,0.302,-0.089,-1.103
151,4,207.83,64.79,10.89,28.577,8.908,5.445,TP,5,0.157,0.636,0.655,-0.057,0.147,-0.636
151,5,197.79,90.47,75.57,27.196,12.439,37.787,TP,6,0.094,3.287,3.289,0.082,0.047,3.287
151,6,409.68,107.74,36.98,56.33,14.815,18.491,TP,7,0.061,0.0,0.061,-0.06,-0.01,0.0
151,7,133.96,132.44,54.74,18.42,18.211,27.37,TP,10,0.107,0.278,0.298,0.02,-0.105,-0.278
151,8,199.66,170.49,62.86,27.453,23.442,31.43,TP,13,0.183,0.32,0.369,0.019,0.182,0.32
151,9,122.53,182.34,85.19,16.847,25.071,42.595,FP,,,,,,,
151,10,364.99,198.93,59.11,50.186,27.354,29.554,TP,16,0.032,0.025,0.04,-0.018,0.026,-0.025
151,11,457.42,203.06,78.78,62.895,27.921,39.388,TP,17,0.078,1.637,1.639,0.023,0.075,-1.637
151,12,283.94,210.12,86.76,39.042,28.891,43.381,TP,18,0.116,0.361,0.379,0.041,0.108,-0.361
151,13,42.55,225.06,88.6,5.851,30.946,44.301,TP,20,0.059,0.825,0.827,0.059,-0.004,0.825
151,14,309.34,227.1,0.45,42.535,31.227,0.224,TP,21,0.379,4.378,4.394,0.346,-0.154,-4.378
151,15,301.3,226.97,12.57,41.428,31.209,6.284,FP,,,,,,,
151,16,442.47,230.75,31.15,60.84,31.729,15.575,TP,22,0.28,3.075,3.088,-0.141,0.241,3.075
151,17,357.8,250.45,75.27,49.198,34.437,37.637,TP,25,0.177,0.562,0.589,-0.065,-0.164,-0.562
151,18,296.78,282.03,2.05,40.807,38.78,1.024,TP,26,0.403,1.76,1.805,-0.403,-0.013,-1.76
151,19,33.05,288.0,75.26,4.545,39.6,37.632,FP,,,,,,,
151,20,477.06,300.41,80.7,65.595,41.307,40.35,TP,28,0.152,2.117,2.123,-0.075,0.132,2.117
151,21,502.42,301.06,40.42,69.083,41.396,20.209,TP,30,0.025,1.346,1.346,-0.024,0.006,1.346
151,22,9.08,303.08,2.08,1.249,41.674,1.042,TP,29,0.326,3.958,3.972,-0.306,0.115,-3.958
151,23,239.88,307.75,45.47,32.984,42.315,22.737,TP,31,0.015,0.066,0.068,0.012,-0.009,0.066
151,24,452.82,320.97,20.53,62.263,44.134,10.265,TP,33,0.181,0.031,0.184,-0.161,0.083,-0.031
151,25,374.87,330.15,25.77,51.545,45.396,12.887,TP,34,0.192,0.98,0.998,0.175,0.079,-0.98
151,26,191.12,334.53,69.46,26.279,45.997,34.729,TP,35,0.227,0.581,0.624,-0.041,0.223,0.581
151,27,98.82,336.69,3.78,13.588,46.295,1.889,TP,36,0.208,0.224,0.306,-0.206,-0.028,-0.224
151,28,119.16,343.66,22.24,16.384,47.253,11.118,TP,38,0.257,0.389,0.466,-0.171,-0.192,0.389
151,29,457.09,343.89,82.81,62.85,47.285,41.407,TP,39,0.52,3.062,3.106,0.063,-0.517,-3.062
151,30,378.91,344.26,77.91,52.1,47.336,38.956,FP,,,,,,,
151,31,488.74,360.23,2.6,67.202,49.531,1.302,TP,40,0.384,1.713,1.756,0.364,0.123,-1.713
151,32,357.89,388.25,14.64,49.21,53.385,7.321,TP,41,0.305,1.56,1.59,0.258,0.162,1.56
151,33,130.47,409.55,47.21,17.94,56.313,23.607,TP,43,0.06,0.211,0.22,-0.06,0.003,0.211
151,34,307.36,426.86,81.46,42.262,58.693,40.73,TP,44,0.12,0.924,0.932,-0.106,0.056,-0.924
151,35,120.41,445.25,37.08,16.556,61.222,18.541,TP,46,0.053,0.801,0.803,-0.041,-0.034,0.801
151,36,277.82,451.97,69.34,38.2,62.146,34.668,TP,45,0.235,2.125,2.138,0.121,0.201,2.125
151,37,300.13,458.37,7.92,41.268,63.025,3.959,TP,47,0.105,0.989,0.995,-0.072,0.076,-0.989
151,38,154.32,461.29,55.04,21.219,63.427,27.521,TP,48,0.02,0.055,0.058,0.02,-0.004,0.055
151,39,146.81,502.58,1.04,20.186,69.104,0.519,TP,49,0.196,1.042,1.06,-0.171,-0.095,-1.042
151,,,,,34.479,5.484,3.84,FN,1,,,,,,
151,,,,,20.933,7.935,48.5,FN,3,,,,,,
151,,,,,20.119,16.757,47.864,FN,8,,,,,,
151,,,,,28.49,17.272,43.971,FN,9,,,,,,
151,,,,,24.71,18.536,0.644,FN,11,,,,,,
151,,,,,35.516,20.249,10.303,FN,12,,,,,,
151,,,,,35.399,24.419,40.243,FN,14,,,,,,
151,,,,,17.287,25.104,36.09,FN,15,,,,,,
151,,,,,12.424,29.833,30.995,FN,19,,,,,,
151,,,,,36.248,31.757,33.539,FN,23,,,,,,
151,,,,,39.718,34.059,12.238,FN,24,,,,,,
151,,,,,4.814,39.33,31.577,FN,27,,,,,,
151,,,,,4.694,43.42,0.746,FN,32,,,,,,
151,,,,,52.576,47.203,24.926,FN,37,,,,,,
151,,,,,27.013,56.438,42.836,FN,42,,,,,,
154,0,445.41,5.52,15.49,61.243,0.76,7.743,TP,1,0.222,1.661,1.675,0.217,-0.043,-1.661
154,1,316.76,17.19,70.94,43.555,2.363,35.47,TP,4,0.141,0.75,0.763,-0.105,0.094,0.75
154,2,230.0,18.57,34.62,31.626,2.553,17.31,TP,5,0.142,0.547,0.565,-0.014,0.142,0.547
154,3,426.72,59.52,22.61,58.674,8.184,11.303,TP,6,0.16,0.011,0.16,-0.14,0.078,0.011
154,4,320.74,58.85,17.15,44.101,8.092,8.574,TP,7,0.146,0.793,0.807,0.119,0.084,-0.793
154,5,378.16,63.41,79.89,51.997,8.72,39.947,TP,8,0.497,4.639,4.665,0.201,-0.454,4.639
154,6,377.11,67.33,64.0,51.853,9.258,32.0,FP,,,,,,,
154,7,165.5,76.48,54.76,22.756,10.516,27.382,TP,10,0.057,0.618,0.621,0.038,0.042,-0.618
154,8,375.09,80.5,4.08,51.574,11.068,2.039,TP,9,0.267,0.894,0.933,0.038,-0.265,0.894
154,9,203.06,87.73,52.79,27.92,12.063,26.393,TP,11,0.05,0.396,0.399,-0.045,-0.021,-0.396
154,10,9.5,94.15,51.4,1.307,12.946,25.701,TP,12,0.111,0.051,0.122,-0.107,-0.027,-0.051
154,11,367.63,128.18,87.25,50.549,17.625,43.623,TP,13,0.189,0.181,0.262,0.179,-0.062,-0.181
154,12,484.95,137.35,73.12,66.681,18.886,36.558,TP,14,0.212,0.01,0.212,0.133,0.164,0.01
154,13,114.97,138.05,45.77,15.809,18.982,22.886,TP,15,0.257,0.306,0.399,0.245,0.076,0.306
154,14,389.23,151.08,31.46,53.519,20.773,15.731,TP,16,0.24,0.769,0.806,0.086,0.225,-0.769
154,15,50.91,193.75,40.02,7.0,26.641,20.009,TP,19,0.023,0.473,0.474,0.016,0.016,0.473
154,16,98.03,198.49,82.37,13.48,27.292,41.183,TP,20,0.142,2.44,2.444,-0.121,-0.075,2.44
154,17,87.95,206.9,19.73,12.094,28.449,9.864,TP,21,0.257,0.556,0.613,-0.024,0.256,0.556
154,18,136.34,218.15,81.34,18.746,29.996,40.668,TP,23,0.048,0.382,0.385,-0.012,0.046,-0.382
154,19,322.91,218.21,34.27,44.4,30.004,17.137,TP,22,0.047,0.53,0.533,0.011,-0.045,0.53
154,20,164.03,242.37,34.59,22.554,33.326,17.294,TP,24,0.063,0.174,0.185,0.046,0.042,-0.174
154,21,290.75,250.75,16.4,39.978,34.478,8.202,TP,25,0.528,1.378,1.476,-0.295,-0.438,1.378
154,22,390.0,251.83,27.51,53.625,34.626,13.755,TP,26,0.072,0.125,0.144,0.069,0.02,0.125
154,23,385.25,253.75,11.25,52.972,34.891,5.625,FP,,,,,,,
154,24,336.13,278.77,83.05,46.218,38.331,41.526,TP,27,0.424,0.428,0.603,-0.279,-0.319,0.428
154,25,295.45,286.82,33.77,40.625,39.438,16.884,TP,29,0.364,0.549,0.659,-0.282,-0.23,-0.549
154,26,234.11,320.39,78.85,32.19,44.054,39.426,TP,31,0.036,0.189,0.192,-0.035,-0.003,-0.189
154,27,247.97,339.82,15.87,34.095,46.725,7.933,TP,32,0.176,0.277,0.328,-0.168,-0.05,-0.277
154,28,424.17,379.02,71.77,58.323,52.116,35.887,TP,34,0.196,1.117,1.134,-0.083,-0.177,1.117
154,29,215.53,380.21,52.95,29.635,52.279,26.473,TP,33,0.067,2.24,2.241,0.007,0.067,-2.24
154,30,427.82,385.77,71.48,58.825,53.044,35.738,FP,,,,,,,
154,31,79.82,406.5,61.27,10.976,55.894,30.635,TP,35,0.088,0.125,0.152,-0.014,0.087,0.125
154,32,79.0,406.0,97.0,10.863,55.825,48.5,FP,,,,,,,
154,33,414.22,417.74,66.96,56.955,57.439,33.478,TP,37,0.081,0.849,0.853,0.009,-0.081,-0.849
154,34,227.7,430.75,74.03,31.309,59.228,37.015,TP,40,0.179,2.091,2.099,-0.156,-0.088,2.091
154,35,20.81,428.06,55.17,2.861,58.859,27.587,TP,39,0.022,0.608,0.608,0.021,-0.006,-0.608
154,36,463.39,436.99,79.36,63.716,60.087,39.678,TP,38,0.251,0.809,0.847,0.183,0.171,-0.809
154,37,435.43,436.64,71.23,59.871,60.038,35.613,TP,41,0.148,1.723,1.73,-0.131,-0.068,1.723
154,38,281.99,457.99,40.65,38.774,62.973,20.326,TP,42,0.033,0.363,0.365,-0.031,-0.011,0.363
154,39,62.42,471.14,25.1,8.583,64.781,12.552,TP,43,0.287,0.293,0.41,0.076,0.277,-0.293
154,40,57.33,471.0,10.67,7.883,64.763,5.333,FP,,,,,,,
154,41,57.58,486.23,47.18,7.918,66.857,23.589,TP,45,0.099,0.535,0.544,0.036,-0.092,-0.535
154,42,297.02,482.02,60.06,40.841,66.278,30.03,TP,44,0.135,0.497,0.515,0.133,0.024,0.497
154,43,168.98,489.8,55.42,23.234,67.347,27.709,TP,46,0.142,0.591,0.608,-0.01,0.142,-0.591
154,44,214.72,495.58,31.44,29.524,68.142,15.721,TP,47,0.079,0.703,0.707,-0.057,0.054,-0.703
154,,,,,56.145,0.534,32.257,FN,0,,,,,,
154,,,,,6.247,1.977,2.461,FN,2,,,,,,
154,,,,,28.522,1.998,0.585,FN,3,,,,,,
154,,,,,46.186,21.346,48.234,FN,17,,,,,,
154,,,,,7.201,25.305,29.604,FN,18,,,,,,
154,,,,,28.285,38.132,45.98,FN,28,,,,,,
154,,,,,53.386,38.998,46.782,FN,30,,,,,,
154,,,,,12.17,56.829,47.892,FN,36,,,,,,
154,,,,,51.567,69.101,0.533,FN,48,,,,,,
161,0,120.55,47.96,91.56,16.575,6.595,45.782,FP,,,,,,,
161,1,152.64,48.64,82.45,20.988,6.688,41.227,FP,,,,,,,
161,2,427.41,53.92,89.33,58.769,7.414,44.664,TP,3,0.078,0.54,0.545,0.016,-0.076,-0.54
161,3,234.15,63.2,83.09,32.196,8.69,41.545,TP,4,0.038,1.824,1.824,0.031,-0.022,1.824
161,4,142.64,78.18,51.1,19.613,10.75,25.549,TP,6,0.087,0.291,0.304,-0.071,0.05,0.291
161,5,433.04,79.6,71.28,59.543,10.945,35.638,TP,5,0.069,0.072,0.1,-0.013,0.068,0.072
161,6,264.44,118.02,24.95,36.36,16.228,12.476,TP,7,0.753,1.024,1.271,-0.736,-0.161,-1.024
161,7,308.07,149.55,3.2,42.359,20.563,1.602,TP,8,0.279,0.889,0.932,0.088,0.265,-0.889
161,8,222.72,161.61,5.32,30.625,22.221,2.662,TP,10,0.079,0.364,0.372,0.075,-0.026,-0.364
161,9,456.91,163.78,11.61,62.825,22.519,5.807,TP,11,0.065,0.119,0.135,-0.052,0.039,-0.119
161,10,33.93,170.72,55.78,4.666,23.474,27.891,TP,12,0.055,0.077,0.094,-0.044,0.033,-0.077
161,11,67.39,194.07,91.74,9.266,26.685,45.868,TP,13,0.131,0.506,0.523,-0.002,-0.131,-0.506
161,12,141.17,214.21,67.53,19.411,29.454,33.767,TP,15,0.327,0.22,0.394,0.298,0.134,-0.22
161,13,338.91,232.86,42.3,46.6,32.019,21.148,TP,16,0.306,0.359,0.472,-0.179,-0.248,-0.359
161,14,376.16,232.64,89.45,51.722,31.988,44.724,TP,17,0.205,0.791,0.817,0.149,0.14,-0.791
161,15,244.28,295.95,69.01,33.589,40.693,34.506,TP,21,0.084,0.136,0.16,-0.015,0.083,0.136
161,16,489.66,298.89,12.69,67.329,41.098,6.346,TP,22,0.053,0.434,0.437,-0.015,0.051,-0.434
161,17,185.09,317.26,30.77,25.45,43.623,15.384,TP,24,0.455,0.749,0.876,-0.436,0.129,-0.749
161,18,4.16,325.93,30.13,0.571,44.816,15.067,TP,25,0.425,3.315,3.342,-0.335,0.261,-3.315
161,19,23.35,331.61,26.79,3.21,45.596,13.397,TP,27,0.045,1.121,1.122,-0.001,0.045,-1.121
161,20,178.93,337.48,8.09,24.603,46.403,4.043,TP,28,0.09,0.933,0.937,-0.07,-0.057,0.933
161,21,416.74,345.66,22.61,57.301,47.528,11.307,TP,29,0.209,4.101,4.106,-0.086,0.191,-4.101
161,22,123.48,348.75,57.38,16.978,47.953,28.692,TP,30,0.083,0.287,0.299,-0.012,0.083,-0.287
161,23,428.96,371.43,90.3,58.982,51.072,45.149,TP,32,0.426,1.612,1.668,0.141,0.402,1.612
161,24,277.97,373.37,13.45,38.221,51.338,6.724,TP,31,0.326,0.892,0.949,-0.097,-0.311,0.892
161,25,225.0,379.67,96.33,30.938,52.204,48.167,FP,,,,,,,
161,26,224.62,390.02,86.53,30.885,53.628,43.264,FP,,,,,,,
161,27,225.5,392.0,67.0,31.006,53.9,33.5,TP,33,0.235,1.747,1.763,0.015,0.235,-1.747
161,28,399.99,400.57,26.12,54.999,55.079,13.059,TP,36,0.755,0.622,0.978,-0.545,-0.523,-0.622
161,29,76.25,411.04,56.12,10.485,56.518,28.06,TP,38,0.063,0.253,0.26,0.052,-0.036,-0.253
161,30,480.43,438.96,61.73,66.059,60.357,30.864,TP,41,0.145,0.742,0.756,-0.097,0.108,-0.742
161,31,46.04,463.9,51.42,6.33,63.787,25.711,TP,42,0.144,1.455,1.462,-0.047,0.136,1.455
161,32,357.65,470.43,80.05,49.177,64.684,40.024,TP,43,0.195,1.609,1.621,-0.195,0.012,1.609
161,33,380.38,473.95,78.41,52.302,65.168,39.205,TP,45,0.311,3.147,3.162,-0.277,-0.142,-3.147
161,34,80.02,500.49,15.4,11.003,68.817,7.7,TP,48,0.198,1.666,1.678,0.028,0.196,-1.666
161,35,287.55,501.14,48.76,39.538,68.906,24.379,TP,49,0.044,0.951,0.952,0.037,0.025,0.951
161,36,77.94,506.67,2.56,10.717,69.667,1.278,FP,,,,,,,
161,,,,,19.313,1.56,16.658,FN,0,,,,,,
161,,,,,23.804,3.846,28.75,FN,1,,,,,,
161,,,,,19.287,6.064,0.974,FN,2,,,,,,
161,,,,,1.083,19.944,46.151,FN,9,,,,,,
161,,,,,36.246,27.352,23.953,FN,14,,,,,,
161,,,,,69.899,34.072,26.367,FN,18,,,,,,
161,,,,,32.88,39.293,48.24,FN,19,,,,,,
161,,,,,59.12,39.87,33.0,FN,20,,,,,,
161,,,,,60.985,42.928,12.169,FN,23,,,,,,
161,,,,,21.344,45.609,16.079,FN,26,,,,,,
161,,,,,43.04,54.315,2.596,FN,34,,,,,,
161,,,,,42.242,54.195,37.399,FN,35,,,,,,
161,,,,,39.667,55.677,18.0,FN,37,,,,,,
161,,,,,36.706,57.094,46.506,FN,39,,,,,,
161,,,,,65.903,60.528,27.5,FN,40,,,,,,
161,,,,,37.851,65.18,45.237,FN,44,,,,,,
161,,,,,21.978,67.841,32.556,FN,46,,,,,,
161,,,,,20.398,69.268,42.299,FN,47,,,,,,
195,0,286.33,5.38,82.89,39.37,0.74,41.443,FP,,,,,,,
195,1,358.39,6.48,78.02,49.279,0.89,39.012,TP,1,0.134,1.268,1.275,0.003,0.134,1.268
195,2,158.49,61.67,47.26,21.792,8.48,23.628,TP,6,0.334,0.251,0.417,0.329,0.055,-0.251
195,3,241.62,58.35,34.73,33.222,8.023,17.365,TP,4,0.47,0.264,0.539,0.366,0.296,-0.264
195,4,228.21,61.57,10.58,31.378,8.466,5.291,TP,5,0.04,1.228,1.228,-0.032,-0.024,-1.228
195,5,277.77,81.28,47.05,38.193,11.176,23.527,TP,7,0.134,0.669,0.682,0.134,0.008,-0.669
195,6,500.25,85.19,91.45,68.784,11.713,45.725,TP,8,0.252,0.22,0.334,-0.018,0.251,-0.22
195,7,335.19,100.63,26.28,46.089,13.836,13.14,TP,9,0.027,0.054,0.061,-0.011,-0.025,-0.054
195,8,260.5,120.75,76.25,35.819,16.603,38.125,TP,10,0.588,0.066,0.592,-0.283,-0.516,0.066
195,9,153.53,142.11,53.52,21.11,19.54,26.758,TP,11,0.033,0.478,0.48,-0.032,0.009,-0.478
195,10,114.25,159.97,61.15,15.71,21.996,30.575,TP,12,0.071,1.619,1.62,0.07,-0.014,-1.619
195,11,80.37,185.4,61.12,11.052,25.493,30.559,TP,13,0.177,0.858,0.876,0.176,0.019,-0.858
195,12,17.71,186.84,52.11,2.435,25.691,26.057,TP,15,0.101,0.488,0.498,-0.09,-0.046,0.488
195,13,412.09,187.38,44.76,56.663,25.765,22.382,TP,14,0.084,0.038,0.092,0.033,0.077,-0.038
195,14,437.69,194.51,46.74,60.182,26.746,23.368,TP,16,0.094,0.077,0.121,0.054,0.076,-0.077
195,15,232.34,203.13,68.16,31.947,27.931,34.079,FP,,,,,,,
195,16,287.52,226.05,78.59,39.534,31.082,39.295,TP,18,0.166,2.269,2.275,-0.166,-0.014,2.269
195,17,207.94,229.29,57.98,28.591,31.528,28.99,TP,19,0.145,0.212,0.257,-0.097,0.108,-0.212
195,18,411.57,272.64,53.01,56.591,37.488,26.504,TP,23,0.053,0.057,0.078,0.042,0.033,0.057
195,19,159.11,273.62,59.69,21.878,37.623,29.844,TP,24,0.41,0.205,0.458,-0.394,-0.113,0.205
195,20,235.16,325.23,8.17,32.334,44.719,4.086,TP,25,0.17,0.474,0.504,-0.16,0.058,-0.474
195,21,396.9,336.09,5.84,54.574,46.212,2.921,TP,26,0.242,1.049,1.076,-0.218,-0.105,-1.049
195,22,303.73,343.5,68.27,41.763,47.231,34.137,TP,28,0.24,1.146,1.171,-0.131,0.201,1.146
195,23,397.5,337.36,90.55,54.656,46.388,45.273,FP,,,,,,,
195,24,266.74,342.91,24.26,36.676,47.151,12.132,TP,27,0.089,0.374,0.385,0.081,-0.038,-0.374
195,25,185.88,347.72,74.32,25.558,47.811,37.162,TP,29,0.218,2.851,2.859,0.116,0.184,2.851
195,26,427.77,355.63,19.79,58.818,48.899,9.895,TP,31,0.038,0.78,0.781,-0.029,0.025,-0.78
195,27,338.2,373.24,7.16,46.503,51.321,3.582,TP,35,0.526,0.576,0.78,0.486,0.2,-0.576
195,28,249.15,386.32,81.17,34.258,53.119,40.585,FP,,,,,,,
195,29,154.51,417.61,46.54,21.245,57.421,23.268,TP,38,0.162,1.692,1.699,0.157,0.036,1.692
195,30,419.57,419.28,36.46,57.691,57.651,18.228,TP,39,0.175,0.511,0.54,-0.168,0.048,-0.511
195,31,508.12,412.51,45.18,69.867,56.721,22.592,TP,37,0.117,3.398,3.4,-0.113,0.031,3.398
195,32,164.88,416.18,50.72,22.671,57.225,25.361,TP,40,0.071,0.16,0.175,0.07,-0.012,0.16
195,33,296.56,423.63,81.86,40.776,58.249,40.93,TP,36,0.467,0.388,0.607,0.087,0.459,-0.388
195,34,263.46,421.7,66.76,36.226,57.984,33.379,TP,41,0.432,0.103,0.444,0.43,-0.035,-0.103
195,35,376.22,437.08,89.14,51.731,60.099,44.571,TP,42,0.362,0.838,0.913,-0.335,0.138,0.838
195,36,98.4,448.2,12.52,13.529,61.628,6.261,TP,45,0.113,0.061,0.129,0.09,0.069,-0.061
195,37,445.15,449.87,0.97,61.209,61.857,0.487,TP,43,0.491,1.105,1.209,0.265,0.414,-1.105
195,38,23.41,458.35,28.46,3.219,63.024,14.232,TP,46,0.149,0.506,0.527,-0.041,0.143,-0.506
195,39,199.16,467.04,68.46,27.385,64.218,34.23,TP,47,0.167,2.083,2.09,0.002,0.167,2.083
195,40,136.93,498.33,75.16,18.827,68.521,37.578,TP,48,0.213,0.066,0.223,0.089,0.194,-0.066
195,,,,,39.452,1.178,34.683,FN,0,,,,,,
195,,,,,37.645,2.437,28.857,FN,2,,,,,,
195,,,,,33.251,2.61,35.742,FN,3,,,,,,
195,,,,,32.083,29.308,6.795,FN,17,,,,,,
195,,,,,15.044,34.449,48.5,FN,20,,,,,,
195,,,,,34.009,33.764,41.814,FN,21,,,,,,
195,,,,,24.529,34.364,46.0,FN,22,,,,,,
195,,,,,38.304,49.628,45.534,FN,30,,,,,,
195,,,,,39.083,49.412,9.239,FN,32,,,,,,
195,,,,,25.957,50.938,2.482,FN,33,,,,,,
195,,,,,62.141,51.743,48.354,FN,34,,,,,,
195,,,,,40.118,61.073,47.622,FN,44,,,,,,
196,0,440.72,10.34,87.28,60.598,1.422,43.642,TP,3,0.089,0.429,0.438,0.006,-0.089,-0.429
196,1,466.82,24.54,77.72,64.187,3.374,38.86,TP,4,0.095,0.372,0.384,0.04,-0.086,-0.372
196,2,251.01,45.65,24.82,34.514,6.277,12.412,TP,5,0.1,0.425,0.437,-0.083,-0.056,0.425
196,3,194.61,53.9,43.65,26.759,7.411,21.826,TP,6,0.028,0.374,0.375,0.019,-0.021,0.374
196,4,430.67,86.44,49.22,59.217,11.886,24.611,TP,9,0.187,0.463,0.499,0.187,0.007,0.463
196,5,397.75,91.98,82.32,54.69,12.647,41.162,TP,10,0.047,1.662,1.663,-0.024,-0.04,1.662
196,6,256.88,104.17,90.5,35.321,14.323,45.25,TP,12,0.303,0.812,0.867,0.245,0.178,0.812
196,7,403.64,103.23,41.41,55.501,14.194,20.705,TP,13,0.082,0.462,0.469,-0.004,0.082,0.462
196,8,401.0,102.0,94.0,55.138,14.025,47.0,FP,,,,,,,
196,9,473.17,118.46,69.15,65.061,16.288,34.577,TP,15,0.13,0.01,0.13,-0.075,0.106,-0.01
196,10,476.0,129.0,95.0,65.45,17.738,47.5,FP,,,,,,,
196,11,480.0,131.0,95.0,66.0,18.013,47.5,FP,,,,,,,
196,12,57.01,147.95,26.82,7.839,20.342,13.412,TP,16,0.197,0.588,0.62,-0.019,-0.197,-0.588
196,13,32.3,170.27,26.53,4.442,23.413,13.265,TP,17,0.283,0.021,0.284,0.22,-0.178,0.021
196,14,179.7,174.64,14.86,24.709,24.013,7.431,TP,18,0.034,0.884,0.885,0.032,0.013,-0.884
196,15,441.14,185.63,11.09,60.657,25.524,5.544,TP,19,0.082,0.94,0.944,-0.02,-0.08,0.94
196,16,49.82,204.73,66.77,6.851,28.15,33.387,TP,20,0.191,0.739,0.763,0.135,0.134,0.739
196,17,49.0,203.5,61.0,6.738,27.981,30.5,FP,,,,,,,
196,18,492.49,209.0,34.85,67.718,28.738,17.424,TP,21,0.231,0.241,0.334,0.208,0.1,-0.241
196,19,243.09,223.18,8.1,33.425,30.688,4.048,TP,23,0.358,2.169,2.198,0.279,-0.224,2.169
196,20,218.49,221.96,33.88,30.042,30.519,16.94,TP,22,0.076,1.816,1.817,0.076,0.002,-1.816
196,21,377.27,224.46,64.25,51.875,30.863,32.127,TP,24,0.236,0.484,0.539,0.229,-0.058,-0.484
196,22,240.97,224.45,93.85,33.133,30.863,46.924,FP,,,,,,,
196,23,308.5,226.92,40.05,42.419,31.201,20.027,TP,25,0.432,1.52,1.58,-0.43,0.042,-1.52
196,24,424.68,236.37,31.59,58.394,32.501,15.793,TP,27,0.031,0.308,0.309,-0.022,0.022,0.308
196,25,211.1,258.59,77.52,29.027,35.556,38.759,TP,29,0.811,2.017,2.174,-0.781,-0.218,-2.017
196,26,80.0,272.5,91.0,11.0,37.469,45.5,TP,32,0.815,0.233,0.847,0.331,0.744,-0.233
196,27,221.76,285.9,78.58,30.493,39.312,39.291,TP,33,0.786,0.731,1.074,0.535,0.577,-0.731
196,28,265.61,303.36,20.99,36.522,41.712,10.493,TP,34,0.626,0.359,0.721,0.299,0.55,0.359
196,29,121.68,300.44,6.79,16.732,41.31,3.395,TP,36,0.404,1.911,1.953,-0.392,-0.101,1.911
196,30,130.29,302.1,14.95,17.915,41.539,7.476,FP,,,,,,,
196,31,408.92,309.06,62.15,56.227,42.496,31.074,TP,37,0.147,1.443,1.45,0.136,0.057,-1.443
196,32,100.91,331.53,17.87,13.875,45.585,8.935,TP,38,0.033,0.89,0.891,0.031,-0.012,-0.89
196,33,109.57,343.02,79.09,15.067,47.165,39.546,TP,39,0.245,0.209,0.322,0.075,0.234,0.209
196,34,13.01,358.6,68.93,1.788,49.307,34.466,TP,40,0.2,0.511,0.548,0.135,0.148,-0.511
196,35,290.9,389.4,5.62,39.999,53.543,2.808,TP,41,0.099,1.546,1.549,-0.098,0.011,-1.546
196,36,314.84,405.49,20.53,43.291,55.755,10.267,TP,42,0.244,0.525,0.579,0.064,0.235,-0.525
196,37,460.01,433.91,68.35,63.252,59.663,34.173,TP,43,0.145,1.232,1.241,-0.068,0.129,1.232
196,38,395.12,443.55,76.95,54.33,60.988,38.473,TP,44,0.308,2.236,2.257,-0.209,-0.226,2.236
196,39,201.48,447.14,52.17,27.704,61.482,26.086,TP,45,0.076,0.086,0.115,-0.002,0.076,0.086
196,40,379.91,475.8,24.12,52.238,65.423,12.061,TP,46,0.007,1.683,1.683,0.004,0.005,-1.683
196,41,182.82,481.7,76.03,25.137,66.234,38.013,TP,48,0.146,0.513,0.533,0.145,-0.021,0.513
196,42,83.3,505.07,56.46,11.454,69.447,28.23,TP,49,0.279,2.205,2.222,-0.04,-0.276,2.205
196,,,,,4.907,0.729,4.309,FN,0,,,,,,
196,,,,,49.802,0.408,40.733,FN,1,,,,,,
196,,,,,52.531,1.316,21.731,FN,2,,,,,,
196,,,,,33.402,10.954,9.126,FN,7,,,,,,
196,,,,,34.429,11.904,48.442,FN,8,,,,,,
196,,,,,59.986,15.424,47.357,FN,11,,,,,,
196,,,,,27.446,14.591,43.138,FN,14,,,,,,
196,,,,,2.38,31.501,48.27,FN,26,,,,,,
196,,,,,28.309,34.351,24.766,FN,28,,,,,,
196,,,,,53.038,35.605,4.863,FN,30,,,,,,
196,,,,,53.439,35.884,33.377,FN,31,,,,,,
196,,,,,4.072,40.456,44.75,FN,35,,,,,,
196,,,,,70.162,66.371,28.0,FN,47,,,,,,
21,0,342.61,24.34,13.71,47.109,3.346,6.857,TP,0,0.046,0.491,0.493,0.046,0.006,0.491
21,1,200.86,29.18,33.78,27.619,4.012,16.89,TP,1,0.09,1.763,1.765,-0.057,-0.069,-1.763
21,2,86.49,48.63,85.39,11.892,6.687,42.697,TP,2,0.199,2.031,2.04,0.179,0.086,-2.031
21,3,26.73,79.75,53.54,3.675,10.965,26.772,TP,4,0.101,0.046,0.111,0.064,0.077,-0.046
21,4,227.92,102.71,79.27,31.339,14.122,39.634,TP,5,0.052,1.187,1.188,0.043,0.028,1.187
21,5,114.83,110.35,26.31,15.789,15.173,13.155,TP,6,0.445,1.345,1.416,0.339,0.288,-1.345
21,6,443.36,109.17,35.85,60.963,15.011,17.925,TP,7,0.328,0.105,0.344,0.325,-0.043,-0.105
21,7,405.48,114.85,80.18,55.753,15.792,40.092,TP,8,0.078,0.411,0.419,0.044,-0.064,-0.411
21,8,57.32,133.23,81.89,7.882,18.319,40.944,TP,9,0.374,1.909,1.946,0.026,0.373,1.909
21,9,250.86,152.29,66.66,34.493,20.94,33.328,TP,10,0.116,0.513,0.526,0.115,0.01,-0.513
21,10,141.02,157.23,21.91,19.391,21.62,10.957,TP,11,0.213,0.034,0.216,-0.182,-0.111,-0.034
21,11,267.33,155.49,18.31,36.757,21.381,9.153,TP,12,0.119,1.887,1.89,-0.077,-0.091,-1.887
21,12,337.21,160.62,75.73,46.366,22.086,37.864,TP,13,0.094,0.234,0.252,-0.039,0.086,0.234
21,13,183.82,181.87,31.99,25.275,25.007,15.995,TP,16,0.866,0.579,1.041,0.301,-0.811,0.579
21,14,413.33,181.79,6.03,56.833,24.996,3.015,TP,15,0.394,2.156,2.191,0.263,0.294,2.156
21,15,205.54,195.92,34.6,28.262,26.938,17.301,TP,17,0.292,0.737,0.792,0.077,0.281,0.737
21,16,367.99,196.89,15.98,50.599,27.073,7.992,TP,18,0.147,0.588,0.606,-0.145,0.028,-0.588
21,17,502.34,212.52,24.81,69.072,29.222,12.405,TP,20,0.055,2.077,2.078,0.032,-0.045,-2.077
21,18,314.95,219.87,26.71,43.305,30.232,13.353,TP,19,0.191,0.34,0.39,0.042,0.187,0.34
21,19,491.44,216.42,49.56,67.572,29.758,24.779,TP,21,0.743,2.361,2.475,0.735,-0.107,-2.361
21,20,38.21,251.04,92.38,5.254,34.518,46.189,FP,,,,,,,
21,21,37.03,254.89,56.78,5.091,35.047,28.391,TP,22,0.081,0.084,0.117,-0.053,0.061,-0.084
21,22,37.67,253.07,64.0,5.179,34.797,32.0,FP,,,,,,,
21,23,350.69,267.31,39.88,48.22,36.756,19.941,TP,23,0.256,0.559,0.615,0.156,0.203,-0.559
21,24,461.81,275.55,41.86,63.499,37.888,20.931,TP,24,0.112,0.48,0.493,-0.08,0.078,0.48
21,25,161.17,294.14,79.11,22.161,40.445,39.556,TP,25,0.074,0.712,0.716,-0.074,-0.004,-0.712
21,26,426.37,303.35,78.02,58.626,41.71,39.012,TP,26,0.117,1.703,1.707,-0.112,-0.034,1.703
21,27,129.49,307.85,51.49,17.804,42.33,25.745,TP,27,0.023,1.452,1.452,0.021,-0.01,1.452
21,28,80.88,319.48,53.79,11.121,43.928,26.896,TP,28,0.087,0.501,0.509,0.086,-0.009,-0.501
21,29,337.19,318.38,28.6,46.364,43.777,14.298,TP,29,0.113,0.19,0.221,0.04,0.105,-0.19
21,30,280.2,318.8,90.87,38.528,43.835,45.433,TP,30,0.219,1.933,1.946,-0.191,0.106,1.933
21,31,90.23,324.85,32.62,12.406,44.667,16.311,TP,31,0.142,0.178,0.228,-0.142,-0.013,-0.178
21,32,40.15,337.69,31.38,5.52,46.432,15.69,TP,32,0.048,0.173,0.18,-0.003,0.047,-0.173
21,33,225.64,356.5,30.87,31.026,49.019,15.434,TP,33,0.071,0.923,0.925,0.055,-0.045,0.923
21,34,41.38,360.38,7.56,5.689,49.552,3.781,TP,34,0.483,3.363,3.397,0.014,-0.483,-3.363
21,35,396.09,381.11,36.52,54.462,52.402,18.259,TP,35,0.09,0.046,0.101,-0.089,0.018,0.046
21,36,263.0,404.34,88.59,36.162,55.596,44.294,TP,36,0.34,0.301,0.455,0.326,0.097,0.301
21,37,25.42,415.05,85.89,3.495,57.069,42.946,TP,37,0.069,1.327,1.329,0.037,0.059,-1.327
21,38,418.34,432.82,35.36,57.522,59.512,17.68,TP,38,0.126,2.184,2.187,-0.088,-0.09,-2.184
21,39,448.04,436.55,27.49,61.606,60.026,13.743,TP,39,0.401,1.08,1.152,0.291,0.276,1.08
21,40,158.13,439.88,11.82,21.743,60.483,5.91,TP,41,0.265,0.814,0.856,-0.263,0.025,0.814
21,41,273.45,442.25,40.23,37.6,60.809,20.116,TP,40,0.126,0.788,0.798,0.078,0.098,-0.788
21,42,331.39,468.0,77.27,45.566,64.351,38.634,TP,43,0.029,1.097,1.097,-0.004,-0.029,1.097
21,43,58.12,485.62,45.36,7.992,66.772,22.679,TP,45,0.034,0.691,0.692,0.028,-0.018,0.691
21,44,25.5,486.26,41.47,3.507,66.861,20.734,TP,46,0.104,0.699,0.707,0.034,-0.099,0.699
21,45,21.64,490.07,32.14,2.976,67.385,16.071,FP,,,,,,,
21,46,174.87,494.06,37.17,24.045,67.933,18.583,TP,48,0.229,0.569,0.613,0.138,0.182,-0.569
21,47,200.24,495.41,75.16,27.533,68.119,37.578,TP,49,0.366,1.945,1.979,0.366,0.023,1.945
21,48,203.88,496.72,56.88,28.033,68.299,28.438,FP,,,,,,,
21,,,,,6.165,10.545,39.02,FN,3,,,,,,
21,,,,,24.993,23.61,16.917,FN,14,,,,,,
21,,,,,0.642,61.78,33.488,FN,42,,,,,,
21,,,,,40.472,66.985,41.083,FN,44,,,,,,
21,,,,,28.848,68.39,34.579,FN,47,,,,,,
35,0,449.95,8.31,1.36,61.869,1.142,0.679,FP,,,,,,,
35,1,455.22,14.08,18.33,62.593,1.936,9.164,TP,0,0.196,1.104,1.121,0.196,0.001,-1.104
35,2,346.39,29.15,60.37,47.629,4.009,30.187,TP,1,0.071,0.353,0.36,-0.066,0.025,-0.353
35,3,489.5,79.16,53.76,67.306,10.885,26.882,TP,2,0.21,0.406,0.457,-0.171,-0.122,0.406
35,4,342.78,95.89,2.72,47.132,13.185,1.361,TP,5,0.055,0.374,0.378,-0.027,0.048,0.374
35,5,150.83,95.92,12.09,20.739,13.189,6.047,TP,4,0.658,0.271,0.712,-0.384,-0.534,0.271
35,6,33.8,112.02,80.77,4.648,15.402,40.383,TP,6,0.104,0.321,0.338,-0.069,0.078,0.321
35,7,219.61,122.74,51.31,30.196,16.876,25.657,TP,9,0.062,0.436,0.44,-0.059,0.018,0.436
35,8,224.24,128.67,68.46,30.833,17.692,34.228,FP,,,,,,,
35,9,249.12,129.69,69.19,34.255,17.832,34.594,FP,,,,,,,
35,10,457.4,129.9,66.4,62.893,17.861,33.2,TP,10,0.262,0.997,1.031,0.229,0.127,0.997
35,11,296.18,150.61,82.11,40.724,20.708,41.053,TP,13,0.241,0.779,0.815,-0.2,-0.134,-0.779
35,12,357.52,160.26,16.67,49.159,22.036,8.337,TP,14,0.184,2.514,2.521,0.184,0.0,-2.514
35,13,124.46,168.18,64.51,17.113,23.124,32.253,FP,,,,,,,
35,14,128.67,167.67,51.55,17.693,23.054,25.774,TP,15,0.157,0.699,0.717,0.112,0.11,0.699
35,15,430.28,194.26,43.57,59.164,26.711,21.784,TP,17,0.047,0.284,0.288,-0.02,-0.042,0.284
35,16,376.31,198.26,86.57,51.743,27.261,43.286,TP,16,0.27,0.286,0.393,-0.021,0.27,0.286
35,17,58.58,224.29,17.33,8.055,30.84,8.666,TP,21,0.375,0.522,0.643,-0.339,-0.161,-0.522
35,18,325.22,237.82,15.9,44.718,32.7,7.951,TP,22,0.287,1.526,1.553,0.161,0.238,-1.526
35,19,20.16,234.65,9.79,2.772,32.264,4.894,TP,20,0.434,0.843,0.948,0.218,0.375,0.843
35,20,93.57,261.9,72.53,12.867,36.011,36.267,TP,23,0.286,1.621,1.646,0.011,0.286,1.621
35,21,458.96,267.42,92.21,63.107,36.77,46.106,TP,24,0.269,0.347,0.439,0.162,0.214,0.347
35,22,49.75,283.19,5.47,6.841,38.938,2.733,TP,26,0.41,1.183,1.252,0.104,0.396,1.183
35,23,312.78,293.28,62.13,43.008,40.325,31.065,TP,27,0.271,0.039,0.274,-0.093,-0.254,-0.039
35,24,174.07,291.43,47.44,23.934,40.071,23.718,TP,28,0.06,0.643,0.646,0.053,-0.028,-0.643
35,25,398.94,311.78,30.99,54.854,42.87,15.494,TP,29,0.222,0.056,0.229,0.174,0.137,-0.056
35,26,187.64,327.6,22.86,25.8,45.045,11.429,TP,30,0.089,0.517,0.525,-0.02,-0.087,0.517
35,27,38.88,343.22,71.74,5.346,47.193,35.869,TP,32,0.248,0.464,0.526,0.056,0.241,-0.464
35,28,371.08,350.08,34.15,51.024,48.136,17.074,TP,33,0.179,0.357,0.399,-0.178,0.02,-0.357
35,29,295.53,374.02,85.19,40.635,51.427,42.595,TP,34,0.502,0.905,1.035,-0.348,-0.362,-0.905
35,30,335.54,396.17,8.5,46.137,54.473,4.25,TP,35,0.462,3.236,3.269,0.454,-0.087,-3.236
35,31,389.09,401.34,55.44,53.5,55.184,27.721,TP,36,0.101,1.854,1.856,0.097,-0.028,-1.854
35,32,209.68,402.01,31.55,28.831,55.276,15.775,TP,37,0.103,0.888,0.894,0.047,0.092,0.888
35,33,240.82,442.86,62.37,33.112,60.894,31.186,TP,39,0.101,0.949,0.954,-0.091,-0.046,-0.949
35,34,385.39,445.78,34.89,52.991,61.295,17.447,TP,40,0.032,1.048,1.048,0.028,-0.016,-1.048
35,35,161.56,446.38,13.41,22.214,61.378,6.703,TP,41,0.174,0.556,0.583,-0.174,-0.006,-0.556
35,36,423.78,455.78,44.46,58.27,62.67,22.229,TP,43,0.067,0.07,0.097,0.028,0.061,0.07
35,37,53.93,457.62,48.04,7.415,62.923,24.022,TP,44,0.084,0.272,0.285,0.042,0.072,0.272
35,38,327.97,473.36,24.0,45.095,65.087,12.0,TP,48,0.046,0.817,0.818,0.024,-0.039,-0.817
35,,,,,52.689,12.76,48.0,FN,3,,,,,,
35,,,,,58.676,15.812,46.985,FN,7,,,,,,
35,,,,,1.238,16.558,47.773,FN,8,,,,,,
35,,,,,24.962,19.017,4.654,FN,11,,,,,,
35,,,,,34.234,17.792,2.267,FN,12,,,,,,
35,,,,,7.602,30.495,1.253,FN,18,,,,,,
35,,,,,2.052,30.792,48.124,FN,19,,,,,,
35,,,,,7.288,37.937,41.8,FN,25,,,,,,
35,,,,,52.439,45.653,12.114,FN,31,,,,,,
35,,,,,31.656,59.401,36.818,FN,38,,,,,,
35,,,,,25.782,62.599,42.219,FN,42,,,,,,
35,,,,,47.587,63.368,2.958,FN,45,,,,,,
35,,,,,50.461,63.791,2.274,FN,46,,,,,,
35,,,,,51.081,65.585,45.872,FN,47,,,,,,
44,0,146.08,18.61,52.06,20.086,2.559,26.03,TP,0,0.39,0.831,0.918,0.23,0.315,-0.831
44,1,386.33,36.52,33.74,53.12,5.021,16.871,TP,2,0.208,1.049,1.069,-0.208,0.001,1.049
44,2,400.17,39.86,61.29,55.023,5.481,30.647,TP,3,0.054,3.088,3.089,0.029,0.045,3.088
44,3,175.58,60.56,47.32,24.143,8.327,23.661,TP,5,0.173,1.116,1.129,0.11,0.134,1.116
44,4,171.33,53.67,76.84,23.557,7.38,38.42,FP,,,,,,,
44,5,38.33,64.31,33.79,5.271,8.843,16.896,TP,6,0.148,1.85,1.856,0.123,0.082,-1.85
44,6,321.41,77.84,4.72,44.194,10.703,2.359,TP,7,0.158,0.669,0.688,-0.079,0.137,0.669
44,7,145.55,87.18,59.36,20.013,11.988,29.682,TP,8,0.314,0.864,0.919,-0.295,-0.109,-0.864
44,8,180.88,91.33,41.16,24.871,12.558,20.581,TP,9,0.017,0.208,0.209,-0.012,0.011,0.208
44,9,34.44,102.57,19.64,4.735,14.103,9.819,TP,10,0.071,0.306,0.314,-0.061,0.038,-0.306
44,10,84.09,104.83,45.77,11.563,14.415,22.884,TP,11,0.095,0.17,0.195,0.087,0.038,-0.17
44,11,32.19,106.52,11.29,4.426,14.647,5.645,FP,,,,,,,
44,12,416.62,125.94,33.0,57.286,17.316,16.5,TP,13,0.316,0.494,0.586,-0.056,-0.311,-0.494
44,13,417.18,129.55,32.51,57.363,17.814,16.254,FP,,,,,,,
44,14,306.26,153.21,65.04,42.111,21.067,32.52,TP,15,0.073,0.45,0.456,0.038,0.062,-0.45
44,15,427.34,157.66,40.4,58.759,21.679,20.202,TP,16,0.023,0.342,0.343,-0.005,0.023,-0.342
44,16,160.35,193.38,65.54,22.048,26.59,32.771,TP,18,0.15,0.024,0.152,-0.077,0.129,0.024
44,17,446.24,221.29,48.08,61.359,30.427,24.042,TP,19,0.528,0.602,0.8,0.176,0.497,-0.602
44,18,250.43,216.57,6.43,34.434,29.779,3.214,FP,,,,,,,
44,19,281.78,221.03,14.57,38.744,30.392,7.287,TP,20,0.185,1.239,1.253,0.003,0.185,-1.239
44,20,474.09,231.13,50.01,65.188,31.781,25.005,TP,21,0.071,0.12,0.139,0.009,0.071,0.12
44,21,26.8,240.66,34.6,3.685,33.09,17.299,TP,22,0.098,0.198,0.221,-0.091,-0.035,-0.198
44,22,392.62,242.95,64.0,53.985,33.406,32.0,FP,,,,,,,
44,23,138.74,262.19,46.09,19.076,36.051,23.045,TP,24,0.055,0.198,0.205,0.052,-0.019,0.198
44,24,40.6,272.8,0.5,5.582,37.51,0.25,TP,25,0.675,2.652,2.737,-0.227,0.636,-2.652
44,25,424.51,289.18,85.24,58.37,39.763,42.619,TP,27,0.107,0.131,0.169,-0.059,0.09,0.131
44,26,401.42,290.64,13.68,55.195,39.963,6.841,TP,28,0.165,1.117,1.13,0.002,0.165,-1.117
44,27,227.92,305.64,69.23,31.339,42.025,34.613,TP,29,0.072,2.09,2.091,-0.06,-0.039,2.09
44,28,152.99,315.0,84.88,21.037,43.312,42.439,TP,30,0.126,0.848,0.857,0.03,0.123,-0.848
44,29,130.39,346.97,50.55,17.928,47.708,25.274,TP,31,0.263,0.299,0.398,0.039,0.26,0.299
44,30,79.65,361.72,71.32,10.951,49.736,35.66,TP,32,0.162,1.674,1.681,-0.087,0.137,1.674
44,31,440.75,358.74,66.5,60.604,49.327,33.252,TP,33,0.08,0.029,0.085,-0.073,-0.033,0.029
44,32,344.55,362.61,42.23,47.376,49.859,21.116,TP,34,0.058,0.167,0.176,-0.022,0.053,-0.167
44,33,363.51,399.46,13.95,49.983,54.925,6.976,TP,36,0.157,0.731,0.748,0.099,0.122,-0.731
44,34,482.67,407.96,76.28,66.368,56.094,38.141,FP,,,,,,,
44,35,141.58,425.69,75.22,19.467,58.533,37.61,TP,38,0.109,1.606,1.61,-0.019,0.107,1.606
44,36,18.81,428.77,39.36,2.586,58.955,19.678,TP,39,0.061,0.047,0.077,0.06,-0.011,0.047
44,37,312.35,438.11,12.11,42.948,60.24,6.057,TP,41,0.074,3.996,3.996,-0.044,-0.06,-3.996
44,38,442.93,441.4,73.99,60.903,60.692,36.993,TP,40,0.459,0.562,0.725,0.201,0.412,0.562
44,39,401.94,445.85,18.58,55.267,61.304,9.288,TP,42,0.061,1.446,1.447,-0.052,-0.032,-1.446
44,40,305.61,463.26,11.09,42.021,63.698,5.545,TP,43,0.207,0.596,0.63,-0.024,0.205,0.596
44,41,245.86,470.94,74.65,33.806,64.754,37.325,TP,44,0.15,1.956,1.962,0.039,0.145,1.956
44,42,432.65,483.96,39.58,59.49,66.545,19.788,TP,46,0.153,0.143,0.209,-0.146,0.044,0.143
44,43,120.39,493.18,12.41,16.554,67.812,6.203,TP,47,0.471,4.127,4.154,-0.296,-0.367,4.127
44,,,,,63.676,2.79,7.625,FN,1,,,,,,
44,,,,,23.283,7.039,44.907,FN,4,,,,,,
44,,,,,6.51,16.015,48.741,FN,12,,,,,,
44,,,,,69.585,19.038,19.944,FN,14,,,,,,
44,,,,,16.172,25.451,45.389,FN,17,,,,,,
44,,,,,53.628,33.567,18.253,FN,23,,,,,,
44,,,,,53.934,36.542,2.355,FN,26,,,,,,
44,,,,,57.484,54.121,38.979,FN,35,,,,,,
44,,,,,66.702,56.032,32.19,FN,37,,,,,,
44,,,,,63.027,66.207,18.146,FN,45,,,,,,
44,,,,,22.021,69.808,21.051,FN,48,,,,,,
48,0,471.56,18.5,36.99,64.839,2.544,18.494,TP,0,0.116,0.183,0.216,0.104,-0.051,0.183
48,1,416.27,33.89,60.6,57.237,4.66,30.302,TP,1,0.043,0.304,0.307,0.037,0.022,-0.304
48,2,51.03,43.56,79.25,7.017,5.989,39.626,TP,3,0.031,0.535,0.536,0.026,0.015,0.535
48,3,114.46,54.08,4.21,15.738,7.436,2.104,TP,4,0.312,0.551,0.633,0.29,0.116,0.551
48,4,195.84,76.39,34.11,26.928,10.504,17.054,TP,5,0.095,0.077,0.122,0.085,0.042,0.077
48,5,456.86,102.3,65.16,62.818,14.066,32.58,TP,6,0.053,0.703,0.705,0.052,0.004,0.703
48,6,56.86,105.24,52.77,7.819,14.471,26.384,TP,8,0.049,1.335,1.336,-0.032,-0.037,1.335
48,7,311.71,112.17,10.97,42.86,15.423,5.484,TP,9,0.342,1.268,1.313,-0.165,-0.3,1.268
48,8,294.88,118.54,71.78,40.546,16.299,35.89,TP,10,0.166,1.766,1.774,-0.153,-0.065,1.766
48,9,312.26,118.13,2.65,42.936,16.243,1.323,FP,,,,,,,
48,10,435.73,148.62,80.51,59.913,20.435,40.257,TP,15,0.244,0.58,0.629,-0.221,0.103,0.58
48,11,115.38,186.33,8.61,15.865,25.62,4.304,TP,17,0.141,1.295,1.302,0.1,0.099,1.295
48,12,402.2,205.31,64.28,55.303,28.23,32.138,TP,18,0.41,0.0,0.41,-0.352,-0.211,0.0
48,13,368.19,207.19,66.93,50.626,28.489,33.463,TP,19,0.151,3.123,3.126,-0.06,0.138,3.123
48,14,368.5,206.0,60.0,50.669,28.325,30.0,FP,,,,,,,
48,15,498.21,217.4,84.59,68.504,29.892,42.297,TP,21,0.167,1.274,1.285,-0.075,0.15,1.274
48,16,230.11,224.56,77.84,31.64,30.877,38.918,TP,23,0.053,0.897,0.898,0.013,0.051,-0.897
48,17,291.56,226.72,40.35,40.089,31.174,20.177,TP,24,0.189,0.019,0.19,-0.188,-0.019,-0.019
48,18,420.15,236.83,55.11,57.77,32.564,27.557,TP,25,0.081,0.515,0.522,-0.081,-0.005,-0.515
48,19,30.22,270.22,56.09,4.156,37.156,28.043,TP,28,0.426,0.298,0.52,0.415,-0.098,0.298
48,20,274.62,273.7,34.6,37.761,37.634,17.301,TP,29,0.026,0.057,0.063,0.014,0.022,0.057
48,21,349.17,302.72,24.12,48.011,41.624,12.06,TP,32,0.112,0.554,0.565,0.107,-0.032,-0.554
48,22,79.61,352.18,4.51,10.947,48.425,2.256,TP,33,0.03,0.256,0.258,0.016,0.025,0.256
48,23,184.56,367.57,52.13,25.377,50.541,26.066,TP,34,0.368,1.044,1.106,-0.269,-0.25,1.044
48,24,96.02,387.88,50.0,13.203,53.334,25.0,TP,35,0.082,0.402,0.41,0.071,0.042,-0.402
48,25,457.41,397.67,40.74,62.894,54.679,20.37,TP,37,0.016,0.361,0.361,-0.015,0.003,0.361
48,26,440.55,415.41,29.56,60.575,57.119,14.781,TP,41,0.093,0.366,0.378,-0.023,0.09,0.366
48,27,119.56,416.59,79.0,16.44,57.281,39.498,TP,40,0.167,3.824,3.828,-0.163,-0.034,3.824
48,28,128.5,415.5,64.0,17.669,57.131,32.0,TP,39,0.454,0.5,0.676,-0.096,0.444,-0.5
48,29,86.49,427.9,76.51,11.892,58.836,38.255,TP,42,0.26,2.25,2.265,0.073,-0.25,2.25
48,30,247.84,437.6,11.54,34.078,60.17,5.768,TP,43,0.424,1.586,1.641,-0.424,-0.001,1.586
48,31,434.06,440.34,32.55,59.683,60.547,16.274,TP,44,0.032,0.11,0.114,-0.018,-0.027,0.11
48,32,158.21,439.54,80.46,21.753,60.437,40.231,FP,,,,,,,
48,33,85.45,453.27,73.28,11.75,62.324,36.639,TP,45,0.216,0.089,0.234,0.161,0.144,-0.089
48,34,183.33,460.28,6.24,25.208,63.288,3.119,TP,47,0.051,0.646,0.648,0.005,0.051,0.646
48,35,227.83,484.11,43.97,31.327,66.565,21.986,TP,48,0.633,1.139,1.303,0.107,0.624,1.139
48,36,217.33,489.67,11.0,29.883,67.329,5.5,TP,49,0.542,0.113,0.554,-0.197,-0.505,-0.113
48,37,219.25,495.92,0.33,30.147,68.189,0.167,FP,,,,,,,
48,38,130.95,503.32,78.74,18.005,69.206,39.368,TP,50,0.282,1.011,1.05,-0.254,0.124,1.011
48,,,,,68.174,5.421,5.961,FN,2,,,,,,
48,,,,,16.253,15.056,41.675,FN,7,,,,,,
48,,,,,63.714,17.014,15.429,FN,11,,,,,,
48,,,,,13.878,19.189,45.943,FN,12,,,,,,
48,,,,,49.935,18.434,0.95,FN,13,,,,,,
48,,,,,53.859,19.222,46.648,FN,14,,,,,,
48,,,,,35.684,24.235,34.388,FN,16,,,,,,
48,,,,,25.58,29.034,48.028,FN,20,,,,,,
48,,,,,32.757,31.428,22.921,FN,22,,,,,,
48,,,,,39.236,34.613,24.86,FN,26,,,,,,
48,,,,,67.634,35.498,33.83,FN,27,,,,,,
48,,,,,17.331,39.796,47.554,FN,30,,,,,,
48,,,,,60.091,41.043,48.782,FN,31,,,,,,
48,,,,,48.478,53.846,25.0,FN,36,,,,,,
48,,,,,48.528,55.157,24.5,FN,38,,,,,,
48,,,,,20.854,63.67,45.978,FN,46,,,,,,
55,0,335.35,9.4,85.7,46.111,1.293,42.85,TP,2,0.371,2.298,2.328,0.37,0.035,-2.298
55,1,437.83,38.24,83.38,60.201,5.259,41.692,FP,,,,,,,
55,2,120.8,50.78,87.7,16.61,6.982,43.85,TP,5,0.752,1.169,1.39,-0.569,-0.492,1.169
55,3,289.77,56.47,16.14,39.843,7.765,8.071,TP,4,0.272,0.224,0.352,0.029,0.27,-0.224
55,4,200.19,57.21,72.47,27.526,7.866,36.235,TP,6,0.411,1.925,1.969,-0.319,-0.26,1.925
55,5,406.41,77.62,3.27,55.882,10.672,1.634,TP,8,0.253,0.449,0.516,-0.081,0.24,-0.449
55,6,214.88,80.18,77.95,29.546,11.025,38.977,TP,9,0.167,0.227,0.282,0.077,0.148,0.227
55,7,301.89,85.91,5.12,41.509,11.812,2.562,TP,10,0.291,1.051,1.091,0.217,0.194,1.051
55,8,282.0,86.0,95.5,38.775,11.825,47.75,FP,,,,,,,
55,9,120.77,104.34,40.87,16.607,14.346,20.435,TP,11,0.091,0.659,0.665,-0.09,-0.017,0.659
55,10,417.45,102.36,10.77,57.4,14.075,5.386,TP,12,0.349,2.947,2.968,-0.265,0.226,-2.947
55,11,338.88,129.91,44.32,46.595,17.863,22.161,TP,16,0.109,0.601,0.611,0.105,-0.03,-0.601
55,12,180.41,133.01,45.06,24.807,18.288,22.528,TP,17,0.062,0.749,0.752,0.046,-0.042,0.749
55,13,460.99,143.75,67.71,63.386,19.766,33.853,TP,18,0.149,1.549,1.556,-0.018,0.147,1.549
55,14,269.11,158.69,23.23,37.003,21.82,11.617,TP,19,0.183,1.995,2.003,-0.147,0.109,-1.995
55,15,451.22,159.91,15.98,62.043,21.987,7.988,TP,20,0.074,0.569,0.574,0.009,-0.074,-0.569
55,16,27.6,181.56,67.96,3.795,24.964,33.981,TP,22,0.113,0.22,0.247,-0.113,-0.004,-0.22
55,17,312.31,185.39,23.39,42.943,25.492,11.694,TP,23,0.446,1.425,1.493,-0.33,-0.301,1.425
55,18,326.0,194.0,14.0,44.825,26.675,7.0,TP,24,0.12,0.768,0.777,-0.078,0.09,0.768
55,19,126.02,201.19,42.1,17.328,27.664,21.048,TP,25,0.748,3.218,3.304,-0.551,-0.506,3.218
55,20,130.5,206.42,37.49,17.944,28.383,18.743,FP,,,,,,,
55,21,270.76,208.93,60.29,37.229,28.728,30.144,TP,26,0.258,0.679,0.726,0.038,-0.255,0.679
55,22,271.79,212.0,65.73,37.372,29.151,32.864,FP,,,,,,,
55,23,341.25,208.75,70.25,46.922,28.703,35.125,FP,,,,,,,
55,24,97.23,226.2,84.5,13.369,31.103,42.249,FP,,,,,,,
55,25,397.4,241.7,55.36,54.643,33.234,27.68,TP,29,0.109,0.47,0.482,0.109,-0.002,0.47
55,26,298.52,251.82,25.7,41.046,34.625,12.849,TP,31,0.815,3.772,3.859,0.047,-0.813,3.772
55,27,67.66,254.73,39.02,9.303,35.025,19.512,TP,30,0.072,1.365,1.367,-0.01,0.071,1.365
55,28,297.6,259.01,18.54,40.92,35.614,9.268,FP,,,,,,,
55,29,58.46,292.24,89.19,8.039,40.182,44.597,FP,,,,,,,
55,30,111.63,296.15,24.14,15.349,40.72,12.072,TP,33,0.085,0.164,0.185,-0.068,-0.051,-0.164
55,31,361.98,298.81,48.98,49.772,41.087,24.491,TP,32,0.314,1.279,1.317,0.129,0.287,-1.279
55,32,272.04,309.51,68.55,37.406,42.558,34.276,TP,34,0.108,0.075,0.131,-0.032,0.104,0.075
55,33,272.12,310.42,62.12,37.417,42.683,31.061,FP,,,,,,,
55,34,377.22,314.96,53.14,51.867,43.307,26.569,TP,35,0.367,0.606,0.708,-0.365,-0.037,-0.606
55,35,29.17,330.32,10.13,4.01,45.42,5.065,TP,36,0.143,0.758,0.772,-0.088,0.113,-0.758
55,36,348.66,340.76,68.53,47.941,46.854,34.266,TP,37,0.245,1.746,1.764,0.103,-0.222,-1.746
55,37,309.72,361.07,8.95,42.586,49.647,4.476,TP,38,0.147,0.498,0.519,-0.09,0.117,-0.498
55,38,239.7,376.13,23.12,32.958,51.718,11.559,TP,39,0.154,0.208,0.259,-0.019,-0.153,-0.208
55,39,482.93,405.52,19.35,66.403,55.759,9.674,TP,40,0.212,0.745,0.775,-0.205,-0.051,0.745
55,40,34.21,433.03,34.04,4.704,59.542,17.021,TP,42,0.045,0.95,0.951,0.005,0.045,-0.95
55,41,461.22,443.54,85.08,63.417,60.987,42.54,TP,43,0.16,0.552,0.575,-0.009,-0.16,-0.552
55,42,466.7,454.99,19.85,64.171,62.561,9.925,TP,45,0.147,1.849,1.855,0.117,0.088,-1.849
55,43,416.44,463.56,54.11,57.261,63.74,27.057,TP,44,0.229,0.066,0.238,0.119,0.195,-0.066
55,44,280.89,478.46,24.37,38.623,65.788,12.184,TP,46,0.182,0.566,0.594,-0.048,0.176,-0.566
55,45,210.17,482.48,38.82,28.898,66.34,19.408,TP,48,0.124,0.334,0.356,-0.119,0.035,0.334
55,46,159.9,486.73,53.03,21.986,66.925,26.513,TP,47,0.128,0.044,0.136,0.029,0.125,0.044
55,,,,,15.321,0.039,0.5,FN,0,,,,,,
55,,,,,41.021,1.006,24.957,FN,1,,,,,,
55,,,,,69.569,4.442,1.512,FN,3,,,,,,
55,,,,,49.393,8.499,29.367,FN,7,,,,,,
55,,,,,35.526,14.358,48.465,FN,13,,,,,,
55,,,,,19.421,16.306,47.333,FN,14,,,,,,
55,,,,,19.625,16.587,19.838,FN,15,,,,,,
55,,,,,42.062,23.85,14.546,FN,21,,,,,,
55,,,,,46.827,28.711,29.703,FN,27,,,,,,
55,,,,,17.872,33.212,43.509,FN,28,,,,,,
55,,,,,63.318,57.411,1.487,FN,41,,,,,,
55,,,,,69.263,69.308,15.261,FN,49,,,,,,
58,0,63.73,49.93,29.91,8.763,6.866,14.954,TP,2,0.17,1.561,1.57,-0.148,-0.082,-1.561
58,1,236.56,61.1,21.64,32.527,8.401,10.821,TP,6,0.034,0.556,0.557,-0.031,0.014,0.556
58,2,310.04,61.41,47.51,42.631,8.444,23.753,TP,5,0.099,0.357,0.371,0.097,0.021,-0.357
58,3,151.24,62.57,8.9,20.796,8.603,4.448,TP,4,0.157,1.41,1.419,0.036,-0.153,-1.41
58,4,238.68,61.6,0.48,32.819,8.47,0.24,FP,,,,,,,
58,5,294.07,67.71,47.43,40.435,9.311,23.714,TP,7,0.37,1.007,1.073,0.271,0.252,-1.007
58,6,18.26,87.79,76.84,2.511,12.071,38.421,TP,8,0.215,0.48,0.526,-0.1,0.19,0.48
58,7,151.68,89.61,14.21,20.857,12.322,7.104,TP,9,0.148,0.304,0.338,0.103,0.106,0.304
58,8,197.16,99.9,38.12,27.109,13.737,19.059,TP,10,0.151,1.106,1.116,0.078,0.129,1.106
58,9,456.62,99.94,88.55,62.785,13.742,44.273,TP,12,0.139,0.321,0.35,-0.012,0.139,-0.321
58,10,203.23,99.92,17.49,27.945,13.739,8.745,TP,11,0.387,0.765,0.858,-0.375,-0.098,-0.765
58,11,327.25,106.59,41.29,44.997,14.656,20.645,TP,13,0.338,0.197,0.391,-0.33,-0.073,-0.197
58,12,353.65,122.9,73.87,48.627,16.899,36.935,TP,15,0.143,0.585,0.602,-0.042,-0.137,0.585
58,13,51.23,124.72,26.87,7.044,17.149,13.435,TP,16,0.157,1.32,1.329,-0.017,-0.156,1.32
58,14,353.33,122.33,81.0,48.583,16.821,40.5,FP,,,,,,,
58,15,367.27,154.4,45.08,50.499,21.23,22.541,TP,18,0.203,0.065,0.213,-0.202,-0.019,-0.065
58,16,33.07,160.11,76.22,4.547,22.015,38.109,TP,19,0.264,1.833,1.852,-0.238,0.113,1.833
58,17,280.07,168.8,86.93,38.509,23.21,43.467,TP,21,0.523,0.719,0.889,-0.166,-0.495,-0.719
58,18,449.75,171.19,52.26,61.84,23.538,26.132,TP,20,0.08,0.362,0.37,-0.065,0.046,-0.362
58,19,92.47,181.94,23.57,12.715,25.017,11.783,TP,23,0.142,1.171,1.18,0.114,0.086,-1.171
58,20,416.12,182.89,82.16,57.216,25.148,41.08,TP,22,0.259,3.42,3.43,-0.259,-0.015,-3.42
58,21,462.21,186.18,4.15,63.555,25.6,2.073,TP,24,0.131,0.59,0.604,0.013,0.13,0.59
58,22,19.26,190.93,66.24,2.649,26.253,33.118,TP,25,0.69,2.688,2.775,0.669,-0.168,2.688
58,23,86.88,205.9,14.41,11.946,28.312,7.203,TP,26,0.314,1.964,1.989,-0.287,-0.13,-1.964
58,24,286.92,219.78,53.52,39.452,30.22,26.76,TP,27,0.407,2.68,2.711,-0.095,0.396,-2.68
58,25,310.81,218.24,43.55,42.736,30.008,21.776,TP,28,0.104,0.037,0.111,0.05,0.091,0.037
58,26,467.09,270.15,44.05,64.225,37.146,22.024,TP,31,0.047,0.425,0.428,-0.046,0.01,-0.425
58,27,113.71,274.51,12.3,15.635,37.745,6.151,TP,32,0.105,1.155,1.16,-0.103,-0.022,1.155
58,28,117.82,274.27,2.4,16.201,37.713,1.2,FP,,,,,,,
58,29,246.86,276.31,21.34,33.944,37.993,10.67,TP,33,0.594,0.637,0.871,0.591,-0.06,-0.637
58,30,155.55,302.54,45.9,21.388,41.599,22.95,TP,34,0.056,1.398,1.399,0.054,0.011,1.398
58,31,221.22,299.52,46.04,30.417,41.184,23.022,TP,35,0.221,0.451,0.503,0.221,-0.003,-0.451
58,32,496.22,305.02,78.68,68.23,41.94,39.338,TP,36,0.136,3.162,3.165,-0.072,-0.115,-3.162
58,33,373.01,319.89,91.5,51.289,43.985,45.748,TP,37,0.119,0.343,0.363,0.081,0.087,0.343
58,34,170.65,354.53,13.38,23.465,48.748,6.69,TP,38,0.051,0.547,0.55,-0.051,0.002,-0.547
58,35,120.06,360.0,34.49,16.508,49.5,17.244,TP,39,0.922,1.093,1.43,-0.829,-0.405,-1.093
58,36,263.73,403.58,77.39,36.263,55.493,38.693,TP,41,0.273,0.142,0.307,0.195,0.191,-0.142
58,37,74.86,400.15,51.98,10.293,55.021,25.988,TP,42,0.085,1.258,1.261,-0.08,-0.028,1.258
58,38,377.53,416.73,89.89,51.91,57.301,44.944,TP,43,0.13,1.812,1.817,-0.082,0.101,-1.812
58,39,496.64,415.93,5.73,68.288,57.191,2.864,TP,44,0.06,1.972,1.973,-0.047,-0.038,-1.972
58,40,5.2,438.41,24.9,0.715,60.282,12.45,TP,45,0.341,0.7,0.779,0.327,-0.098,0.7
58,41,498.29,450.4,0.5,68.515,61.931,0.25,FP,,,,,,,
58,42,492.89,452.77,16.45,67.773,62.256,8.226,TP,46,0.135,1.92,1.924,0.034,0.131,-1.92
58,43,76.86,469.2,15.35,10.569,64.515,7.674,TP,47,0.197,1.075,1.092,0.083,0.178,-1.075
58,44,131.32,490.97,74.58,18.056,67.508,37.29,TP,49,0.03,3.598,3.598,-0.025,0.016,3.598
58,45,134.64,489.46,90.96,18.513,67.301,45.478,FP,,,,,,,
58,,,,,18.383,0.951,33.928,FN,0,,,,,,
58,,,,,17.209,3.23,47.853,FN,1,,,,,,
58,,,,,8.418,6.559,12.527,FN,3,,,,,,
58,,,,,11.194,17.285,21.029,FN,14,,,,,,
58,,,,,2.414,20.013,47.383,FN,17,,,,,,
58,,,,,39.195,30.757,22.029,FN,29,,,,,,
58,,,,,36.141,36.793,47.287,FN,30,,,,,,
58,,,,,24.241,52.302,45.006,FN,40,,,,,,
58,,,,,52.377,65.999,42.703,FN,48,,,,,,
66,0,232.24,2.64,31.99,31.933,0.363,15.995,TP,0,0.244,1.431,1.451,-0.048,0.239,1.431
66,1,352.69,16.73,2.31,48.495,2.301,1.156,TP,1,0.492,3.706,3.739,-0.225,-0.437,-3.706
66,2,353.51,20.86,9.78,48.608,2.868,4.891,FP,,,,,,,
66,3,119.3,33.99,11.47,16.404,4.673,5.736,TP,2,0.057,0.754,0.756,-0.01,0.056,-0.754
66,4,236.06,50.94,36.58,32.458,7.004,18.29,TP,3,0.145,0.582,0.599,0.064,0.13,-0.582
66,5,85.82,50.86,33.07,11.8,6.993,16.537,TP,4,0.099,0.657,0.664,0.09,-0.04,-0.657
66,6,9.62,66.41,31.55,1.323,9.131,15.775,TP,5,0.26,0.624,0.676,0.144,0.217,0.624
66,7,297.39,72.98,62.39,40.891,10.035,31.193,TP,6,0.15,1.023,1.034,0.133,0.07,-1.023
66,8,96.15,80.45,49.04,13.221,11.062,24.519,TP,7,0.113,3.87,3.872,0.051,-0.101,3.87
66,9,17.8,88.3,78.27,2.447,12.141,39.137,FP,,,,,,,
66,10,346.91,83.54,18.46,47.7,11.486,9.232,TP,9,0.039,0.392,0.394,0.016,0.036,-0.392
66,11,88.77,94.9,10.14,12.206,13.048,5.071,TP,10,0.16,0.59,0.612,0.116,-0.11,-0.59
66,12,297.73,112.07,17.06,40.938,15.41,8.528,TP,12,0.241,1.101,1.127,-0.233,0.06,-1.101
66,13,443.11,156.38,10.54,60.927,21.502,5.268,TP,15,0.624,2.247,2.332,-0.578,0.236,2.247
66,14,241.06,166.16,7.67,33.146,22.847,3.836,TP,16,0.06,1.141,1.143,0.06,0.002,-1.141
66,15,479.74,168.64,54.08,65.964,23.188,27.041,TP,17,0.223,0.397,0.455,0.033,0.221,0.397
66,16,33.82,181.22,62.49,4.651,24.918,31.244,TP,19,0.083,0.006,0.084,0.083,0.008,-0.006
66,17,115.5,179.1,58.24,15.882,24.626,29.122,TP,18,0.07,0.304,0.312,-0.064,0.028,-0.304
66,18,480.13,184.21,81.38,66.018,25.328,40.692,TP,20,0.083,3.818,3.819,0.046,-0.07,-3.818
66,19,480.72,215.1,77.81,66.099,29.576,38.907,TP,21,0.037,1.102,1.103,0.035,0.012,1.102
66,20,121.33,219.06,64.33,16.683,30.12,32.167,TP,22,0.762,2.122,2.255,-0.631,-0.427,2.122
66,21,162.22,230.96,6.12,22.306,31.757,3.061,TP,23,0.214,2.124,2.135,0.079,-0.199,2.124
66,22,499.52,247.16,47.28,68.684,33.985,23.638,TP,24,0.248,3.702,3.71,-0.225,-0.103,3.702
66,23,504.05,248.33,31.68,69.307,34.145,15.839,FP,,,,,,,
66,24,147.62,276.01,79.62,20.298,37.951,39.81,TP,27,0.008,0.974,0.974,0.004,-0.007,-0.974
66,25,493.53,287.68,1.11,67.86,39.556,0.556,TP,28,0.515,2.265,2.323,0.41,0.312,-2.265
66,26,216.1,297.03,11.5,29.714,40.842,5.752,TP,30,0.272,0.155,0.313,-0.252,0.102,0.155
66,27,390.33,295.58,79.84,53.671,40.642,39.919,TP,31,0.189,3.01,3.016,0.189,-0.009,3.01
66,28,296.43,299.43,84.29,40.76,41.172,42.146,TP,29,0.427,2.052,2.096,0.153,0.399,-2.052
66,29,382.0,295.5,85.0,52.525,40.631,42.5,FP,,,,,,,
66,30,221.0,302.0,3.12,30.388,41.525,1.562,FP,,,,,,,
66,31,50.35,310.71,9.75,6.923,42.723,4.874,TP,33,0.136,0.702,0.715,-0.12,-0.063,0.702
66,32,92.05,323.95,86.27,12.656,44.543,43.133,TP,35,0.121,1.366,1.372,0.115,0.037,1.366
66,33,3.72,325.72,32.49,0.512,44.787,16.246,TP,36,0.167,0.145,0.221,-0.111,0.125,0.145
66,34,180.57,332.12,82.39,24.829,45.667,41.196,TP,37,0.117,0.572,0.583,0.079,-0.086,-0.572
66,35,375.37,333.36,23.34,51.613,45.837,11.671,TP,38,0.228,0.024,0.229,-0.223,0.045,0.024
66,36,225.59,402.27,45.89,31.018,55.312,22.943,TP,40,0.06,1.101,1.102,-0.01,0.059,1.101
66,37,226.0,402.0,54.0,31.075,55.275,27.0,FP,,,,,,,
66,38,225.0,403.0,54.0,30.938,55.413,27.0,FP,,,,,,,
66,39,225.0,403.5,65.0,30.938,55.481,32.5,FP,,,,,,,
66,40,139.88,425.03,39.87,19.233,58.441,19.937,TP,43,0.073,0.118,0.138,0.073,0.004,-0.118
66,41,505.1,433.25,85.53,69.451,59.572,42.763,TP,44,0.172,1.992,1.999,0.114,0.129,-1.992
66,42,302.72,461.43,32.13,41.623,63.447,16.065,TP,46,0.082,0.19,0.207,0.025,0.078,-0.19
66,43,302.4,460.2,36.0,41.58,63.278,18.0,FP,,,,,,,
66,44,29.05,468.63,57.69,3.994,64.437,28.844,TP,47,0.13,0.227,0.261,-0.108,-0.072,0.227
66,45,35.43,477.57,65.7,4.872,65.666,32.85,FP,,,,,,,
66,46,469.22,496.59,82.72,64.517,68.28,41.361,TP,48,0.05,2.263,2.263,0.049,-0.006,-2.263
66,47,181.38,498.44,22.44,24.939,68.535,11.219,TP,49,0.131,0.589,0.603,0.019,-0.129,0.589
66,,,,,2.574,12.524,32.281,FN,8,,,,,,
66,,,,,3.438,14.231,14.5,FN,11,,,,,,
66,,,,,66.909,18.676,16.255,FN,13,,,,,,
66,,,,,8.33,19.087,14.257,FN,14,,,,,,
66,,,,,34.011,35.685,12.5,FN,25,,,,,,
66,,,,,33.67,37.416,31.468,FN,26,,,,,,
66,,,,,45.665,41.635,49.23,FN,32,,,,,,
66,,,,,23.117,43.048,48.259,FN,34,,,,,,
66,,,,,31.695,53.331,26.261,FN,39,,,,,,
66,,,,,64.002,55.374,0.5,FN,41,,,,,,
66,,,,,13.462,56.378,1.5,FN,42,,,,,,
66,,,,,3.248,61.041,11.319,FN,45,,,,,,
69,0,77.75,23.96,65.45,10.691,3.295,32.726,TP,1,0.208,0.559,0.597,0.125,0.167,0.559
69,1,335.87,31.95,21.31,46.182,4.393,10.657,TP,4,0.238,1.405,1.425,-0.054,0.232,1.405
69,2,424.47,37.84,47.79,58.365,5.203,23.897,TP,5,0.024,0.152,0.154,0.024,0.003,-0.152
69,3,386.67,41.98,22.54,53.167,5.772,11.269,TP,6,0.074,2.017,2.019,-0.046,-0.059,-2.017
69,4,8.01,58.52,77.6,1.102,8.047,38.798,TP,7,0.16,0.936,0.949,0.132,-0.092,-0.936
69,5,392.11,71.89,56.32,53.914,9.886,28.158,TP,8,0.527,1.079,1.201,0.508,0.142,-1.079
69,6,438.65,103.3,92.45,60.315,14.203,46.227,TP,9,0.509,0.56,0.757,0.473,0.189,-0.56
69,7,487.94,118.65,2.92,67.092,16.315,1.458,TP,10,0.128,0.003,0.128,0.128,-0.002,0.003
69,8,251.0,122.0,34.18,34.513,16.775,17.091,TP,11,0.584,0.624,0.855,-0.582,0.044,-0.624
69,9,504.35,170.38,32.53,69.348,23.427,16.267,TP,13,0.061,1.301,1.302,-0.047,0.04,1.301
69,10,395.24,173.58,3.53,54.345,23.867,1.765,TP,12,0.147,0.333,0.364,0.02,0.146,-0.333
69,11,401.49,179.77,11.89,55.204,24.719,5.943,FP,,,,,,,
69,12,445.2,201.83,61.03,61.215,27.752,30.517,TP,14,0.036,0.453,0.454,-0.031,0.019,0.453
69,13,270.6,228.68,48.36,37.207,31.444,24.179,TP,16,0.03,0.42,0.421,0.03,0.004,0.42
69,14,355.52,238.06,71.84,48.884,32.733,35.921,TP,19,0.619,3.697,3.748,-0.584,-0.204,3.697
69,15,117.61,263.58,87.29,16.172,36.242,43.646,TP,23,0.27,1.314,1.341,0.021,0.269,-1.314
69,16,431.06,279.85,26.61,59.271,38.48,13.306,TP,25,0.113,0.338,0.356,0.011,0.112,-0.338
69,17,451.54,276.83,88.34,62.087,38.064,44.168,TP,24,0.591,1.584,1.691,0.389,0.445,-1.584
69,18,224.23,302.52,46.63,30.832,41.596,23.315,TP,26,0.02,0.423,0.423,-0.016,0.012,0.423
69,19,224.5,303.5,66.0,30.869,41.731,33.0,FP,,,,,,,
69,20,263.87,321.0,46.77,36.281,44.138,23.385,TP,27,0.428,0.526,0.678,0.381,0.195,-0.526
69,21,347.2,331.96,13.96,47.739,45.644,6.98,TP,28,0.255,1.856,1.873,-0.244,0.073,-1.856
69,22,409.19,332.23,50.45,56.264,45.681,25.227,TP,29,0.181,0.088,0.202,-0.171,-0.06,-0.088
69,23,264.01,353.48,27.86,36.301,48.604,13.929,TP,31,0.23,0.304,0.381,-0.028,0.228,-0.304
69,24,63.38,393.6,31.16,8.715,54.119,15.58,TP,34,0.056,0.814,0.816,0.031,0.047,0.814
69,25,473.4,403.2,87.0,65.092,55.44,43.5,FP,,,,,,,
69,26,327.46,432.14,68.04,45.025,59.419,34.019,TP,36,0.167,1.744,1.752,-0.019,0.166,1.744
69,27,79.85,431.78,91.35,10.979,59.37,45.673,FP,,,,,,,
69,28,58.74,437.87,92.45,8.077,60.207,46.225,TP,37,0.155,1.52,1.528,0.1,0.118,-1.52
69,29,367.98,444.23,19.4,50.597,61.082,9.702,TP,39,0.05,0.295,0.299,-0.046,0.02,-0.295
69,30,266.63,445.39,67.97,36.662,61.242,33.987,FP,,,,,,,
69,31,264.78,447.03,51.23,36.407,61.467,25.615,TP,40,0.109,1.414,1.418,0.101,0.041,1.414
69,32,253.72,450.34,72.72,34.886,61.922,36.359,FP,,,,,,,
69,33,46.85,455.06,28.26,6.441,62.57,14.132,TP,41,0.13,0.116,0.174,0.124,-0.04,-0.116
69,34,257.57,453.83,51.37,35.415,62.401,25.685,TP,42,0.595,2.422,2.494,0.555,0.212,2.422
69,35,430.0,452.0,83.0,59.125,62.15,41.5,TP,38,0.285,1.5,1.527,0.259,0.119,-1.5
69,36,55.69,461.07,80.15,7.658,63.396,40.073,FP,,,,,,,
69,37,362.25,474.97,48.48,49.81,65.308,24.238,TP,44,0.02,0.063,0.066,0.003,0.02,-0.063
69,38,25.99,484.55,36.5,3.573,66.626,18.248,TP,45,0.046,1.285,1.286,0.042,0.019,-1.285
69,39,316.79,490.93,42.95,43.558,67.502,21.476,TP,48,0.202,1.928,1.939,-0.112,-0.168,1.928
69,,,,,65.212,1.034,9.683,FN,0,,,,,,
69,,,,,0.579,2.448,23.514,FN,2,,,,,,
69,,,,,5.703,3.061,13.179,FN,3,,,,,,
69,,,,,41.577,30.362,48.783,FN,15,,,,,,
69,,,,,47.391,31.942,34.589,FN,17,,,,,,
69,,,,,61.671,31.678,45.257,FN,18,,,,,,
69,,,,,26.361,34.217,28.398,FN,20,,,,,,
69,,,,,34.837,35.325,13.812,FN,21,,,,,,
69,,,,,48.961,35.675,41.0,FN,22,,,,,,
69,,,,,53.139,46.437,8.419,FN,30,,,,,,
69,,,,,39.197,50.701,1.5,FN,32,,,,,,
69,,,,,69.923,54.271,20.283,FN,33,,,,,,
69,,,,,66.22,55.427,28.0,FN,35,,,,,,
69,,,,,52.42,63.657,20.753,FN,43,,,,,,
69,,,,,52.046,67.161,47.965,FN,46,,,,,,
69,,,,,55.502,66.804,48.009,FN,47,,,,,,
69,,,,,32.775,68.077,2.996,FN,49,,,,,,
75,0,75.81,26.86,50.55,10.424,3.693,25.273,TP,2,0.356,0.818,0.892,0.021,-0.355,0.818
75,1,266.87,26.6,24.15,36.695,3.657,12.077,TP,1,0.309,0.601,0.676,0.165,0.262,0.601
75,2,111.47,38.06,46.26,15.327,5.234,23.131,TP,4,0.202,0.879,0.901,0.025,0.2,0.879
75,3,416.41,56.57,77.75,57.256,7.779,38.873,TP,7,0.202,1.639,1.652,-0.01,-0.202,1.639
75,4,148.35,55.45,18.9,20.398,7.625,9.448,TP,6,0.431,0.135,0.451,0.304,0.305,0.135
75,5,38.44,58.43,26.48,5.285,8.034,13.239,TP,8,0.067,0.673,0.677,-0.061,-0.029,0.673
75,6,94.89,71.78,88.66,13.047,9.869,44.331,TP,9,0.335,0.45,0.561,0.316,0.11,0.45
75,7,66.05,79.08,78.16,9.083,10.874,39.082,TP,10,0.076,1.931,1.932,-0.07,0.03,1.931
75,8,92.87,97.87,25.68,12.769,13.458,12.842,TP,12,0.103,1.154,1.159,-0.003,0.103,-1.154
75,9,92.98,97.64,70.74,12.785,13.426,35.368,FP,,,,,,,
75,10,48.45,109.92,65.51,6.662,15.114,32.755,FP,,,,,,,
75,11,273.46,110.08,68.5,37.601,15.136,34.251,TP,13,0.145,2.26,2.264,0.047,0.137,2.26
75,12,44.65,111.19,54.16,6.139,15.289,27.079,TP,15,0.111,0.497,0.509,-0.035,-0.105,-0.497
75,13,93.5,121.06,9.53,12.856,16.646,4.765,TP,16,0.259,4.826,4.833,0.179,0.186,-4.826
75,14,156.85,151.27,68.03,21.566,20.8,34.015,TP,19,0.305,0.485,0.573,0.197,0.233,-0.485
75,15,6.0,153.1,76.09,0.825,21.052,38.043,TP,18,0.282,3.795,3.805,0.264,0.1,3.795
75,16,71.51,169.34,58.45,9.833,23.285,29.226,TP,20,0.017,0.569,0.569,0.004,0.016,-0.569
75,17,142.52,176.07,79.47,19.596,24.209,39.734,TP,21,0.226,2.295,2.306,0.21,0.084,-2.295
75,18,339.07,177.66,86.3,46.622,24.428,43.148,TP,22,0.104,0.87,0.876,0.03,0.099,-0.87
75,19,199.02,182.01,16.23,27.366,25.026,8.115,TP,23,0.16,0.05,0.167,-0.096,-0.128,0.05
75,20,462.41,197.45,93.39,63.582,27.15,46.696,TP,24,0.231,0.804,0.837,-0.012,0.23,-0.804
75,21,220.19,205.28,41.94,30.276,28.226,20.969,TP,26,0.025,0.058,0.063,0.022,0.01,-0.058
75,22,209.4,227.16,18.29,28.792,31.235,9.143,TP,27,0.159,0.28,0.322,0.029,-0.156,0.28
75,23,65.47,272.69,1.42,9.003,37.495,0.712,TP,30,0.354,0.183,0.398,-0.323,-0.144,-0.183
75,24,220.7,308.44,4.11,30.346,42.411,2.054,TP,31,0.08,3.534,3.534,0.076,0.027,-3.534
75,25,450.09,324.9,13.33,61.887,44.674,6.663,TP,32,0.118,0.899,0.907,-0.115,-0.026,0.899
75,26,190.92,333.91,16.85,26.251,45.913,8.425,TP,35,0.295,1.426,1.457,0.189,0.226,-1.426
75,27,78.39,333.59,9.47,10.779,45.869,4.737,TP,33,0.158,1.364,1.373,0.05,0.15,1.364
75,28,67.5,332.5,2.67,9.281,45.719,1.333,FP,,,,,,,
75,29,122.29,354.03,70.4,16.815,48.68,35.199,TP,37,0.073,2.156,2.157,0.052,-0.051,2.156
75,30,240.04,362.4,30.39,33.005,49.83,15.197,TP,38,0.391,0.803,0.893,-0.263,-0.289,-0.803
75,31,148.72,371.18,28.78,20.45,51.038,14.391,TP,39,0.148,0.087,0.172,0.115,-0.094,0.087
75,32,183.24,389.9,69.59,25.196,53.611,34.797,TP,41,0.293,1.34,1.371,0.082,0.281,-1.34
75,33,185.4,397.0,93.32,25.493,54.588,46.658,FP,,,,,,,
75,34,496.14,415.91,31.2,68.22,57.188,15.6,TP,42,0.023,0.823,0.823,-0.014,0.018,0.823
75,35,350.22,454.2,59.32,48.155,62.452,29.658,TP,43,0.069,0.613,0.617,-0.069,0.005,0.613
75,36,466.98,463.9,92.05,64.209,63.786,46.027,TP,44,0.201,0.465,0.506,-0.038,0.198,-0.465
75,37,183.71,472.3,5.75,25.26,64.941,2.873,TP,45,0.157,0.344,0.378,-0.14,0.07,0.344
75,38,411.72,469.88,69.88,56.612,64.608,34.941,TP,46,0.184,1.059,1.075,0.147,0.111,-1.059
75,39,323.17,505.07,58.18,44.436,69.448,29.088,TP,48,0.146,0.084,0.168,-0.13,0.065,0.084
75,,,,,14.667,1.236,44.0,FN,0,,,,,,
75,,,,,61.236,3.355,19.262,FN,3,,,,,,
75,,,,,34.968,6.247,45.0,FN,5,,,,,,
75,,,,,64.957,12.495,48.748,FN,11,,,,,,
75,,,,,23.155,15.268,0.5,FN,14,,,,,,
75,,,,,5.851,15.871,16.055,FN,17,,,,,,
75,,,,,0.363,28.381,30.139,FN,25,,,,,,
75,,,,,1.544,31.191,4.246,FN,28,,,,,,
75,,,,,18.883,37.429,46.307,FN,29,,,,,,
75,,,,,8.663,45.43,6.561,FN,34,,,,,,
75,,,,,61.247,46.978,48.581,FN,36,,,,,,
75,,,,,30.697,51.564,30.868,FN,40,,,,,,
75,,,,,51.064,68.072,49.457,FN,47,,,,,,
75,,,,,50.945,69.685,4.5,FN,49,,,,,,
89,0,280.95,13.56,69.33,38.63,1.865,34.666,TP,0,0.63,2.166,2.256,0.058,0.627,2.166
89,1,440.32,18.8,66.28,60.544,2.585,33.139,TP,1,0.197,1.18,1.197,0.197,-0.001,-1.18
89,2,495.1,25.53,1.55,68.076,3.51,0.775,FP,,,,,,,
89,3,491.62,28.36,13.65,67.598,3.9,6.827,TP,2,0.291,0.633,0.697,-0.291,-0.011,0.633
89,4,100.34,56.73,22.58,13.797,7.801,11.289,TP,3,0.084,1.533,1.535,0.081,0.022,-1.533
89,5,203.23,54.97,14.45,27.945,7.558,7.225,TP,5,0.217,0.508,0.553,-0.19,0.105,-0.508
89,6,404.89,69.44,37.67,55.672,9.549,18.833,TP,6,0.732,0.773,1.065,0.555,0.477,0.773
89,7,136.6,76.74,78.34,18.783,10.552,39.171,TP,7,0.005,0.341,0.341,-0.003,-0.005,-0.341
89,8,411.87,109.4,73.82,56.632,15.042,36.909,TP,10,0.219,2.395,2.405,0.0,0.219,2.395
89,9,31.72,129.3,65.37,4.361,17.779,32.684,FP,,,,,,,
89,10,480.65,137.49,53.1,66.089,18.905,26.551,TP,13,0.074,0.456,0.462,-0.051,-0.053,0.456
89,11,481.59,145.0,74.53,66.218,19.938,37.265,FP,,,,,,,
89,12,381.88,169.56,24.96,52.508,23.315,12.479,TP,14,0.07,1.288,1.29,-0.051,-0.048,-1.288
89,13,411.95,204.37,66.29,56.643,28.101,33.145,TP,16,0.251,0.814,0.851,-0.118,-0.221,0.814
89,14,313.96,215.04,34.62,43.17,29.568,17.308,TP,17,0.055,0.009,0.056,0.033,0.045,-0.009
89,15,233.57,214.38,68.73,32.116,29.478,34.367,TP,18,0.101,0.066,0.121,-0.085,0.055,-0.066
89,16,212.61,234.0,7.92,29.234,32.175,3.958,TP,20,0.451,1.197,1.279,-0.351,0.283,-1.197
89,17,198.97,264.25,69.57,27.359,36.334,34.785,TP,23,0.4,0.757,0.856,-0.049,0.397,-0.757
89,18,199.54,261.34,85.58,27.437,35.934,42.79,FP,,,,,,,
89,19,115.22,277.64,26.28,15.843,38.175,13.139,TP,24,0.414,1.148,1.221,0.413,-0.023,-1.148
89,20,73.98,282.83,29.29,10.172,38.888,14.645,TP,25,0.064,0.45,0.455,-0.047,-0.043,0.45
89,21,368.98,291.1,22.69,50.735,40.026,11.346,TP,28,0.11,0.301,0.32,-0.018,-0.108,0.301
89,22,481.65,287.38,34.99,66.227,39.514,17.493,TP,29,0.109,1.22,1.225,0.104,0.033,-1.22
89,23,403.19,290.14,7.63,55.439,39.894,3.813,TP,27,0.175,0.049,0.182,0.108,0.138,-0.049
89,24,65.84,320.46,56.37,9.053,44.063,28.184,TP,31,0.11,0.205,0.233,-0.04,0.103,0.205
89,25,224.31,322.7,64.82,30.842,44.372,32.409,TP,33,0.16,0.051,0.167,0.086,0.135,-0.051
89,26,263.96,325.48,74.52,36.295,44.754,37.262,TP,32,0.183,2.426,2.433,-0.012,0.183,2.426
89,27,326.44,373.98,56.85,44.886,51.423,28.427,TP,34,0.47,2.164,2.214,-0.236,-0.406,2.164
89,28,329.47,410.75,58.5,45.303,56.478,29.249,TP,37,0.24,0.742,0.78,-0.238,0.028,-0.742
89,29,315.48,409.34,19.37,43.378,56.284,9.685,TP,36,0.514,0.974,1.101,0.021,0.514,-0.974
89,30,488.33,407.85,25.92,67.146,56.08,12.96,TP,39,0.035,0.762,0.763,0.032,-0.013,-0.762
89,31,443.2,426.27,58.44,60.94,58.612,29.222,TP,40,0.068,0.971,0.974,0.038,-0.057,-0.971
89,32,504.75,445.65,74.1,69.403,61.277,37.05,FP,,,,,,,
89,33,425.33,491.42,49.31,58.483,67.57,24.655,TP,45,0.127,0.021,0.128,0.078,0.1,-0.021
89,34,171.45,490.38,48.59,23.575,67.427,24.295,TP,44,0.056,0.493,0.496,0.024,0.051,-0.493
89,35,401.36,500.37,55.8,55.187,68.801,27.902,TP,47,0.073,0.353,0.36,-0.073,0.005,0.353
89,36,144.5,498.8,64.0,19.869,68.585,32.0,TP,48,0.298,2.006,2.028,-0.12,-0.273,2.006
89,37,275.68,500.83,0.44,37.906,68.863,0.222,TP,46,0.38,0.503,0.63,-0.225,0.306,-0.503
89,38,161.68,502.83,0.75,22.231,69.139,0.377,TP,49,0.698,3.803,3.867,-0.654,0.243,-3.803
89,,,,,53.87,7.245,47.186,FN,4,,,,,,
89,,,,,52.47,12.717,17.648,FN,8,,,,,,
89,,,,,7.052,15.438,30.033,FN,9,,,,,,
89,,,,,56.883,17.336,49.027,FN,11,,,,,,
89,,,,,4.479,17.155,26.708,FN,12,,,,,,
89,,,,,53.535,24.689,47.979,FN,15,,,,,,
89,,,,,69.886,31.674,26.603,FN,19,,,,,,
89,,,,,28.352,32.747,1.241,FN,21,,,,,,
89,,,,,53.621,35.599,47.5,FN,22,,,,,,
89,,,,,14.419,38.858,48.781,FN,26,,,,,,
89,,,,,47.089,41.98,48.321,FN,30,,,,,,
89,,,,,1.053,54.212,13.974,FN,35,,,,,,
89,,,,,27.625,55.429,44.536,FN,38,,,,,,
89,,,,,13.052,59.649,48.616,FN,41,,,,,,
89,,,,,70.093,61.02,30.614,FN,42,,,,,,
89,,,,,12.674,65.16,47.075,FN,43,,,,,,
9,0,61.75,8.39,77.37,8.49,1.153,38.686,TP,0,0.413,1.738,1.787,0.097,0.402,-1.738
9,1,336.71,5.0,82.71,46.298,0.688,41.357,FP,,,,,,,
9,2,503.36,16.53,21.92,69.212,2.272,10.962,TP,3,0.166,1.227,1.239,0.027,-0.163,-1.227
9,3,365.04,28.85,87.02,50.193,3.967,43.512,TP,4,0.597,2.043,2.128,-0.464,-0.376,2.043
9,4,267.82,54.06,73.73,36.825,7.433,36.866,TP,5,0.123,2.619,2.622,0.122,-0.016,2.619
9,5,224.26,67.59,75.89,30.836,9.294,37.947,TP,6,0.076,1.759,1.761,-0.035,0.067,1.759
9,6,76.1,91.45,76.06,10.464,12.574,38.032,TP,7,0.066,0.253,0.261,0.043,0.049,-0.253
9,7,474.13,95.59,9.73,65.192,13.144,4.864,TP,8,0.297,0.577,0.649,-0.224,0.196,-0.577
9,8,367.56,99.84,14.65,50.54,13.728,7.324,TP,9,0.099,0.127,0.161,0.096,-0.024,-0.127
9,9,427.22,108.04,78.6,58.743,14.855,39.298,TP,10,0.119,0.96,0.967,0.11,0.045,-0.96
9,10,78.21,125.95,68.32,10.754,17.318,34.158,TP,12,0.469,1.311,1.393,-0.198,-0.425,1.311
9,11,299.91,138.02,32.82,41.237,18.978,16.408,TP,14,0.274,0.486,0.558,-0.205,-0.181,0.486
9,12,130.6,154.28,58.16,17.957,21.214,29.081,TP,15,0.279,1.382,1.41,0.168,0.223,-1.382
9,13,148.08,176.12,24.84,20.361,24.216,12.421,TP,19,0.129,0.135,0.187,0.129,0.002,-0.135
9,14,446.66,181.51,19.7,61.416,24.958,9.85,TP,18,0.173,0.094,0.197,-0.158,-0.071,-0.094
9,15,305.34,181.41,62.88,41.985,24.944,31.442,TP,20,0.158,0.898,0.912,0.149,0.053,-0.898
9,16,452.85,194.75,77.5,62.267,26.778,38.749,TP,21,0.067,1.249,1.25,0.032,0.059,1.249
9,17,295.82,217.93,15.4,40.675,29.965,7.699,TP,22,0.17,0.625,0.647,0.165,-0.038,-0.625
9,18,220.42,282.36,35.54,30.308,38.825,17.769,TP,26,0.135,0.668,0.681,0.011,-0.135,-0.668
9,19,18.77,276.17,76.56,2.581,37.973,38.282,TP,27,0.219,1.797,1.811,-0.121,-0.183,1.797
9,20,374.53,282.81,75.87,51.498,38.886,37.937,TP,29,0.089,0.447,0.455,0.011,-0.088,-0.447
9,21,182.9,287.8,83.46,25.149,39.573,41.732,FP,,,,,,,
9,22,123.8,312.6,16.8,17.022,42.982,8.402,TP,32,0.116,1.76,1.764,0.055,-0.102,-1.76
9,23,164.53,324.87,22.74,22.623,44.67,11.369,TP,33,0.175,0.115,0.209,0.173,0.024,0.115
9,24,193.82,337.34,6.24,26.651,46.384,3.118,TP,34,0.05,0.132,0.141,0.044,-0.022,-0.132
9,25,79.99,351.29,35.47,10.999,48.302,17.734,TP,35,0.468,1.95,2.005,0.018,-0.468,-1.95
9,26,235.55,355.28,53.17,32.388,48.851,26.583,TP,36,0.168,0.312,0.354,0.028,0.166,0.312
9,27,368.93,354.97,54.36,50.727,48.809,27.179,TP,37,0.028,0.083,0.087,-0.002,-0.028,0.083
9,28,454.36,388.34,22.46,62.474,53.396,11.23,TP,38,0.118,0.889,0.897,-0.054,-0.105,-0.889
9,29,317.53,390.36,38.8,43.661,53.674,19.402,TP,39,0.017,0.098,0.099,0.016,-0.004,-0.098
9,30,31.6,396.74,34.75,4.345,54.551,17.375,TP,40,0.362,0.359,0.51,0.353,0.081,0.359
9,31,24.5,395.24,37.58,3.369,54.345,18.789,FP,,,,,,,
9,32,472.05,403.66,60.22,64.907,55.504,30.109,TP,43,0.1,1.891,1.894,-0.073,-0.069,-1.891
9,33,290.87,407.46,36.0,39.994,56.026,18.002,TP,42,0.408,0.065,0.414,0.174,0.369,-0.065
9,34,79.25,413.55,8.26,10.898,56.863,4.129,TP,44,0.267,0.872,0.912,0.133,0.231,0.872
9,35,277.55,465.05,34.01,38.164,63.944,17.005,TP,46,0.058,0.699,0.701,0.057,-0.009,-0.699
9,36,197.84,473.48,28.86,27.203,65.103,14.431,TP,47,0.145,0.681,0.696,0.104,0.101,-0.681
9,37,505.24,479.14,78.45,69.471,65.881,39.224,FP,,,,,,,
9,38,339.6,505.72,72.37,46.695,69.537,36.184,TP,49,0.277,2.189,2.206,-0.183,0.208,2.189
9,,,,,46.475,0.38,46.333,FN,1,,,,,,
9,,,,,49.364,2.165,39.506,FN,2,,,,,,
9,,,,,33.562,14.949,43.532,FN,11,,,,,,
9,,,,,68.743,17.938,26.012,FN,13,,,,,,
9,,,,,36.151,24.41,6.705,FN,16,,,,,,
9,,,,,17.848,23.732,6.238,FN,17,,,,,,
9,,,,,38.162,35.12,9.51,FN,23,,,,,,
9,,,,,3.001,35.126,11.023,FN,24,,,,,,
9,,,,,4.386,36.733,0.638,FN,25,,,,,,
9,,,,,15.96,38.221,14.803,FN,28,,,,,,
9,,,,,58.43,40.22,47.5,FN,30,,,,,,
9,,,,,31.197,42.879,16.0,FN,31,,,,,,
9,,,,,51.142,54.238,47.758,FN,41,,,,,,
9,,,,,35.736,62.627,48.114,FN,45,,,,,,
9,,,,,69.951,65.819,33.066,FN,48,,,,,,
91,0,317.14,29.47,58.91,43.606,4.052,29.457,TP,3,0.197,1.808,1.818,-0.046,0.192,-1.808
91,1,445.02,30.79,3.81,61.191,4.234,1.904,TP,4,0.245,0.73,0.77,-0.113,-0.217,0.73
91,2,316.03,27.38,96.03,43.455,3.765,48.017,FP,,,,,,,
91,3,248.98,50.77,31.41,34.234,6.98,15.704,TP,6,0.216,0.981,1.005,0.066,-0.206,0.981
91,4,108.12,53.31,31.93,14.866,7.329,15.967,TP,8,0.378,0.851,0.931,-0.304,-0.225,0.851
91,5,294.21,56.18,77.56,40.453,7.725,38.782,TP,7,0.308,3.434,3.448,-0.213,-0.222,-3.434
91,6,50.49,63.01,15.29,6.942,8.663,7.646,TP,9,0.163,2.607,2.612,-0.122,0.109,-2.607
91,7,305.38,60.16,37.86,41.99,8.272,18.931,TP,10,0.085,0.279,0.292,-0.083,0.018,0.279
91,8,159.64,78.69,25.01,21.951,10.819,12.503,TP,11,0.112,0.627,0.637,-0.084,-0.075,-0.627
91,9,344.22,90.98,66.3,47.33,12.509,33.149,TP,13,0.265,1.627,1.649,-0.189,-0.186,1.627
91,10,107.68,92.14,24.24,14.806,12.67,12.118,TP,16,0.155,0.382,0.412,0.121,0.097,-0.382
91,11,478.73,93.87,81.96,65.825,12.907,40.978,TP,14,0.276,0.086,0.289,0.074,0.266,0.086
91,12,400.2,110.92,60.19,55.028,15.251,30.095,TP,17,0.162,0.258,0.305,0.094,0.132,-0.258
91,13,445.09,138.32,37.79,61.2,19.019,18.894,TP,18,0.047,0.126,0.134,-0.034,0.033,0.126
91,14,16.19,155.82,39.29,2.226,21.425,19.647,TP,19,0.036,0.093,0.1,-0.0,0.036,-0.093
91,15,242.77,157.08,74.1,33.381,21.598,37.051,TP,20,0.064,1.215,1.217,-0.06,0.022,1.215
91,16,17.44,155.74,50.11,2.399,21.414,25.056,FP,,,,,,,
91,17,117.68,192.49,15.17,16.181,26.468,7.586,TP,22,0.01,0.58,0.58,-0.009,-0.005,-0.58
91,18,484.1,207.02,23.53,66.563,28.465,11.765,TP,23,0.37,0.44,0.575,-0.053,0.367,0.44
91,19,347.75,221.69,92.38,47.816,30.482,46.188,TP,25,0.694,0.197,0.722,-0.638,-0.273,-0.197
91,20,38.45,231.33,79.13,5.287,31.808,39.565,TP,26,0.143,2.57,2.574,-0.135,0.047,2.57
91,21,84.98,243.28,41.05,11.684,33.451,20.523,TP,27,0.226,0.196,0.299,-0.128,-0.186,-0.196
91,22,48.73,250.77,76.49,6.701,34.481,38.247,FP,,,,,,,
91,23,55.38,260.84,78.27,7.615,35.865,39.136,FP,,,,,,,
91,24,429.84,280.95,77.39,59.103,38.631,38.696,TP,32,0.159,2.137,2.143,0.12,0.105,-2.137
91,25,96.49,290.46,33.77,13.268,39.939,16.886,TP,33,0.242,0.114,0.268,0.106,0.218,-0.114
91,26,47.3,301.1,17.62,6.503,41.402,8.812,TP,34,0.249,0.196,0.317,0.055,0.243,-0.196
91,27,120.5,310.16,76.74,16.569,42.646,38.369,TP,35,0.881,0.278,0.923,-0.831,-0.291,0.278
91,28,65.08,313.08,82.67,8.949,43.049,41.333,FP,,,,,,,
91,29,135.88,317.44,76.11,18.684,43.648,38.056,FP,,,,,,,
91,30,209.23,349.79,20.66,28.768,48.096,10.33,TP,36,0.04,0.167,0.172,-0.018,0.036,-0.167
91,31,403.66,353.4,2.01,55.504,48.592,1.003,TP,37,0.188,0.267,0.327,-0.187,-0.02,0.267
91,32,455.63,358.93,2.68,62.649,49.353,1.342,TP,38,0.227,0.631,0.671,0.063,0.218,0.631
91,33,87.74,391.18,15.44,12.065,53.788,7.719,TP,39,0.09,0.473,0.482,0.044,0.079,0.473
91,34,47.19,392.49,59.23,6.489,53.967,29.617,TP,40,0.112,0.107,0.155,0.076,0.083,0.107
91,35,42.55,395.42,77.41,5.851,54.37,38.703,FP,,,,,,,
91,36,374.09,411.85,48.95,51.437,56.629,24.474,TP,42,0.215,0.849,0.876,-0.142,-0.161,0.849
91,37,47.35,424.7,78.92,6.511,58.396,39.462,TP,43,0.197,0.515,0.551,0.195,-0.029,0.515
91,38,8.23,432.77,1.96,1.132,59.506,0.978,TP,44,0.469,3.001,3.037,-0.349,0.314,-3.001
91,39,16.7,432.42,10.82,2.296,59.458,5.409,FP,,,,,,,
91,40,398.47,438.63,31.44,54.789,60.311,15.722,TP,45,0.112,0.007,0.112,0.005,0.112,0.007
91,41,398.5,438.0,36.0,54.794,60.225,18.0,FP,,,,,,,
91,42,70.01,468.99,12.51,9.626,64.487,6.254,TP,47,0.176,3.498,3.503,-0.165,-0.06,-3.498
91,43,406.31,483.36,91.42,55.867,66.462,45.708,TP,48,0.325,0.373,0.495,0.139,-0.294,-0.373
91,,,,,51.932,0.848,7.523,FN,0,,,,,,
91,,,,,53.553,2.026,12.825,FN,1,,,,,,
91,,,,,39.6,2.639,46.402,FN,2,,,,,,
91,,,,,45.322,6.003,41.215,FN,5,,,,,,
91,,,,,31.492,12.157,4.73,FN,12,,,,,,
91,,,,,68.078,11.968,39.018,FN,15,,,,,,
91,,,,,22.196,25.206,46.741,FN,21,,,,,,
91,,,,,21.43,29.285,48.02,FN,24,,,,,,
91,,,,,14.11,35.188,32.807,FN,28,,,,,,
91,,,,,3.74,36.169,45.994,FN,29,,,,,,
91,,,,,1.508,36.607,10.045,FN,30,,,,,,
91,,,,,2.514,36.883,22.179,FN,31,,,,,,
91,,,,,53.672,53.753,0.534,FN,41,,,,,,
91,,,,,53.198,63.155,48.541,FN,46,,,,,,
97,0,267.18,5.23,30.78,36.737,0.72,15.389,TP,0,0.187,0.167,0.251,0.072,-0.173,0.167
97,1,142.94,26.81,13.78,19.655,3.686,6.889,TP,3,0.407,2.149,2.188,0.355,0.199,-2.149
97,2,320.3,24.72,11.65,44.042,3.399,5.823,TP,4,0.211,2.252,2.262,0.195,0.082,-2.252
97,3,205.89,33.99,23.54,28.31,4.673,11.771,TP,6,0.18,1.086,1.1,0.166,-0.071,-1.086
97,4,229.51,34.73,14.38,31.558,4.776,7.19,TP,5,0.153,0.217,0.266,0.089,0.125,0.217
97,5,327.46,42.86,53.7,45.026,5.893,26.851,TP,7,0.217,0.964,0.988,-0.136,-0.168,-0.964
97,6,377.16,90.87,7.24,51.86,12.494,3.619,TP,9,0.176,0.364,0.405,-0.017,0.175,0.364
97,7,464.71,96.51,14.2,63.897,13.27,7.099,TP,10,0.273,0.195,0.336,-0.139,0.235,0.195
97,8,495.07,153.22,3.09,68.072,21.068,1.544,TP,13,0.765,3.165,3.256,0.525,0.557,-3.165
97,9,447.68,156.98,45.58,61.556,21.585,22.79,TP,14,0.066,0.593,0.597,-0.063,-0.021,0.593
97,10,82.34,173.34,57.85,11.322,23.834,28.923,TP,15,0.078,0.418,0.425,0.023,0.075,0.418
97,11,277.18,199.79,82.76,38.112,27.471,41.38,TP,17,0.181,0.762,0.783,0.032,-0.179,0.762
97,12,494.23,217.66,22.73,67.957,29.929,11.364,TP,19,0.145,1.734,1.74,0.076,-0.123,-1.734
97,13,98.99,219.23,4.07,13.611,30.144,2.034,TP,18,0.35,0.344,0.491,-0.285,-0.204,0.344
97,14,256.08,229.2,39.89,35.21,31.515,19.947,TP,20,0.163,1.374,1.383,-0.162,-0.02,1.374
97,15,155.43,229.57,34.78,21.372,31.566,17.391,TP,22,0.057,0.363,0.368,0.028,-0.049,-0.363
97,16,250.7,231.49,80.23,34.471,31.83,40.117,FP,,,,,,,
97,17,455.55,240.4,85.53,62.638,33.055,42.766,TP,23,0.299,0.723,0.782,0.293,-0.06,0.723
97,18,100.91,269.0,68.36,13.875,36.987,34.182,FP,,,,,,,
97,19,400.21,276.93,50.14,55.029,38.078,25.071,TP,25,0.639,0.321,0.715,0.125,0.626,0.321
97,20,112.36,274.7,36.3,15.45,37.771,18.15,TP,27,0.033,0.548,0.549,0.014,-0.03,-0.548
97,21,105.0,275.0,64.0,14.438,37.812,32.0,TP,26,0.474,2.015,2.07,-0.138,0.454,2.015
97,22,495.34,279.66,1.9,68.109,38.453,0.95,TP,28,0.155,2.159,2.164,0.152,-0.03,-2.159
97,23,36.8,283.07,89.72,5.06,38.922,44.86,TP,29,0.282,0.251,0.377,0.254,0.122,-0.251
97,24,134.46,291.14,55.33,18.489,40.031,27.667,TP,30,0.187,1.069,1.085,0.076,0.17,-1.069
97,25,55.7,334.92,83.82,7.658,46.051,41.909,TP,34,0.063,0.289,0.296,-0.059,-0.021,-0.289
97,26,340.39,355.57,79.96,46.804,48.89,39.978,TP,35,0.142,2.705,2.709,0.135,0.042,-2.705
97,27,433.39,363.14,42.85,59.591,49.931,21.423,TP,36,0.204,1.194,1.212,-0.096,-0.18,1.194
97,28,13.61,369.55,53.47,1.872,50.813,26.737,TP,37,0.079,1.369,1.371,0.018,0.077,1.369
97,29,504.18,370.8,40.98,69.325,50.985,20.488,TP,38,0.204,1.161,1.179,0.195,0.062,-1.161
97,30,417.05,377.61,12.36,57.344,51.922,6.182,TP,40,0.467,1.767,1.828,0.181,-0.431,1.767
97,31,297.38,388.07,28.35,40.89,53.36,14.177,TP,41,0.066,0.343,0.349,0.025,-0.061,0.343
97,32,455.47,442.21,65.06,62.627,60.804,32.529,TP,43,0.16,0.134,0.209,0.123,0.102,-0.134
97,33,129.0,442.5,34.83,17.738,60.844,17.417,FP,,,,,,,
97,34,133.33,446.67,35.0,18.333,61.417,17.5,FP,,,,,,,
97,35,226.08,460.51,6.62,31.086,63.32,3.311,TP,44,0.118,0.279,0.303,-0.059,0.102,0.279
97,36,166.74,462.36,79.81,22.927,63.575,39.903,TP,45,0.11,0.932,0.939,-0.062,0.091,0.932
97,37,185.4,481.43,76.7,25.492,66.197,38.352,FP,,,,,,,
97,38,88.87,487.01,80.41,12.22,66.964,40.206,TP,47,0.201,0.044,0.205,-0.085,-0.182,0.044
97,,,,,69.242,2.628,7.43,FN,1,,,,,,
97,,,,,2.472,3.345,47.666,FN,2,,,,,,
97,,,,,53.598,8.665,20.935,FN,8,,,,,,
97,,,,,62.299,16.389,20.683,FN,11,,,,,,
97,,,,,60.591,19.007,43.394,FN,12,,,,,,
97,,,,,5.904,25.801,0.5,FN,16,,,,,,
97,,,,,59.873,31.101,44.381,FN,21,,,,,,
97,,,,,33.848,32.62,44.789,FN,24,,,,,,
97,,,,,14.518,42.051,8.225,FN,31,,,,,,
97,,,,,53.889,42.519,46.596,FN,32,,,,,,
97,,,,,14.97,45.046,17.644,FN,33,,,,,,
97,,,,,0.19,51.41,25.575,FN,39,,,,,,
97,,,,,18.0,61.076,22.632,FN,42,,,,,,
97,,,,,18.964,65.766,1.448,FN,46,,,,,,
97,,,,,8.694,67.206,43.272,FN,48,,,,,,
97,,,,,20.263,68.736,49.484,FN,49,,,,,,
