vol_idx,pred_id,x_px,y_px,z_plane,x_um,y_um,z_um,status,gt_id,err_xy_um,err_z_um,err_um,dx_um,dy_um,dz_um
103,0,167.19,13.44,60.6,22.988,1.848,30.302,TP,2,0.361,0.539,0.649,0.169,0.319,-0.539
103,1,99.94,20.06,32.47,13.742,2.758,16.236,TP,3,0.422,1.645,1.699,0.411,0.098,-1.645
103,2,371.04,29.52,35.3,51.018,4.059,17.65,TP,4,0.057,0.59,0.593,-0.05,-0.028,-0.59
103,3,145.69,32.29,79.25,20.033,4.44,39.627,TP,5,0.332,1.977,2.005,-0.312,0.112,1.977
103,4,242.25,54.31,25.94,33.309,7.468,12.972,TP,6,0.495,2.028,2.088,0.493,0.037,-2.028
103,5,149.93,63.46,52.47,20.616,8.725,26.233,TP,7,0.108,0.345,0.362,-0.038,0.101,0.345
103,6,350.51,67.74,6.34,48.195,9.315,3.17,TP,8,0.152,1.211,1.22,0.083,0.127,1.211
103,7,334.46,72.82,54.8,45.989,10.013,27.401,TP,9,0.348,0.235,0.42,-0.344,-0.048,0.235
103,8,458.99,93.42,32.45,63.111,12.846,16.224,TP,10,0.235,0.87,0.902,0.216,0.092,-0.87
103,9,39.04,95.44,30.26,5.367,13.123,15.13,TP,11,0.105,0.231,0.254,-0.1,-0.033,-0.231
103,10,298.3,121.11,7.17,41.016,16.652,3.587,TP,13,0.352,0.308,0.468,0.147,-0.32,0.308
103,11,297.44,123.44,90.33,40.899,16.974,45.167,FP,,,,,,,
103,12,297.89,130.44,17.56,40.96,17.936,8.778,FP,,,,,,,
103,13,373.15,153.1,85.05,51.308,21.051,42.525,FP,,,,,,,
103,14,219.84,159.52,67.25,30.229,21.934,33.626,TP,16,0.02,0.463,0.463,-0.012,0.016,-0.463
103,15,458.93,173.22,90.15,63.103,23.818,45.076,TP,17,1.105,0.493,1.21,0.044,-1.104,-0.493
103,16,313.14,189.05,28.48,43.057,25.995,14.239,TP,19,0.068,0.714,0.717,-0.05,0.046,-0.714
103,17,410.42,211.16,3.97,56.433,29.035,1.984,TP,20,0.516,0.235,0.567,0.499,-0.13,0.235
103,18,397.08,212.34,8.11,54.598,29.197,4.057,FP,,,,,,,
103,19,466.45,219.43,80.45,64.136,30.172,40.226,TP,21,0.153,0.262,0.303,-0.142,-0.057,-0.262
103,20,336.97,273.28,72.64,46.333,37.576,36.319,TP,22,0.133,0.332,0.357,-0.022,0.131,0.332
103,21,491.0,278.53,74.29,67.512,38.297,37.147,TP,23,0.085,2.606,2.607,-0.04,0.075,-2.606
103,22,121.61,278.47,32.42,16.721,38.289,16.212,TP,24,0.553,0.622,0.832,-0.53,-0.156,0.622
103,23,238.83,303.66,3.68,32.84,41.754,1.838,TP,25,0.096,0.606,0.613,-0.06,-0.075,0.606
103,24,73.2,318.3,12.72,10.065,43.767,6.361,TP,26,0.231,0.643,0.684,-0.137,-0.186,-0.643
103,25,434.22,349.14,50.62,59.705,48.006,25.309,TP,27,0.089,0.601,0.608,-0.087,-0.022,-0.601
103,26,85.53,361.72,30.53,11.761,49.736,15.266,TP,28,0.139,0.481,0.501,-0.093,-0.104,-0.481
103,27,85.5,361.0,36.0,11.756,49.638,18.0,FP,,,,,,,
103,28,480.26,368.32,22.96,66.036,50.644,11.48,TP,29,0.813,1.453,1.665,-0.752,-0.309,1.453
103,29,484.5,370.5,12.0,66.619,50.944,6.0,FP,,,,,,,
103,30,433.14,394.51,15.55,59.557,54.245,7.777,FP,,,,,,,
103,31,80.31,404.68,53.75,11.043,55.644,26.874,TP,33,0.117,0.796,0.805,-0.035,0.112,-0.796
103,32,377.59,404.17,36.42,51.919,55.573,18.21,TP,34,0.186,1.067,1.083,-0.157,-0.1,-1.067
103,33,180.71,412.88,49.05,24.847,56.771,24.524,TP,36,0.256,0.5,0.562,-0.21,-0.148,-0.5
103,34,353.96,440.88,66.49,48.67,60.62,33.243,TP,37,0.507,0.075,0.513,-0.319,-0.394,-0.075
103,35,356.7,443.1,61.1,49.046,60.926,30.55,FP,,,,,,,
103,36,26.65,452.16,74.58,3.665,62.173,37.292,TP,38,0.159,0.614,0.634,-0.158,-0.013,0.614
103,37,115.18,455.06,27.48,15.838,62.571,13.738,TP,39,0.037,2.713,2.713,-0.01,-0.035,-2.713
103,38,211.09,454.85,28.96,29.025,62.542,14.482,TP,40,0.153,1.066,1.077,-0.088,-0.125,1.066
103,39,107.59,462.84,50.71,14.794,63.64,25.357,TP,41,0.052,0.96,0.962,-0.038,-0.037,-0.96
103,40,80.58,483.92,18.33,11.08,66.539,9.164,TP,42,0.841,2.836,2.958,-0.292,0.788,-2.836
103,41,366.7,483.08,3.53,50.421,66.424,1.764,TP,44,0.117,0.783,0.791,-0.111,0.035,0.783
103,42,243.71,488.79,68.44,33.51,67.209,34.22,FP,,,,,,,
103,43,243.44,490.68,31.42,33.473,67.469,15.712,TP,46,0.137,0.215,0.255,-0.059,-0.124,-0.215
103,,,,,58.867,0.954,31.052,FN,0,,,,,,
103,,,,,6.562,1.212,45.816,FN,1,,,,,,
103,,,,,1.662,16.573,48.115,FN,12,,,,,,
103,,,,,58.333,21.181,48.528,FN,14,,,,,,
103,,,,,51.31,20.992,1.0,FN,15,,,,,,
103,,,,,0.794,25.63,25.74,FN,18,,,,,,
103,,,,,59.63,54.081,48.608,FN,30,,,,,,
103,,,,,57.458,55.319,48.958,FN,31,,,,,,
103,,,,,10.186,55.653,0.618,FN,32,,,,,,
103,,,,,20.326,57.451,9.5,FN,35,,,,,,
103,,,,,59.751,65.759,0.756,FN,43,,,,,,
103,,,,,40.823,67.6,45.343,FN,45,,,,,,
103,,,,,28.938,67.972,19.985,FN,47,,,,,,
103,,,,,31.121,68.805,14.61,FN,48,,,,,,
103,,,,,61.214,69.626,8.258,FN,49,,,,,,
104,0,464.15,9.11,16.36,63.821,1.253,8.18,FP,,,,,,,
104,1,297.78,12.65,75.65,40.944,1.739,37.823,TP,3,0.114,0.357,0.375,-0.112,0.022,0.357
104,2,30.0,22.4,24.89,4.125,3.08,12.446,TP,5,0.078,1.133,1.136,-0.072,0.03,-1.133
104,3,103.05,27.32,55.34,14.169,3.756,27.671,TP,6,0.052,0.376,0.379,-0.035,-0.038,-0.376
104,4,244.52,39.83,50.85,33.622,5.477,25.426,TP,8,0.128,0.805,0.815,0.088,-0.093,-0.805
104,5,97.64,43.32,44.46,13.425,5.956,22.229,TP,10,0.067,1.081,1.083,0.027,0.061,1.081
104,6,236.31,42.86,68.99,32.493,5.893,34.493,FP,,,,,,,
104,7,457.15,46.69,82.79,62.858,6.42,41.396,TP,9,0.07,2.001,2.002,-0.065,-0.024,-2.001
104,8,367.34,71.42,23.92,50.51,9.82,11.959,TP,12,0.023,0.807,0.808,-0.011,-0.02,-0.807
104,9,202.81,72.38,77.28,27.886,9.952,38.641,TP,13,0.305,0.301,0.429,-0.292,-0.088,0.301
104,10,3.41,110.94,4.88,0.468,15.254,2.441,TP,17,0.274,1.79,1.811,-0.256,0.097,-1.79
104,11,151.83,156.84,9.64,20.877,21.566,4.82,FP,,,,,,,
104,12,335.0,159.29,28.4,46.062,21.902,14.199,TP,22,0.121,0.757,0.767,-0.026,-0.118,0.757
104,13,349.77,188.89,9.72,48.094,25.973,4.861,TP,23,0.207,0.073,0.22,0.206,0.024,0.073
104,14,54.8,193.8,42.87,7.535,26.648,21.433,TP,24,0.289,0.186,0.343,-0.255,-0.134,0.186
104,15,64.3,198.2,68.0,8.841,27.253,34.0,FP,,,,,,,
104,16,73.3,201.28,55.11,10.079,27.676,27.556,TP,27,0.135,0.099,0.168,-0.103,-0.088,-0.099
104,17,168.49,201.48,81.77,23.167,27.703,40.887,TP,28,0.193,0.088,0.212,-0.066,-0.181,0.088
104,18,112.29,201.29,69.29,15.439,27.677,34.643,TP,25,0.303,1.573,1.602,-0.302,-0.017,1.573
104,19,416.07,204.84,48.74,57.209,28.166,24.372,TP,29,0.07,0.397,0.403,-0.037,0.059,-0.397
104,20,172.52,217.96,18.33,23.721,29.969,9.164,TP,30,0.201,1.183,1.2,-0.197,0.042,1.183
104,21,112.53,240.58,18.49,15.473,33.079,9.244,TP,35,0.236,0.532,0.582,-0.14,-0.19,-0.532
104,22,185.25,253.9,49.88,25.472,34.911,24.938,TP,36,0.335,2.952,2.97,-0.162,-0.293,2.952
104,23,187.45,257.83,42.82,25.774,35.451,21.41,FP,,,,,,,
104,24,144.5,257.5,70.5,19.869,35.406,35.25,TP,37,0.69,0.522,0.865,0.662,0.194,0.522
104,25,17.22,279.65,31.23,2.367,38.452,15.616,TP,38,0.51,2.924,2.968,-0.503,0.083,-2.924
104,26,184.52,279.85,2.41,25.371,38.479,1.205,TP,40,0.053,0.295,0.299,0.035,0.04,0.295
104,27,328.45,303.22,11.88,45.162,41.692,5.939,TP,41,0.248,1.195,1.221,-0.172,-0.179,-1.195
104,28,432.1,303.74,22.23,59.414,41.764,11.116,TP,42,0.131,0.221,0.257,-0.13,-0.019,0.221
104,29,378.55,345.92,17.41,52.051,47.564,8.707,TP,43,0.145,1.278,1.286,-0.111,0.093,-1.278
104,30,173.94,376.53,68.63,23.917,51.773,34.317,TP,44,0.177,1.782,1.791,0.177,0.01,1.782
104,31,172.25,375.0,61.5,23.684,51.562,30.75,FP,,,,,,,
104,32,139.93,379.39,32.41,19.24,52.166,16.204,TP,46,0.103,0.595,0.604,-0.1,-0.022,-0.595
104,33,331.98,402.46,85.57,45.647,55.338,42.785,TP,47,0.197,0.005,0.197,-0.065,0.186,0.005
104,34,50.71,500.58,56.16,6.973,68.83,28.079,TP,49,0.191,0.503,0.538,0.017,-0.19,0.503
104,,,,,47.585,0.907,4.333,FN,0,,,,,,
104,,,,,61.8,1.347,32.259,FN,1,,,,,,
104,,,,,64.055,2.327,11.619,FN,2,,,,,,
104,,,,,51.808,1.639,12.88,FN,4,,,,,,
104,,,,,51.49,3.865,47.256,FN,7,,,,,,
104,,,,,51.675,7.898,47.165,FN,11,,,,,,
104,,,,,13.32,10.053,48.224,FN,14,,,,,,
104,,,,,17.067,14.271,1.31,FN,15,,,,,,
104,,,,,69.364,14.841,23.117,FN,16,,,,,,
104,,,,,8.008,20.493,0.5,FN,18,,,,,,
104,,,,,20.795,21.093,10.552,FN,19,,,,,,
104,,,,,45.843,22.144,20.441,FN,20,,,,,,
104,,,,,16.919,21.51,1.0,FN,21,,,,,,
104,,,,,19.224,28.092,35.101,FN,26,,,,,,
104,,,,,69.932,30.733,48.733,FN,31,,,,,,
104,,,,,45.581,30.731,1.0,FN,32,,,,,,
104,,,,,23.007,31.776,0.58,FN,33,,,,,,
104,,,,,58.075,32.149,26.377,FN,34,,,,,,
104,,,,,0.52,38.105,3.674,FN,39,,,,,,
104,,,,,4.248,52.763,39.792,FN,45,,,,,,
104,,,,,52.303,57.87,17.893,FN,48,,,,,,
105,0,441.33,24.68,24.69,60.683,3.393,12.346,TP,0,0.649,2.204,2.297,0.125,0.637,2.204
105,1,51.11,28.65,69.13,7.027,3.939,34.567,TP,4,0.116,0.943,0.95,-0.088,-0.075,-0.943
105,2,157.17,31.32,26.93,21.61,4.306,13.466,TP,1,0.006,1.273,1.273,0.006,-0.002,-1.273
105,3,52.18,29.64,82.26,7.175,4.075,41.13,FP,,,,,,,
105,4,192.54,36.15,67.53,26.474,4.97,33.767,TP,7,0.313,2.031,2.055,0.308,0.059,-2.031
105,5,291.8,36.64,13.57,40.122,5.037,6.786,TP,6,0.206,1.025,1.046,-0.205,0.025,-1.025
105,6,220.5,38.0,3.5,30.319,5.225,1.75,TP,5,0.085,0.157,0.178,-0.054,0.066,0.157
105,7,91.31,76.16,42.0,12.555,10.473,20.998,TP,10,0.127,0.399,0.419,-0.122,-0.037,-0.399
105,8,262.05,79.2,68.74,36.032,10.889,34.368,TP,12,0.419,0.601,0.732,0.416,0.048,0.601
105,9,217.38,85.68,80.7,29.889,11.781,40.351,TP,11,0.026,0.545,0.545,-0.012,0.023,0.545
105,10,404.16,138.65,2.38,55.572,19.065,1.19,TP,13,0.068,1.235,1.237,0.016,-0.066,-1.235
105,11,144.57,146.82,63.34,19.879,20.188,31.671,TP,15,0.193,1.606,1.618,-0.022,0.192,-1.606
105,12,385.3,168.89,13.36,52.979,23.223,6.678,TP,18,0.05,0.509,0.512,0.04,0.029,0.509
105,13,380.06,169.01,18.07,52.258,23.239,9.035,FP,,,,,,,
105,14,47.59,189.39,20.79,6.544,26.042,10.393,TP,20,0.091,0.969,0.973,-0.091,0.001,-0.969
105,15,38.67,194.96,2.5,5.317,26.807,1.25,FP,,,,,,,
105,16,111.98,209.23,21.61,15.397,28.769,10.807,TP,22,0.117,1.345,1.35,0.008,-0.117,-1.345
105,17,452.81,213.19,84.58,62.262,29.313,42.288,TP,25,0.08,0.134,0.156,-0.064,0.048,0.134
105,18,91.8,218.26,33.1,12.623,30.011,16.55,TP,26,0.172,2.078,2.086,-0.013,0.172,-2.078
105,19,272.11,247.3,20.3,37.415,34.003,10.152,TP,27,0.924,2.971,3.112,-0.9,-0.21,-2.971
105,20,107.09,274.54,78.34,14.725,37.75,39.171,TP,28,0.191,1.775,1.785,0.186,-0.047,-1.775
105,21,196.68,283.86,7.77,27.043,39.031,3.885,TP,29,0.575,1.378,1.494,0.532,0.219,-1.378
105,22,440.8,285.85,48.25,60.61,39.304,24.125,TP,30,0.171,0.133,0.217,-0.102,-0.137,-0.133
105,23,67.35,282.73,21.94,9.26,38.875,10.969,TP,31,0.086,0.163,0.185,0.006,0.086,0.163
105,24,336.49,293.54,31.94,46.268,40.362,15.971,TP,32,0.062,1.283,1.284,0.025,-0.057,-1.283
105,25,220.33,294.32,58.76,30.296,40.47,29.379,TP,33,0.152,1.381,1.389,-0.026,-0.149,-1.381
105,26,313.52,329.66,28.34,43.109,45.328,14.169,TP,36,0.304,0.738,0.798,-0.236,-0.191,-0.738
105,27,17.0,327.0,49.0,2.338,44.963,24.5,TP,35,0.136,0.981,0.99,0.136,0.004,0.981
105,28,378.58,348.26,59.02,52.054,47.885,29.509,TP,38,0.249,0.491,0.55,-0.243,-0.052,-0.491
105,29,385.04,348.37,68.55,52.942,47.901,34.274,FP,,,,,,,
105,30,460.42,348.09,40.03,63.308,47.863,20.017,TP,37,0.07,0.022,0.074,-0.067,0.02,-0.022
105,31,234.01,412.48,17.5,32.176,56.716,8.752,TP,40,0.147,0.514,0.535,-0.048,-0.139,-0.514
105,32,208.79,420.95,11.9,28.709,57.881,5.95,TP,41,0.168,1.356,1.367,0.16,-0.05,-1.356
105,33,17.57,423.77,3.94,2.416,58.268,1.969,TP,42,0.158,0.012,0.158,-0.147,0.057,-0.012
105,34,159.74,433.43,50.08,21.965,59.596,25.039,TP,43,0.295,0.8,0.852,-0.072,-0.286,-0.8
105,35,265.77,436.27,39.52,36.544,59.988,19.758,TP,44,0.482,0.407,0.63,-0.459,-0.145,-0.407
105,36,217.02,471.95,83.47,29.841,64.893,41.737,TP,45,0.212,0.653,0.686,-0.198,-0.076,0.653
105,37,328.69,483.95,67.28,45.195,66.544,33.639,TP,47,0.143,0.134,0.196,0.113,-0.087,0.134
105,38,91.02,488.31,75.85,12.515,67.142,37.925,TP,46,0.159,1.117,1.128,-0.012,-0.158,1.117
105,39,116.08,486.73,4.1,15.962,66.926,2.049,TP,48,0.226,0.592,0.634,-0.191,-0.121,0.592
105,40,116.75,486.7,86.58,16.054,66.921,43.292,FP,,,,,,,
105,,,,,9.83,4.028,29.0,FN,2,,,,,,
105,,,,,70.036,4.914,34.0,FN,3,,,,,,
105,,,,,36.045,6.255,18.167,FN,8,,,,,,
105,,,,,67.221,7.439,45.168,FN,9,,,,,,
105,,,,,0.715,20.468,30.035,FN,14,,,,,,
105,,,,,4.057,20.164,33.74,FN,16,,,,,,
105,,,,,35.692,22.508,15.495,FN,17,,,,,,
105,,,,,34.208,24.98,41.959,FN,19,,,,,,
105,,,,,4.976,28.097,20.266,FN,21,,,,,,
105,,,,,35.561,29.428,12.039,FN,23,,,,,,
105,,,,,4.867,29.433,44.803,FN,24,,,,,,
105,,,,,22.33,41.186,48.0,FN,34,,,,,,
105,,,,,25.81,49.45,47.364,FN,39,,,,,,
105,,,,,41.551,69.554,16.411,FN,49,,,,,,
118,0,185.28,27.06,26.88,25.477,3.72,13.441,TP,1,0.123,1.012,1.019,-0.123,0.005,-1.012
118,1,81.42,28.71,32.25,11.196,3.948,16.123,TP,0,0.162,3.616,3.62,-0.039,0.157,-3.616
118,2,149.97,46.68,49.19,20.621,6.418,24.594,TP,2,0.1,0.318,0.334,-0.099,0.014,0.318
118,3,169.33,82.67,14.88,23.283,11.367,7.439,TP,4,0.455,1.145,1.232,-0.276,-0.362,-1.145
118,4,377.47,102.42,67.39,51.901,14.082,33.695,TP,5,0.609,3.698,3.748,-0.607,-0.041,3.698
118,5,385.0,103.34,65.86,52.938,14.21,32.93,FP,,,,,,,
118,6,378.31,102.85,60.15,52.017,14.141,30.077,FP,,,,,,,
118,7,251.46,140.89,43.55,34.575,19.373,21.777,TP,8,0.388,0.292,0.485,-0.384,0.054,0.292
118,8,487.89,160.13,24.26,67.085,22.017,12.129,TP,9,0.214,0.312,0.379,-0.175,-0.124,-0.312
118,9,123.79,167.79,31.98,17.022,23.071,15.991,TP,10,0.131,0.028,0.134,-0.09,-0.095,-0.028
118,10,332.52,173.55,82.35,45.722,23.863,41.174,TP,11,0.149,0.655,0.672,-0.103,0.107,0.655
118,11,80.42,176.16,58.19,11.057,24.221,29.096,TP,12,0.074,0.421,0.428,0.071,-0.022,-0.421
118,12,77.71,175.0,66.62,10.685,24.062,33.312,FP,,,,,,,
118,13,496.84,183.76,79.8,68.316,25.267,39.902,TP,13,0.062,2.775,2.776,-0.05,-0.036,-2.775
118,14,299.73,192.08,57.93,41.213,26.41,28.965,TP,14,0.073,1.772,1.774,-0.012,-0.072,-1.772
118,15,7.98,238.36,26.64,1.097,32.775,13.318,TP,18,0.258,0.456,0.524,0.19,0.174,-0.456
118,16,223.65,250.75,22.4,30.752,34.478,11.2,TP,22,0.793,0.37,0.875,-0.331,-0.721,0.37
118,17,107.73,272.26,59.56,14.813,37.436,29.779,TP,23,0.09,2.006,2.008,0.028,0.086,-2.006
118,18,361.29,279.51,68.31,49.677,38.432,34.157,TP,24,0.14,1.83,1.835,-0.137,0.03,-1.83
118,19,361.36,278.98,80.73,49.687,38.36,40.363,FP,,,,,,,
118,20,140.7,290.48,85.37,19.346,39.941,42.685,TP,25,0.035,1.492,1.492,-0.033,0.011,1.492
118,21,140.6,290.44,76.2,19.332,39.935,38.098,FP,,,,,,,
118,22,266.99,306.07,23.22,36.711,42.085,11.609,TP,26,0.254,0.35,0.432,-0.207,-0.147,0.35
118,23,342.23,329.83,5.13,47.057,45.351,2.566,TP,28,0.128,0.27,0.299,0.065,-0.111,-0.27
118,24,177.81,330.04,6.09,24.448,45.38,3.044,TP,27,0.249,1.956,1.971,-0.246,0.037,-1.956
118,25,265.2,338.6,12.6,36.465,46.558,6.3,TP,32,0.291,1.801,1.824,-0.207,-0.204,-1.801
118,26,456.57,342.64,25.99,62.778,47.114,12.993,TP,33,0.115,0.259,0.284,-0.115,0.007,-0.259
118,27,429.94,348.61,6.03,59.117,47.934,3.014,TP,34,0.162,0.144,0.217,0.151,0.06,-0.144
118,28,38.38,361.23,11.59,5.277,49.67,5.794,TP,35,0.077,1.278,1.28,-0.068,0.037,-1.278
118,29,218.06,363.1,49.94,29.983,49.927,24.97,TP,36,0.442,0.4,0.596,-0.408,-0.171,-0.4
118,30,272.64,389.41,48.93,37.489,53.544,24.466,TP,38,0.447,1.103,1.19,0.138,0.425,-1.103
118,31,112.3,391.28,42.73,15.441,53.802,21.364,TP,39,0.097,0.101,0.14,-0.096,-0.018,0.101
118,32,114.25,392.6,64.15,15.709,53.983,32.075,FP,,,,,,,
118,33,490.4,396.27,2.58,67.43,54.487,1.289,TP,40,0.675,4.141,4.195,0.454,-0.499,-4.141
118,34,316.98,409.29,34.48,43.584,56.278,17.238,TP,41,0.036,0.775,0.776,-0.035,0.007,-0.775
118,35,174.06,432.19,13.42,23.933,59.427,6.711,TP,43,0.187,1.231,1.245,0.153,0.108,-1.231
118,36,456.03,465.64,58.36,62.704,64.026,29.178,TP,45,0.18,1.698,1.708,0.041,0.176,-1.698
118,37,459.45,474.49,78.1,63.174,65.243,39.048,TP,47,0.144,0.669,0.684,0.102,-0.102,-0.669
118,38,396.65,500.49,7.35,54.539,68.817,3.677,TP,48,0.458,3.559,3.588,-0.019,0.457,-3.559
118,,,,,69.914,9.618,45.242,FN,3,,,,,,
118,,,,,17.099,18.634,39.505,FN,6,,,,,,
118,,,,,64.12,19.918,1.367,FN,7,,,,,,
118,,,,,62.122,27.74,17.5,FN,15,,,,,,
118,,,,,54.764,30.066,41.24,FN,16,,,,,,
118,,,,,68.23,30.363,46.141,FN,17,,,,,,
118,,,,,45.204,33.543,25.102,FN,19,,,,,,
118,,,,,50.84,33.492,46.26,FN,20,,,,,,
118,,,,,17.139,33.512,9.293,FN,21,,,,,,
118,,,,,29.12,45.849,19.628,FN,29,,,,,,
118,,,,,50.179,47.013,42.109,FN,30,,,,,,
118,,,,,46.41,46.177,12.474,FN,31,,,,,,
118,,,,,12.595,53.17,45.843,FN,37,,,,,,
118,,,,,6.508,56.864,41.176,FN,42,,,,,,
118,,,,,69.14,59.492,33.019,FN,44,,,,,,
118,,,,,63.014,64.499,25.34,FN,46,,,,,,
119,0,162.02,17.89,44.38,22.278,2.459,22.189,TP,2,0.431,0.596,0.735,0.04,0.429,0.596
119,1,208.09,21.46,11.6,28.612,2.951,5.801,TP,3,0.222,1.12,1.142,-0.147,0.167,1.12
119,2,39.71,47.79,84.07,5.46,6.571,42.034,TP,5,0.184,0.468,0.503,-0.095,-0.158,0.468
119,3,40.39,46.58,97.56,5.553,6.405,48.782,FP,,,,,,,
119,4,248.63,48.55,40.95,34.187,6.676,20.474,TP,4,0.081,0.197,0.213,0.081,0.003,0.197
119,5,51.76,77.67,28.58,7.116,10.679,14.289,TP,7,0.333,1.251,1.295,0.097,0.319,-1.251
119,6,228.13,72.79,57.42,31.368,10.008,28.712,TP,8,0.052,0.702,0.704,-0.041,-0.031,-0.702
119,7,491.5,88.19,31.6,67.581,12.126,15.798,TP,9,0.145,0.014,0.146,-0.133,-0.057,0.014
119,8,294.27,112.42,69.19,40.462,15.458,34.596,TP,11,0.308,2.011,2.035,-0.173,-0.255,-2.011
119,9,400.41,110.17,66.12,55.057,15.148,33.059,TP,10,0.265,2.309,2.325,0.062,0.258,-2.309
119,10,344.67,152.67,65.6,47.392,20.992,32.8,TP,15,0.295,0.17,0.341,-0.016,0.295,-0.17
119,11,346.29,154.24,79.53,47.615,21.208,39.763,FP,,,,,,,
119,12,116.61,170.95,6.78,16.034,23.506,3.388,TP,17,0.081,1.747,1.749,0.074,0.033,-1.747
119,13,456.59,177.25,23.92,62.781,24.372,11.961,TP,18,0.058,0.595,0.598,-0.019,0.055,-0.595
119,14,83.42,171.35,83.57,11.47,23.56,41.786,TP,19,0.094,2.348,2.35,-0.018,0.092,2.348
119,15,58.57,207.94,15.05,8.053,28.592,7.527,TP,20,0.142,0.454,0.476,-0.12,-0.076,-0.454
119,16,215.46,217.14,19.12,29.626,29.857,9.559,TP,21,0.064,0.234,0.243,-0.036,-0.054,0.234
119,17,142.37,219.97,33.18,19.575,30.246,16.588,TP,22,0.111,0.754,0.762,0.103,0.043,-0.754
119,18,444.45,224.06,50.08,61.112,30.808,25.041,TP,23,0.073,0.21,0.222,-0.068,0.025,0.21
119,19,195.58,287.53,64.73,26.892,39.536,32.363,TP,25,0.009,0.075,0.076,0.003,0.008,-0.075
119,20,72.79,300.32,65.14,10.009,41.294,32.568,TP,26,0.224,0.978,1.003,-0.016,0.223,-0.978
119,21,368.54,303.48,50.22,50.674,41.728,25.11,TP,28,0.055,0.115,0.128,-0.052,-0.015,0.115
119,22,330.05,332.52,4.85,45.382,45.722,2.423,TP,29,0.187,0.241,0.305,-0.172,0.072,0.241
119,23,421.01,333.57,57.34,57.889,45.866,28.67,TP,30,0.098,0.39,0.402,0.055,0.081,-0.39
119,24,110.27,364.48,48.87,15.163,50.116,24.435,TP,31,0.033,0.378,0.379,0.033,-0.0,-0.378
119,25,181.39,373.74,24.37,24.942,51.389,12.184,TP,32,0.854,2.568,2.707,-0.815,-0.256,-2.568
119,26,264.0,410.65,90.55,36.3,56.464,45.275,TP,37,0.093,1.786,1.788,0.089,-0.027,1.786
119,27,170.7,446.04,45.39,23.472,61.331,22.694,TP,38,0.173,0.418,0.453,-0.073,-0.157,-0.418
119,28,203.63,491.84,90.04,27.999,67.628,45.02,TP,43,0.155,3.984,3.987,0.155,-0.008,3.984
119,29,431.26,493.0,77.86,59.298,67.787,38.928,TP,44,0.218,0.043,0.222,-0.089,0.199,-0.043
119,30,59.5,492.0,12.0,8.181,67.65,6.0,TP,45,0.674,3.879,3.937,0.092,-0.668,3.879
119,31,202.8,491.5,82.9,27.885,67.581,41.45,FP,,,,,,,
119,,,,,18.466,0.211,18.836,FN,0,,,,,,
119,,,,,27.923,0.375,36.864,FN,1,,,,,,
119,,,,,30.396,7.96,38.08,FN,6,,,,,,
119,,,,,14.379,17.341,37.163,FN,12,,,,,,
119,,,,,47.022,17.641,39.463,FN,13,,,,,,
119,,,,,18.014,19.445,46.505,FN,14,,,,,,
119,,,,,9.443,21.107,45.277,FN,16,,,,,,
119,,,,,10.624,33.964,14.546,FN,24,,,,,,
119,,,,,67.094,42.14,20.393,FN,27,,,,,,
119,,,,,11.227,52.579,22.372,FN,33,,,,,,
119,,,,,5.921,53.643,35.909,FN,34,,,,,,
119,,,,,0.175,55.237,0.5,FN,35,,,,,,
119,,,,,4.64,56.861,30.969,FN,36,,,,,,
119,,,,,19.299,63.062,6.718,FN,39,,,,,,
119,,,,,8.347,62.558,15.754,FN,40,,,,,,
119,,,,,6.081,63.913,45.157,FN,41,,,,,,
119,,,,,9.152,67.894,11.363,FN,42,,,,,,
119,,,,,5.514,69.093,32.0,FN,46,,,,,,
119,,,,,13.319,69.947,8.681,FN,47,,,,,,
121,0,48.36,18.95,42.35,6.649,2.605,21.176,TP,2,0.344,1.24,1.287,-0.254,0.232,1.24
121,1,471.56,22.31,48.49,64.84,3.068,24.246,TP,3,0.037,0.076,0.084,0.022,-0.03,0.076
121,2,365.71,30.43,15.77,50.285,4.184,7.883,TP,4,0.254,0.727,0.77,0.004,-0.254,-0.727
121,3,108.25,56.15,53.09,14.884,7.72,26.544,TP,7,0.557,0.023,0.558,-0.286,-0.479,0.023
121,4,111.0,60.0,54.0,15.263,8.25,27.0,FP,,,,,,,
121,5,112.0,61.5,54.0,15.4,8.456,27.0,FP,,,,,,,
121,6,205.5,84.86,6.51,28.256,11.668,3.254,TP,9,0.024,0.228,0.229,-0.01,-0.021,-0.228
121,7,315.94,84.9,39.74,43.442,11.674,19.872,TP,10,0.138,0.139,0.195,-0.138,0.005,-0.139
121,8,114.5,91.81,45.64,15.744,12.624,22.818,TP,11,0.071,0.413,0.42,-0.069,-0.016,-0.413
121,9,197.85,88.92,6.31,27.204,12.227,3.154,FP,,,,,,,
121,10,186.47,96.8,25.2,25.639,13.31,12.6,TP,12,0.353,1.218,1.268,0.214,0.28,1.218
121,11,43.71,99.11,52.3,6.011,13.627,26.152,TP,13,0.107,0.037,0.114,-0.107,0.013,-0.037
121,12,441.97,101.13,59.64,60.771,13.905,29.821,TP,15,0.099,0.174,0.2,-0.048,0.087,-0.174
121,13,280.0,118.26,22.5,38.5,16.261,11.252,TP,17,0.587,0.37,0.694,-0.587,0.006,0.37
121,14,122.11,129.11,21.11,16.79,17.753,10.556,TP,19,0.303,3.381,3.395,-0.042,0.3,3.381
121,15,438.67,134.51,12.33,60.317,18.494,6.166,TP,18,0.74,0.448,0.865,0.128,0.729,0.448
121,16,169.26,169.76,46.6,23.273,23.342,23.302,TP,20,0.127,0.381,0.402,-0.126,-0.013,0.381
121,17,253.37,176.16,44.16,34.838,24.223,22.082,TP,21,0.185,1.741,1.75,-0.168,-0.077,1.741
121,18,257.0,175.5,64.0,35.338,24.131,32.0,FP,,,,,,,
121,19,420.92,184.75,41.04,57.877,25.404,20.518,TP,22,0.048,0.129,0.138,0.011,0.047,-0.129
121,20,272.6,196.45,51.95,37.482,27.012,25.974,TP,24,0.02,0.788,0.788,-0.002,-0.02,-0.788
121,21,73.93,198.04,79.35,10.166,27.23,39.675,TP,23,0.036,1.06,1.061,-0.008,0.035,1.06
121,22,250.94,204.03,21.0,34.504,28.054,10.5,TP,25,0.185,1.265,1.278,0.067,-0.172,-1.265
121,23,346.99,208.79,15.14,47.711,28.708,7.571,TP,26,0.052,0.942,0.943,0.01,0.051,-0.942
121,24,308.14,226.11,74.1,42.369,31.09,37.049,TP,27,0.094,1.713,1.715,0.058,0.074,-1.713
121,25,189.9,253.83,67.07,26.111,34.901,33.534,FP,,,,,,,
121,26,190.16,261.69,27.67,26.147,35.983,13.833,TP,30,0.11,1.906,1.909,-0.005,-0.11,-1.906
121,27,81.92,267.51,4.78,11.264,36.782,2.39,TP,31,0.344,3.041,3.06,0.077,-0.335,-3.041
121,28,396.98,285.29,6.31,54.584,39.227,3.157,TP,32,0.142,0.206,0.25,-0.141,-0.018,0.206
121,29,138.07,313.99,86.85,18.984,43.174,43.426,TP,33,0.178,0.45,0.484,-0.128,0.124,-0.45
121,30,440.7,348.08,25.34,60.596,47.861,12.669,TP,35,0.354,0.721,0.804,-0.224,-0.274,-0.721
121,31,114.52,348.4,33.09,15.747,47.904,16.545,TP,34,0.506,4.284,4.313,-0.087,-0.499,-4.284
121,32,216.45,355.64,43.29,29.762,48.901,21.644,TP,36,0.271,1.144,1.176,-0.252,-0.1,-1.144
121,33,403.79,366.79,86.95,55.521,50.433,43.476,TP,37,0.108,0.938,0.944,0.002,0.108,0.938
121,34,326.84,379.22,77.16,44.94,52.142,38.582,TP,40,0.221,1.358,1.376,0.202,-0.088,1.358
121,35,453.42,378.39,62.51,62.346,52.029,31.254,TP,39,0.414,2.784,2.815,-0.339,-0.238,2.784
121,36,324.38,385.97,90.16,44.602,53.072,45.082,FP,,,,,,,
121,37,487.11,385.64,43.9,66.977,53.025,21.949,TP,41,0.049,0.096,0.108,-0.04,0.029,-0.096
121,38,372.05,389.03,32.11,51.157,53.492,16.054,TP,42,0.139,3.297,3.3,-0.002,-0.139,-3.297
121,39,421.22,398.37,60.5,57.917,54.776,30.251,TP,43,0.064,2.182,2.183,-0.05,0.04,-2.182
121,40,453.41,426.45,78.69,62.344,58.637,39.345,TP,45,0.118,0.508,0.522,-0.068,0.096,-0.508
121,41,272.31,428.96,58.65,37.442,58.982,29.324,TP,46,0.025,0.639,0.639,0.023,-0.01,-0.639
121,42,182.97,456.87,61.3,25.158,62.819,30.649,TP,47,0.061,0.923,0.925,-0.05,0.036,-0.923
121,43,65.77,466.41,48.74,9.043,64.132,24.37,TP,48,0.042,0.158,0.164,0.004,0.042,-0.158
121,,,,,49.386,1.361,17.655,FN,0,,,,,,
121,,,,,48.985,2.006,36.833,FN,1,,,,,,
121,,,,,39.311,5.317,15.036,FN,5,,,,,,
121,,,,,36.643,6.358,21.701,FN,6,,,,,,
121,,,,,9.154,10.531,47.569,FN,8,,,,,,
121,,,,,19.724,13.791,48.685,FN,14,,,,,,
121,,,,,13.94,16.063,47.259,FN,16,,,,,,
121,,,,,19.926,34.938,11.517,FN,28,,,,,,
121,,,,,14.414,36.241,6.027,FN,29,,,,,,
121,,,,,3.965,51.23,40.042,FN,38,,,,,,
121,,,,,1.059,54.457,22.074,FN,44,,,,,,
121,,,,,19.589,67.854,39.494,FN,49,,,,,,
123,0,487.03,29.03,54.85,66.967,3.992,27.426,TP,0,0.323,0.319,0.453,-0.203,-0.25,0.319
123,1,163.42,29.65,42.64,22.471,4.077,21.322,TP,1,0.097,0.304,0.319,-0.039,0.088,0.304
123,2,343.24,33.82,60.78,47.196,4.651,30.39,TP,2,0.426,0.632,0.762,-0.332,-0.267,-0.632
123,3,25.35,74.27,48.35,3.485,10.212,24.173,TP,4,0.196,0.422,0.466,-0.121,-0.154,-0.422
123,4,426.5,95.7,30.46,58.644,13.159,15.231,TP,5,0.072,1.034,1.037,-0.032,-0.065,-1.034
123,5,495.69,98.17,22.15,68.158,13.499,11.077,TP,7,0.152,0.57,0.59,-0.152,0.008,0.57
123,6,435.0,99.0,76.0,59.812,13.613,38.0,FP,,,,,,,
123,7,160.45,111.88,28.96,22.062,15.384,14.478,TP,10,0.322,0.733,0.8,-0.261,-0.19,-0.733
123,8,310.46,110.3,71.32,42.688,15.166,35.66,TP,11,0.188,0.141,0.235,0.093,0.163,0.141
123,9,365.69,113.38,60.12,50.282,15.589,30.062,TP,9,0.212,0.868,0.894,-0.096,0.189,-0.868
123,10,393.14,116.51,29.45,54.057,16.019,14.726,TP,12,0.28,1.254,1.285,0.264,0.096,-1.254
123,11,249.23,121.69,46.08,34.269,16.733,23.038,TP,13,0.347,0.271,0.44,-0.042,-0.344,-0.271
123,12,335.94,142.75,25.16,46.192,19.629,12.58,TP,15,0.149,1.424,1.432,-0.065,-0.134,-1.424
123,13,339.29,146.25,72.42,46.653,20.11,36.209,TP,16,0.067,3.031,3.032,0.013,0.065,-3.031
123,14,440.12,156.88,17.43,60.516,21.571,8.713,TP,17,0.297,0.527,0.605,-0.118,0.273,0.527
123,15,79.23,151.99,3.52,10.894,20.898,1.759,TP,19,0.355,0.278,0.451,0.1,-0.34,0.278
123,16,72.55,158.25,42.99,9.976,21.759,21.496,TP,18,0.076,0.025,0.08,-0.075,0.004,0.025
123,17,386.71,174.17,13.62,53.173,23.948,6.811,FP,,,,,,,
123,18,395.95,179.05,23.38,54.443,24.619,11.688,TP,20,0.081,1.31,1.312,0.081,-0.0,-1.31
123,19,278.44,191.43,55.04,38.286,26.321,27.518,TP,21,0.048,0.438,0.441,-0.007,-0.048,-0.438
123,20,56.38,202.09,3.23,7.752,27.787,1.613,TP,22,0.489,1.087,1.192,-0.408,-0.27,1.087
123,21,121.86,226.36,34.12,16.756,31.125,17.06,TP,24,0.637,1.088,1.261,-0.486,-0.413,1.088
123,22,278.57,232.0,46.26,38.304,31.9,23.131,TP,25,0.375,0.096,0.387,-0.33,-0.178,0.096
123,23,279.59,231.27,67.09,38.444,31.8,33.545,FP,,,,,,,
123,24,375.89,231.77,44.5,51.685,31.868,22.25,TP,26,1.193,0.506,1.296,-1.191,-0.064,-0.506
123,25,393.88,232.02,45.06,54.158,31.903,22.531,FP,,,,,,,
123,26,56.1,239.4,84.4,7.714,32.917,42.2,TP,27,0.572,0.206,0.608,-0.556,-0.134,0.206
123,27,315.13,243.99,59.22,43.331,33.549,29.609,TP,28,0.167,0.143,0.22,-0.119,0.117,-0.143
123,28,485.45,250.29,70.26,66.749,34.414,35.129,TP,30,0.595,2.721,2.785,-0.595,-0.007,2.721
123,29,44.73,251.73,31.18,6.15,34.613,15.591,TP,32,0.195,1.159,1.175,0.16,-0.111,-1.159
123,30,409.47,252.91,64.75,56.302,34.775,32.377,TP,29,0.105,1.523,1.526,-0.028,-0.101,-1.523
123,31,203.75,263.5,9.55,28.015,36.231,4.776,TP,33,0.247,3.177,3.187,0.133,-0.209,-3.177
123,32,291.99,306.43,2.88,40.149,42.134,1.438,TP,35,0.137,0.938,0.947,-0.12,-0.065,0.938
123,33,111.15,319.11,71.74,15.283,43.877,35.869,TP,36,0.206,2.282,2.291,-0.093,0.184,-2.282
123,34,214.47,319.88,56.15,29.489,43.983,28.074,TP,38,0.148,0.592,0.61,-0.07,-0.131,-0.592
123,35,62.19,323.86,20.57,8.55,44.53,10.284,TP,37,0.291,0.773,0.826,0.145,0.252,-0.773
123,36,175.54,330.08,56.89,24.136,45.386,28.447,TP,41,0.084,0.607,0.613,0.084,0.007,-0.607
123,37,347.69,344.1,84.9,47.808,47.314,42.451,TP,42,0.143,2.432,2.436,0.143,-0.006,-2.432
123,38,93.89,351.64,68.83,12.91,48.351,34.416,TP,43,0.075,0.007,0.075,-0.052,-0.054,0.007
123,39,322.58,422.99,67.92,44.354,58.161,33.96,TP,44,0.054,0.598,0.601,-0.036,-0.04,-0.598
123,40,132.95,458.27,38.49,18.28,63.012,19.243,TP,46,0.103,1.325,1.329,-0.039,-0.095,1.325
123,41,138.64,461.93,33.83,19.064,63.516,16.914,FP,,,,,,,
123,42,448.26,474.46,89.31,61.635,65.238,44.657,TP,47,0.531,0.915,1.058,-0.301,-0.437,-0.915
123,43,452.33,482.67,90.0,62.196,66.367,45.0,FP,,,,,,,
123,,,,,51.842,5.656,0.741,FN,3,,,,,,
123,,,,,69.294,13.349,29.535,FN,6,,,,,,
123,,,,,4.595,13.978,5.918,FN,8,,,,,,
123,,,,,60.399,18.257,41.78,FN,14,,,,,,
123,,,,,0.199,28.376,32.357,FN,23,,,,,,
123,,,,,36.56,35.06,26.466,FN,31,,,,,,
123,,,,,13.058,37.254,38.558,FN,34,,,,,,
123,,,,,40.778,44.779,48.263,FN,39,,,,,,
123,,,,,20.158,46.085,14.0,FN,40,,,,,,
123,,,,,66.754,59.738,48.31,FN,45,,,,,,
123,,,,,44.848,65.241,27.221,FN,48,,,,,,
13,0,408.97,5.59,11.57,56.233,0.768,5.786,TP,0,0.254,2.534,2.547,0.237,-0.091,-2.534
13,1,330.5,14.0,68.5,45.444,1.925,34.25,TP,3,0.227,1.186,1.208,-0.051,0.221,-1.186
13,2,428.36,42.86,4.93,58.899,5.893,2.466,TP,4,0.752,0.715,1.038,0.231,0.716,-0.715
13,3,35.2,69.99,55.73,4.839,9.623,27.866,TP,5,0.112,0.248,0.272,-0.109,0.026,-0.248
13,4,428.03,98.23,64.87,58.854,13.506,32.437,TP,6,0.034,0.193,0.196,0.014,0.031,0.193
13,5,483.99,104.66,72.94,66.548,14.39,36.471,TP,7,0.132,1.886,1.891,0.118,0.059,-1.886
13,6,215.56,134.29,31.39,29.64,18.465,15.696,TP,8,0.062,2.304,2.305,-0.033,-0.052,-2.304
13,7,111.14,151.69,21.99,15.281,20.857,10.996,TP,11,0.118,0.493,0.506,0.112,-0.037,-0.493
13,8,404.91,172.85,43.63,55.675,23.767,21.814,TP,13,0.141,0.751,0.764,-0.069,0.123,-0.751
13,9,460.15,203.74,69.86,63.27,28.014,34.929,TP,14,0.165,2.347,2.353,0.014,0.165,-2.347
13,10,287.97,205.49,3.1,39.596,28.254,1.549,TP,15,0.134,0.481,0.499,-0.086,0.103,-0.481
13,11,296.03,233.54,13.05,40.704,32.112,6.526,TP,16,0.787,2.512,2.632,-0.178,-0.767,2.512
13,12,314.61,260.67,51.82,43.259,35.842,25.911,TP,19,0.062,0.142,0.155,0.01,-0.062,0.142
13,13,43.79,260.33,55.53,6.021,35.796,27.766,TP,18,0.165,0.629,0.651,-0.049,0.158,-0.629
13,14,362.95,264.49,2.75,49.906,36.368,1.377,TP,20,0.241,0.871,0.904,0.223,0.091,-0.871
13,15,362.12,264.92,90.18,49.792,36.427,45.092,FP,,,,,,,
13,16,107.42,280.16,47.32,14.77,38.522,23.658,TP,21,1.039,0.63,1.216,-0.737,-0.733,-0.63
13,17,371.39,293.25,36.82,51.066,40.322,18.412,TP,22,0.098,0.207,0.23,-0.069,-0.07,-0.207
13,18,438.49,299.61,52.93,60.292,41.196,26.466,TP,23,0.066,0.259,0.267,-0.038,0.055,-0.259
13,19,68.24,311.83,33.11,9.383,42.877,16.557,TP,25,0.558,1.537,1.635,-0.378,-0.41,-1.537
13,20,440.28,313.71,83.11,60.538,43.135,41.557,TP,26,0.274,1.435,1.461,0.029,-0.273,-1.435
13,21,140.52,354.46,58.32,19.322,48.738,29.162,TP,27,0.059,0.551,0.554,-0.055,0.022,-0.551
13,22,251.83,365.33,18.83,34.627,50.233,9.417,TP,29,0.095,1.466,1.469,0.094,0.014,-1.466
13,23,303.54,379.94,31.13,41.736,52.242,15.565,TP,31,0.085,0.205,0.222,-0.009,-0.085,-0.205
13,24,56.87,386.72,34.66,7.819,53.175,17.328,TP,32,0.097,1.21,1.214,-0.058,-0.078,-1.21
13,25,231.1,386.26,43.71,31.777,53.11,21.855,TP,30,0.81,0.007,0.81,0.638,0.499,0.007
13,26,187.68,444.69,31.67,25.807,61.145,15.833,TP,35,0.426,3.172,3.201,0.426,-0.01,-3.172
13,27,193.54,445.79,66.34,26.611,61.296,33.169,TP,36,0.268,3.331,3.342,-0.07,-0.259,-3.331
13,28,112.79,453.96,47.16,15.509,62.419,23.58,TP,37,0.072,0.743,0.747,-0.069,-0.023,0.743
13,29,357.46,451.19,76.71,49.15,62.038,38.356,TP,38,0.047,2.105,2.106,0.002,-0.047,-2.105
13,30,473.53,472.01,54.57,65.11,64.901,27.283,TP,39,0.139,1.233,1.241,-0.087,0.109,-1.233
13,31,465.76,480.04,75.85,64.042,66.005,37.926,TP,43,0.412,2.495,2.529,0.334,-0.242,-2.495
13,32,323.59,479.58,83.19,44.494,65.942,41.597,TP,44,0.18,2.085,2.093,-0.053,-0.172,-2.085
13,33,378.3,486.1,33.4,52.016,66.839,16.7,TP,42,0.195,1.117,1.133,0.165,0.103,1.117
13,34,390.96,496.25,74.58,53.756,68.234,37.292,TP,45,0.596,0.882,1.064,0.59,0.087,-0.882
13,35,176.0,502.99,58.0,24.2,69.161,28.998,TP,46,0.142,0.992,1.002,-0.116,0.081,0.992
13,36,261.1,501.0,45.59,35.901,68.888,22.795,TP,47,0.109,0.121,0.163,-0.01,-0.109,-0.121
13,37,59.12,502.27,47.0,8.128,69.062,23.5,TP,48,0.232,0.067,0.241,-0.186,-0.139,0.067
13,,,,,34.878,0.579,17.959,FN,1,,,,,,
13,,,,,10.031,1.589,19.743,FN,2,,,,,,
13,,,,,16.878,18.952,35.668,FN,9,,,,,,
13,,,,,10.76,19.033,36.711,FN,10,,,,,,
13,,,,,67.957,22.242,41.915,FN,12,,,,,,
13,,,,,40.604,31.971,47.199,FN,17,,,,,,
13,,,,,70.125,41.408,40.213,FN,24,,,,,,
13,,,,,22.081,48.978,46.491,FN,28,,,,,,
13,,,,,11.53,54.207,35.356,FN,33,,,,,,
13,,,,,66.723,53.676,48.308,FN,34,,,,,,
13,,,,,14.63,66.308,42.105,FN,40,,,,,,
13,,,,,44.0,66.034,0.868,FN,41,,,,,,
13,,,,,47.59,69.794,19.472,FN,49,,,,,,
143,0,221.01,8.94,2.77,30.389,1.229,1.385,TP,1,0.133,0.457,0.476,-0.023,0.131,0.457
143,1,329.38,19.38,19.23,45.29,2.664,9.613,TP,2,0.057,0.536,0.539,-0.024,-0.052,-0.536
143,2,19.1,38.99,68.74,2.626,5.362,34.372,TP,4,0.155,1.362,1.371,-0.154,0.02,-1.362
143,3,92.0,40.19,61.44,12.65,5.526,30.719,TP,3,0.356,1.371,1.416,-0.276,-0.225,-1.371
143,4,83.85,50.97,25.67,11.529,7.008,12.834,TP,5,0.131,1.678,1.683,-0.044,0.124,-1.678
143,5,457.67,51.01,50.01,62.93,7.013,25.003,TP,6,0.071,0.722,0.725,-0.049,-0.051,-0.722
143,6,170.02,65.24,67.39,23.378,8.97,33.694,TP,7,0.089,0.098,0.132,-0.051,0.073,-0.098
143,7,9.61,71.11,64.06,1.322,9.778,32.028,TP,8,0.295,1.086,1.125,0.095,-0.279,1.086
143,8,260.91,93.44,8.34,35.875,12.848,4.172,TP,9,0.113,0.015,0.114,-0.073,-0.086,-0.015
143,9,296.16,121.2,10.97,40.722,16.664,5.483,TP,10,0.28,3.306,3.318,0.159,-0.23,3.306
143,10,44.37,125.28,15.91,6.101,17.226,7.953,TP,11,0.63,4.168,4.215,-0.302,-0.552,4.168
143,11,47.29,131.65,11.04,6.502,18.102,5.522,FP,,,,,,,
143,12,328.51,136.07,5.41,45.17,18.709,2.706,TP,12,0.257,3.714,3.723,-0.202,-0.16,-3.714
143,13,262.57,159.18,8.53,36.103,21.887,4.266,TP,13,0.087,0.266,0.28,-0.028,0.082,0.266
143,14,176.14,172.47,57.5,24.219,23.715,28.751,TP,14,0.056,0.697,0.699,-0.021,0.052,-0.697
143,15,80.42,183.47,11.61,11.058,25.227,5.807,TP,16,0.6,1.053,1.212,-0.49,-0.347,-1.053
143,16,385.57,182.0,16.14,53.016,25.025,8.071,TP,15,0.254,0.882,0.918,-0.138,-0.213,0.882
143,17,19.29,206.75,33.6,2.653,28.428,16.8,TP,18,0.252,1.985,2.001,0.2,0.153,-1.985
143,18,159.6,217.4,2.1,21.945,29.892,1.05,FP,,,,,,,
143,19,216.71,232.95,31.24,29.797,32.03,15.619,TP,22,0.097,0.881,0.887,-0.032,-0.092,-0.881
143,20,411.74,253.5,33.57,56.614,34.857,16.784,TP,24,0.206,0.57,0.606,-0.201,-0.044,0.57
143,21,184.36,253.36,86.36,25.349,34.837,43.179,FP,,,,,,,
143,22,186.84,259.35,76.74,25.691,35.661,38.368,TP,26,0.339,0.951,1.009,-0.321,0.11,0.951
143,23,271.62,258.74,45.68,37.348,35.577,22.84,TP,25,0.036,0.338,0.34,-0.023,0.028,-0.338
143,24,434.98,275.57,51.65,59.81,37.891,25.827,TP,27,0.241,0.4,0.467,0.105,0.217,-0.4
143,25,499.12,293.47,70.26,68.628,40.352,35.132,TP,29,0.198,1.731,1.742,-0.126,-0.154,-1.731
143,26,71.47,305.09,14.56,9.827,41.95,7.281,TP,31,0.151,0.256,0.298,0.147,-0.034,-0.256
143,27,101.39,334.42,14.65,13.941,45.982,7.326,TP,32,0.032,0.285,0.287,-0.022,-0.024,-0.285
143,28,235.39,347.35,3.52,32.366,47.76,1.76,TP,33,0.28,2.14,2.158,-0.19,-0.206,-2.14
143,29,292.19,377.16,5.01,40.176,51.859,2.506,TP,34,0.264,0.778,0.821,0.013,-0.263,0.778
143,30,291.1,386.84,18.63,40.026,53.191,9.317,FP,,,,,,,
143,31,37.02,418.0,82.37,5.091,57.475,41.186,TP,35,0.068,2.831,2.832,0.02,-0.065,-2.831
143,32,148.61,418.1,31.12,20.434,57.488,15.56,TP,36,0.209,0.211,0.297,0.09,-0.189,-0.211
143,33,148.5,418.5,36.0,20.419,57.544,18.0,FP,,,,,,,
143,34,294.59,443.81,77.29,40.506,61.024,38.645,TP,38,0.178,1.386,1.398,0.163,0.07,1.386
143,35,93.82,450.29,74.4,12.9,61.915,37.202,TP,39,0.076,0.721,0.724,-0.043,0.062,0.721
143,36,347.6,454.65,1.18,47.795,62.514,0.591,TP,40,0.095,0.091,0.131,0.072,-0.062,0.091
143,37,438.69,468.41,22.84,60.32,64.407,11.422,TP,42,0.044,0.191,0.196,0.039,-0.02,-0.191
143,38,464.16,468.34,84.63,63.823,64.397,42.314,TP,41,0.365,3.244,3.264,-0.082,0.356,-3.244
143,39,455.9,472.71,53.81,62.686,64.997,26.903,TP,43,0.204,0.531,0.569,-0.164,-0.122,0.531
143,40,260.91,493.47,69.88,35.876,67.852,34.939,TP,44,0.541,1.276,1.386,0.285,0.46,-1.276
143,41,174.92,494.57,34.62,24.051,68.003,17.311,TP,45,0.112,2.689,2.692,-0.11,0.021,-2.689
143,42,479.57,493.41,76.88,65.941,67.844,38.442,TP,47,0.23,0.065,0.239,-0.207,-0.1,0.065
143,43,262.55,493.0,78.09,36.1,67.787,39.045,FP,,,,,,,
143,44,480.5,493.92,30.19,66.069,67.914,15.094,FP,,,,,,,
143,,,,,7.421,0.836,17.5,FN,0,,,,,,
143,,,,,17.128,27.066,6.677,FN,17,,,,,,
143,,,,,41.866,29.556,48.361,FN,19,,,,,,
143,,,,,63.217,28.293,48.018,FN,20,,,,,,
143,,,,,20.907,30.221,12.55,FN,21,,,,,,
143,,,,,55.964,32.674,22.258,FN,23,,,,,,
143,,,,,68.265,39.359,48.27,FN,28,,,,,,
143,,,,,19.559,39.806,47.25,FN,30,,,,,,
143,,,,,15.662,61.06,5.0,FN,37,,,,,,
143,,,,,29.245,68.141,12.102,FN,46,,,,,,
143,,,,,66.83,69.166,3.388,FN,48,,,,,,
148,0,107.85,10.41,27.52,14.829,1.432,13.761,TP,0,0.291,3.718,3.729,0.047,-0.287,-3.718
148,1,275.9,18.36,47.6,37.936,2.525,23.802,TP,1,0.164,1.296,1.306,-0.003,0.164,1.296
148,2,421.68,19.33,32.51,57.981,2.658,16.256,TP,2,0.318,2.6,2.619,-0.1,-0.302,-2.6
148,3,313.13,24.61,77.96,43.055,3.384,38.978,TP,3,0.831,1.16,1.427,-0.581,-0.595,-1.16
148,4,318.05,29.46,83.86,43.731,4.051,41.932,FP,,,,,,,
148,5,75.27,40.43,4.7,10.35,5.559,2.348,TP,4,0.282,1.136,1.171,-0.165,0.228,1.136
148,6,335.0,54.91,28.04,46.062,7.55,14.018,TP,5,0.099,1.117,1.121,-0.091,-0.038,-1.117
148,7,335.07,54.98,67.0,46.072,7.559,33.5,FP,,,,,,,
148,8,439.22,65.39,32.99,60.392,8.991,16.497,TP,6,0.129,1.546,1.552,-0.125,-0.029,-1.546
148,9,438.95,65.54,38.05,60.356,9.012,19.025,FP,,,,,,,
148,10,319.82,76.05,11.87,43.976,10.456,5.935,TP,9,0.278,1.151,1.184,-0.046,0.274,-1.151
148,11,483.12,86.12,3.47,66.429,11.841,1.735,TP,10,0.199,0.414,0.459,0.185,0.073,-0.414
148,12,373.33,113.44,78.44,51.333,15.599,39.222,TP,12,0.281,1.922,1.942,0.273,0.066,-1.922
148,13,342.35,118.91,6.65,47.073,16.35,3.327,TP,13,0.152,3.816,3.819,0.152,0.01,-3.816
148,14,394.13,177.8,55.63,54.193,24.448,27.815,TP,15,0.049,0.571,0.573,-0.041,0.026,0.571
148,15,192.43,182.34,67.06,26.459,25.071,33.529,TP,17,0.236,1.251,1.274,-0.102,0.213,1.251
148,16,8.64,187.1,84.31,1.188,25.726,42.154,TP,16,0.273,0.846,0.889,0.134,0.238,-0.846
148,17,441.32,186.99,64.74,60.681,25.711,32.37,TP,19,0.101,0.122,0.158,-0.012,0.1,-0.122
148,18,290.55,189.43,4.82,39.95,26.046,2.412,TP,18,0.153,0.071,0.169,-0.125,0.089,-0.071
148,19,63.43,194.43,72.1,8.721,26.734,36.051,TP,20,0.037,1.395,1.395,-0.03,-0.022,1.395
148,20,489.19,232.31,30.18,67.264,31.943,15.09,TP,22,0.426,1.822,1.871,-0.413,0.101,1.822
148,21,424.95,274.11,34.46,58.43,37.69,17.228,TP,23,0.086,1.183,1.186,-0.078,-0.036,-1.183
148,22,202.85,290.3,13.44,27.892,39.916,6.718,TP,27,0.263,1.071,1.103,-0.048,-0.258,-1.071
148,23,451.75,289.05,3.58,62.115,39.744,1.792,TP,28,0.314,0.373,0.488,0.053,-0.31,0.373
148,24,15.55,295.01,30.5,2.139,40.564,15.248,TP,26,0.516,4.252,4.283,0.228,0.463,-4.252
148,25,228.34,295.39,45.03,31.396,40.617,22.513,TP,29,0.395,0.993,1.069,-0.387,-0.078,-0.993
148,26,337.41,314.72,3.13,46.395,43.274,1.566,TP,30,0.008,0.787,0.787,0.005,0.006,0.787
148,27,97.92,337.89,77.28,13.464,46.46,38.64,TP,32,0.126,1.09,1.097,0.082,-0.096,-1.09
148,28,55.36,352.07,69.11,7.612,48.41,34.555,TP,33,0.087,0.138,0.163,-0.053,-0.069,-0.138
148,29,290.24,353.18,56.6,39.908,48.562,28.3,TP,34,0.133,0.922,0.932,-0.13,0.029,-0.922
148,30,262.03,377.41,91.43,36.03,51.893,45.714,FP,,,,,,,
148,31,62.48,404.25,68.86,8.591,55.585,34.428,TP,41,0.227,1.044,1.068,0.169,-0.151,1.044
148,32,63.28,406.68,61.46,8.701,55.919,30.729,FP,,,,,,,
148,33,74.99,415.21,67.18,10.31,57.091,33.59,TP,42,0.346,0.03,0.348,0.033,0.345,0.03
148,34,449.27,417.7,66.18,61.775,57.434,33.089,TP,43,1.255,1.404,1.884,-0.998,-0.761,1.404
148,35,458.19,425.24,60.26,63.001,58.471,30.13,FP,,,,,,,
148,36,310.14,426.36,12.68,42.644,58.625,6.341,TP,45,0.044,0.428,0.43,0.04,-0.018,0.428
148,37,142.06,446.49,67.95,19.533,61.392,33.973,TP,46,0.09,0.901,0.905,-0.028,0.086,-0.901
148,38,143.0,445.5,80.0,19.663,61.256,40.0,FP,,,,,,,
148,39,285.36,464.92,43.35,39.237,63.926,21.675,TP,47,0.107,0.478,0.489,-0.078,0.073,-0.478
148,40,390.51,491.2,29.13,53.695,67.54,14.565,TP,49,0.699,1.557,1.707,-0.304,-0.63,1.557
148,41,393.67,499.33,26.0,54.129,68.658,13.0,FP,,,,,,,
148,,,,,69.699,8.553,18.389,FN,7,,,,,,
148,,,,,16.463,10.226,48.792,FN,8,,,,,,
148,,,,,43.116,12.584,18.248,FN,11,,,,,,
148,,,,,32.881,18.214,39.777,FN,14,,,,,,
148,,,,,10.857,29.104,45.056,FN,21,,,,,,
148,,,,,50.46,37.873,47.08,FN,24,,,,,,
148,,,,,34.891,37.845,38.945,FN,25,,,,,,
148,,,,,31.906,45.068,7.443,FN,31,,,,,,
148,,,,,33.35,49.336,46.339,FN,35,,,,,,
148,,,,,35.461,52.096,37.471,FN,36,,,,,,
148,,,,,65.0,53.094,10.0,FN,37,,,,,,
148,,,,,8.064,53.998,41.481,FN,38,,,,,,
148,,,,,62.863,53.669,48.771,FN,39,,,,,,
148,,,,,14.557,55.395,37.533,FN,40,,,,,,
148,,,,,63.264,57.886,11.861,FN,44,,,,,,
148,,,,,28.848,67.032,48.912,FN,48,,,,,,
149,0,467.75,4.68,15.35,64.316,0.643,7.675,TP,1,0.266,2.172,2.188,0.26,0.053,-2.172
149,1,318.05,13.42,10.51,43.732,1.845,5.255,TP,2,0.146,1.02,1.03,0.113,-0.092,-1.02
149,2,178.46,43.54,84.46,24.539,5.987,42.232,TP,5,0.173,0.964,0.979,-0.034,-0.169,-0.964
149,3,282.37,45.61,84.86,38.826,6.272,42.428,TP,4,0.012,1.318,1.318,-0.001,-0.012,-1.318
149,4,404.6,52.4,19.18,55.633,7.205,9.591,TP,6,0.13,0.069,0.148,-0.115,-0.062,-0.069
149,5,48.43,65.14,23.91,6.66,8.957,11.955,TP,7,0.12,0.216,0.248,-0.011,-0.12,0.216
149,6,25.53,75.04,26.13,3.511,10.319,13.067,TP,9,0.389,0.336,0.514,-0.381,-0.078,-0.336
149,7,117.21,78.83,48.76,16.116,10.839,24.38,TP,10,0.08,0.293,0.304,0.013,-0.079,-0.293
149,8,85.9,88.73,32.84,11.811,12.201,16.418,TP,11,0.049,0.845,0.847,0.029,-0.04,-0.845
149,9,504.2,99.5,74.57,69.328,13.681,37.284,TP,12,0.433,0.78,0.892,-0.433,-0.015,0.78
149,10,201.72,113.67,34.74,27.736,15.629,17.369,TP,13,0.077,1.601,1.603,0.016,0.075,-1.601
149,11,67.86,123.82,69.44,9.331,17.025,34.718,TP,14,0.128,0.742,0.753,0.095,0.086,0.742
149,12,336.35,137.93,13.29,46.248,18.965,6.646,TP,17,0.29,1.173,1.209,-0.134,-0.258,-1.173
149,13,18.21,189.38,62.11,2.503,26.04,31.057,TP,19,0.059,0.313,0.318,-0.052,-0.028,0.313
149,14,244.6,196.99,23.59,33.633,27.086,11.794,TP,20,0.16,1.609,1.617,-0.017,0.159,-1.609
149,15,352.39,199.5,74.89,48.454,27.432,37.447,TP,22,0.066,1.01,1.012,0.002,0.066,1.01
149,16,244.41,208.45,49.01,33.607,28.662,24.505,TP,23,0.127,0.889,0.898,-0.117,-0.049,0.889
149,17,267.37,221.43,53.0,36.764,30.446,26.5,TP,24,0.125,1.1,1.107,-0.012,0.124,-1.1
149,18,177.12,234.12,49.52,24.353,32.192,24.762,TP,25,0.172,1.16,1.173,-0.088,-0.148,-1.16
149,19,315.77,259.67,45.32,43.418,35.705,22.66,TP,26,0.051,0.643,0.645,-0.045,-0.023,-0.643
149,20,111.96,263.01,56.84,15.395,36.164,28.42,TP,27,0.088,1.316,1.319,0.077,0.043,-1.316
149,21,340.16,264.37,55.19,46.771,36.351,27.597,TP,28,0.057,1.691,1.692,0.057,-0.005,-1.691
149,22,433.32,278.92,57.33,59.581,38.351,28.663,TP,30,0.039,0.236,0.239,-0.011,0.038,-0.236
149,23,24.88,302.98,86.32,3.42,41.66,43.161,TP,33,0.105,0.335,0.351,0.033,0.1,-0.335
149,24,299.79,306.6,55.37,41.221,42.158,27.684,TP,34,0.064,0.781,0.784,0.007,0.063,-0.781
149,25,182.94,318.31,81.12,25.154,43.767,40.561,TP,35,0.113,1.422,1.426,-0.006,0.113,-1.422
149,26,406.54,356.66,2.04,55.899,49.041,1.022,TP,37,0.181,0.522,0.552,-0.18,-0.01,0.522
149,27,56.15,373.27,64.33,7.721,51.325,32.166,TP,38,0.139,1.626,1.632,0.058,0.126,-1.626
149,28,92.52,392.42,14.42,12.722,53.958,7.21,TP,41,0.554,3.923,3.962,0.366,0.416,-3.923
149,29,279.68,388.08,48.65,38.457,53.361,24.326,TP,42,0.222,0.72,0.754,0.104,0.197,-0.72
149,30,441.01,397.28,27.79,60.639,54.626,13.893,TP,43,0.225,0.807,0.838,-0.128,-0.185,-0.807
149,31,147.35,417.3,76.95,20.261,57.378,38.473,TP,44,0.221,2.405,2.416,-0.221,-0.006,-2.405
149,32,151.73,421.8,84.18,20.863,57.997,42.091,FP,,,,,,,
149,33,457.25,448.11,78.3,62.872,61.614,39.151,TP,45,0.115,1.961,1.965,-0.081,-0.082,-1.961
149,34,78.55,452.61,15.31,10.8,62.234,7.655,TP,47,0.33,1.357,1.397,-0.153,-0.293,1.357
149,35,74.3,466.97,75.31,10.216,64.209,37.656,TP,48,0.141,0.583,0.6,-0.138,0.027,-0.583
149,36,444.48,479.8,49.38,61.116,65.972,24.69,TP,49,0.026,0.525,0.526,-0.024,-0.01,-0.525
149,,,,,39.91,0.685,16.5,FN,0,,,,,,
149,,,,,23.668,4.717,46.44,FN,3,,,,,,
149,,,,,21.202,10.18,14.302,FN,8,,,,,,
149,,,,,57.869,17.307,25.247,FN,15,,,,,,
149,,,,,15.403,19.22,32.579,FN,16,,,,,,
149,,,,,7.984,26.412,42.668,FN,18,,,,,,
149,,,,,15.976,27.296,43.445,FN,21,,,,,,
149,,,,,0.509,37.566,9.112,FN,29,,,,,,
149,,,,,49.401,37.498,26.474,FN,31,,,,,,
149,,,,,64.033,39.294,45.16,FN,32,,,,,,
149,,,,,38.565,46.409,47.887,FN,36,,,,,,
149,,,,,53.276,52.215,31.401,FN,39,,,,,,
149,,,,,19.375,53.165,18.935,FN,40,,,,,,
149,,,,,10.374,61.862,15.5,FN,46,,,,,,
15,0,355.33,24.97,42.8,48.858,3.433,21.4,TP,0,0.141,0.29,0.322,-0.041,0.135,0.29
15,1,140.06,56.4,57.35,19.258,7.754,28.674,FP,,,,,,,
15,2,448.66,64.95,90.76,61.69,8.93,45.38,TP,5,0.232,0.638,0.679,0.208,-0.103,-0.638
15,3,150.0,64.0,53.5,20.625,8.8,26.75,TP,4,0.168,0.368,0.404,0.155,0.064,-0.368
15,4,153.95,68.72,52.53,21.168,9.449,26.266,FP,,,,,,,
15,5,392.95,103.36,6.91,54.031,14.213,3.457,TP,7,0.375,1.818,1.856,-0.224,0.301,-1.818
15,6,56.65,101.22,48.53,7.789,13.918,24.265,TP,8,0.033,0.742,0.743,-0.028,-0.017,-0.742
15,7,21.38,112.36,70.46,2.94,15.449,35.231,TP,10,0.16,0.233,0.282,-0.123,0.101,-0.233
15,8,151.43,119.83,22.82,20.821,16.477,11.409,TP,11,0.52,0.383,0.645,-0.379,-0.356,0.383
15,9,322.75,145.7,26.6,44.378,20.034,13.299,TP,13,0.421,0.035,0.423,0.094,0.411,0.035
15,10,466.93,163.42,36.5,64.203,22.47,18.249,TP,16,0.421,0.861,0.958,-0.36,-0.218,-0.861
15,11,394.85,168.53,53.99,54.292,23.173,26.997,TP,17,0.01,0.331,0.331,-0.005,-0.009,-0.331
15,12,152.43,201.59,77.53,20.959,27.719,38.764,TP,19,0.094,0.881,0.886,-0.091,0.022,0.881
15,13,78.38,204.73,83.91,10.777,28.15,41.953,TP,20,0.214,0.797,0.825,-0.201,0.076,0.797
15,14,55.97,209.28,15.52,7.695,28.776,7.76,TP,21,0.084,0.728,0.733,0.045,-0.071,-0.728
15,15,15.98,225.67,55.87,2.197,31.029,27.936,TP,22,0.398,1.106,1.176,0.344,0.2,1.106
15,16,297.02,228.48,84.6,40.84,31.417,42.302,TP,23,0.06,1.034,1.036,0.017,0.057,-1.034
15,17,483.15,231.43,55.76,66.434,31.822,27.882,TP,24,0.016,0.428,0.429,-0.016,0.0,-0.428
15,18,184.13,288.06,66.19,25.318,39.608,33.097,TP,26,0.16,0.839,0.855,-0.078,0.14,0.839
15,19,43.5,292.0,78.0,5.981,40.15,39.0,TP,28,0.467,1.146,1.237,-0.466,-0.039,-1.146
15,20,45.67,293.56,78.67,6.279,40.364,39.333,FP,,,,,,,
15,21,57.64,314.75,60.21,7.926,43.278,30.104,TP,29,0.557,0.121,0.57,0.181,0.527,0.121
15,22,454.2,318.56,84.41,62.453,43.802,42.206,TP,30,0.172,1.376,1.387,-0.121,0.123,1.376
15,23,96.54,329.61,13.5,13.275,45.321,6.748,TP,31,0.053,0.92,0.922,0.005,-0.053,-0.92
15,24,372.1,341.14,20.07,51.164,46.906,10.034,TP,32,0.181,0.242,0.302,-0.178,0.033,-0.242
15,25,123.26,351.65,67.65,16.948,48.352,33.826,FP,,,,,,,
15,26,139.45,390.59,73.6,19.174,53.706,36.802,TP,37,0.167,1.547,1.556,-0.144,0.084,-1.547
15,27,196.95,394.53,49.74,27.08,54.247,24.868,TP,38,0.169,2.626,2.631,-0.066,-0.155,-2.626
15,28,266.34,398.4,64.04,36.621,54.78,32.019,TP,39,0.142,0.154,0.21,-0.049,0.133,-0.154
15,29,106.95,417.6,24.71,14.706,57.419,12.357,FP,,,,,,,
15,30,427.55,417.56,56.39,58.788,57.414,28.194,TP,40,0.067,0.874,0.876,-0.058,0.032,-0.874
15,31,213.75,417.5,4.25,29.391,57.406,2.125,TP,41,0.576,1.125,1.264,-0.172,-0.55,1.125
15,32,215.0,419.0,5.0,29.562,57.613,2.5,FP,,,,,,,
15,33,110.46,421.46,30.85,15.189,57.951,15.427,TP,42,0.25,3.325,3.335,0.221,-0.117,-3.325
15,34,218.5,422.34,7.03,30.044,58.072,3.516,FP,,,,,,,
15,35,35.25,423.61,7.75,4.847,58.247,3.873,TP,43,0.129,0.077,0.15,0.105,-0.076,-0.077
15,36,195.21,457.48,54.57,26.841,62.903,27.284,TP,45,0.089,0.038,0.097,-0.089,-0.001,0.038
15,37,55.07,486.54,79.21,7.572,66.899,39.605,TP,47,0.082,0.131,0.155,0.008,0.082,-0.131
15,38,208.75,489.0,17.0,28.703,67.238,8.5,TP,46,0.551,2.911,2.962,-0.43,0.346,-2.911
15,39,211.6,494.5,4.2,29.095,67.994,2.1,FP,,,,,,,
15,40,207.67,496.67,3.0,28.554,68.292,1.5,FP,,,,,,,
15,,,,,2.408,6.033,26.125,FN,1,,,,,,
15,,,,,13.34,5.498,18.962,FN,2,,,,,,
15,,,,,22.734,6.712,46.318,FN,3,,,,,,
15,,,,,35.173,9.837,35.552,FN,6,,,,,,
15,,,,,28.275,15.48,48.757,FN,9,,,,,,
15,,,,,64.93,18.892,20.879,FN,12,,,,,,
15,,,,,45.041,21.048,15.065,FN,14,,,,,,
15,,,,,61.576,22.386,46.28,FN,15,,,,,,
15,,,,,22.167,25.18,0.725,FN,18,,,,,,
15,,,,,35.853,35.653,48.867,FN,25,,,,,,
15,,,,,64.492,41.499,39.388,FN,27,,,,,,
15,,,,,17.179,48.908,10.955,FN,33,,,,,,
15,,,,,22.63,50.157,16.718,FN,34,,,,,,
15,,,,,1.151,52.62,40.285,FN,35,,,,,,
15,,,,,1.345,52.346,1.934,FN,36,,,,,,
15,,,,,23.671,63.212,9.402,FN,44,,,,,,
15,,,,,27.815,68.048,6.5,FN,48,,,,,,
151,0,292.72,32.02,23.67,40.249,4.403,11.834,TP,0,0.173,1.284,1.296,-0.014,-0.173,-1.284
151,1,31.7,35.31,27.45,4.359,4.855,13.727,TP,2,0.245,2.338,2.351,0.238,-0.061,-2.338
151,2,249.36,41.07,14.43,34.287,5.647,7.214,TP,1,0.252,3.374,3.384,-0.192,0.163,3.374
151,3,133.14,63.13,77.2,18.307,8.681,38.599,TP,4,0.199,2.89,2.897,0.196,-0.034,-2.89
151,4,207.99,63.53,12.6,28.599,8.735,6.299,TP,5,0.044,0.218,0.223,-0.034,-0.027,0.218
151,5,409.8,108.07,36.23,56.347,14.859,18.117,TP,7,0.055,0.375,0.379,-0.043,0.034,-0.375
151,6,133.0,133.44,55.69,18.288,18.348,27.844,TP,10,0.117,0.196,0.228,-0.112,0.032,0.196
151,7,199.46,170.65,62.79,27.426,23.465,31.393,TP,13,0.205,0.283,0.349,-0.008,0.205,0.283
151,8,121.6,182.54,82.0,16.72,25.099,41.0,FP,,,,,,,
151,9,364.46,198.3,59.32,50.113,27.266,29.658,TP,16,0.11,0.079,0.136,-0.091,-0.062,0.079
151,10,457.15,202.09,82.01,62.858,27.788,41.003,TP,17,0.06,0.023,0.064,-0.014,-0.058,-0.023
151,11,283.32,209.1,84.76,38.957,28.752,42.379,TP,18,0.054,1.362,1.363,-0.044,-0.031,-1.362
151,12,43.0,223.98,85.97,5.912,30.797,42.983,TP,20,0.194,0.492,0.529,0.121,-0.153,-0.492
151,13,444.07,229.0,24.5,61.06,31.488,12.252,TP,22,0.079,0.248,0.26,0.079,0.0,-0.248
151,14,261.0,228.0,64.0,35.888,31.35,32.0,TP,23,0.544,1.539,1.632,-0.361,-0.407,-1.539
151,15,294.93,281.03,3.42,40.553,38.642,1.708,TP,26,0.673,1.076,1.269,-0.656,-0.151,-1.076
151,16,477.69,299.28,75.02,65.682,41.151,37.508,TP,28,0.027,0.725,0.725,0.012,-0.024,-0.725
151,17,9.64,302.28,6.35,1.325,41.563,3.174,TP,29,0.229,1.826,1.841,-0.229,0.004,-1.826
151,18,501.81,301.44,36.81,68.998,41.448,18.403,TP,30,0.124,0.461,0.477,-0.109,0.058,-0.461
151,19,239.56,307.55,47.77,32.94,42.288,23.887,TP,31,0.049,1.216,1.217,-0.032,-0.036,1.216
151,20,450.55,320.71,24.06,61.95,44.098,12.032,TP,33,0.476,1.737,1.801,-0.474,0.047,1.737
151,21,373.41,330.59,25.53,51.343,45.457,12.767,TP,34,0.143,1.099,1.109,-0.027,0.14,-1.099
151,22,190.97,333.93,68.89,26.259,45.915,34.446,TP,35,0.154,0.298,0.335,-0.061,0.141,0.298
151,23,99.25,336.44,6.52,13.646,46.261,3.258,TP,36,0.161,1.145,1.157,-0.148,-0.063,1.145
151,24,118.1,342.95,22.9,16.239,47.156,11.45,TP,38,0.429,0.721,0.839,-0.317,-0.289,0.721
151,25,490.25,360.88,3.36,67.409,49.622,1.679,TP,40,0.61,1.337,1.47,0.571,0.213,-1.337
151,26,356.59,388.75,12.0,49.032,53.453,6.0,TP,41,0.244,0.24,0.342,0.08,0.231,0.24
151,27,130.43,408.89,47.82,17.935,56.223,23.909,TP,43,0.109,0.514,0.525,-0.065,-0.087,0.514
151,28,307.04,427.89,85.82,42.218,58.835,42.909,TP,44,0.249,1.254,1.279,-0.15,0.199,1.254
151,29,120.43,444.88,34.35,16.559,61.17,17.173,TP,46,0.093,0.567,0.574,-0.037,-0.085,-0.567
151,30,277.45,450.52,68.99,38.15,61.946,34.493,TP,45,0.071,1.95,1.951,0.071,0.001,1.95
151,31,299.43,457.59,8.42,41.171,62.919,4.208,TP,47,0.172,0.74,0.76,-0.169,-0.03,-0.74
151,32,153.73,461.32,54.75,21.138,63.432,27.376,TP,48,0.061,0.09,0.109,-0.061,0.001,-0.09
151,33,146.88,502.9,1.55,20.197,69.148,0.776,TP,49,0.168,0.785,0.803,-0.161,-0.051,-0.785
151,,,,,20.933,7.935,48.5,FN,3,,,,,,
151,,,,,27.114,12.392,34.5,FN,6,,,,,,
151,,,,,20.119,16.757,47.864,FN,8,,,,,,
151,,,,,28.49,17.272,43.971,FN,9,,,,,,
151,,,,,24.71,18.536,0.644,FN,11,,,,,,
151,,,,,35.516,20.249,10.303,FN,12,,,,,,
151,,,,,35.399,24.419,40.243,FN,14,,,,,,
151,,,,,17.287,25.104,36.09,FN,15,,,,,,
151,,,,,12.424,29.833,30.995,FN,19,,,,,,
151,,,,,42.189,31.381,4.602,FN,21,,,,,,
151,,,,,39.718,34.059,12.238,FN,24,,,,,,
151,,,,,49.263,34.601,38.199,FN,25,,,,,,
151,,,,,4.814,39.33,31.577,FN,27,,,,,,
151,,,,,4.694,43.42,0.746,FN,32,,,,,,
151,,,,,52.576,47.203,24.926,FN,37,,,,,,
151,,,,,62.787,47.801,44.47,FN,39,,,,,,
151,,,,,27.013,56.438,42.836,FN,42,,,,,,
154,0,445.85,6.67,16.99,61.304,0.917,8.497,TP,1,0.301,0.906,0.955,0.278,0.115,-0.906
154,1,228.86,17.48,31.54,31.468,2.403,15.768,TP,5,0.171,0.995,1.009,-0.171,-0.008,-0.995
154,2,46.89,16.65,9.96,6.447,2.29,4.981,TP,2,0.371,2.521,2.548,0.2,0.313,2.521
154,3,316.0,17.0,68.1,43.45,2.338,34.05,TP,4,0.221,0.671,0.706,-0.21,0.069,-0.671
154,4,228.5,17.5,36.0,31.419,2.406,18.0,FP,,,,,,,
154,5,426.32,58.17,19.19,58.619,7.998,9.593,TP,6,0.223,1.699,1.713,-0.195,-0.108,-1.699
154,6,320.55,58.8,18.19,44.075,8.085,9.097,TP,7,0.121,0.271,0.297,0.093,0.077,-0.271
154,7,375.38,66.06,81.85,51.614,9.083,40.926,FP,,,,,,,
154,8,378.63,65.92,68.25,52.061,9.064,34.126,TP,8,0.287,1.182,1.216,0.265,-0.11,-1.182
154,9,164.64,76.44,56.02,22.638,10.511,28.009,TP,10,0.089,0.009,0.089,-0.08,0.037,0.009
154,10,202.1,87.64,53.71,27.788,12.05,26.854,TP,11,0.18,0.065,0.192,-0.177,-0.033,0.065
154,11,13.23,94.1,60.06,1.819,12.938,30.032,TP,12,0.406,4.28,4.3,0.405,-0.035,4.28
154,12,11.0,97.0,51.17,1.513,13.338,25.587,FP,,,,,,,
154,13,367.26,126.4,90.4,50.499,17.381,45.202,TP,13,0.332,1.398,1.437,0.128,-0.306,1.398
154,14,484.79,136.26,71.22,66.658,18.736,35.61,TP,14,0.112,0.939,0.946,0.111,0.014,-0.939
154,15,480.8,136.0,78.4,66.11,18.7,39.2,FP,,,,,,,
154,16,54.79,183.5,67.43,7.533,25.231,33.714,TP,18,0.34,4.11,4.124,0.332,-0.073,4.11
154,17,50.73,193.68,38.18,6.976,26.631,19.089,TP,19,0.01,0.447,0.447,-0.008,0.006,-0.447
154,18,97.71,198.78,80.77,13.435,27.333,40.383,TP,20,0.169,1.64,1.649,-0.166,-0.034,1.64
154,19,87.36,205.73,14.36,12.013,28.288,7.182,TP,21,0.142,2.125,2.13,-0.106,0.095,-2.125
154,20,137.12,217.99,84.73,18.854,29.973,42.365,TP,23,0.099,1.316,1.32,0.096,0.024,1.316
154,21,322.6,218.02,33.63,44.358,29.978,16.814,TP,22,0.078,0.207,0.221,-0.031,-0.071,0.207
154,22,162.36,242.19,33.16,22.325,33.301,16.579,TP,24,0.184,0.889,0.908,-0.183,0.018,-0.889
154,23,290.48,251.19,17.82,39.941,34.539,8.911,TP,25,0.503,2.087,2.147,-0.333,-0.378,2.087
154,24,390.37,251.52,27.8,53.676,34.584,13.902,TP,26,0.122,0.272,0.298,0.119,-0.022,0.272
154,25,336.81,280.57,82.92,46.311,38.579,41.458,TP,27,0.198,0.36,0.411,-0.185,-0.071,0.36
154,26,295.46,286.53,31.25,40.626,39.398,15.624,TP,29,0.39,1.809,1.85,-0.281,-0.27,-1.809
154,27,295.5,287.0,37.0,40.631,39.463,18.5,FP,,,,,,,
154,28,234.32,322.38,81.81,32.219,44.327,40.904,TP,31,0.27,1.29,1.318,-0.007,0.27,1.29
154,29,247.66,339.36,18.06,34.053,46.662,9.03,TP,32,0.239,0.82,0.854,-0.21,-0.113,0.82
154,30,215.02,378.96,58.24,29.565,52.107,29.118,TP,33,0.122,0.405,0.423,-0.062,-0.105,0.405
154,31,423.92,379.29,72.57,58.289,52.153,36.286,TP,34,0.183,1.516,1.527,-0.117,-0.14,1.516
154,32,425.08,386.88,93.92,58.449,53.195,46.958,FP,,,,,,,
154,33,79.17,405.98,60.85,10.886,55.823,30.426,TP,35,0.105,0.085,0.135,-0.104,0.015,-0.085
154,34,414.1,418.14,66.84,56.938,57.494,33.42,TP,37,0.027,0.907,0.908,-0.007,-0.026,-0.907
154,35,20.88,428.13,55.57,2.871,58.868,27.787,TP,39,0.031,0.408,0.409,0.031,0.003,-0.408
154,36,229.01,431.4,69.66,31.488,59.318,34.83,TP,40,0.023,0.094,0.096,0.023,0.002,-0.094
154,37,463.21,437.15,78.06,63.692,60.108,39.029,TP,38,0.25,1.458,1.479,0.159,0.193,-1.458
154,38,436.61,438.82,72.02,60.034,60.338,36.012,TP,41,0.235,2.122,2.135,0.032,0.233,2.122
154,39,281.22,457.6,41.62,38.668,62.92,20.81,TP,42,0.151,0.848,0.861,-0.137,-0.064,0.848
154,40,296.9,482.25,59.45,40.823,66.31,29.723,TP,44,0.128,0.19,0.229,0.115,0.055,0.19
154,41,56.57,485.21,48.2,7.778,66.716,24.101,TP,45,0.255,0.022,0.256,-0.104,-0.233,-0.022
154,42,168.87,489.42,55.08,23.22,67.295,27.538,TP,46,0.093,0.762,0.767,-0.025,0.089,-0.762
154,43,168.1,487.3,64.0,23.114,67.004,32.0,FP,,,,,,,
154,44,214.73,494.75,31.19,29.525,68.028,15.594,TP,47,0.082,0.83,0.834,-0.056,-0.06,-0.83
154,,,,,56.145,0.534,32.257,FN,0,,,,,,
154,,,,,28.522,1.998,0.585,FN,3,,,,,,
154,,,,,51.537,11.333,1.145,FN,9,,,,,,
154,,,,,15.563,18.905,22.58,FN,15,,,,,,
154,,,,,53.434,20.548,16.5,FN,16,,,,,,
154,,,,,46.186,21.346,48.234,FN,17,,,,,,
154,,,,,28.285,38.132,45.98,FN,28,,,,,,
154,,,,,53.386,38.998,46.782,FN,30,,,,,,
154,,,,,12.17,56.829,47.892,FN,36,,,,,,
154,,,,,8.507,64.505,12.845,FN,43,,,,,,
154,,,,,51.567,69.101,0.533,FN,48,,,,,,
161,0,427.37,54.35,91.02,58.763,7.473,45.51,TP,3,0.02,0.305,0.306,0.01,-0.017,0.305
161,1,233.68,62.36,81.88,32.131,8.575,40.939,TP,4,0.141,1.218,1.226,-0.034,-0.136,1.218
161,2,142.63,77.86,50.27,19.611,10.705,25.135,TP,6,0.073,0.123,0.143,-0.072,0.006,-0.123
161,3,432.99,80.02,70.44,59.536,11.003,35.222,TP,5,0.128,0.345,0.367,-0.021,0.126,-0.345
161,4,307.9,148.86,4.49,42.337,20.468,2.243,TP,8,0.182,0.248,0.308,0.065,0.17,-0.248
161,5,221.8,161.32,4.09,30.498,22.181,2.045,TP,10,0.084,0.98,0.984,-0.052,-0.066,-0.98
161,6,456.62,163.45,10.29,62.785,22.474,5.147,TP,11,0.091,0.778,0.783,-0.091,-0.006,-0.778
161,7,33.37,170.42,52.63,4.588,23.432,26.317,TP,12,0.122,1.651,1.656,-0.122,-0.009,-1.651
161,8,67.21,193.6,90.7,9.242,26.62,45.349,TP,13,0.197,1.025,1.044,-0.026,-0.196,-1.025
161,9,141.16,214.31,69.21,19.41,29.468,34.604,TP,15,0.331,0.617,0.7,0.297,0.147,0.617
161,10,339.76,234.72,41.99,46.717,32.275,20.994,TP,16,0.063,0.513,0.517,-0.063,0.008,-0.513
161,11,376.4,231.92,89.26,51.755,31.89,44.632,TP,17,0.186,0.883,0.902,0.182,0.042,-0.883
161,12,244.18,295.69,68.16,33.575,40.657,34.079,TP,21,0.055,0.291,0.296,-0.029,0.047,-0.291
161,13,244.0,295.5,62.0,33.55,40.631,31.0,FP,,,,,,,
161,14,492.31,298.26,7.85,67.693,41.011,3.924,TP,22,0.351,2.856,2.877,0.349,-0.036,-2.856
161,15,184.56,318.43,31.33,25.376,43.784,15.667,TP,24,0.587,0.466,0.749,-0.51,0.29,-0.466
161,16,22.51,331.32,26.26,3.095,45.556,13.131,TP,27,0.116,1.387,1.392,-0.116,0.005,-1.387
161,17,176.86,335.66,4.92,24.319,46.154,2.459,TP,28,0.469,0.652,0.803,-0.355,-0.306,-0.652
161,18,415.67,344.0,24.0,57.154,47.3,12.0,TP,29,0.236,3.408,3.416,-0.233,-0.037,-3.408
161,19,122.68,348.08,57.58,16.869,47.861,28.788,TP,30,0.122,0.191,0.227,-0.121,-0.01,-0.191
161,20,428.1,370.12,87.11,58.863,50.892,43.555,TP,32,0.223,0.018,0.223,0.021,0.222,0.018
161,21,225.89,382.22,97.33,31.06,52.556,48.667,FP,,,,,,,
161,22,225.34,390.66,67.68,30.984,53.716,33.842,TP,33,0.051,1.405,1.406,-0.007,0.051,-1.405
161,23,224.7,390.97,85.65,30.896,53.758,42.826,FP,,,,,,,
161,24,300.79,393.36,29.0,41.358,54.087,14.5,FP,,,,,,,
161,25,312.47,395.75,4.06,42.965,54.416,2.029,TP,34,0.126,0.567,0.581,-0.075,0.101,-0.567
161,26,402.14,401.64,24.82,55.294,55.225,12.41,TP,36,0.452,1.272,1.349,-0.249,-0.377,-1.272
161,27,75.34,410.51,56.17,10.359,56.445,28.087,TP,38,0.132,0.225,0.261,-0.074,-0.11,-0.225
161,28,480.5,438.66,61.46,66.068,60.316,30.729,TP,41,0.111,0.877,0.884,-0.088,0.067,-0.877
161,29,479.54,439.21,90.21,65.937,60.392,45.107,FP,,,,,,,
161,30,45.8,465.12,48.06,6.298,63.954,24.03,TP,42,0.314,0.225,0.386,-0.079,0.304,-0.225
161,31,356.91,469.23,77.64,49.075,64.519,38.818,TP,43,0.334,0.403,0.523,-0.297,-0.152,0.403
161,32,287.52,501.36,45.29,39.534,68.937,22.644,TP,49,0.065,0.783,0.786,0.033,0.055,-0.783
161,33,79.88,502.06,12.11,10.983,69.033,6.053,TP,48,0.411,3.313,3.338,0.009,0.411,-3.313
161,,,,,19.313,1.56,16.658,FN,0,,,,,,
161,,,,,23.804,3.846,28.75,FN,1,,,,,,
161,,,,,19.287,6.064,0.974,FN,2,,,,,,
161,,,,,37.096,16.389,13.5,FN,7,,,,,,
161,,,,,1.083,19.944,46.151,FN,9,,,,,,
161,,,,,36.246,27.352,23.953,FN,14,,,,,,
161,,,,,69.899,34.072,26.367,FN,18,,,,,,
161,,,,,32.88,39.293,48.24,FN,19,,,,,,
161,,,,,59.12,39.87,33.0,FN,20,,,,,,
161,,,,,60.985,42.928,12.169,FN,23,,,,,,
161,,,,,0.906,44.554,18.382,FN,25,,,,,,
161,,,,,21.344,45.609,16.079,FN,26,,,,,,
161,,,,,38.319,51.649,5.832,FN,31,,,,,,
161,,,,,42.242,54.195,37.399,FN,35,,,,,,
161,,,,,39.667,55.677,18.0,FN,37,,,,,,
161,,,,,36.706,57.094,46.506,FN,39,,,,,,
161,,,,,65.903,60.528,27.5,FN,40,,,,,,
161,,,,,37.851,65.18,45.237,FN,44,,,,,,
161,,,,,52.578,65.309,42.352,FN,45,,,,,,
161,,,,,21.978,67.841,32.556,FN,46,,,,,,
161,,,,,20.398,69.268,42.299,FN,47,,,,,,
195,0,286.77,7.38,76.53,39.432,1.014,38.263,TP,0,0.165,3.58,3.583,-0.02,-0.164,3.58
195,1,229.06,60.85,11.06,31.496,8.367,5.531,TP,5,0.15,0.987,0.998,0.085,-0.123,-0.987
195,2,156.11,61.36,47.05,21.465,8.437,23.525,TP,6,0.012,0.354,0.354,0.001,0.012,-0.354
195,3,276.18,81.14,47.42,37.974,11.157,23.709,TP,7,0.085,0.486,0.494,-0.085,-0.011,-0.486
195,4,500.9,85.77,90.75,68.874,11.793,45.376,TP,8,0.339,0.568,0.662,0.072,0.331,-0.568
195,5,334.49,100.17,25.69,45.992,13.773,12.845,TP,9,0.139,0.349,0.376,-0.108,-0.088,-0.349
195,6,262.61,122.31,74.61,36.108,16.818,37.307,TP,10,0.302,0.753,0.811,0.007,-0.302,-0.753
195,7,153.07,142.4,54.21,21.047,19.58,27.104,TP,11,0.107,0.132,0.17,-0.095,0.049,-0.132
195,8,114.19,161.1,61.78,15.701,22.151,30.89,TP,12,0.154,1.304,1.313,0.061,0.141,-1.304
195,9,80.13,185.0,59.94,11.018,25.438,29.971,TP,13,0.148,1.446,1.453,0.143,-0.037,-1.446
195,10,77.32,184.55,68.71,10.632,25.375,34.355,FP,,,,,,,
195,11,411.31,186.91,43.47,56.555,25.7,21.736,TP,14,0.076,0.684,0.688,-0.075,0.012,-0.684
195,12,18.14,187.24,51.05,2.495,25.746,25.525,TP,15,0.032,0.044,0.055,-0.031,0.01,-0.044
195,13,437.29,194.11,46.46,60.128,26.69,23.23,TP,16,0.02,0.214,0.215,0.0,0.02,-0.214
195,14,208.38,230.0,55.58,28.653,31.625,27.791,TP,19,0.208,1.41,1.426,-0.036,0.205,-1.41
195,15,291.21,229.02,75.12,40.041,31.491,37.558,TP,18,0.522,0.531,0.745,0.342,0.395,0.531
195,16,179.07,248.85,87.48,24.622,34.217,43.742,TP,22,0.174,2.258,2.265,0.093,-0.147,-2.258
195,17,410.34,271.75,52.32,56.421,37.366,26.161,TP,23,0.156,0.286,0.326,-0.128,-0.089,-0.286
195,18,160.66,274.08,60.11,22.09,37.687,30.053,TP,24,0.188,0.414,0.455,-0.181,-0.049,0.414
195,19,234.6,324.99,5.08,32.257,44.687,2.539,TP,25,0.238,2.021,2.035,-0.237,0.026,-2.021
195,20,397.34,335.56,7.18,54.634,46.14,3.588,TP,26,0.237,0.382,0.45,-0.158,-0.177,-0.382
195,21,303.59,343.15,66.81,41.743,47.183,33.406,TP,28,0.215,0.415,0.467,-0.151,0.153,0.415
195,22,266.19,343.49,22.89,36.601,47.23,11.445,TP,27,0.041,1.061,1.062,0.005,0.041,-1.061
195,23,183.81,344.74,73.05,25.274,47.401,36.524,TP,29,0.282,2.212,2.23,-0.169,-0.225,2.212
195,24,427.55,355.46,21.4,58.789,48.876,10.702,TP,31,0.058,0.027,0.064,-0.058,0.001,0.027
195,25,187.59,368.63,3.68,25.794,50.687,1.842,TP,33,0.3,0.64,0.707,-0.163,-0.251,-0.64
195,26,338.05,374.65,4.85,46.482,51.514,2.425,TP,35,0.609,1.732,1.836,0.465,0.394,-1.732
195,27,508.27,412.05,43.27,69.887,56.656,21.636,TP,37,0.099,2.442,2.444,-0.093,-0.033,2.442
195,28,149.72,415.0,67.05,20.586,57.062,33.526,FP,,,,,,,
195,29,164.5,415.59,67.59,22.619,57.144,33.795,FP,,,,,,,
195,30,164.85,416.27,48.62,22.666,57.237,24.308,TP,40,0.066,0.893,0.896,0.066,0.001,-0.893
195,31,155.47,419.42,41.48,21.377,57.67,20.74,TP,38,0.407,0.837,0.93,0.29,0.286,-0.837
195,32,296.67,423.72,79.72,40.793,58.261,39.858,TP,36,0.482,1.46,1.537,0.103,0.47,-1.46
195,33,262.82,423.2,71.09,36.138,58.19,35.544,TP,41,0.383,2.062,2.098,0.343,0.171,2.062
195,34,375.67,438.44,90.31,51.654,60.286,45.153,TP,42,0.524,1.42,1.514,-0.411,0.325,1.42
195,35,444.25,447.14,2.73,61.084,61.482,1.367,TP,43,0.145,0.225,0.268,0.14,0.038,-0.225
195,36,97.26,448.18,9.14,13.373,61.625,4.57,TP,45,0.094,1.751,1.754,-0.067,0.066,-1.751
195,37,22.68,457.43,26.31,3.118,62.897,13.153,TP,46,0.143,1.585,1.591,-0.142,0.016,-1.585
195,38,199.76,467.16,64.03,27.467,64.235,32.017,TP,47,0.202,0.129,0.24,0.083,0.184,-0.129
195,39,137.2,496.48,75.7,18.865,68.266,37.849,TP,48,0.141,0.205,0.248,0.127,-0.061,0.205
195,,,,,49.275,0.756,37.744,FN,1,,,,,,
195,,,,,37.645,2.437,28.857,FN,2,,,,,,
195,,,,,33.251,2.61,35.742,FN,3,,,,,,
195,,,,,32.856,7.727,17.629,FN,4,,,,,,
195,,,,,32.083,29.308,6.795,FN,17,,,,,,
195,,,,,15.044,34.449,48.5,FN,20,,,,,,
195,,,,,34.009,33.764,41.814,FN,21,,,,,,
195,,,,,38.304,49.628,45.534,FN,30,,,,,,
195,,,,,39.083,49.412,9.239,FN,32,,,,,,
195,,,,,62.141,51.743,48.354,FN,34,,,,,,
195,,,,,57.859,57.602,18.739,FN,39,,,,,,
195,,,,,40.118,61.073,47.622,FN,44,,,,,,
196,0,32.01,5.26,3.2,4.402,0.723,1.601,TP,0,0.505,2.708,2.755,-0.505,-0.006,-2.708
196,1,440.27,13.36,85.0,60.538,1.837,42.5,TP,3,0.331,1.571,1.606,-0.055,0.326,-1.571
196,2,467.42,23.94,68.4,64.27,3.292,34.2,FP,,,,,,,
196,3,250.79,44.16,25.19,34.483,6.071,12.596,TP,5,0.286,0.609,0.673,-0.114,-0.262,0.609
196,4,194.19,53.94,43.78,26.702,7.417,21.889,TP,6,0.042,0.437,0.439,-0.039,-0.014,0.437
196,5,396.88,92.99,76.94,54.571,12.787,38.472,TP,10,0.174,1.028,1.043,-0.143,0.1,-1.028
196,6,257.22,104.71,89.6,35.368,14.398,44.799,TP,12,0.386,0.361,0.529,0.291,0.253,0.361
196,7,403.45,102.47,40.99,55.475,14.089,20.493,TP,13,0.038,0.25,0.253,-0.03,-0.023,0.25
196,8,473.09,118.98,69.75,65.049,16.36,34.877,TP,15,0.197,0.29,0.351,-0.086,0.177,0.29
196,9,56.32,148.26,25.48,7.744,20.386,12.741,TP,16,0.192,1.259,1.273,-0.115,-0.153,-1.259
196,10,31.58,171.03,26.09,4.342,23.516,13.047,TP,17,0.141,0.198,0.243,0.12,-0.074,-0.198
196,11,179.05,174.45,13.98,24.62,23.988,6.989,TP,18,0.058,1.326,1.327,-0.057,-0.012,-1.326
196,12,441.78,186.17,8.76,60.744,25.598,4.379,TP,19,0.067,0.224,0.234,0.067,-0.006,-0.224
196,13,49.52,204.17,66.09,6.81,28.073,33.045,TP,20,0.11,0.397,0.412,0.094,0.057,0.397
196,14,491.54,208.5,35.07,67.587,28.669,17.535,TP,21,0.084,0.129,0.154,0.078,0.032,-0.129
196,15,217.78,221.67,34.09,29.945,30.479,17.045,TP,22,0.044,1.711,1.712,-0.022,-0.038,-1.711
196,16,241.39,222.35,4.6,33.191,30.573,2.3,TP,23,0.341,0.422,0.542,0.045,-0.338,0.422
196,17,376.39,225.07,60.84,51.754,30.948,30.421,TP,24,0.111,2.191,2.193,0.108,0.027,-2.191
196,18,241.6,224.5,88.8,33.22,30.869,44.4,FP,,,,,,,
196,19,310.2,227.0,42.4,42.653,31.213,21.2,TP,25,0.203,0.347,0.402,-0.196,0.053,-0.347
196,20,424.72,236.86,29.29,58.399,32.568,14.647,TP,27,0.09,0.839,0.844,-0.017,0.089,-0.839
196,21,207.88,258.88,75.88,28.583,35.595,37.938,FP,,,,,,,
196,22,220.98,285.58,80.27,30.384,39.268,40.137,TP,33,0.682,0.115,0.692,0.426,0.533,0.115
196,23,259.08,301.62,5.55,35.623,41.473,2.776,FP,,,,,,,
196,24,266.15,304.98,20.73,36.596,41.934,10.363,TP,34,0.857,0.228,0.887,0.373,0.772,0.228
196,25,408.23,308.81,63.53,56.132,42.462,31.763,TP,37,0.047,0.754,0.755,0.041,0.023,-0.754
196,26,100.14,332.43,17.12,13.77,45.709,8.558,TP,38,0.134,1.267,1.274,-0.074,0.112,-1.267
196,27,110.55,342.66,78.68,15.2,47.115,39.338,TP,39,0.278,0.001,0.278,0.208,0.184,0.001
196,28,12.18,358.28,67.91,1.675,49.264,33.957,TP,40,0.107,1.019,1.025,0.022,0.104,-1.019
196,29,11.71,359.43,62.0,1.611,49.421,31.0,FP,,,,,,,
196,30,313.43,404.06,18.64,43.096,55.558,9.319,TP,42,0.135,1.473,1.479,-0.13,0.038,-1.473
196,31,459.88,434.05,66.04,63.234,59.682,33.018,TP,43,0.171,0.077,0.187,-0.085,0.148,0.077
196,32,397.34,444.74,67.67,54.635,61.152,33.834,TP,44,0.114,2.403,2.405,0.096,-0.062,-2.403
196,33,200.8,447.24,50.77,27.61,61.495,25.384,TP,45,0.131,0.616,0.63,-0.096,0.09,-0.616
196,34,182.0,481.6,75.14,25.025,66.22,37.569,TP,48,0.048,0.069,0.084,0.032,-0.035,0.069
196,35,81.15,502.64,68.08,11.159,69.112,34.041,FP,,,,,,,
196,36,83.45,506.84,52.83,11.475,69.691,26.417,TP,49,0.037,0.391,0.393,-0.02,-0.032,0.391
196,,,,,49.802,0.408,40.733,FN,1,,,,,,
196,,,,,52.531,1.316,21.731,FN,2,,,,,,
196,,,,,64.147,3.46,39.232,FN,4,,,,,,
196,,,,,33.402,10.954,9.126,FN,7,,,,,,
196,,,,,34.429,11.904,48.442,FN,8,,,,,,
196,,,,,59.03,11.879,24.148,FN,9,,,,,,
196,,,,,59.986,15.424,47.357,FN,11,,,,,,
196,,,,,27.446,14.591,43.138,FN,14,,,,,,
196,,,,,2.38,31.501,48.27,FN,26,,,,,,
196,,,,,28.309,34.351,24.766,FN,28,,,,,,
196,,,,,29.808,35.774,40.776,FN,29,,,,,,
196,,,,,53.038,35.605,4.863,FN,30,,,,,,
196,,,,,53.439,35.884,33.377,FN,31,,,,,,
196,,,,,10.669,36.725,45.733,FN,32,,,,,,
196,,,,,4.072,40.456,44.75,FN,35,,,,,,
196,,,,,17.123,41.411,1.484,FN,36,,,,,,
196,,,,,40.097,53.532,4.354,FN,41,,,,,,
196,,,,,52.234,65.417,13.745,FN,46,,,,,,
196,,,,,70.162,66.371,28.0,FN,47,,,,,,
21,0,342.84,24.87,11.12,47.141,3.42,5.558,TP,0,0.111,0.808,0.815,0.078,0.079,-0.808
21,1,200.75,26.86,30.42,27.604,3.693,15.212,TP,1,0.395,3.441,3.463,-0.072,-0.388,-3.441
21,2,84.72,47.66,87.66,11.649,6.553,43.828,TP,2,0.081,0.9,0.904,-0.064,-0.049,-0.9
21,3,27.04,79.77,51.12,3.717,10.968,25.558,TP,4,0.133,1.26,1.267,0.106,0.08,-1.26
21,4,226.83,103.06,81.13,31.19,14.171,40.565,TP,5,0.131,2.117,2.121,-0.106,0.077,2.117
21,5,441.71,108.97,32.5,60.735,14.983,16.25,TP,7,0.12,1.78,1.784,0.097,-0.071,-1.78
21,6,116.48,111.67,22.83,16.017,15.354,11.417,TP,6,0.736,3.083,3.17,0.568,0.469,-3.083
21,7,404.66,115.33,79.27,55.64,15.858,39.636,TP,8,0.069,0.867,0.87,-0.069,0.001,-0.867
21,8,56.62,133.09,78.71,7.785,18.301,39.355,TP,9,0.361,0.32,0.483,-0.071,0.354,0.32
21,9,249.81,151.85,64.91,34.349,20.879,32.453,TP,10,0.058,1.388,1.389,-0.029,-0.05,-1.388
21,10,268.22,155.66,22.25,36.88,21.403,11.123,TP,12,0.083,0.084,0.118,0.047,-0.069,0.084
21,11,141.03,156.96,22.55,19.392,21.582,11.273,TP,11,0.234,0.283,0.367,-0.181,-0.148,0.283
21,12,335.12,159.38,78.31,46.08,21.914,39.156,TP,13,0.337,1.527,1.564,-0.325,-0.086,1.527
21,13,338.42,161.36,72.12,46.533,22.187,36.059,FP,,,,,,,
21,14,182.49,172.49,30.89,25.093,23.718,15.446,TP,14,0.147,1.47,1.478,0.1,0.108,-1.47
21,15,412.22,179.91,2.27,56.68,24.738,1.134,TP,15,0.115,0.275,0.298,0.109,0.036,0.275
21,16,183.03,188.71,24.94,25.167,25.947,12.471,TP,16,0.232,2.946,2.955,0.192,0.129,-2.946
21,17,204.01,194.09,31.91,28.051,26.688,15.953,TP,17,0.138,0.612,0.627,-0.134,0.031,-0.612
21,18,367.5,195.71,14.55,50.532,26.91,7.276,TP,18,0.251,1.304,1.328,-0.212,-0.135,-1.304
21,19,501.27,212.95,26.47,68.925,29.281,13.234,TP,20,0.117,1.247,1.253,-0.116,0.014,-1.247
21,20,314.58,219.91,26.25,43.254,30.238,13.125,TP,19,0.193,0.112,0.223,-0.01,0.193,0.112
21,21,484.16,215.08,56.08,66.572,29.573,28.04,TP,21,0.394,0.9,0.983,-0.266,-0.291,0.9
21,22,37.13,253.3,57.18,5.106,34.829,28.589,TP,22,0.161,0.114,0.197,-0.038,-0.157,0.114
21,23,36.89,258.3,54.0,5.072,35.516,27.0,FP,,,,,,,
21,24,349.97,266.94,38.5,48.121,36.705,19.248,TP,23,0.162,1.252,1.262,0.057,0.152,-1.252
21,25,461.35,275.1,41.12,63.435,37.826,20.558,TP,24,0.145,0.106,0.18,-0.144,0.016,0.106
21,26,160.69,294.58,81.28,22.095,40.504,40.642,TP,25,0.152,0.373,0.403,-0.141,0.056,0.373
21,27,129.57,307.71,49.22,17.816,42.311,24.612,TP,27,0.043,0.32,0.323,0.032,-0.029,0.32
21,28,336.63,317.78,28.72,46.287,43.695,14.362,TP,29,0.044,0.127,0.134,-0.037,0.023,-0.127
21,29,80.03,319.95,53.74,11.004,43.993,26.868,TP,28,0.063,0.53,0.534,-0.031,0.055,-0.53
21,30,90.75,324.79,30.87,12.478,44.658,15.437,TP,31,0.073,1.052,1.054,-0.07,-0.022,-1.052
21,31,39.98,336.98,31.19,5.498,46.335,15.593,TP,32,0.055,0.271,0.276,-0.025,-0.049,-0.271
21,32,224.34,354.89,27.01,30.846,48.797,13.506,TP,33,0.294,1.005,1.047,-0.124,-0.267,-1.005
21,33,396.05,381.14,37.21,54.457,52.407,18.605,TP,35,0.096,0.392,0.404,-0.094,0.022,0.392
21,34,262.78,404.94,88.91,36.132,55.679,44.456,TP,36,0.347,0.463,0.579,0.297,0.18,0.463
21,35,25.69,413.54,85.79,3.532,56.862,42.895,TP,37,0.166,1.378,1.388,0.074,-0.149,-1.378
21,36,415.94,429.96,33.74,57.192,59.119,16.872,TP,38,0.638,2.991,3.059,-0.418,-0.483,-2.991
21,37,447.62,436.39,24.9,61.548,60.004,12.449,TP,39,0.345,0.214,0.406,0.234,0.254,-0.214
21,38,159.26,438.96,10.98,21.899,60.357,5.492,TP,41,0.147,0.396,0.423,-0.107,-0.101,0.396
21,39,273.1,441.85,37.21,37.552,60.755,18.607,TP,40,0.053,2.297,2.297,0.03,0.044,-2.297
21,40,331.4,468.22,76.22,45.567,64.38,38.112,TP,43,0.003,0.575,0.575,-0.003,0.0,0.575
21,41,57.81,484.79,46.09,7.949,66.658,23.044,TP,45,0.133,1.056,1.065,-0.015,-0.132,1.056
21,42,25.39,486.5,42.47,3.491,66.893,21.234,TP,46,0.069,1.2,1.202,0.018,-0.066,1.2
21,43,168.0,487.0,68.0,23.1,66.963,34.0,FP,,,,,,,
21,44,175.04,494.54,34.57,24.067,67.999,17.283,TP,48,0.295,1.869,1.892,0.161,0.248,-1.869
21,45,201.08,495.72,64.83,27.649,68.162,32.416,TP,49,0.486,3.217,3.253,0.481,0.066,-3.217
21,,,,,6.165,10.545,39.02,FN,3,,,,,,
21,,,,,58.738,41.744,37.308,FN,26,,,,,,
21,,,,,38.719,43.729,43.5,FN,30,,,,,,
21,,,,,5.675,50.035,7.144,FN,34,,,,,,
21,,,,,0.642,61.78,33.488,FN,42,,,,,,
21,,,,,40.472,66.985,41.083,FN,44,,,,,,
21,,,,,28.848,68.39,34.579,FN,47,,,,,,
35,0,451.64,8.86,5.0,62.1,1.219,2.5,FP,,,,,,,
35,1,443.38,12.38,21.62,60.964,1.702,10.812,FP,,,,,,,
35,2,346.89,28.55,59.37,47.697,3.925,29.686,TP,1,0.058,0.854,0.856,0.002,-0.058,-0.854
35,3,488.8,78.74,52.92,67.211,10.827,26.462,TP,2,0.322,0.013,0.322,-0.267,-0.18,-0.013
35,4,151.69,96.79,12.68,20.857,13.309,6.338,TP,4,0.492,0.562,0.747,-0.266,-0.414,0.562
35,5,343.1,95.75,2.87,47.177,13.166,1.436,TP,5,0.034,0.448,0.45,0.018,0.029,0.448
35,6,32.99,110.88,79.33,4.537,15.245,39.663,TP,6,0.196,0.399,0.445,-0.18,-0.079,-0.399
35,7,219.44,122.91,50.1,30.173,16.9,25.05,TP,9,0.092,0.17,0.194,-0.082,0.041,-0.17
35,8,456.68,132.41,63.32,62.794,18.207,31.659,TP,10,0.491,0.544,0.733,0.13,0.473,-0.544
35,9,181.96,144.72,6.77,25.019,19.899,3.383,TP,11,0.884,1.271,1.548,0.057,0.882,-1.271
35,10,296.55,149.91,83.91,40.775,20.612,41.956,TP,13,0.274,0.124,0.3,-0.148,-0.23,0.124
35,11,357.4,159.9,22.43,49.142,21.986,11.215,TP,14,0.175,0.364,0.403,0.167,-0.05,0.364
35,12,131.02,167.21,64.54,18.015,22.992,32.268,FP,,,,,,,
35,13,128.59,167.41,50.41,17.681,23.019,25.207,TP,15,0.125,0.133,0.183,0.101,0.075,0.133
35,14,430.07,193.87,43.19,59.135,26.658,21.594,TP,17,0.108,0.094,0.143,-0.049,-0.096,0.094
35,15,59.94,226.17,17.58,8.242,31.098,8.79,TP,21,0.18,0.398,0.437,-0.151,0.097,-0.398
35,16,325.07,238.49,13.84,44.697,32.792,6.918,TP,22,0.358,2.559,2.584,0.14,0.329,-2.559
35,17,94.58,261.22,67.97,13.005,35.917,33.985,TP,23,0.243,0.66,0.704,0.149,0.192,-0.66
35,18,458.04,268.92,88.52,62.98,36.977,44.26,TP,24,0.423,1.5,1.558,0.035,0.421,-1.5
35,19,48.36,281.61,2.59,6.65,38.721,1.297,TP,26,0.2,0.254,0.323,-0.088,0.18,-0.254
35,20,173.46,291.32,47.85,23.851,40.057,23.926,TP,28,0.053,0.435,0.438,-0.031,-0.043,-0.435
35,21,312.88,295.9,67.23,43.022,40.686,33.615,TP,27,0.132,2.511,2.515,-0.079,0.106,2.511
35,22,397.55,310.85,27.69,54.663,42.742,13.843,TP,29,0.019,1.707,1.707,-0.016,0.009,-1.707
35,23,187.15,327.45,22.23,25.734,45.024,11.114,TP,30,0.139,0.202,0.245,-0.087,-0.108,0.202
35,24,38.68,342.42,69.87,5.319,47.082,34.937,TP,32,0.133,1.397,1.403,0.028,0.13,-1.397
35,25,370.59,349.9,34.16,50.955,48.112,17.082,TP,33,0.246,0.349,0.427,-0.246,-0.004,-0.349
35,26,291.24,371.77,87.36,40.046,51.118,43.679,TP,34,1.153,0.179,1.167,-0.937,-0.672,0.179
35,27,208.82,400.21,26.16,28.713,55.028,13.078,TP,37,0.171,1.809,1.817,-0.071,-0.156,-1.809
35,28,388.22,401.15,56.7,53.381,55.158,28.351,TP,36,0.058,1.224,1.225,-0.023,-0.054,-1.224
35,29,232.31,436.36,72.32,31.942,60.0,36.16,TP,38,0.663,0.658,0.935,0.286,0.598,-0.658
35,30,241.35,443.22,60.69,33.186,60.943,30.343,TP,39,0.018,1.792,1.792,-0.017,0.004,-1.792
35,31,161.61,446.4,11.78,22.221,61.38,5.888,TP,41,0.167,1.371,1.381,-0.167,-0.003,-1.371
35,32,422.66,455.27,44.23,58.116,62.599,22.113,TP,43,0.126,0.047,0.134,-0.126,-0.01,-0.047
35,33,53.26,457.28,46.76,7.323,62.876,23.379,TP,44,0.056,0.371,0.376,-0.05,0.025,-0.371
35,34,327.34,473.47,25.29,45.009,65.102,12.647,TP,48,0.066,0.17,0.182,-0.062,-0.024,-0.17
35,,,,,62.397,1.934,10.268,FN,0,,,,,,
35,,,,,52.689,12.76,48.0,FN,3,,,,,,
35,,,,,58.676,15.812,46.985,FN,7,,,,,,
35,,,,,1.238,16.558,47.773,FN,8,,,,,,
35,,,,,34.234,17.792,2.267,FN,12,,,,,,
35,,,,,51.764,26.991,43.0,FN,16,,,,,,
35,,,,,7.602,30.495,1.253,FN,18,,,,,,
35,,,,,2.052,30.792,48.124,FN,19,,,,,,
35,,,,,2.554,31.888,4.051,FN,20,,,,,,
35,,,,,7.288,37.937,41.8,FN,25,,,,,,
35,,,,,52.439,45.653,12.114,FN,31,,,,,,
35,,,,,45.683,54.56,7.486,FN,35,,,,,,
35,,,,,52.963,61.31,18.495,FN,40,,,,,,
35,,,,,25.782,62.599,42.219,FN,42,,,,,,
35,,,,,47.587,63.368,2.958,FN,45,,,,,,
35,,,,,50.461,63.791,2.274,FN,46,,,,,,
35,,,,,51.081,65.585,45.872,FN,47,,,,,,
44,0,144.49,15.92,50.75,19.867,2.189,25.375,TP,0,0.057,1.486,1.487,0.011,-0.056,-1.486
44,1,399.61,39.33,58.87,54.946,5.408,29.435,TP,3,0.055,1.877,1.878,-0.048,-0.027,1.877
44,2,170.6,54.8,69.11,23.457,7.535,34.554,FP,,,,,,,
44,3,179.28,64.94,44.83,24.65,8.929,22.414,TP,5,0.962,0.131,0.97,0.618,0.737,-0.131
44,4,322.15,76.51,3.79,44.296,10.52,1.895,TP,7,0.052,0.205,0.212,0.024,-0.047,0.205
44,5,180.81,90.8,40.43,24.861,12.485,20.215,TP,9,0.065,0.158,0.171,-0.022,-0.062,-0.158
44,6,83.7,104.81,45.05,11.509,14.411,22.523,TP,11,0.048,0.531,0.533,0.034,0.034,-0.531
44,7,32.38,105.08,12.73,4.453,14.449,6.363,TP,10,0.515,3.762,3.797,-0.343,0.384,-3.762
44,8,416.76,129.9,32.24,57.304,17.862,16.121,TP,13,0.238,0.873,0.905,-0.038,0.235,-0.873
44,9,503.36,136.21,34.29,69.212,18.729,17.143,TP,14,0.484,2.801,2.842,-0.373,-0.309,-2.801
44,10,306.37,153.14,65.36,42.126,21.057,32.681,TP,15,0.075,0.289,0.299,0.053,0.052,-0.289
44,11,426.97,157.38,40.58,58.709,21.639,20.292,TP,16,0.057,0.252,0.258,-0.055,-0.017,-0.252
44,12,160.57,193.24,63.53,22.079,26.57,31.764,TP,18,0.118,0.982,0.989,-0.046,0.109,-0.982
44,13,280.01,219.78,14.22,38.501,30.22,7.108,TP,20,0.24,1.418,1.438,-0.24,0.014,-1.418
44,14,446.52,221.44,47.7,61.396,30.448,23.85,TP,19,0.56,0.794,0.971,0.214,0.518,-0.794
44,15,474.31,234.13,47.72,65.218,32.192,23.862,TP,21,0.484,1.024,1.132,0.039,0.482,-1.024
44,16,26.0,240.9,33.08,3.575,33.123,16.539,TP,22,0.202,0.958,0.979,-0.202,-0.002,-0.958
44,17,28.0,239.0,38.0,3.85,32.862,19.0,FP,,,,,,,
44,18,138.78,262.58,44.54,19.082,36.104,22.27,TP,24,0.068,0.577,0.581,0.058,0.035,-0.577
44,19,39.75,264.17,2.42,5.466,36.323,1.208,TP,25,0.649,1.694,1.814,-0.343,-0.551,-1.694
44,20,42.72,271.75,10.06,5.874,37.366,5.028,FP,,,,,,,
44,21,424.12,288.79,83.97,58.317,39.709,41.983,TP,27,0.118,0.505,0.518,-0.112,0.036,-0.505
44,22,400.34,289.34,10.95,55.047,39.784,5.473,TP,28,0.147,2.486,2.49,-0.146,-0.014,-2.486
44,23,229.31,306.78,61.76,31.53,42.182,30.882,TP,29,0.175,1.642,1.651,0.13,0.117,-1.642
44,24,153.6,314.91,85.04,21.121,43.3,42.518,TP,30,0.159,0.769,0.785,0.114,0.111,-0.769
44,25,130.18,343.64,49.59,17.9,47.25,24.793,TP,31,0.199,0.182,0.27,0.011,-0.198,-0.182
44,26,441.03,358.57,65.96,60.642,49.304,32.982,TP,33,0.067,0.241,0.25,-0.035,-0.057,-0.241
44,27,79.77,361.23,68.75,10.968,49.669,34.376,TP,32,0.099,0.39,0.402,-0.07,0.069,0.39
44,28,344.35,362.13,42.48,47.348,49.793,21.241,TP,34,0.052,0.042,0.067,-0.05,-0.013,-0.042
44,29,362.92,398.41,11.08,49.902,54.781,5.542,TP,36,0.028,2.165,2.165,0.017,-0.022,-2.165
44,30,484.76,407.56,60.47,66.654,56.04,30.233,TP,37,0.049,1.957,1.958,-0.048,0.008,-1.957
44,31,141.37,426.18,74.75,19.438,58.6,37.376,TP,38,0.181,1.372,1.383,-0.048,0.175,1.372
44,32,17.48,429.43,34.76,2.403,59.046,17.381,TP,39,0.147,2.25,2.255,-0.123,0.08,-2.25
44,33,18.5,428.0,38.0,2.544,58.85,19.0,FP,,,,,,,
44,34,313.73,439.22,9.18,43.138,60.393,4.591,FP,,,,,,,
44,35,444.51,443.0,77.49,61.121,60.912,38.743,TP,40,0.759,2.311,2.433,0.419,0.632,2.311
44,36,400.61,444.88,17.47,55.083,61.17,8.734,TP,42,0.289,2.0,2.021,-0.236,-0.166,-2.0
44,37,304.89,462.55,11.15,41.922,63.6,5.576,TP,43,0.163,0.626,0.647,-0.123,0.107,0.626
44,38,244.17,470.75,77.42,33.574,64.728,38.709,TP,44,0.226,3.34,3.347,-0.193,0.119,3.34
44,39,456.83,482.07,31.59,62.814,66.285,15.795,TP,45,0.227,2.351,2.362,-0.213,0.078,-2.351
44,40,431.0,484.0,41.0,59.263,66.55,20.5,TP,46,0.377,0.855,0.935,-0.374,0.05,0.855
44,41,121.53,495.6,5.5,16.71,68.145,2.75,TP,47,0.144,0.674,0.689,-0.14,-0.034,0.674
44,,,,,63.676,2.79,7.625,FN,1,,,,,,
44,,,,,53.329,5.02,15.822,FN,2,,,,,,
44,,,,,23.283,7.039,44.907,FN,4,,,,,,
44,,,,,5.148,8.76,18.746,FN,6,,,,,,
44,,,,,20.307,12.096,30.545,FN,8,,,,,,
44,,,,,6.51,16.015,48.741,FN,12,,,,,,
44,,,,,16.172,25.451,45.389,FN,17,,,,,,
44,,,,,53.628,33.567,18.253,FN,23,,,,,,
44,,,,,53.934,36.542,2.355,FN,26,,,,,,
44,,,,,57.484,54.121,38.979,FN,35,,,,,,
44,,,,,42.992,60.299,10.053,FN,41,,,,,,
44,,,,,22.021,69.808,21.051,FN,48,,,,,,
48,0,470.99,17.63,31.66,64.762,2.424,15.832,TP,0,0.173,2.479,2.485,0.026,-0.171,-2.479
48,1,415.71,33.85,59.58,57.161,4.655,29.79,TP,1,0.043,0.816,0.817,-0.039,0.017,-0.816
48,2,494.0,39.0,11.0,67.925,5.363,5.5,TP,2,0.256,0.461,0.527,-0.249,-0.059,-0.461
48,3,50.32,43.58,78.94,6.919,5.992,39.468,TP,3,0.073,0.378,0.385,-0.071,0.018,0.378
48,4,111.72,53.22,4.29,15.362,7.318,2.143,TP,4,0.087,0.589,0.595,-0.087,-0.002,0.589
48,5,194.71,75.93,31.99,26.773,10.44,15.996,TP,5,0.074,0.98,0.983,-0.071,-0.022,-0.98
48,6,456.11,103.31,65.7,62.715,14.204,32.852,TP,6,0.151,0.975,0.987,-0.051,0.142,0.975
48,7,56.9,105.48,50.71,7.824,14.503,25.357,TP,8,0.027,0.308,0.309,-0.026,-0.005,0.308
48,8,312.64,114.29,10.1,42.988,15.714,5.048,TP,9,0.037,0.832,0.833,-0.036,-0.009,0.832
48,9,295.16,119.12,70.1,40.584,16.38,35.052,TP,10,0.115,0.928,0.935,-0.114,0.015,0.928
48,10,464.0,122.5,28.29,63.8,16.844,14.143,TP,11,0.191,1.287,1.301,0.086,-0.17,-1.287
48,11,363.85,133.8,2.2,50.029,18.398,1.1,TP,13,0.101,0.15,0.181,0.094,-0.037,0.15
48,12,114.05,185.42,7.62,15.683,25.495,3.808,TP,17,0.086,0.798,0.803,-0.082,-0.025,0.798
48,13,367.68,206.22,63.43,50.556,28.355,31.715,TP,19,0.13,1.375,1.381,-0.13,0.005,1.375
48,14,402.39,206.82,67.8,55.328,28.438,33.898,TP,18,0.327,1.76,1.79,-0.327,-0.002,1.76
48,15,402.0,206.0,61.5,55.275,28.325,30.75,FP,,,,,,,
48,16,498.39,216.24,78.45,68.529,29.733,39.224,TP,21,0.051,1.8,1.8,-0.051,-0.01,-1.8
48,17,229.91,224.51,77.9,31.612,30.87,38.95,TP,23,0.046,0.865,0.866,-0.015,0.044,-0.865
48,18,288.86,226.71,34.57,39.718,31.173,17.286,TP,24,0.56,2.91,2.964,-0.559,-0.02,-2.91
48,19,420.36,237.21,55.46,57.8,32.617,27.73,TP,25,0.069,0.342,0.349,-0.051,0.047,-0.342
48,20,28.33,270.76,56.03,3.896,37.229,28.015,TP,28,0.157,0.27,0.312,0.155,-0.024,0.27
48,21,275.33,274.0,32.67,37.858,37.675,16.333,TP,29,0.128,0.911,0.92,0.112,0.063,-0.911
48,22,348.91,302.94,25.39,47.975,41.654,12.695,TP,32,0.071,0.081,0.107,0.071,-0.002,0.081
48,23,79.01,351.64,3.49,10.864,48.351,1.745,TP,33,0.083,0.255,0.268,-0.067,-0.049,-0.255
48,24,182.9,367.28,48.07,25.149,50.501,24.033,TP,34,0.576,0.99,1.145,-0.497,-0.291,-0.99
48,25,95.41,387.76,48.0,13.12,53.317,24.0,TP,35,0.029,1.402,1.402,-0.013,0.026,-1.402
48,26,94.67,390.0,78.67,13.017,53.625,39.333,FP,,,,,,,
48,27,352.5,391.5,48.0,48.469,53.831,24.0,TP,36,0.017,1.0,1.0,-0.009,-0.015,-1.0
48,28,456.96,397.33,41.21,62.832,54.632,20.606,TP,37,0.089,0.598,0.604,-0.078,-0.044,0.598
48,29,440.43,414.75,25.16,60.559,57.028,12.582,TP,41,0.04,1.833,1.833,-0.04,0.0,-1.833
48,30,119.68,416.59,73.98,16.456,57.281,36.992,TP,40,0.151,1.319,1.328,-0.147,-0.035,1.319
48,31,131.69,415.31,96.85,18.108,57.105,48.423,FP,,,,,,,
48,32,86.6,426.19,72.97,11.908,58.601,36.485,TP,42,0.493,0.48,0.688,0.089,-0.485,0.48
48,33,433.7,439.57,31.13,59.633,60.441,15.566,TP,44,0.149,0.598,0.617,-0.067,-0.133,-0.598
48,34,247.7,438.33,11.78,34.059,60.271,5.889,TP,43,0.453,1.706,1.766,-0.442,0.1,1.706
48,35,84.8,453.0,76.46,11.66,62.288,38.232,TP,45,0.129,1.504,1.51,0.072,0.107,1.504
48,36,182.99,459.19,6.85,25.16,63.138,3.426,TP,47,0.108,0.953,0.959,-0.043,-0.099,0.953
48,37,227.35,483.41,41.59,31.261,66.468,20.796,TP,48,0.529,0.05,0.531,0.041,0.527,-0.05
48,,,,,16.253,15.056,41.675,FN,7,,,,,,
48,,,,,13.878,19.189,45.943,FN,12,,,,,,
48,,,,,53.859,19.222,46.648,FN,14,,,,,,
48,,,,,60.135,20.332,39.678,FN,15,,,,,,
48,,,,,35.684,24.235,34.388,FN,16,,,,,,
48,,,,,25.58,29.034,48.028,FN,20,,,,,,
48,,,,,32.757,31.428,22.921,FN,22,,,,,,
48,,,,,39.236,34.613,24.86,FN,26,,,,,,
48,,,,,67.634,35.498,33.83,FN,27,,,,,,
48,,,,,17.331,39.796,47.554,FN,30,,,,,,
48,,,,,60.091,41.043,48.782,FN,31,,,,,,
48,,,,,48.528,55.157,24.5,FN,38,,,,,,
48,,,,,17.765,56.687,32.5,FN,39,,,,,,
48,,,,,20.854,63.67,45.978,FN,46,,,,,,
48,,,,,30.08,67.834,5.613,FN,49,,,,,,
48,,,,,18.259,69.082,38.357,FN,50,,,,,,
55,0,505.0,32.8,7.7,69.438,4.51,3.85,TP,3,0.148,2.338,2.343,-0.131,0.068,2.338
55,1,289.2,55.8,14.91,39.765,7.672,7.453,TP,4,0.184,0.843,0.862,-0.05,0.177,-0.843
55,2,200.79,57.9,76.98,27.608,7.961,38.492,TP,6,0.288,4.182,4.192,-0.236,-0.165,4.182
55,3,359.0,62.5,66.0,49.362,8.594,33.0,TP,7,0.1,3.633,3.635,-0.03,0.095,3.633
55,4,406.7,75.78,3.92,55.921,10.42,1.959,TP,8,0.043,0.125,0.132,-0.041,-0.012,-0.125
55,5,214.42,80.19,78.31,29.482,11.027,39.154,TP,9,0.15,0.404,0.431,0.013,0.15,0.404
55,6,301.55,83.33,4.58,41.462,11.458,2.289,TP,10,0.234,0.779,0.813,0.171,-0.16,0.779
55,7,417.7,100.46,14.19,57.433,13.813,7.096,TP,12,0.235,1.237,1.259,-0.232,-0.036,-1.237
55,8,119.78,103.16,42.22,16.47,14.185,21.109,TP,11,0.288,1.333,1.364,-0.226,-0.178,1.333
55,9,122.11,105.1,34.79,16.79,14.452,17.397,FP,,,,,,,
55,10,338.42,130.11,43.95,46.533,17.889,21.974,TP,16,0.043,0.788,0.789,0.043,-0.003,-0.788
55,11,180.05,133.42,44.3,24.757,18.345,22.152,TP,17,0.015,0.373,0.373,-0.004,0.015,0.373
55,12,460.43,143.48,63.14,63.31,19.729,31.569,TP,18,0.145,0.735,0.749,-0.094,0.111,-0.735
55,13,269.96,158.04,25.08,37.12,21.73,12.541,TP,19,0.036,1.071,1.071,-0.03,0.019,-1.071
55,14,450.74,160.6,14.88,61.976,22.082,7.441,TP,20,0.062,1.117,1.118,-0.058,0.021,-1.117
55,15,311.7,184.78,23.4,42.858,25.407,11.699,TP,23,0.566,1.43,1.538,-0.414,-0.386,1.43
55,16,28.27,182.06,66.2,3.887,25.033,33.098,TP,22,0.068,1.104,1.106,-0.02,0.065,-1.104
55,17,323.32,193.79,3.03,44.456,26.646,1.513,TP,24,0.452,4.719,4.741,-0.447,0.062,-4.719
55,18,268.62,204.37,59.33,36.935,28.101,29.664,TP,26,0.919,0.198,0.94,-0.256,-0.882,0.198
55,19,131.14,207.45,37.61,18.032,28.525,18.806,TP,25,0.387,0.977,1.051,0.153,0.355,0.977
55,20,343.23,208.74,68.32,47.194,28.702,34.161,TP,27,0.367,4.459,4.474,0.367,-0.009,4.459
55,21,395.04,241.74,54.85,54.319,33.239,27.424,TP,29,0.216,0.213,0.303,-0.216,0.002,0.213
55,22,67.48,253.6,37.32,9.279,34.87,18.658,TP,30,0.091,0.512,0.52,-0.034,-0.084,0.512
55,23,298.28,259.07,18.46,41.014,35.622,9.229,TP,31,0.184,0.151,0.238,0.014,0.184,0.151
55,24,111.91,297.02,22.62,15.388,40.84,11.309,TP,33,0.075,0.927,0.93,-0.029,0.069,-0.927
55,25,360.81,296.62,51.04,49.611,40.785,25.519,TP,32,0.036,0.25,0.253,-0.033,-0.016,-0.25
55,26,112.33,297.67,68.0,15.446,40.929,34.0,FP,,,,,,,
55,27,271.85,310.01,66.37,37.379,42.627,33.185,TP,34,0.182,1.016,1.033,-0.059,0.172,-1.016
55,28,368.24,308.62,68.24,50.633,42.435,34.122,FP,,,,,,,
55,29,376.8,315.2,54.41,51.81,43.34,27.204,TP,35,0.422,0.029,0.423,-0.422,-0.004,0.029
55,30,28.2,329.01,9.87,3.878,45.238,4.933,TP,36,0.231,0.891,0.92,-0.22,-0.068,-0.891
55,31,351.25,346.0,70.0,48.297,47.575,35.0,TP,37,0.678,1.012,1.218,0.459,0.499,-1.012
55,32,309.12,361.34,8.51,42.504,49.684,4.256,TP,38,0.231,0.718,0.755,-0.172,0.154,-0.718
55,33,238.99,375.33,24.09,32.861,51.608,12.043,TP,39,0.288,0.276,0.399,-0.116,-0.264,0.276
55,34,484.47,404.38,15.47,66.614,55.602,7.733,TP,40,0.208,1.196,1.214,0.006,-0.208,-1.196
55,35,34.02,433.06,33.97,4.678,59.546,16.985,TP,42,0.053,0.986,0.987,-0.021,0.049,-0.986
55,36,460.59,444.31,85.0,63.332,61.092,42.5,TP,43,0.11,0.592,0.603,-0.095,-0.055,-0.592
55,37,466.22,456.32,23.37,64.105,62.743,11.685,TP,45,0.276,0.089,0.29,0.051,0.271,-0.089
55,38,415.49,461.85,53.2,57.13,63.504,26.601,TP,44,0.042,0.522,0.524,-0.012,-0.041,-0.522
55,39,280.64,478.82,23.29,38.588,65.838,11.643,TP,46,0.241,1.107,1.133,-0.083,0.226,-1.107
55,40,158.94,485.09,51.7,21.855,66.7,25.85,TP,47,0.143,0.619,0.635,-0.103,-0.099,-0.619
55,41,209.13,480.8,40.13,28.756,66.11,20.067,TP,48,0.326,0.992,1.045,-0.261,-0.196,0.992
55,42,210.94,483.43,34.15,29.004,66.472,17.074,FP,,,,,,,
55,,,,,15.321,0.039,0.5,FN,0,,,,,,
55,,,,,41.021,1.006,24.957,FN,1,,,,,,
55,,,,,45.741,1.258,45.148,FN,2,,,,,,
55,,,,,17.179,7.474,42.681,FN,5,,,,,,
55,,,,,35.526,14.358,48.465,FN,13,,,,,,
55,,,,,19.421,16.306,47.333,FN,14,,,,,,
55,,,,,19.625,16.587,19.838,FN,15,,,,,,
55,,,,,42.062,23.85,14.546,FN,21,,,,,,
55,,,,,17.872,33.212,43.509,FN,28,,,,,,
55,,,,,63.318,57.411,1.487,FN,41,,,,,,
55,,,,,69.263,69.308,15.261,FN,49,,,,,,
58,0,63.09,48.15,29.13,8.675,6.62,14.563,TP,3,0.264,2.036,2.053,0.257,0.061,2.036
58,1,309.51,61.29,48.01,42.558,8.428,24.003,TP,5,0.024,0.107,0.11,0.024,0.004,-0.107
58,2,236.66,61.36,18.94,32.541,8.436,9.472,TP,6,0.052,0.792,0.794,-0.017,0.049,-0.792
58,3,149.53,64.97,6.48,20.56,8.934,3.241,TP,4,0.268,2.617,2.63,-0.2,0.178,-2.617
58,4,290.29,64.7,48.23,39.914,8.896,24.117,TP,7,0.297,0.605,0.674,-0.249,-0.162,-0.605
58,5,294.0,63.0,64.0,40.425,8.663,32.0,FP,,,,,,,
58,6,149.67,88.32,11.63,20.579,12.145,5.817,TP,9,0.189,0.983,1.001,-0.175,-0.071,-0.983
58,7,18.79,88.04,76.47,2.583,12.106,38.234,TP,8,0.227,0.293,0.371,-0.028,0.225,0.293
58,8,203.67,100.37,18.69,28.005,13.8,9.347,TP,11,0.317,0.163,0.356,-0.314,-0.036,-0.163
58,9,197.45,98.54,34.97,27.149,13.549,17.485,TP,10,0.132,0.468,0.486,0.118,-0.059,-0.468
58,10,457.42,98.77,86.01,62.895,13.581,43.003,TP,12,0.1,1.591,1.594,0.098,-0.022,-1.591
58,11,354.23,122.09,70.85,48.707,16.787,35.423,TP,15,0.252,0.927,0.961,0.037,-0.249,-0.927
58,12,50.63,124.55,25.53,6.962,17.126,12.764,TP,16,0.205,0.649,0.681,-0.099,-0.18,0.649
58,13,362.3,153.1,44.47,49.816,21.051,22.233,TP,18,0.907,0.373,0.981,-0.885,-0.198,-0.373
58,14,33.25,160.52,75.46,4.572,22.071,37.729,TP,19,0.271,1.453,1.478,-0.213,0.169,1.453
58,15,448.94,170.55,55.26,61.729,23.451,27.629,TP,20,0.182,1.136,1.15,-0.177,-0.041,1.136
58,16,92.49,181.26,23.64,12.717,24.923,11.819,TP,23,0.117,1.135,1.141,0.117,-0.008,-1.135
58,17,461.94,184.71,5.84,63.517,25.397,2.92,TP,24,0.077,1.437,1.439,-0.024,-0.073,1.437
58,18,287.25,216.68,65.0,39.497,29.793,32.5,TP,27,0.058,3.059,3.06,-0.05,-0.03,3.059
58,19,310.0,217.54,41.06,42.625,29.912,20.529,TP,28,0.061,1.21,1.212,-0.061,-0.005,-1.21
58,20,286.28,220.18,50.9,39.363,30.275,25.451,TP,29,0.51,3.422,3.46,0.168,-0.482,3.422
58,21,465.97,269.63,43.02,64.071,37.074,21.51,TP,31,0.209,0.939,0.962,-0.2,-0.062,-0.939
58,22,112.4,272.58,7.19,15.455,37.48,3.597,TP,32,0.403,1.399,1.456,-0.283,-0.287,-1.399
58,23,245.66,276.04,21.51,33.779,37.955,10.753,TP,33,0.437,0.554,0.706,0.426,-0.098,-0.554
58,24,219.63,298.26,47.74,30.199,41.011,23.868,TP,35,0.176,0.395,0.433,0.003,-0.176,0.395
58,25,155.28,303.05,43.81,21.351,41.67,21.905,TP,34,0.083,0.353,0.363,0.018,0.081,0.353
58,26,494.06,305.39,76.15,67.933,41.992,38.074,TP,36,0.375,4.426,4.442,-0.369,-0.064,-4.426
58,27,371.48,319.34,84.78,51.079,43.909,42.389,TP,37,0.13,3.016,3.018,-0.129,0.011,-3.016
58,28,170.51,354.58,13.13,23.445,48.755,6.567,TP,38,0.071,0.67,0.674,-0.071,0.009,-0.67
58,29,119.71,359.64,67.0,16.46,49.451,33.5,FP,,,,,,,
58,30,119.99,360.62,34.35,16.498,49.585,17.176,TP,39,0.897,1.16,1.467,-0.838,-0.32,-1.16
58,31,75.08,400.6,49.93,10.323,55.082,24.964,TP,42,0.061,0.233,0.241,-0.05,0.034,0.233
58,32,262.8,403.02,75.08,36.136,55.415,37.541,TP,41,0.132,1.294,1.3,0.068,0.113,-1.294
58,33,496.91,415.83,9.52,68.325,57.177,4.761,TP,44,0.053,0.075,0.091,-0.009,-0.052,-0.075
58,34,492.68,434.06,71.53,67.744,59.684,35.766,FP,,,,,,,
58,35,3.74,437.88,26.84,0.515,60.209,13.419,TP,45,0.212,1.669,1.682,0.126,-0.17,1.669
58,36,13.0,436.0,65.0,1.788,59.95,32.5,FP,,,,,,,
58,37,75.9,468.92,14.04,10.437,64.476,7.02,TP,47,0.147,1.728,1.734,-0.049,0.139,-1.728
58,38,132.32,490.61,64.76,18.194,67.459,32.379,TP,49,0.118,1.313,1.318,0.113,-0.033,-1.313
58,,,,,18.383,0.951,33.928,FN,0,,,,,,
58,,,,,17.209,3.23,47.853,FN,1,,,,,,
58,,,,,8.911,6.948,16.515,FN,2,,,,,,
58,,,,,45.326,14.729,20.842,FN,13,,,,,,
58,,,,,11.194,17.285,21.029,FN,14,,,,,,
58,,,,,2.414,20.013,47.383,FN,17,,,,,,
58,,,,,38.675,23.705,44.185,FN,21,,,,,,
58,,,,,57.475,25.163,44.5,FN,22,,,,,,
58,,,,,1.98,26.421,30.43,FN,25,,,,,,
58,,,,,12.232,28.441,9.167,FN,26,,,,,,
58,,,,,36.141,36.793,47.287,FN,30,,,,,,
58,,,,,24.241,52.302,45.006,FN,40,,,,,,
58,,,,,51.992,57.2,46.756,FN,43,,,,,,
58,,,,,67.739,62.126,10.146,FN,46,,,,,,
58,,,,,52.377,65.999,42.703,FN,48,,,,,,
66,0,231.8,1.74,29.81,31.873,0.239,14.905,TP,0,0.158,0.341,0.376,-0.109,0.115,0.341
66,1,354.18,14.59,2.82,48.699,2.006,1.412,TP,1,0.732,3.45,3.527,-0.021,-0.732,-3.45
66,2,354.5,22.0,11.0,48.744,3.025,5.5,FP,,,,,,,
66,3,118.12,32.51,12.97,16.241,4.47,6.485,TP,2,0.228,0.005,0.228,-0.173,-0.148,-0.005
66,4,45.54,45.82,83.41,6.262,6.301,41.705,FP,,,,,,,
66,5,235.56,50.86,35.35,32.39,6.994,17.673,TP,3,0.121,1.198,1.205,-0.005,0.121,-1.198
66,6,85.01,51.59,32.73,11.689,7.094,16.365,TP,4,0.064,0.828,0.831,-0.02,0.06,-0.828
66,7,8.31,64.31,29.02,1.142,8.842,14.512,TP,5,0.081,0.64,0.645,-0.037,-0.072,-0.64
66,8,297.03,72.84,64.6,40.842,10.016,32.3,TP,6,0.098,0.085,0.13,0.084,0.05,0.085
66,9,346.15,82.92,17.14,47.596,11.402,8.569,TP,9,0.101,1.054,1.059,-0.088,-0.049,-1.054
66,10,88.35,94.99,11.03,12.148,13.061,5.515,TP,10,0.113,0.146,0.185,0.058,-0.097,-0.146
66,11,25.48,102.83,68.13,3.503,14.139,34.065,FP,,,,,,,
66,12,298.64,113.35,16.6,41.063,15.586,8.299,TP,12,0.26,1.33,1.356,-0.108,0.237,-1.33
66,13,240.07,166.27,5.47,33.01,22.862,2.736,TP,16,0.077,2.24,2.242,-0.075,0.017,-2.24
66,14,115.35,179.12,57.13,15.861,24.628,28.567,TP,18,0.09,0.859,0.864,-0.085,0.031,-0.859
66,15,33.19,181.01,59.79,4.563,24.888,29.896,TP,19,0.022,1.354,1.354,-0.004,-0.022,-1.354
66,16,480.89,183.61,80.75,66.123,25.246,40.374,TP,20,0.214,4.136,4.141,0.151,-0.152,-4.136
66,17,481.21,214.84,78.55,66.166,29.54,39.273,TP,21,0.105,1.468,1.472,0.102,-0.024,1.468
66,18,163.09,231.33,3.54,22.424,31.807,1.768,TP,23,0.248,0.831,0.868,0.198,-0.149,0.831
66,19,498.48,247.62,44.12,68.541,34.047,22.061,TP,24,0.371,2.125,2.157,-0.369,-0.041,2.125
66,20,147.56,275.91,79.28,20.289,37.938,39.642,TP,27,0.021,1.143,1.143,-0.004,-0.021,-1.143
66,21,489.37,285.88,6.46,67.289,39.309,3.232,TP,28,0.173,0.412,0.447,-0.161,0.064,0.412
66,22,215.17,296.26,13.05,29.587,40.735,6.524,TP,30,0.379,0.927,1.002,-0.379,-0.004,0.927
66,23,389.32,296.42,72.48,53.531,40.757,36.238,TP,31,0.117,0.67,0.681,0.049,0.106,-0.67
66,24,380.0,296.5,92.0,52.25,40.769,46.0,FP,,,,,,,
66,25,50.61,310.63,8.5,6.959,42.711,4.249,TP,33,0.113,0.077,0.137,-0.085,-0.075,0.077
66,26,90.78,324.22,85.09,12.482,44.58,42.543,TP,35,0.095,0.776,0.782,-0.059,0.075,0.776
66,27,3.67,324.93,30.48,0.504,44.677,15.241,TP,36,0.119,0.861,0.869,-0.118,0.016,-0.861
66,28,179.9,333.34,83.51,24.737,45.834,41.753,TP,37,0.082,0.015,0.083,-0.013,0.081,-0.015
66,29,375.19,333.48,23.72,51.589,45.853,11.862,TP,38,0.254,0.216,0.333,-0.247,0.062,0.216
66,30,462.93,402.99,4.96,63.653,55.411,2.481,TP,41,0.351,1.981,2.012,-0.349,0.038,1.981
66,31,225.38,402.16,44.59,30.99,55.296,22.293,TP,40,0.058,0.45,0.454,-0.039,0.044,0.45
66,32,225.35,402.62,64.92,30.986,55.36,32.458,FP,,,,,,,
66,33,225.0,402.5,62.0,30.938,55.344,31.0,FP,,,,,,,
66,34,95.8,409.3,4.5,13.173,56.279,2.25,TP,42,0.306,0.75,0.81,-0.29,-0.099,0.75
66,35,100.33,410.67,6.0,13.796,56.467,3.0,FP,,,,,,,
66,36,136.1,425.15,35.34,18.714,58.458,17.671,TP,43,0.447,2.384,2.425,-0.447,0.02,-2.384
66,37,135.23,424.32,39.59,18.594,58.344,19.795,FP,,,,,,,
66,38,503.47,432.36,83.86,69.227,59.45,41.928,TP,44,0.11,2.827,2.829,-0.11,0.006,-2.827
66,39,302.26,460.85,29.78,41.56,63.366,14.891,TP,46,0.038,1.364,1.365,-0.038,-0.003,-1.364
66,40,29.74,468.9,55.68,4.089,64.474,27.838,TP,47,0.037,0.779,0.78,-0.013,-0.035,-0.779
66,41,465.7,490.19,84.14,64.034,67.402,42.068,TP,48,0.985,1.556,1.842,-0.434,-0.885,-1.556
66,42,182.03,494.95,25.44,25.029,68.055,12.718,TP,49,0.618,2.088,2.178,0.109,-0.609,2.088
66,43,472.21,500.81,77.5,64.929,68.861,38.75,FP,,,,,,,
66,44,174.85,501.62,2.62,24.041,68.972,1.308,FP,,,,,,,
66,,,,,13.17,11.163,20.649,FN,7,,,,,,
66,,,,,2.574,12.524,32.281,FN,8,,,,,,
66,,,,,3.438,14.231,14.5,FN,11,,,,,,
66,,,,,66.909,18.676,16.255,FN,13,,,,,,
66,,,,,8.33,19.087,14.257,FN,14,,,,,,
66,,,,,61.505,21.267,3.021,FN,15,,,,,,
66,,,,,65.931,22.968,26.644,FN,17,,,,,,
66,,,,,17.315,30.548,30.044,FN,22,,,,,,
66,,,,,34.011,35.685,12.5,FN,25,,,,,,
66,,,,,33.67,37.416,31.468,FN,26,,,,,,
66,,,,,40.607,40.773,44.198,FN,29,,,,,,
66,,,,,45.665,41.635,49.23,FN,32,,,,,,
66,,,,,23.117,43.048,48.259,FN,34,,,,,,
66,,,,,31.695,53.331,26.261,FN,39,,,,,,
66,,,,,3.248,61.041,11.319,FN,45,,,,,,
69,0,77.78,22.59,64.49,10.695,3.107,32.244,TP,1,0.13,0.077,0.151,0.128,-0.021,0.077
69,1,40.19,22.13,28.86,5.527,3.043,14.43,TP,3,0.178,1.252,1.264,-0.177,-0.019,1.252
69,2,335.28,31.28,21.9,46.101,4.302,10.951,TP,4,0.195,1.699,1.71,-0.135,0.141,1.699
69,3,424.45,37.69,47.72,58.362,5.182,23.859,TP,5,0.028,0.191,0.193,0.022,-0.017,-0.191
69,4,385.87,40.5,27.55,53.057,5.569,13.774,TP,6,0.305,0.489,0.576,-0.156,-0.262,0.489
69,5,8.7,57.48,78.6,1.196,7.904,39.298,TP,7,0.325,0.435,0.543,0.226,-0.234,-0.435
69,6,392.63,71.54,55.09,53.987,9.837,27.543,TP,8,0.588,1.693,1.792,0.58,0.094,-1.693
69,7,439.09,104.08,90.68,60.375,14.31,45.339,TP,9,0.61,1.448,1.571,0.533,0.296,-1.448
69,8,485.89,118.58,3.06,66.81,16.304,1.532,TP,10,0.154,0.077,0.173,-0.154,-0.013,0.077
69,9,250.53,122.78,34.84,34.448,16.882,17.422,TP,11,0.664,0.293,0.726,-0.647,0.151,-0.293
69,10,503.26,170.24,31.52,69.198,23.408,15.76,TP,13,0.198,0.793,0.817,-0.197,0.021,0.793
69,11,396.89,173.72,4.64,54.573,23.887,2.321,TP,12,0.298,0.223,0.372,0.248,0.166,0.223
69,12,444.7,201.53,60.55,61.146,27.711,30.275,TP,14,0.103,0.21,0.234,-0.1,-0.022,0.21
69,13,270.06,228.39,47.01,37.133,31.404,23.503,TP,16,0.057,0.257,0.263,-0.044,-0.036,-0.257
69,14,349.8,235.29,75.86,48.097,32.352,37.929,TP,17,0.817,3.34,3.438,0.707,0.41,3.34
69,15,358.72,239.67,63.74,49.323,32.955,31.872,TP,19,0.145,0.353,0.382,-0.144,0.018,-0.353
69,16,191.27,249.45,70.0,26.3,34.299,35.0,FP,,,,,,,
69,17,430.43,278.03,24.84,59.184,38.229,12.422,TP,25,0.157,1.223,1.233,-0.076,-0.138,-1.223
69,18,224.07,302.5,46.64,30.81,41.594,23.32,TP,26,0.039,0.427,0.429,-0.037,0.01,0.427
69,19,262.23,320.24,46.29,36.056,44.033,23.144,TP,27,0.18,0.766,0.787,0.155,0.091,-0.766
69,20,348.82,331.67,14.21,47.963,45.604,7.106,TP,28,0.039,1.73,1.73,-0.021,0.033,-1.73
69,21,408.98,332.65,51.1,56.235,45.74,25.552,TP,29,0.2,0.237,0.31,-0.2,-0.001,0.237
69,22,263.77,352.27,26.12,36.268,48.438,13.06,TP,31,0.087,1.173,1.176,-0.061,0.061,-1.173
69,23,284.27,368.73,3.22,39.087,50.701,1.61,TP,32,0.11,0.11,0.156,-0.11,0.0,0.11
69,24,63.3,392.58,26.93,8.704,53.979,13.463,TP,34,0.095,1.303,1.307,0.02,-0.093,-1.303
69,25,326.92,430.17,68.03,44.951,59.148,34.013,TP,36,0.141,1.737,1.743,-0.093,-0.105,1.737
69,26,325.0,425.5,62.0,44.688,58.506,31.0,FP,,,,,,,
69,27,327.0,431.73,62.0,44.963,59.363,31.0,FP,,,,,,,
69,28,57.67,438.06,91.28,7.929,60.233,45.639,TP,37,0.151,2.107,2.112,-0.047,0.144,-2.107
69,29,368.44,445.59,15.65,50.661,61.268,7.826,TP,39,0.207,2.171,2.181,0.018,0.207,-2.171
69,30,262.52,447.85,66.2,36.097,61.58,33.102,FP,,,,,,,
69,31,264.17,447.23,49.17,36.324,61.493,24.587,TP,40,0.07,0.387,0.393,0.018,0.068,0.387
69,32,34.58,447.67,90.12,4.755,61.554,45.062,FP,,,,,,,
69,33,251.56,450.07,70.21,34.589,61.885,35.103,FP,,,,,,,
69,34,46.17,455.28,25.97,6.349,62.6,12.983,TP,41,0.033,1.265,1.265,0.032,-0.01,-1.265
69,35,252.05,451.48,49.43,34.657,62.078,24.714,TP,42,0.232,1.452,1.47,-0.203,-0.111,1.452
69,36,379.0,460.44,44.1,52.112,63.31,22.052,TP,43,0.464,1.299,1.379,-0.307,-0.347,1.299
69,37,24.26,485.59,33.86,3.336,66.768,16.93,TP,45,0.253,2.604,2.616,-0.195,0.162,-2.604
69,38,26.27,483.43,39.8,3.612,66.472,19.9,FP,,,,,,,
69,39,315.82,489.57,42.82,43.426,67.315,21.409,TP,48,0.431,1.861,1.91,-0.244,-0.355,1.861
69,40,235.48,496.35,3.94,32.378,68.248,1.972,TP,49,0.432,1.024,1.111,-0.397,0.171,-1.024
69,,,,,65.212,1.034,9.683,FN,0,,,,,,
69,,,,,0.579,2.448,23.514,FN,2,,,,,,
69,,,,,41.577,30.362,48.783,FN,15,,,,,,
69,,,,,61.671,31.678,45.257,FN,18,,,,,,
69,,,,,26.361,34.217,28.398,FN,20,,,,,,
69,,,,,34.837,35.325,13.812,FN,21,,,,,,
69,,,,,48.961,35.675,41.0,FN,22,,,,,,
69,,,,,16.151,35.973,44.959,FN,23,,,,,,
69,,,,,61.698,37.62,45.753,FN,24,,,,,,
69,,,,,53.139,46.437,8.419,FN,30,,,,,,
69,,,,,69.923,54.271,20.283,FN,33,,,,,,
69,,,,,66.22,55.427,28.0,FN,35,,,,,,
69,,,,,58.866,62.031,43.0,FN,38,,,,,,
69,,,,,49.807,65.288,24.301,FN,44,,,,,,
69,,,,,52.046,67.161,47.965,FN,46,,,,,,
69,,,,,55.502,66.804,48.009,FN,47,,,,,,
75,0,266.53,24.6,24.3,36.648,3.383,12.152,TP,1,0.118,0.675,0.686,0.117,-0.012,0.675
75,1,111.19,37.49,43.6,15.289,5.156,21.8,TP,4,0.122,0.452,0.468,-0.013,0.122,-0.452
75,2,146.68,53.87,20.38,20.169,7.407,10.188,TP,6,0.115,0.875,0.882,0.075,0.087,0.875
75,3,416.55,58.21,75.71,57.275,8.004,37.854,TP,7,0.025,0.621,0.621,0.009,0.023,0.621
75,4,36.96,58.94,24.02,5.082,8.104,12.011,TP,8,0.267,0.555,0.616,-0.263,0.042,-0.555
75,5,442.23,62.1,91.1,60.807,8.539,45.551,FP,,,,,,,
75,6,91.86,70.08,89.24,12.631,9.635,44.621,TP,9,0.159,0.74,0.757,-0.099,-0.124,0.74
75,7,92.6,96.8,25.94,12.733,13.311,12.969,TP,12,0.059,1.028,1.03,-0.039,-0.044,-1.028
75,8,92.79,97.95,71.47,12.759,13.468,35.737,FP,,,,,,,
75,9,47.25,109.63,65.89,6.497,15.074,32.947,FP,,,,,,,
75,10,274.24,110.03,63.03,37.708,15.13,31.514,TP,13,0.202,0.478,0.519,0.154,0.13,-0.478
75,11,43.88,111.0,56.56,6.034,15.263,28.28,TP,15,0.192,0.704,0.73,-0.141,-0.131,0.704
75,12,70.97,168.87,60.07,9.759,23.22,30.036,TP,20,0.086,0.241,0.256,-0.07,-0.049,0.241
75,13,141.65,176.17,79.4,19.477,24.223,39.701,TP,21,0.133,2.327,2.331,0.091,0.097,-2.327
75,14,338.54,177.68,85.43,46.55,24.431,42.715,TP,22,0.111,1.303,1.307,-0.042,0.102,-1.303
75,15,142.75,176.25,86.25,19.628,24.234,43.125,FP,,,,,,,
75,16,198.37,182.35,15.84,27.275,25.073,7.921,TP,23,0.203,0.144,0.249,-0.186,-0.081,-0.144
75,17,219.22,204.93,41.92,30.143,28.178,20.962,TP,26,0.117,0.064,0.134,-0.111,-0.038,-0.064
75,18,208.7,230.81,15.53,28.696,31.736,7.767,TP,27,0.352,1.096,1.151,-0.066,0.345,-1.096
75,19,13.48,226.48,6.7,1.853,31.14,3.349,TP,28,0.313,0.897,0.95,0.309,-0.05,-0.897
75,20,66.76,272.49,3.1,9.18,37.468,1.549,TP,30,0.225,0.654,0.692,-0.146,-0.172,0.654
75,21,220.1,306.63,11.31,30.264,42.162,5.653,TP,31,0.223,0.066,0.232,-0.007,-0.223,0.066
75,22,450.0,324.61,11.39,61.875,44.633,5.693,TP,32,0.144,0.072,0.161,-0.128,-0.067,-0.072
75,23,61.24,329.22,15.4,8.421,45.267,7.7,TP,34,0.292,1.139,1.176,-0.242,-0.163,1.139
75,24,190.1,333.91,15.23,26.139,45.913,7.615,TP,35,0.239,2.236,2.249,0.077,0.226,-2.236
75,25,75.95,333.02,5.77,10.443,45.791,2.883,TP,33,0.295,0.49,0.572,-0.286,0.072,-0.49
75,26,120.49,355.59,65.52,16.567,48.893,32.761,TP,37,0.255,0.281,0.38,-0.196,0.163,-0.281
75,27,147.7,371.56,26.13,20.309,51.089,13.066,TP,39,0.049,1.238,1.239,-0.026,-0.042,-1.238
75,28,183.34,389.33,68.65,25.21,53.532,34.326,TP,41,0.223,1.811,1.824,0.096,0.202,-1.811
75,29,495.66,415.98,29.62,68.153,57.198,14.81,TP,42,0.085,0.033,0.092,-0.081,0.029,0.033
75,30,350.46,453.95,57.17,48.189,62.418,28.586,TP,43,0.046,0.459,0.461,-0.036,-0.029,-0.459
75,31,465.86,463.96,91.45,64.056,63.794,45.724,TP,44,0.281,0.768,0.817,-0.191,0.206,-0.768
75,32,184.78,472.87,4.13,25.407,65.02,2.063,TP,45,0.149,0.466,0.489,0.006,0.149,-0.466
75,33,412.96,469.7,69.63,56.782,64.583,34.814,TP,46,0.329,1.186,1.23,0.317,0.086,-1.186
75,34,322.19,502.71,68.38,44.301,69.123,34.19,FP,,,,,,,
75,35,323.15,504.16,58.51,44.433,69.323,29.254,TP,48,0.146,0.249,0.289,-0.134,-0.06,0.249
75,,,,,14.667,1.236,44.0,FN,0,,,,,,
75,,,,,10.404,4.048,24.455,FN,2,,,,,,
75,,,,,61.236,3.355,19.262,FN,3,,,,,,
75,,,,,34.968,6.247,45.0,FN,5,,,,,,
75,,,,,9.152,10.844,37.152,FN,10,,,,,,
75,,,,,64.957,12.495,48.748,FN,11,,,,,,
75,,,,,23.155,15.268,0.5,FN,14,,,,,,
75,,,,,12.677,16.459,9.591,FN,16,,,,,,
75,,,,,5.851,15.871,16.055,FN,17,,,,,,
75,,,,,0.561,20.952,34.249,FN,18,,,,,,
75,,,,,21.369,20.567,34.5,FN,19,,,,,,
75,,,,,63.594,26.919,47.5,FN,24,,,,,,
75,,,,,0.363,28.381,30.139,FN,25,,,,,,
75,,,,,18.883,37.429,46.307,FN,29,,,,,,
75,,,,,61.247,46.978,48.581,FN,36,,,,,,
75,,,,,33.268,50.119,16.0,FN,38,,,,,,
75,,,,,30.697,51.564,30.868,FN,40,,,,,,
75,,,,,51.064,68.072,49.457,FN,47,,,,,,
75,,,,,50.945,69.685,4.5,FN,49,,,,,,
89,0,280.45,12.51,65.06,38.561,1.72,32.529,TP,0,0.482,0.029,0.483,-0.011,0.482,0.029
89,1,439.91,18.62,64.38,60.487,2.56,32.191,TP,1,0.143,2.128,2.133,0.14,-0.026,-2.128
89,2,495.67,25.0,4.33,68.154,3.438,2.167,TP,2,0.543,4.028,4.064,0.265,-0.474,-4.028
89,3,493.8,27.66,9.84,67.897,3.804,4.918,FP,,,,,,,
89,4,99.73,56.16,23.47,13.713,7.721,11.735,TP,3,0.058,1.087,1.088,-0.003,-0.058,-1.087
89,5,203.89,53.76,12.93,28.035,7.391,6.464,TP,5,0.117,1.27,1.275,-0.1,-0.062,-1.27
89,6,402.5,69.75,34.75,55.344,9.591,17.375,TP,6,0.567,0.686,0.89,0.227,0.519,-0.686
89,7,136.51,77.52,77.59,18.771,10.659,38.795,TP,7,0.104,0.718,0.725,-0.015,0.103,-0.718
89,8,411.49,107.26,68.79,56.58,14.749,34.396,TP,10,0.09,0.119,0.149,-0.051,-0.074,-0.119
89,9,31.54,124.4,56.12,4.337,17.105,28.06,TP,12,0.151,1.352,1.361,-0.142,-0.05,1.352
89,10,32.85,129.35,66.85,4.517,17.786,33.425,FP,,,,,,,
89,11,478.72,137.55,52.8,65.824,18.914,26.398,TP,13,0.319,0.303,0.44,-0.316,-0.045,0.303
89,12,381.34,169.39,26.2,52.435,23.291,13.102,TP,14,0.143,0.666,0.681,-0.124,-0.072,-0.666
89,13,412.75,203.85,67.77,56.753,28.03,33.887,TP,16,0.292,1.556,1.583,-0.007,-0.292,1.556
89,14,412.5,207.5,61.0,56.719,28.531,30.5,FP,,,,,,,
89,15,312.63,213.43,33.0,42.986,29.347,16.502,TP,17,0.232,0.815,0.847,-0.151,-0.176,-0.815
89,16,311.0,210.0,39.0,42.763,28.875,19.5,FP,,,,,,,
89,17,236.0,214.34,67.57,32.45,29.472,33.787,TP,18,0.254,0.646,0.694,0.249,0.049,-0.646
89,18,315.67,216.33,38.0,43.404,29.746,19.0,FP,,,,,,,
89,19,211.99,234.04,7.83,29.148,32.181,3.914,TP,20,0.525,1.241,1.347,-0.438,0.289,-1.241
89,20,199.03,262.69,70.63,27.366,36.12,35.314,TP,23,0.187,0.228,0.295,-0.042,0.183,-0.228
89,21,113.86,277.23,25.19,15.656,38.12,12.595,TP,24,0.24,1.692,1.709,0.226,-0.079,-1.692
89,22,73.73,282.42,28.3,10.138,38.833,14.15,TP,25,0.128,0.045,0.136,-0.081,-0.099,-0.045
89,23,397.83,285.47,2.77,54.702,39.252,1.383,TP,27,0.806,2.478,2.606,-0.628,-0.504,-2.478
89,24,481.73,287.12,33.45,66.237,39.48,16.725,TP,29,0.114,1.988,1.991,0.114,-0.001,-1.988
89,25,403.01,289.68,9.88,55.414,39.832,4.94,FP,,,,,,,
89,26,480.83,287.5,38.67,66.115,39.531,19.333,FP,,,,,,,
89,27,369.44,292.1,18.56,50.798,40.164,9.28,TP,28,0.054,1.766,1.767,0.045,0.03,-1.766
89,28,65.6,320.17,55.42,9.019,44.023,27.709,TP,31,0.096,0.27,0.286,-0.074,0.062,-0.27
89,29,224.56,322.74,63.47,30.878,44.377,31.737,TP,33,0.185,0.722,0.745,0.121,0.14,-0.722
89,30,262.0,323.16,65.22,36.025,44.434,32.612,TP,32,0.313,2.224,2.246,-0.282,-0.137,-2.224
89,31,326.6,374.33,55.02,44.908,51.471,27.509,TP,34,0.417,1.246,1.314,-0.214,-0.358,1.246
89,32,330.09,410.27,60.29,45.387,56.412,30.146,TP,37,0.158,0.154,0.221,-0.154,-0.038,0.154
89,33,313.92,408.96,15.63,43.164,56.232,7.814,TP,36,0.502,2.844,2.888,-0.194,0.463,-2.844
89,34,487.34,407.41,26.63,67.01,56.018,13.314,TP,39,0.127,0.408,0.427,-0.103,-0.074,-0.408
89,35,442.18,426.23,57.21,60.8,58.607,28.606,TP,40,0.12,1.587,1.591,-0.102,-0.062,-1.587
89,36,505.25,445.81,67.61,69.472,61.299,33.803,TP,42,0.681,3.19,3.261,-0.621,0.279,3.19
89,37,170.12,486.25,64.38,23.392,66.859,32.188,FP,,,,,,,
89,38,424.66,491.57,47.88,58.391,67.591,23.939,TP,45,0.122,0.738,0.748,-0.014,0.121,-0.738
89,39,276.06,496.96,3.15,37.958,68.332,1.576,TP,46,0.284,0.851,0.897,-0.173,-0.226,0.851
89,40,401.02,498.39,60.57,55.14,68.529,30.284,TP,47,0.293,2.735,2.751,-0.12,-0.267,2.735
89,41,143.17,500.17,64.0,19.685,68.773,32.0,TP,48,0.315,2.006,2.03,-0.304,-0.085,2.006
89,,,,,53.87,7.245,47.186,FN,4,,,,,,
89,,,,,52.47,12.717,17.648,FN,8,,,,,,
89,,,,,7.052,15.438,30.033,FN,9,,,,,,
89,,,,,56.883,17.336,49.027,FN,11,,,,,,
89,,,,,53.535,24.689,47.979,FN,15,,,,,,
89,,,,,69.886,31.674,26.603,FN,19,,,,,,
89,,,,,28.352,32.747,1.241,FN,21,,,,,,
89,,,,,53.621,35.599,47.5,FN,22,,,,,,
89,,,,,14.419,38.858,48.781,FN,26,,,,,,
89,,,,,47.089,41.98,48.321,FN,30,,,,,,
89,,,,,1.053,54.212,13.974,FN,35,,,,,,
89,,,,,27.625,55.429,44.536,FN,38,,,,,,
89,,,,,13.052,59.649,48.616,FN,41,,,,,,
89,,,,,12.674,65.16,47.075,FN,43,,,,,,
89,,,,,23.551,67.376,24.788,FN,44,,,,,,
89,,,,,22.885,68.896,4.181,FN,49,,,,,,
9,0,503.83,16.14,20.07,69.276,2.22,10.033,TP,3,0.235,2.157,2.17,0.092,-0.216,-2.157
9,1,266.63,54.07,66.98,36.661,7.435,33.49,TP,5,0.045,0.757,0.758,-0.042,-0.014,-0.757
9,2,266.64,55.55,62.0,36.662,7.638,31.0,FP,,,,,,,
9,3,223.56,67.67,75.95,30.74,9.305,37.974,TP,6,0.153,1.786,1.793,-0.132,0.078,1.786
9,4,76.18,91.52,75.77,10.475,12.584,37.883,TP,7,0.08,0.401,0.409,0.054,0.059,-0.401
9,5,474.23,94.88,9.96,65.207,13.046,4.978,TP,8,0.231,0.463,0.518,-0.209,0.097,-0.463
9,6,367.41,100.34,12.02,50.519,13.796,6.008,TP,9,0.087,1.443,1.446,0.075,0.044,-1.443
9,7,427.43,107.7,79.92,58.771,14.808,39.961,TP,10,0.138,0.297,0.327,0.138,-0.002,-0.297
9,8,299.32,138.05,30.22,41.156,18.982,15.111,TP,14,0.337,0.811,0.878,-0.287,-0.177,-0.811
9,9,129.8,151.7,58.8,17.848,20.859,29.4,TP,15,0.145,1.063,1.073,0.058,-0.133,-1.063
9,10,134.77,171.93,15.07,18.531,23.64,7.535,TP,17,0.688,1.297,1.468,0.682,-0.092,1.297
9,11,148.1,176.19,25.1,20.363,24.226,12.552,TP,19,0.132,0.004,0.132,0.131,0.011,-0.004
9,12,260.03,175.81,10.66,35.754,24.173,5.331,TP,16,0.462,1.374,1.45,-0.397,-0.236,-1.374
9,13,447.16,182.75,19.04,61.485,25.128,9.519,TP,18,0.133,0.425,0.445,-0.09,0.098,-0.425
9,14,304.33,181.28,63.58,41.846,24.926,31.788,TP,20,0.035,0.552,0.553,0.01,0.034,-0.552
9,15,452.97,193.85,77.46,62.284,26.655,38.731,TP,21,0.08,1.231,1.234,0.049,-0.064,1.231
9,16,294.17,214.98,17.38,40.448,29.56,8.691,TP,22,0.447,0.367,0.578,-0.062,-0.443,0.367
9,17,220.29,282.71,35.0,30.29,38.873,17.502,TP,26,0.087,0.934,0.938,-0.007,-0.087,-0.934
9,18,19.0,276.43,72.14,2.612,38.009,36.071,TP,27,0.172,0.414,0.448,-0.089,-0.147,-0.414
9,19,373.67,282.89,75.82,51.379,38.897,37.912,TP,29,0.132,0.471,0.489,-0.107,-0.077,-0.471
9,20,121.25,312.59,21.78,16.672,42.981,10.888,TP,32,0.313,0.725,0.79,-0.296,-0.103,0.725
9,21,122.16,312.4,67.6,16.797,42.954,33.802,FP,,,,,,,
9,22,163.25,324.63,22.88,22.446,44.637,11.44,TP,33,0.009,0.186,0.186,-0.004,-0.008,0.186
9,23,193.21,336.98,6.94,26.567,46.335,3.469,TP,34,0.082,0.219,0.233,-0.04,-0.071,0.219
9,24,80.26,353.33,34.63,11.036,48.583,17.314,TP,35,0.195,2.37,2.378,0.055,-0.187,-2.37
9,25,235.13,354.62,53.07,32.33,48.76,26.533,TP,36,0.08,0.262,0.274,-0.03,0.075,0.262
9,26,368.6,355.2,54.16,50.682,48.84,27.081,TP,37,0.047,0.015,0.05,-0.047,0.003,-0.015
9,27,454.05,388.05,20.16,62.432,53.357,10.08,TP,38,0.173,2.039,2.046,-0.096,-0.144,-2.039
9,28,316.65,390.22,36.79,43.539,53.656,18.397,TP,39,0.107,1.103,1.108,-0.105,-0.023,-1.103
9,29,28.02,395.31,31.16,3.853,54.355,15.581,TP,40,0.18,1.435,1.446,-0.138,-0.114,-1.435
9,30,472.08,403.89,62.32,64.911,55.535,31.16,TP,43,0.079,0.84,0.843,-0.07,-0.037,-0.84
9,31,288.73,402.74,33.55,39.701,55.377,16.776,TP,42,0.305,1.291,1.326,-0.119,-0.28,-1.291
9,32,287.92,401.46,38.23,39.589,55.201,19.115,FP,,,,,,,
9,33,78.39,412.21,7.06,10.778,56.679,3.53,TP,44,0.05,0.272,0.277,0.013,0.048,0.272
9,34,260.08,455.03,8.37,35.761,62.566,4.184,FP,,,,,,,
9,35,277.51,465.71,31.49,38.157,64.036,15.744,TP,46,0.097,1.961,1.963,0.051,0.082,-1.961
9,36,275.0,461.5,36.0,37.812,63.456,18.0,FP,,,,,,,
9,37,197.06,473.11,29.24,27.096,65.053,14.62,TP,47,0.051,0.492,0.495,-0.003,0.051,-0.492
9,38,340.5,502.5,86.0,46.819,69.094,43.0,FP,,,,,,,
9,39,339.24,506.41,78.24,46.645,69.631,39.121,FP,,,,,,,
9,,,,,8.393,0.752,40.425,FN,0,,,,,,
9,,,,,46.475,0.38,46.333,FN,1,,,,,,
9,,,,,49.364,2.165,39.506,FN,2,,,,,,
9,,,,,50.656,4.344,41.469,FN,4,,,,,,
9,,,,,33.562,14.949,43.532,FN,11,,,,,,
9,,,,,10.952,17.743,32.847,FN,12,,,,,,
9,,,,,68.743,17.938,26.012,FN,13,,,,,,
9,,,,,38.162,35.12,9.51,FN,23,,,,,,
9,,,,,3.001,35.126,11.023,FN,24,,,,,,
9,,,,,4.386,36.733,0.638,FN,25,,,,,,
9,,,,,15.96,38.221,14.803,FN,28,,,,,,
9,,,,,58.43,40.22,47.5,FN,30,,,,,,
9,,,,,31.197,42.879,16.0,FN,31,,,,,,
9,,,,,51.142,54.238,47.758,FN,41,,,,,,
9,,,,,35.736,62.627,48.114,FN,45,,,,,,
9,,,,,69.951,65.819,33.066,FN,48,,,,,,
9,,,,,46.878,69.328,33.995,FN,49,,,,,,
91,0,317.31,27.91,59.15,43.63,3.838,29.573,TP,3,0.031,1.692,1.693,-0.022,-0.021,-1.692
91,1,444.38,29.9,2.96,61.102,4.111,1.479,TP,4,0.396,0.305,0.5,-0.202,-0.341,0.305
91,2,248.15,51.68,29.49,34.121,7.106,14.746,TP,6,0.094,0.023,0.097,-0.048,-0.081,0.023
91,3,107.3,51.05,27.9,14.753,7.019,13.948,TP,8,0.678,1.169,1.351,-0.416,-0.535,-1.169
91,4,105.0,49.0,68.0,14.438,6.738,34.0,FP,,,,,,,
91,5,253.62,50.69,9.31,34.872,6.97,4.654,FP,,,,,,,
91,6,305.26,59.86,35.34,41.973,8.231,17.668,TP,10,0.104,0.984,0.989,-0.101,-0.024,-0.984
91,7,50.01,62.05,14.82,6.876,8.532,7.408,TP,9,0.19,2.846,2.852,-0.188,-0.023,-2.846
91,8,159.66,77.86,24.87,21.953,10.705,12.437,TP,11,0.205,0.694,0.723,-0.081,-0.189,-0.694
91,9,345.07,90.96,60.14,47.447,12.507,30.071,TP,13,0.202,1.451,1.465,-0.072,-0.189,-1.451
91,10,224.43,83.57,3.43,30.859,11.491,1.714,TP,12,0.919,3.016,3.153,-0.633,-0.666,-3.016
91,11,105.06,90.28,23.97,14.446,12.413,11.985,TP,16,0.287,0.515,0.59,-0.239,-0.16,-0.515
91,12,478.23,93.93,78.09,65.757,12.915,39.043,TP,14,0.273,1.849,1.869,0.006,0.273,-1.849
91,13,401.75,111.91,58.54,55.241,15.388,29.269,TP,17,0.408,1.084,1.158,0.307,0.268,-1.084
91,14,444.57,138.04,36.91,61.128,18.981,18.454,TP,18,0.105,0.314,0.331,-0.105,-0.005,-0.314
91,15,16.27,155.28,39.04,2.237,21.351,19.521,TP,19,0.04,0.219,0.222,0.011,-0.038,-0.219
91,16,242.41,157.22,68.51,33.331,21.617,34.253,TP,20,0.118,1.583,1.587,-0.11,0.042,-1.583
91,17,243.02,157.63,79.95,33.416,21.675,39.976,FP,,,,,,,
91,18,115.47,192.15,17.4,15.877,26.421,8.701,TP,22,0.317,0.534,0.621,-0.313,-0.052,0.534
91,19,482.14,205.51,23.56,66.294,28.257,11.778,TP,23,0.359,0.453,0.579,-0.322,0.159,0.453
91,20,485.5,205.5,18.0,66.756,28.256,9.0,FP,,,,,,,
91,21,38.25,231.87,78.15,5.259,31.882,39.076,TP,26,0.203,2.082,2.091,-0.162,0.121,2.082
91,22,84.0,240.66,41.96,11.55,33.091,20.982,TP,27,0.605,0.263,0.66,-0.262,-0.546,0.263
91,23,3.87,262.74,2.94,0.532,36.127,1.468,FP,,,,,,,
91,24,429.59,281.7,76.46,59.069,38.734,38.229,TP,32,0.225,2.604,2.614,0.086,0.208,-2.604
91,25,95.18,288.88,31.92,13.088,39.721,15.958,TP,33,0.074,1.042,1.045,-0.074,0.0,-1.042
91,26,46.35,301.56,16.09,6.373,41.465,8.047,TP,34,0.316,0.961,1.011,-0.075,0.307,-0.961
91,27,135.2,316.51,77.66,18.589,43.52,38.83,TP,35,1.324,0.74,1.517,1.189,0.583,0.74
91,28,209.46,350.83,18.76,28.8,48.239,9.378,TP,36,0.179,1.119,1.133,0.014,0.178,-1.119
91,29,404.02,353.12,2.29,55.553,48.554,1.144,TP,37,0.15,0.408,0.435,-0.138,-0.058,0.408
91,30,455.43,358.07,2.9,62.622,49.235,1.452,TP,38,0.106,0.741,0.748,0.036,0.1,0.741
91,31,87.1,391.8,13.51,11.977,53.872,6.753,TP,39,0.169,0.493,0.521,-0.043,0.163,-0.493
91,32,46.97,391.95,56.95,6.458,53.893,28.476,TP,40,0.046,1.034,1.035,0.045,0.009,-1.034
91,33,374.54,412.36,48.0,51.5,56.7,23.998,TP,42,0.121,0.373,0.392,-0.079,-0.091,0.373
91,34,46.34,425.3,79.7,6.372,58.479,39.848,TP,43,0.077,0.901,0.904,0.055,0.054,0.901
91,35,15.58,431.97,13.3,2.143,59.395,6.65,TP,44,0.693,2.671,2.76,0.662,0.203,2.671
91,36,4.06,432.6,2.94,0.558,59.482,1.471,FP,,,,,,,
91,37,398.54,438.22,27.89,54.8,60.255,13.943,TP,45,0.058,1.772,1.773,0.016,0.056,-1.772
91,38,68.43,468.3,14.87,9.409,64.391,7.437,TP,47,0.413,2.316,2.352,-0.382,-0.156,-2.316
91,39,404.61,484.55,91.09,55.635,66.626,45.546,TP,48,0.161,0.535,0.559,-0.094,-0.131,-0.535
91,,,,,51.932,0.848,7.523,FN,0,,,,,,
91,,,,,53.553,2.026,12.825,FN,1,,,,,,
91,,,,,39.6,2.639,46.402,FN,2,,,,,,
91,,,,,45.322,6.003,41.215,FN,5,,,,,,
91,,,,,40.667,7.947,42.217,FN,7,,,,,,
91,,,,,68.078,11.968,39.018,FN,15,,,,,,
91,,,,,22.196,25.206,46.741,FN,21,,,,,,
91,,,,,21.43,29.285,48.02,FN,24,,,,,,
91,,,,,48.454,30.755,46.385,FN,25,,,,,,
91,,,,,14.11,35.188,32.807,FN,28,,,,,,
91,,,,,3.74,36.169,45.994,FN,29,,,,,,
91,,,,,1.508,36.607,10.045,FN,30,,,,,,
91,,,,,2.514,36.883,22.179,FN,31,,,,,,
91,,,,,53.672,53.753,0.534,FN,41,,,,,,
91,,,,,53.198,63.155,48.541,FN,46,,,,,,
97,0,501.33,14.83,14.0,68.933,2.04,7.0,TP,1,0.665,0.43,0.792,-0.309,-0.589,-0.43
97,1,497.04,19.13,29.17,68.343,2.63,14.584,FP,,,,,,,
97,2,318.92,24.53,6.24,43.852,3.372,3.118,TP,4,0.055,4.956,4.957,0.005,0.055,-4.956
97,3,205.18,33.63,23.22,28.212,4.625,11.612,TP,6,0.138,1.245,1.252,0.068,-0.12,-1.245
97,4,227.82,35.05,11.41,31.326,4.819,5.706,TP,5,0.221,1.267,1.286,-0.143,0.168,-1.267
97,5,327.47,43.29,55.12,45.027,5.952,27.558,TP,7,0.174,0.256,0.309,-0.135,-0.109,-0.256
97,6,377.22,89.44,4.22,51.868,12.299,2.111,TP,9,0.022,1.143,1.143,-0.009,-0.02,-1.143
97,7,465.95,96.34,9.45,64.067,13.247,4.723,TP,10,0.214,2.181,2.192,0.031,0.212,-2.181
97,8,493.26,150.84,3.33,67.824,20.741,1.665,TP,13,0.36,3.044,3.065,0.277,0.23,-3.044
97,9,447.52,156.99,45.0,61.533,21.586,22.5,TP,14,0.087,0.303,0.315,-0.085,-0.02,0.303
97,10,82.32,173.11,56.19,11.319,23.803,28.093,TP,15,0.048,0.412,0.414,0.019,0.044,-0.412
97,11,277.69,200.55,79.88,38.182,27.576,39.942,TP,17,0.126,0.676,0.688,0.102,-0.074,-0.676
97,12,98.64,217.99,2.87,13.563,29.974,1.436,TP,18,0.5,0.254,0.561,-0.333,-0.373,-0.254
97,13,501.75,215.25,19.0,68.991,29.597,9.5,FP,,,,,,,
97,14,491.29,217.96,25.66,67.552,29.969,12.828,TP,19,0.339,0.27,0.433,-0.329,-0.083,-0.27
97,15,499.5,216.0,20.0,68.681,29.7,10.0,FP,,,,,,,
97,16,256.16,229.41,40.84,35.222,31.544,20.419,TP,20,0.151,1.846,1.852,-0.15,0.009,1.846
97,17,154.5,229.58,34.4,21.244,31.567,17.202,TP,22,0.111,0.553,0.564,-0.1,-0.048,-0.553
97,18,455.05,239.85,85.2,62.569,32.98,42.602,TP,23,0.262,0.559,0.618,0.224,-0.136,0.559
97,19,102.5,270.5,64.0,14.094,37.194,32.0,TP,26,0.509,2.015,2.079,-0.481,-0.165,2.015
97,20,399.53,275.66,48.74,54.936,37.903,24.369,TP,25,0.452,0.381,0.592,0.032,0.451,-0.381
97,21,111.83,274.26,37.04,15.377,37.71,18.519,TP,27,0.108,0.178,0.209,-0.058,-0.091,-0.178
97,22,494.78,279.83,93.49,68.033,38.477,46.744,FP,,,,,,,
97,23,495.47,280.04,3.92,68.128,38.505,1.961,TP,28,0.171,1.148,1.161,0.17,0.021,-1.148
97,24,33.48,284.45,90.45,4.604,39.112,45.226,TP,29,0.372,0.115,0.39,-0.202,0.313,0.115
97,25,134.95,290.79,54.96,18.556,39.984,27.479,TP,30,0.189,1.256,1.27,0.143,0.123,-1.256
97,26,339.31,355.66,84.37,46.656,48.903,42.185,TP,35,0.056,0.499,0.502,-0.013,0.055,-0.499
97,27,432.33,362.67,42.0,59.446,49.867,21.0,TP,36,0.343,0.772,0.845,-0.241,-0.244,0.772
97,28,12.8,369.73,51.3,1.76,50.838,25.65,TP,37,0.138,0.281,0.313,-0.094,0.101,0.281
97,29,503.38,370.92,42.31,69.215,51.002,21.156,TP,38,0.116,0.493,0.506,0.086,0.079,-0.493
97,30,295.45,388.56,25.62,40.624,53.426,12.81,TP,41,0.24,1.025,1.053,-0.24,0.006,-1.025
97,31,454.88,442.47,65.04,62.547,60.84,32.518,TP,43,0.145,0.145,0.205,0.042,0.138,-0.145
97,32,130.89,443.83,41.71,17.997,61.026,20.857,TP,42,0.05,1.775,1.776,-0.004,-0.05,-1.775
97,33,132.0,444.41,67.41,18.15,61.107,33.706,FP,,,,,,,
97,34,225.96,459.79,6.52,31.069,63.221,3.26,TP,44,0.076,0.229,0.241,-0.076,0.003,0.229
97,35,167.12,461.76,77.43,22.979,63.491,38.713,TP,45,0.013,0.258,0.259,-0.01,0.008,-0.258
97,36,64.02,487.88,85.07,8.803,67.083,42.534,TP,48,0.164,0.738,0.756,0.109,-0.123,-0.738
97,37,88.99,488.62,81.23,12.236,67.185,40.615,TP,47,0.079,0.454,0.46,-0.069,0.039,0.454
97,,,,,36.664,0.893,15.222,FN,0,,,,,,
97,,,,,2.472,3.345,47.666,FN,2,,,,,,
97,,,,,19.3,3.487,9.038,FN,3,,,,,,
97,,,,,53.598,8.665,20.935,FN,8,,,,,,
97,,,,,62.299,16.389,20.683,FN,11,,,,,,
97,,,,,60.591,19.007,43.394,FN,12,,,,,,
97,,,,,5.904,25.801,0.5,FN,16,,,,,,
97,,,,,59.873,31.101,44.381,FN,21,,,,,,
97,,,,,33.848,32.62,44.789,FN,24,,,,,,
97,,,,,14.518,42.051,8.225,FN,31,,,,,,
97,,,,,53.889,42.519,46.596,FN,32,,,,,,
97,,,,,14.97,45.046,17.644,FN,33,,,,,,
97,,,,,7.718,46.072,42.199,FN,34,,,,,,
97,,,,,0.19,51.41,25.575,FN,39,,,,,,
97,,,,,57.163,52.353,4.414,FN,40,,,,,,
97,,,,,18.964,65.766,1.448,FN,46,,,,,,
97,,,,,20.263,68.736,49.484,FN,49,,,,,,
