vol_idx,pred_id,x_px,y_px,z_plane,x_um,y_um,z_um,status,gt_id,err_xy_um,err_z_um,err_um,dx_um,dy_um,dz_um
103,0,431.33,9.63,63.03,59.308,1.325,31.514,TP,0,0.576,0.462,0.738,0.441,0.371,0.462
103,1,168.44,7.72,54.59,23.161,1.062,27.294,TP,2,0.579,3.547,3.594,0.341,-0.468,-3.547
103,2,167.66,13.82,69.42,23.054,1.901,34.709,FP,,,,,,,
103,3,99.84,19.66,32.7,13.728,2.703,16.35,TP,3,0.399,1.531,1.582,0.396,0.044,-1.531
103,4,371.2,29.78,38.27,51.04,4.095,19.136,TP,4,0.029,0.896,0.896,-0.028,0.009,0.896
103,5,242.96,55.68,32.39,33.407,7.656,16.194,TP,6,0.633,1.194,1.352,0.591,0.225,1.194
103,6,150.85,63.66,50.22,20.742,8.754,25.11,TP,7,0.156,0.778,0.794,0.088,0.129,-0.778
103,7,152.32,65.24,70.2,20.944,8.97,35.098,FP,,,,,,,
103,8,334.37,72.48,56.19,45.975,9.966,28.096,TP,9,0.37,0.931,1.002,-0.358,-0.095,0.931
103,9,336.78,75.05,65.97,46.308,10.319,32.983,FP,,,,,,,
103,10,452.71,91.43,38.14,62.248,12.571,19.071,TP,10,0.672,1.977,2.088,-0.647,-0.183,1.977
103,11,458.7,93.42,33.09,63.071,12.846,16.544,FP,,,,,,,
103,12,39.95,96.03,31.65,5.494,13.204,15.824,TP,11,0.055,0.463,0.466,0.026,0.048,0.463
103,13,462.0,93.55,38.64,63.525,12.863,19.318,FP,,,,,,,
103,14,298.93,120.41,2.76,41.103,16.556,1.381,TP,13,0.477,1.898,1.957,0.234,-0.416,-1.898
103,15,372.0,153.86,44.43,51.15,21.155,22.214,FP,,,,,,,
103,16,220.11,160.26,71.23,30.265,22.036,35.616,TP,16,0.121,1.527,1.532,0.025,0.118,1.527
103,17,313.31,188.55,30.0,43.08,25.926,14.998,TP,19,0.036,0.045,0.058,-0.027,-0.024,0.045
103,18,316.0,192.0,39.0,43.45,26.4,19.5,FP,,,,,,,
103,19,405.25,212.16,6.03,55.721,29.172,3.014,TP,20,0.213,1.266,1.284,-0.213,0.007,1.266
103,20,468.89,222.03,76.77,64.472,30.529,38.384,TP,21,0.357,2.103,2.133,0.194,0.3,-2.103
103,21,337.56,273.49,71.4,46.415,37.605,35.698,TP,22,0.17,0.289,0.336,0.06,0.159,-0.289
103,22,491.84,278.76,77.72,67.627,38.329,38.861,TP,23,0.131,0.893,0.902,0.076,0.107,-0.893
103,23,120.85,278.46,34.0,16.616,38.288,17.0,TP,24,0.655,1.41,1.554,-0.636,-0.157,1.41
103,24,121.0,277.5,79.0,16.638,38.156,39.5,FP,,,,,,,
103,25,238.94,303.85,2.69,32.855,41.779,1.344,TP,25,0.066,0.112,0.13,-0.045,-0.049,0.112
103,26,71.18,315.67,17.26,9.787,43.404,8.629,TP,26,0.688,1.625,1.765,-0.416,-0.549,1.625
103,27,434.46,349.13,52.61,59.738,48.005,26.303,TP,27,0.058,0.393,0.397,-0.053,-0.023,0.393
103,28,86.44,361.78,34.13,11.886,49.744,17.067,TP,28,0.101,1.32,1.324,0.033,-0.096,1.32
103,29,480.83,368.17,20.33,66.115,50.623,10.167,TP,29,0.749,0.14,0.762,-0.673,-0.33,0.14
103,30,485.03,370.91,14.61,66.692,51.001,7.307,FP,,,,,,,
103,31,80.55,403.71,55.89,11.076,55.51,27.946,TP,33,0.022,0.276,0.277,-0.001,-0.022,0.276
103,32,377.19,401.91,35.9,51.864,55.263,17.949,TP,34,0.463,1.328,1.406,-0.212,-0.411,-1.328
103,33,180.28,412.6,49.84,24.788,56.733,24.922,TP,36,0.327,0.102,0.342,-0.269,-0.185,-0.102
103,34,355.25,440.86,69.32,48.847,60.618,34.659,TP,37,0.421,1.341,1.406,-0.142,-0.396,1.341
103,35,27.35,452.59,77.46,3.761,62.231,38.728,TP,38,0.076,2.049,2.051,-0.061,0.045,2.049
103,36,211.39,454.91,27.33,29.066,62.551,13.663,TP,40,0.126,0.247,0.278,-0.048,-0.117,0.247
103,37,115.36,455.19,33.29,15.862,62.589,16.643,TP,39,0.022,0.192,0.193,0.014,-0.017,0.192
103,38,114.5,456.5,49.5,15.744,62.769,24.75,TP,41,1.287,1.567,2.028,0.912,-0.908,-1.567
103,39,106.54,462.68,50.03,14.65,63.618,25.013,FP,,,,,,,
103,40,82.98,478.85,23.83,11.41,65.842,11.913,TP,42,0.099,0.087,0.132,0.038,0.092,-0.087
103,41,433.78,479.14,2.44,59.644,65.881,1.222,TP,43,0.163,0.467,0.494,-0.107,0.123,0.467
103,42,366.64,482.6,3.16,50.412,66.357,1.579,TP,44,0.124,0.598,0.611,-0.12,-0.031,0.598
103,43,243.22,490.22,36.12,33.442,67.405,18.058,TP,46,0.208,2.131,2.142,-0.09,-0.188,2.131
103,44,242.67,489.66,67.65,33.367,67.328,33.825,FP,,,,,,,
103,,,,,6.562,1.212,45.816,FN,1,,,,,,
103,,,,,20.345,4.328,37.65,FN,5,,,,,,
103,,,,,48.112,9.188,1.96,FN,8,,,,,,
103,,,,,1.662,16.573,48.115,FN,12,,,,,,
103,,,,,58.333,21.181,48.528,FN,14,,,,,,
103,,,,,51.31,20.992,1.0,FN,15,,,,,,
103,,,,,63.058,24.923,45.569,FN,17,,,,,,
103,,,,,0.794,25.63,25.74,FN,18,,,,,,
103,,,,,59.63,54.081,48.608,FN,30,,,,,,
103,,,,,57.458,55.319,48.958,FN,31,,,,,,
103,,,,,10.186,55.653,0.618,FN,32,,,,,,
103,,,,,20.326,57.451,9.5,FN,35,,,,,,
103,,,,,40.823,67.6,45.343,FN,45,,,,,,
103,,,,,28.938,67.972,19.985,FN,47,,,,,,
103,,,,,31.121,68.805,14.61,FN,48,,,,,,
103,,,,,61.214,69.626,8.258,FN,49,,,,,,
104,0,464.57,6.89,24.61,63.878,0.948,12.306,FP,,,,,,,
104,1,299.42,13.3,75.0,41.17,1.829,37.498,TP,3,0.16,0.031,0.163,0.115,0.112,0.031
104,2,376.16,9.42,25.66,51.722,1.295,12.829,TP,4,0.354,0.051,0.357,-0.087,-0.343,-0.051
104,3,451.0,9.5,61.0,62.013,1.306,30.5,TP,1,0.216,1.759,1.772,0.212,-0.041,-1.759
104,4,452.29,9.71,58.14,62.189,1.336,29.071,FP,,,,,,,
104,5,451.11,14.15,69.44,62.028,1.945,34.722,FP,,,,,,,
104,6,31.59,23.62,28.45,4.344,3.247,14.224,TP,5,0.246,0.646,0.691,0.147,0.198,0.646
104,7,32.05,24.2,40.55,4.407,3.328,20.275,FP,,,,,,,
104,8,104.96,26.53,52.7,14.432,3.648,26.351,TP,6,0.271,1.696,1.717,0.228,-0.146,-1.696
104,9,244.29,40.23,52.43,33.589,5.532,26.213,TP,8,0.067,0.018,0.069,0.056,-0.037,-0.018
104,10,97.61,42.86,43.8,13.422,5.893,21.9,TP,10,0.023,0.752,0.752,0.023,-0.002,0.752
104,11,97.0,42.5,58.5,13.338,5.844,29.25,FP,,,,,,,
104,12,459.21,48.19,85.38,63.141,6.626,42.692,TP,9,0.284,0.704,0.76,0.218,0.183,-0.704
104,13,367.95,71.75,25.74,50.593,9.866,12.869,TP,12,0.077,0.103,0.128,0.073,0.026,0.103
104,14,204.21,74.32,78.06,28.079,10.219,39.031,TP,13,0.206,0.691,0.721,-0.1,0.18,0.691
104,15,3.87,111.34,3.77,0.532,15.309,1.883,TP,17,0.245,2.348,2.361,-0.193,0.151,-2.348
104,16,119.81,160.17,32.57,16.474,22.024,16.285,FP,,,,,,,
104,17,335.49,160.61,29.79,46.129,22.084,14.893,TP,22,0.076,1.451,1.453,0.041,0.064,1.451
104,18,335.26,161.43,41.55,46.099,22.196,20.774,TP,20,0.26,0.333,0.423,0.255,0.052,0.333
104,19,342.06,184.49,94.13,47.033,25.367,47.066,FP,,,,,,,
104,20,341.23,184.85,2.31,46.919,25.416,1.154,FP,,,,,,,
104,21,349.17,190.3,13.51,48.01,26.167,6.754,TP,23,0.25,1.966,1.982,0.123,0.217,1.966
104,22,57.71,195.14,41.6,7.935,26.832,20.799,TP,24,0.153,0.448,0.474,0.145,0.05,-0.448
104,23,111.76,201.51,72.91,15.367,27.708,36.453,TP,25,0.375,3.384,3.404,-0.375,0.014,3.384
104,24,169.03,202.14,78.4,23.242,27.794,39.2,TP,28,0.09,1.599,1.602,0.009,-0.09,-1.599
104,25,73.26,202.08,56.89,10.073,27.786,28.446,TP,27,0.111,0.791,0.799,-0.109,0.022,0.791
104,26,416.37,204.73,50.57,57.251,28.15,25.283,TP,29,0.044,0.515,0.517,0.005,0.044,0.515
104,27,171.27,219.22,20.88,23.55,30.143,10.441,TP,30,0.427,2.46,2.497,-0.369,0.216,2.46
104,28,421.94,233.4,52.49,58.016,32.093,26.246,TP,34,0.081,0.131,0.154,-0.059,-0.056,-0.131
104,29,117.05,244.05,17.36,16.094,33.556,8.682,TP,35,0.56,1.094,1.229,0.481,0.287,-1.094
104,30,145.51,248.87,87.84,20.008,34.219,43.921,FP,,,,,,,
104,31,185.64,253.76,50.24,25.525,34.892,25.118,TP,36,0.331,3.132,3.149,-0.109,-0.312,3.132
104,32,185.74,254.0,69.52,25.539,34.925,34.761,FP,,,,,,,
104,33,187.75,257.65,41.43,25.816,35.426,20.713,FP,,,,,,,
104,34,19.68,280.53,39.1,2.705,38.573,19.549,TP,38,0.263,1.009,1.042,-0.165,0.205,1.009
104,35,182.8,280.6,2.0,25.135,38.583,1.0,TP,40,0.246,0.09,0.262,-0.201,0.143,0.09
104,36,330.14,305.67,13.39,45.394,42.029,6.697,TP,41,0.169,0.437,0.469,0.06,0.158,-0.437
104,37,433.06,304.18,22.34,59.545,41.824,11.169,TP,42,0.042,0.273,0.277,0.002,0.042,0.273
104,38,378.36,345.37,22.51,52.025,47.489,11.256,TP,43,0.139,1.27,1.278,-0.138,0.019,1.27
104,39,175.31,377.74,74.19,24.105,51.94,37.095,TP,44,0.405,4.56,4.578,0.364,0.177,4.56
104,40,139.51,379.46,35.91,19.182,52.176,17.955,TP,46,0.159,1.156,1.167,-0.158,-0.013,1.156
104,41,171.25,377.25,61.0,23.547,51.872,30.5,FP,,,,,,,
104,42,141.5,378.5,64.0,19.456,52.044,32.0,FP,,,,,,,
104,43,332.61,401.23,80.75,45.733,55.169,40.376,TP,47,0.028,2.404,2.404,0.022,0.017,-2.404
104,44,381.67,426.0,33.33,52.479,58.575,16.667,TP,48,0.727,1.226,1.426,0.176,0.705,-1.226
104,45,53.91,496.14,68.55,7.413,68.219,34.273,FP,,,,,,,
104,46,50.73,501.73,56.89,6.976,68.987,28.447,TP,49,0.038,0.871,0.872,0.02,-0.032,0.871
104,,,,,47.585,0.907,4.333,FN,0,,,,,,
104,,,,,64.055,2.327,11.619,FN,2,,,,,,
104,,,,,51.49,3.865,47.256,FN,7,,,,,,
104,,,,,51.675,7.898,47.165,FN,11,,,,,,
104,,,,,13.32,10.053,48.224,FN,14,,,,,,
104,,,,,17.067,14.271,1.31,FN,15,,,,,,
104,,,,,69.364,14.841,23.117,FN,16,,,,,,
104,,,,,8.008,20.493,0.5,FN,18,,,,,,
104,,,,,20.795,21.093,10.552,FN,19,,,,,,
104,,,,,16.919,21.51,1.0,FN,21,,,,,,
104,,,,,19.224,28.092,35.101,FN,26,,,,,,
104,,,,,69.932,30.733,48.733,FN,31,,,,,,
104,,,,,45.581,30.731,1.0,FN,32,,,,,,
104,,,,,23.007,31.776,0.58,FN,33,,,,,,
104,,,,,19.206,35.212,34.728,FN,37,,,,,,
104,,,,,0.52,38.105,3.674,FN,39,,,,,,
104,,,,,4.248,52.763,39.792,FN,45,,,,,,
105,0,440.61,17.37,18.77,60.585,2.388,9.385,TP,0,0.37,0.757,0.842,0.027,-0.369,-0.757
105,1,443.49,23.86,25.42,60.979,3.28,12.71,FP,,,,,,,
105,2,157.26,31.11,28.07,21.623,4.277,14.036,TP,1,0.036,0.704,0.705,0.018,-0.031,-0.704
105,3,53.57,30.44,73.65,7.366,4.185,36.827,TP,4,0.303,1.317,1.351,0.25,0.171,1.317
105,4,53.33,29.33,62.0,7.333,4.033,31.0,FP,,,,,,,
105,5,192.41,34.95,69.84,26.456,4.805,34.918,TP,7,0.308,0.88,0.932,0.289,-0.106,-0.88
105,6,291.68,37.63,14.2,40.107,5.174,7.101,TP,6,0.274,0.71,0.761,-0.221,0.162,-0.71
105,7,484.59,53.21,88.87,66.631,7.316,44.433,TP,9,0.602,0.735,0.95,-0.589,-0.123,-0.735
105,8,265.5,47.25,38.75,36.506,6.497,19.375,TP,8,0.521,1.208,1.316,0.461,0.242,1.208
105,9,92.53,76.5,42.68,12.723,10.518,21.34,TP,10,0.046,0.057,0.073,0.046,0.008,-0.057
105,10,262.56,80.26,72.24,36.102,11.036,36.122,TP,12,0.523,2.355,2.412,0.486,0.194,2.355
105,11,262.5,79.5,60.5,36.094,10.931,30.25,FP,,,,,,,
105,12,217.3,87.04,78.84,29.879,11.968,39.418,TP,11,0.211,0.388,0.442,-0.022,0.21,-0.388
105,13,404.28,137.68,90.8,55.589,18.931,45.4,FP,,,,,,,
105,14,402.79,142.98,3.46,55.383,19.66,1.729,TP,13,0.556,0.697,0.891,-0.173,0.528,-0.697
105,15,144.64,144.85,67.81,19.888,19.917,33.907,TP,15,0.08,0.629,0.634,-0.013,-0.079,0.629
105,16,143.96,145.33,59.56,19.795,19.983,29.778,FP,,,,,,,
105,17,385.95,168.69,15.89,53.068,23.195,7.945,TP,18,0.13,1.777,1.782,0.13,0.001,1.777
105,18,381.7,168.41,21.82,52.484,23.156,10.908,FP,,,,,,,
105,19,258.8,167.0,23.6,35.585,22.962,11.8,TP,17,0.467,3.695,3.724,-0.107,0.454,-3.695
105,20,385.5,169.0,95.0,53.006,23.238,47.5,FP,,,,,,,
105,21,386.0,169.0,97.5,53.075,23.238,48.75,FP,,,,,,,
105,22,45.49,190.57,4.8,6.254,26.204,2.402,FP,,,,,,,
105,23,48.87,191.6,16.87,6.719,26.345,8.433,TP,20,0.316,2.929,2.946,0.085,0.304,-2.929
105,24,292.43,191.36,94.93,40.209,26.312,47.464,FP,,,,,,,
105,25,36.24,209.6,38.4,4.984,28.82,19.198,TP,21,0.723,1.068,1.289,0.008,0.723,-1.068
105,26,112.09,209.04,23.74,15.412,28.743,11.872,TP,22,0.145,0.279,0.315,0.023,-0.143,-0.279
105,27,452.3,213.03,86.65,62.191,29.291,43.325,TP,25,0.137,1.171,1.179,-0.134,0.026,1.171
105,28,93.0,217.5,39.0,12.788,29.906,19.5,TP,26,0.166,0.872,0.887,0.152,0.067,0.872
105,29,274.11,247.38,24.47,37.691,34.014,12.234,TP,27,0.656,0.889,1.104,-0.625,-0.199,-0.889
105,30,107.37,275.45,76.48,14.763,37.874,38.238,TP,28,0.237,2.707,2.717,0.224,0.078,-2.707
105,31,67.37,282.68,22.32,9.264,38.868,11.16,TP,31,0.08,0.354,0.363,0.009,0.079,0.354
105,32,441.27,285.7,49.69,60.674,39.284,24.845,TP,30,0.162,0.586,0.608,-0.038,-0.157,0.586
105,33,442.47,290.17,68.7,60.839,39.898,34.35,FP,,,,,,,
105,34,336.44,293.95,35.26,46.261,40.419,17.632,TP,32,0.018,0.378,0.379,0.018,-0.0,0.378
105,35,221.6,295.39,58.16,30.47,40.616,29.078,TP,33,0.148,1.682,1.689,0.148,-0.003,-1.682
105,36,220.66,296.46,67.52,30.341,40.763,33.762,FP,,,,,,,
105,37,225.0,297.5,64.33,30.938,40.906,32.167,FP,,,,,,,
105,38,311.69,327.56,76.61,42.857,45.039,38.306,FP,,,,,,,
105,39,313.74,329.89,27.37,43.139,45.359,13.687,TP,36,0.261,1.22,1.247,-0.206,-0.16,-1.22
105,40,461.48,347.81,39.62,63.454,47.824,19.809,TP,37,0.081,0.23,0.244,0.079,-0.018,-0.23
105,41,379.07,348.17,59.88,52.122,47.873,29.94,TP,38,0.187,0.06,0.197,-0.176,-0.064,-0.06
105,42,463.38,348.48,64.64,63.715,47.917,32.318,FP,,,,,,,
105,43,235.05,409.05,94.52,32.319,56.244,47.262,FP,,,,,,,
105,44,234.34,413.04,16.9,32.221,56.793,8.448,TP,40,0.062,0.818,0.82,-0.003,-0.062,-0.818
105,45,207.6,421.64,15.34,28.544,57.975,7.669,TP,41,0.044,0.363,0.366,-0.004,0.044,0.363
105,46,209.5,421.5,2.0,28.806,57.956,1.0,FP,,,,,,,
105,47,15.63,424.01,2.16,2.149,58.301,1.078,TP,42,0.424,0.902,0.997,-0.414,0.089,-0.902
105,48,161.09,432.25,51.84,22.15,59.435,25.922,TP,43,0.461,0.083,0.469,0.113,-0.447,0.083
105,49,268.72,437.68,40.53,36.949,60.181,20.267,TP,44,0.072,0.102,0.125,-0.054,0.048,0.102
105,50,219.41,471.02,82.98,30.169,64.766,41.491,TP,45,0.241,0.406,0.473,0.13,-0.203,0.406
105,51,331.03,484.19,71.94,45.517,66.576,35.968,TP,47,0.437,2.463,2.501,0.434,-0.055,2.463
105,52,117.45,487.02,69.59,16.15,66.965,34.794,FP,,,,,,,
105,53,92.17,489.77,75.47,12.674,67.343,37.735,TP,46,0.152,0.927,0.939,0.146,0.042,0.927
105,,,,,9.83,4.028,29.0,FN,2,,,,,,
105,,,,,70.036,4.914,34.0,FN,3,,,,,,
105,,,,,30.373,5.159,1.593,FN,5,,,,,,
105,,,,,0.715,20.468,30.035,FN,14,,,,,,
105,,,,,4.057,20.164,33.74,FN,16,,,,,,
105,,,,,34.208,24.98,41.959,FN,19,,,,,,
105,,,,,35.561,29.428,12.039,FN,23,,,,,,
105,,,,,4.867,29.433,44.803,FN,24,,,,,,
105,,,,,26.511,38.811,5.264,FN,29,,,,,,
105,,,,,22.33,41.186,48.0,FN,34,,,,,,
105,,,,,2.202,44.959,23.519,FN,35,,,,,,
105,,,,,25.81,49.45,47.364,FN,39,,,,,,
105,,,,,16.153,67.046,1.457,FN,48,,,,,,
105,,,,,41.551,69.554,16.411,FN,49,,,,,,
118,0,186.26,27.45,29.16,25.61,3.774,14.582,TP,1,0.059,0.129,0.142,0.01,0.059,0.129
118,1,83.27,28.46,33.48,11.449,3.914,16.742,TP,0,0.247,2.997,3.007,0.214,0.123,-2.997
118,2,82.67,32.0,37.78,11.367,4.4,18.889,FP,,,,,,,
118,3,151.13,47.13,51.14,20.78,6.481,25.57,TP,2,0.097,1.294,1.298,0.06,0.076,1.294
118,4,151.15,45.1,68.93,20.783,6.201,34.463,FP,,,,,,,
118,5,171.0,85.96,13.4,23.513,11.819,6.701,TP,4,0.102,1.883,1.886,-0.046,0.09,-1.883
118,6,378.02,102.28,61.66,51.978,14.063,30.83,TP,5,0.534,0.833,0.99,-0.531,-0.06,0.833
118,7,377.67,101.83,68.42,51.929,14.002,34.208,FP,,,,,,,
118,8,386.34,103.32,58.93,53.121,14.206,29.466,FP,,,,,,,
118,9,123.61,133.72,70.77,16.996,18.387,35.385,TP,6,0.268,4.12,4.129,-0.103,-0.247,-4.12
118,10,124.0,134.0,76.0,17.05,18.425,38.0,FP,,,,,,,
118,11,254.35,140.5,42.27,34.972,19.319,21.137,TP,8,0.013,0.348,0.349,0.013,0.001,-0.348
118,12,465.86,144.14,2.86,64.055,19.82,1.429,TP,7,0.117,0.061,0.132,-0.064,-0.098,0.061
118,13,487.95,160.75,25.28,67.093,22.103,12.641,TP,9,0.171,0.2,0.263,-0.167,-0.038,0.2
118,14,123.62,168.18,33.22,16.998,23.124,16.61,TP,10,0.121,0.591,0.603,-0.114,-0.042,0.591
118,15,333.51,173.6,79.79,45.858,23.87,39.897,TP,11,0.119,0.623,0.634,0.033,0.114,-0.623
118,16,80.63,176.51,58.69,11.087,24.27,29.347,TP,12,0.104,0.171,0.2,0.1,0.027,-0.171
118,17,77.26,176.01,68.05,10.623,24.201,34.023,FP,,,,,,,
118,18,494.66,184.17,87.57,68.016,25.323,43.783,TP,13,0.351,1.106,1.16,-0.35,0.02,1.106
118,19,300.18,192.73,58.67,41.275,26.501,29.336,TP,14,0.053,1.401,1.402,0.05,0.018,-1.401
118,20,456.63,201.47,29.89,62.787,27.703,14.947,TP,15,0.666,2.553,2.638,0.665,-0.037,-2.553
118,21,399.18,219.72,83.33,54.887,30.212,41.664,TP,16,0.191,0.424,0.465,0.123,0.146,0.424
118,22,329.97,243.07,49.3,45.371,33.422,24.651,TP,19,0.205,0.451,0.495,0.166,-0.121,-0.451
118,23,8.68,239.23,30.09,1.194,32.894,15.046,TP,18,0.409,1.271,1.336,0.286,0.293,1.271
118,24,120.67,240.59,68.57,16.592,33.08,34.287,FP,,,,,,,
118,25,329.0,242.0,52.0,45.237,33.275,26.0,FP,,,,,,,
118,26,227.64,259.34,24.8,31.3,35.659,12.4,TP,22,0.509,1.57,1.65,0.217,0.461,1.57
118,27,107.16,272.32,63.26,14.734,37.445,31.632,TP,23,0.108,0.153,0.187,-0.051,0.095,-0.153
118,28,362.23,279.26,59.94,49.806,38.398,29.968,FP,,,,,,,
118,29,362.28,281.26,74.6,49.813,38.673,37.3,TP,24,0.271,1.314,1.341,-0.002,0.271,1.314
118,30,140.23,288.66,84.09,19.281,39.691,42.047,TP,25,0.258,0.854,0.892,-0.098,-0.239,0.854
118,31,265.99,305.69,24.17,36.573,42.032,12.087,TP,26,0.399,0.828,0.919,-0.345,-0.201,0.828
118,32,178.84,329.98,2.46,24.591,45.372,1.23,TP,27,0.107,3.77,3.772,-0.103,0.029,-3.77
118,33,341.96,330.63,4.12,47.02,45.462,2.058,TP,28,0.028,0.779,0.779,0.028,-0.0,-0.779
118,34,202.69,334.03,68.66,27.87,45.93,34.328,FP,,,,,,,
118,35,457.09,343.48,27.05,62.849,47.228,13.523,TP,33,0.129,0.272,0.301,-0.043,0.122,0.272
118,36,429.89,346.65,1.93,59.11,47.664,0.963,TP,34,0.254,2.194,2.209,0.144,-0.209,-2.194
118,37,35.84,362.69,3.05,4.928,49.87,1.525,FP,,,,,,,
118,38,40.42,361.75,9.74,5.558,49.741,4.869,TP,35,0.24,2.204,2.217,0.214,0.108,-2.204
118,39,219.57,363.99,50.71,30.19,50.049,25.354,TP,36,0.207,0.016,0.207,-0.201,-0.049,-0.016
118,40,112.9,391.39,41.6,15.524,53.816,20.801,TP,39,0.014,0.463,0.463,-0.013,-0.004,-0.463
118,41,112.93,391.27,34.33,15.528,53.799,17.167,FP,,,,,,,
118,42,487.4,397.34,4.32,67.018,54.635,2.162,TP,40,0.354,3.269,3.288,0.042,-0.351,-3.269
118,43,484.45,399.66,16.79,66.612,54.954,8.395,FP,,,,,,,
118,44,317.04,409.07,37.01,43.593,56.246,18.507,TP,41,0.036,0.494,0.495,-0.027,-0.024,0.494
118,45,47.81,412.81,73.14,6.574,56.761,36.568,TP,42,0.122,4.609,4.611,0.066,-0.102,-4.609
118,46,175.62,432.94,16.01,24.148,59.53,8.003,TP,43,0.424,0.06,0.428,0.367,0.212,0.06
118,47,457.39,467.26,61.15,62.892,64.248,30.573,TP,45,0.459,0.304,0.55,0.229,0.397,-0.304
118,48,460.11,476.98,78.86,63.265,65.584,39.429,TP,47,0.307,0.288,0.421,0.193,0.239,-0.288
118,,,,,69.914,9.618,45.242,FN,3,,,,,,
118,,,,,68.23,30.363,46.141,FN,17,,,,,,
118,,,,,50.84,33.492,46.26,FN,20,,,,,,
118,,,,,17.139,33.512,9.293,FN,21,,,,,,
118,,,,,29.12,45.849,19.628,FN,29,,,,,,
118,,,,,50.179,47.013,42.109,FN,30,,,,,,
118,,,,,46.41,46.177,12.474,FN,31,,,,,,
118,,,,,36.672,46.761,8.101,FN,32,,,,,,
118,,,,,12.595,53.17,45.843,FN,37,,,,,,
118,,,,,37.35,53.12,25.569,FN,38,,,,,,
118,,,,,69.14,59.492,33.019,FN,44,,,,,,
118,,,,,63.014,64.499,25.34,FN,46,,,,,,
118,,,,,54.557,68.36,7.236,FN,48,,,,,,
119,0,161.79,15.42,43.15,22.247,2.121,21.575,TP,2,0.091,0.017,0.092,0.009,0.09,-0.017
119,1,163.74,16.68,49.47,22.514,2.294,24.737,FP,,,,,,,
119,2,209.43,23.29,18.67,28.796,3.202,9.337,TP,3,0.421,4.655,4.674,0.037,0.419,4.655
119,3,40.62,48.51,81.86,5.586,6.671,40.929,TP,5,0.066,0.638,0.641,0.031,-0.058,-0.638
119,4,250.29,48.49,41.05,34.415,6.667,20.524,TP,4,0.309,0.248,0.396,0.309,-0.006,0.248
119,5,251.0,48.5,34.0,34.513,6.669,17.0,FP,,,,,,,
119,6,227.89,73.09,58.82,31.335,10.05,29.412,TP,8,0.076,0.002,0.076,-0.075,0.011,-0.002
119,7,52.32,79.45,30.82,7.194,10.924,15.412,TP,7,0.59,0.128,0.604,0.174,0.564,-0.128
119,8,491.43,89.23,33.29,67.572,12.269,16.646,TP,9,0.165,0.862,0.878,-0.142,0.085,0.862
119,9,400.61,108.0,73.78,55.084,14.85,36.888,TP,10,0.098,1.52,1.523,0.089,-0.04,1.52
119,10,298.1,114.64,75.17,40.988,15.763,37.584,TP,11,0.357,0.976,1.04,0.353,0.05,0.976
119,11,105.76,121.63,82.65,14.542,16.725,41.325,TP,12,0.637,4.162,4.21,0.163,-0.616,4.162
119,12,131.38,141.84,6.0,18.064,19.504,3.0,FP,,,,,,,
119,13,346.59,153.89,69.68,47.656,21.16,34.841,TP,15,0.525,1.871,1.943,0.248,0.463,1.871
119,14,344.67,152.48,59.43,47.392,20.965,29.714,FP,,,,,,,
119,15,74.36,169.36,69.64,10.224,23.287,34.821,FP,,,,,,,
119,16,85.31,170.97,84.72,11.73,23.509,42.36,TP,19,0.245,2.922,2.932,0.242,0.041,2.922
119,17,116.19,170.8,2.79,15.976,23.485,1.395,TP,17,0.02,3.74,3.74,0.016,0.012,-3.74
119,18,457.57,177.8,24.5,62.917,24.448,12.251,TP,18,0.175,0.305,0.352,0.117,0.131,-0.305
119,19,85.8,171.67,78.47,11.798,23.604,39.233,FP,,,,,,,
119,20,60.06,207.53,13.85,8.259,28.535,6.923,TP,20,0.158,1.058,1.07,0.085,-0.133,-1.058
119,21,216.06,217.77,19.47,29.708,29.943,9.734,TP,21,0.057,0.409,0.413,0.046,0.033,0.409
119,22,143.02,219.83,38.99,19.666,30.227,19.494,TP,22,0.194,2.153,2.161,0.193,0.024,2.153
119,23,445.32,224.44,49.53,61.231,30.86,24.766,TP,23,0.093,0.066,0.114,0.051,0.077,-0.066
119,24,444.65,223.28,63.57,61.139,30.701,31.784,FP,,,,,,,
119,25,76.88,246.02,31.31,10.571,33.827,15.654,TP,24,0.147,1.108,1.117,-0.053,-0.137,1.108
119,26,195.69,288.03,66.41,26.908,39.605,33.206,TP,25,0.079,0.768,0.772,0.019,0.077,0.768
119,27,72.71,297.62,67.66,9.998,40.922,33.832,TP,26,0.151,0.286,0.323,-0.027,-0.149,0.286
119,28,72.71,298.73,62.04,9.997,41.075,31.021,FP,,,,,,,
119,29,488.05,307.37,41.83,67.107,42.263,20.917,TP,27,0.123,0.525,0.539,0.013,0.123,0.525
119,30,368.04,303.04,68.25,50.606,41.668,34.125,FP,,,,,,,
119,31,369.38,303.78,52.07,50.79,41.77,26.035,TP,28,0.069,1.04,1.042,0.063,0.026,1.04
119,32,484.7,304.3,69.35,66.646,41.841,34.675,FP,,,,,,,
119,33,422.67,332.5,59.49,58.117,45.719,29.747,TP,30,0.291,0.687,0.746,0.283,-0.066,0.687
119,34,330.4,333.66,3.3,45.43,45.878,1.652,TP,29,0.259,0.53,0.59,-0.124,0.228,-0.53
119,35,111.06,361.0,77.06,15.271,49.638,38.531,FP,,,,,,,
119,36,110.43,364.07,51.83,15.184,50.059,25.917,TP,31,0.079,1.104,1.107,0.054,-0.057,1.104
119,37,111.57,361.86,70.71,15.341,49.755,35.357,FP,,,,,,,
119,38,189.6,377.26,29.95,26.071,51.873,14.977,TP,32,0.388,0.224,0.448,0.314,0.227,0.224
119,39,266.64,412.8,85.03,36.663,56.759,42.514,TP,37,0.525,0.975,1.108,0.452,0.268,-0.975
119,40,34.58,418.64,69.36,4.755,57.563,34.68,TP,36,0.711,3.711,3.778,0.115,0.702,3.711
119,41,171.04,447.51,46.41,23.519,61.533,23.203,TP,38,0.052,0.091,0.104,-0.026,0.045,0.091
119,42,45.76,463.54,89.88,6.293,63.737,44.94,TP,41,0.275,0.217,0.35,0.212,-0.175,-0.217
119,43,432.24,492.39,76.72,59.433,67.704,38.362,TP,44,0.124,0.608,0.621,0.046,0.115,-0.608
119,44,203.88,493.49,78.01,28.033,67.855,39.007,TP,43,0.289,2.029,2.049,0.19,0.219,-2.029
119,45,66.15,496.07,22.22,9.095,68.21,11.111,TP,42,0.321,0.251,0.408,-0.057,0.316,-0.251
119,46,60.53,502.35,2.0,8.323,69.074,1.0,TP,45,0.791,1.121,1.372,0.234,0.756,-1.121
119,,,,,18.466,0.211,18.836,FN,0,,,,,,
119,,,,,27.923,0.375,36.864,FN,1,,,,,,
119,,,,,30.396,7.96,38.08,FN,6,,,,,,
119,,,,,47.022,17.641,39.463,FN,13,,,,,,
119,,,,,18.014,19.445,46.505,FN,14,,,,,,
119,,,,,9.443,21.107,45.277,FN,16,,,,,,
119,,,,,11.227,52.579,22.372,FN,33,,,,,,
119,,,,,5.921,53.643,35.909,FN,34,,,,,,
119,,,,,0.175,55.237,0.5,FN,35,,,,,,
119,,,,,19.299,63.062,6.718,FN,39,,,,,,
119,,,,,8.347,62.558,15.754,FN,40,,,,,,
119,,,,,5.514,69.093,32.0,FN,46,,,,,,
119,,,,,13.319,69.947,8.681,FN,47,,,,,,
121,0,50.69,16.68,38.18,6.969,2.294,19.09,TP,2,0.103,0.846,0.852,0.067,-0.079,-0.846
121,1,355.58,15.29,69.98,48.892,2.102,34.989,TP,1,0.134,1.844,1.849,-0.093,0.096,-1.844
121,2,472.22,23.04,49.62,64.931,3.168,24.812,TP,3,0.133,0.642,0.655,0.113,0.07,0.642
121,3,365.76,31.34,16.08,50.292,4.309,8.04,TP,4,0.129,0.571,0.585,0.01,-0.128,-0.571
121,4,287.09,39.05,27.43,39.476,5.37,13.716,TP,5,0.173,1.321,1.332,0.165,0.053,-1.321
121,5,268.48,47.48,42.46,36.916,6.529,21.231,TP,6,0.322,0.47,0.57,0.273,0.171,-0.47
121,6,108.56,55.87,55.32,14.927,7.682,27.66,TP,7,0.572,1.139,1.275,-0.243,-0.517,1.139
121,7,203.3,86.22,6.3,27.954,11.855,3.149,TP,9,0.353,0.333,0.485,-0.312,0.166,-0.333
121,8,317.4,84.94,40.52,43.643,11.679,20.261,TP,10,0.064,0.251,0.258,0.063,0.009,0.251
121,9,115.58,92.21,45.94,15.892,12.679,22.97,TP,11,0.087,0.261,0.275,0.078,0.038,-0.261
121,10,43.88,99.43,53.56,6.033,13.671,26.781,TP,13,0.101,0.592,0.601,-0.084,0.057,0.592
121,11,442.89,100.76,59.68,60.898,13.855,29.84,TP,15,0.087,0.155,0.178,0.079,0.036,-0.155
121,12,284.32,118.66,24.59,39.094,16.316,12.294,TP,17,0.062,1.412,1.414,0.007,0.061,1.412
121,13,124.34,130.36,24.05,17.097,17.924,12.026,FP,,,,,,,
121,14,439.34,134.09,15.83,60.409,18.437,7.913,TP,18,0.707,2.194,2.305,0.221,0.671,2.194
121,15,169.3,169.9,34.9,23.279,23.361,17.45,FP,,,,,,,
121,16,169.68,169.79,38.75,23.331,23.346,19.375,TP,20,0.069,3.546,3.546,-0.068,-0.01,-3.546
121,17,170.19,170.22,45.41,23.4,23.406,22.704,FP,,,,,,,
121,18,253.31,176.92,42.47,34.831,24.326,21.235,TP,21,0.177,0.894,0.911,-0.175,0.026,0.894
121,19,256.69,176.42,37.46,35.295,24.258,18.731,FP,,,,,,,
121,20,420.91,184.64,41.02,57.875,25.388,20.51,TP,22,0.032,0.137,0.141,0.01,0.031,-0.137
121,21,273.56,196.29,52.46,37.614,26.989,26.232,TP,24,0.137,0.53,0.547,0.13,-0.042,-0.53
121,22,74.22,198.32,78.62,10.205,27.27,39.311,TP,23,0.081,0.696,0.701,0.032,0.074,0.696
121,23,250.72,203.47,23.78,34.474,27.977,11.891,TP,25,0.252,0.126,0.282,0.037,-0.25,0.126
121,24,347.11,208.35,16.8,47.728,28.648,8.398,TP,26,0.027,0.115,0.119,0.026,-0.009,-0.115
121,25,309.18,225.22,71.68,42.512,30.968,35.839,TP,27,0.206,2.923,2.93,0.2,-0.049,-2.923
121,26,190.1,262.19,29.2,26.138,36.051,14.6,TP,30,0.044,1.14,1.14,-0.014,-0.042,-1.14
121,27,103.12,262.58,16.75,14.18,36.105,8.375,TP,29,0.271,2.348,2.364,-0.234,-0.136,2.348
121,28,394.04,286.54,2.49,54.18,39.399,1.243,TP,32,0.566,1.708,1.799,-0.545,0.154,-1.708
121,29,112.01,345.69,41.03,15.401,47.532,20.513,TP,34,0.973,0.315,1.023,-0.433,-0.871,-0.315
121,30,115.76,349.21,33.58,15.917,48.017,16.791,FP,,,,,,,
121,31,441.85,350.27,25.78,60.754,48.162,12.889,TP,35,0.071,0.502,0.507,-0.066,0.027,-0.502
121,32,218.9,356.3,44.38,30.099,48.991,22.192,TP,36,0.085,0.596,0.602,0.084,-0.009,-0.596
121,33,404.5,363.63,87.97,55.619,49.999,43.985,TP,37,0.341,1.447,1.487,0.101,-0.326,1.447
121,34,31.61,373.26,80.06,4.346,51.323,40.031,TP,38,0.392,0.011,0.392,0.38,0.093,-0.011
121,35,325.06,378.8,74.95,44.696,52.085,37.477,TP,40,0.152,0.254,0.296,-0.042,-0.146,0.254
121,36,455.6,379.2,54.4,62.645,52.14,27.2,TP,39,0.133,1.27,1.277,-0.04,-0.127,-1.27
121,37,327.67,386.09,85.13,45.055,53.087,42.566,FP,,,,,,,
121,38,488.11,385.41,41.34,67.116,52.994,20.67,TP,41,0.098,1.375,1.379,0.098,-0.003,-1.375
121,39,372.82,389.24,35.09,51.262,53.52,17.547,TP,42,0.152,1.805,1.811,0.104,-0.112,-1.805
121,40,421.82,395.76,60.77,58.0,54.417,30.387,TP,43,0.32,2.046,2.071,0.034,-0.318,-2.046
121,41,453.25,428.05,77.38,62.322,58.857,38.688,TP,45,0.329,1.166,1.211,-0.09,0.316,-1.166
121,42,272.55,428.39,60.8,37.476,58.904,30.399,TP,46,0.105,0.437,0.45,0.058,-0.088,0.437
121,43,183.67,457.36,65.43,25.255,62.887,32.713,TP,47,0.113,1.142,1.147,0.047,0.103,1.142
121,44,65.79,466.42,50.98,9.046,64.132,25.488,TP,48,0.043,0.96,0.961,0.007,0.043,0.96
121,45,142.64,491.04,79.06,19.613,67.518,39.53,TP,49,0.336,0.036,0.338,0.024,-0.335,0.036
121,,,,,49.386,1.361,17.655,FN,0,,,,,,
121,,,,,9.154,10.531,47.569,FN,8,,,,,,
121,,,,,25.425,13.03,11.382,FN,12,,,,,,
121,,,,,19.724,13.791,48.685,FN,14,,,,,,
121,,,,,13.94,16.063,47.259,FN,16,,,,,,
121,,,,,16.832,17.453,7.175,FN,19,,,,,,
121,,,,,19.926,34.938,11.517,FN,28,,,,,,
121,,,,,11.187,37.117,5.431,FN,31,,,,,,
121,,,,,19.113,43.05,43.876,FN,33,,,,,,
121,,,,,1.059,54.457,22.074,FN,44,,,,,,
123,0,485.72,27.31,55.22,66.786,3.755,27.612,TP,0,0.621,0.506,0.801,-0.384,-0.488,0.506
123,1,163.88,28.82,43.42,22.533,3.963,21.708,TP,1,0.034,0.69,0.691,0.023,-0.026,0.69
123,2,344.71,34.09,60.97,47.397,4.688,30.486,TP,2,0.264,0.535,0.597,-0.131,-0.23,-0.535
123,3,342.0,32.0,69.0,47.025,4.4,34.5,FP,,,,,,,
123,4,375.5,35.0,85.0,51.631,4.812,42.5,FP,,,,,,,
123,5,26.17,75.67,49.86,3.598,10.405,24.929,TP,4,0.039,0.333,0.336,-0.009,0.038,0.333
123,6,426.66,95.9,34.09,58.666,13.186,17.047,TP,5,0.04,0.781,0.782,-0.01,-0.038,0.781
123,7,33.83,104.05,2.82,4.652,14.306,1.408,TP,8,0.333,4.51,4.522,0.057,0.328,-4.51
123,8,309.91,109.03,71.19,42.613,14.992,35.594,TP,11,0.021,0.075,0.078,0.018,-0.011,0.075
123,9,312.0,109.6,62.2,42.9,15.07,31.1,FP,,,,,,,
123,10,160.34,112.08,28.23,22.047,15.412,14.113,TP,10,0.319,1.098,1.144,-0.275,-0.162,-1.098
123,11,368.03,111.78,69.52,50.604,15.37,34.758,TP,9,0.229,3.827,3.834,0.227,-0.03,3.827
123,12,366.71,111.93,59.36,50.423,15.39,29.679,FP,,,,,,,
123,13,392.98,116.53,32.86,54.034,16.023,16.429,TP,12,0.26,0.449,0.519,0.241,0.099,0.449
123,14,250.38,123.07,45.97,34.427,16.922,22.983,TP,13,0.194,0.327,0.38,0.116,-0.155,-0.327
123,15,331.96,137.96,76.47,45.645,18.97,38.234,FP,,,,,,,
123,16,335.4,141.8,25.13,46.118,19.497,12.567,TP,15,0.3,1.438,1.468,-0.139,-0.265,-1.438
123,17,334.0,139.0,70.0,45.925,19.113,35.0,FP,,,,,,,
123,18,336.62,142.83,69.85,46.285,19.639,34.926,TP,16,0.539,4.314,4.348,-0.355,-0.405,-4.314
123,19,442.64,155.66,27.06,60.863,21.403,13.529,FP,,,,,,,
123,20,73.18,158.65,41.49,10.063,21.814,20.746,TP,18,0.06,0.725,0.728,0.011,0.059,-0.725
123,21,394.98,179.25,24.89,54.31,24.647,12.446,TP,20,0.06,0.551,0.554,-0.052,0.028,-0.551
123,22,279.14,191.47,56.96,38.382,26.327,28.481,TP,21,0.098,0.525,0.534,0.089,-0.042,0.525
123,23,56.77,204.93,1.91,7.805,28.178,0.957,TP,22,0.374,0.431,0.571,-0.354,0.121,0.431
123,24,120.19,223.31,40.06,16.526,30.705,20.031,FP,,,,,,,
123,25,121.93,224.93,33.71,16.765,30.928,16.853,TP,24,0.774,0.881,1.173,-0.477,-0.61,0.881
123,26,121.3,225.23,78.16,16.678,30.97,39.078,FP,,,,,,,
123,27,378.05,230.18,69.05,51.982,31.65,34.526,FP,,,,,,,
123,28,280.71,232.49,48.18,38.598,31.967,24.089,TP,25,0.116,1.054,1.061,-0.036,-0.11,1.054
123,29,376.43,232.21,45.42,51.759,31.928,22.711,TP,26,1.117,0.045,1.118,-1.117,-0.004,-0.045
123,30,394.12,232.18,45.63,54.192,31.925,22.816,FP,,,,,,,
123,31,59.84,240.48,82.32,8.228,33.066,41.16,TP,27,0.044,0.834,0.835,-0.042,0.014,-0.834
123,32,315.44,243.55,58.37,43.372,33.488,29.186,TP,28,0.095,0.566,0.574,-0.078,0.056,-0.566
123,33,64.42,245.67,83.71,8.857,33.779,41.854,FP,,,,,,,
123,34,295.09,248.96,17.81,40.574,34.232,8.907,FP,,,,,,,
123,35,409.11,250.48,69.16,56.252,34.442,34.581,TP,29,0.441,0.681,0.811,-0.078,-0.434,0.681
123,36,487.86,249.59,69.93,67.081,34.318,34.965,TP,30,0.282,2.556,2.571,-0.262,-0.103,2.556
123,37,45.1,252.7,32.88,6.201,34.747,16.439,TP,32,0.212,0.311,0.376,0.211,0.024,-0.311
123,38,412.02,259.08,69.33,56.653,35.623,34.663,FP,,,,,,,
123,39,203.38,265.29,10.37,27.965,36.478,5.183,TP,33,0.091,2.771,2.772,0.083,0.038,-2.771
123,40,289.51,304.19,3.27,39.808,41.826,1.635,TP,35,0.593,1.135,1.281,-0.461,-0.373,1.135
123,41,109.58,320.35,77.93,15.067,44.048,38.967,TP,36,0.471,0.816,0.942,-0.309,0.355,0.816
123,42,64.39,324.89,26.02,8.853,44.672,13.012,TP,37,0.596,1.954,2.043,0.448,0.394,1.954
123,43,215.52,320.14,56.92,29.633,44.019,28.462,TP,38,0.12,0.204,0.237,0.074,-0.095,-0.204
123,44,176.8,329.82,58.45,24.31,45.35,29.225,TP,41,0.259,0.171,0.311,0.258,-0.03,0.171
123,45,146.73,337.36,25.32,20.175,46.388,12.659,TP,40,0.303,1.341,1.375,0.017,0.302,-1.341
123,46,348.69,344.23,85.47,47.945,47.331,42.734,TP,42,0.281,2.149,2.167,0.28,0.011,-2.149
123,47,94.79,351.18,67.72,13.033,48.288,33.861,TP,43,0.137,0.548,0.565,0.071,-0.117,-0.548
123,48,323.08,423.68,70.1,44.423,58.256,35.049,TP,44,0.064,0.491,0.495,0.033,0.054,0.491
123,49,157.0,430.0,94.0,21.587,59.125,47.0,FP,,,,,,,
123,50,122.69,456.78,70.04,16.87,62.807,35.02,FP,,,,,,,
123,51,123.0,456.0,77.0,16.913,62.7,38.5,FP,,,,,,,
123,52,135.24,459.78,35.98,18.596,63.22,17.988,TP,46,0.299,0.069,0.307,0.277,0.112,0.069
123,53,448.45,476.97,88.36,61.661,65.584,44.182,TP,47,0.289,1.389,1.419,-0.275,-0.091,-1.389
123,,,,,51.842,5.656,0.741,FN,3,,,,,,
123,,,,,69.294,13.349,29.535,FN,6,,,,,,
123,,,,,68.31,13.491,10.507,FN,7,,,,,,
123,,,,,60.399,18.257,41.78,FN,14,,,,,,
123,,,,,60.634,21.298,8.186,FN,17,,,,,,
123,,,,,10.794,21.238,1.481,FN,19,,,,,,
123,,,,,0.199,28.376,32.357,FN,23,,,,,,
123,,,,,36.56,35.06,26.466,FN,31,,,,,,
123,,,,,13.058,37.254,38.558,FN,34,,,,,,
123,,,,,40.778,44.779,48.263,FN,39,,,,,,
123,,,,,66.754,59.738,48.31,FN,45,,,,,,
123,,,,,44.848,65.241,27.221,FN,48,,,,,,
13,0,331.79,13.33,72.26,45.621,1.833,36.128,TP,3,0.181,0.692,0.716,0.126,0.129,0.692
13,1,73.33,13.67,41.0,10.083,1.879,20.5,TP,2,0.295,0.757,0.812,0.053,0.29,0.757
13,2,425.83,39.9,8.69,58.551,5.486,4.345,TP,4,0.33,1.163,1.209,-0.116,0.309,1.163
13,3,35.76,69.69,56.04,4.917,9.583,28.022,TP,5,0.034,0.092,0.098,-0.031,-0.014,-0.092
13,4,427.86,97.96,66.5,58.83,13.469,33.249,TP,6,0.011,1.005,1.006,-0.009,-0.006,1.005
13,5,483.07,106.81,76.14,66.422,14.687,38.069,TP,7,0.355,0.289,0.458,-0.008,0.355,-0.289
13,6,213.62,133.04,34.43,29.373,18.293,17.214,TP,8,0.374,0.786,0.871,-0.3,-0.224,-0.786
13,7,111.35,151.02,23.23,15.31,20.765,11.613,TP,11,0.191,0.125,0.228,0.141,-0.128,0.125
13,8,494.66,163.48,75.82,68.016,22.478,37.912,TP,12,0.244,4.003,4.011,0.059,0.236,-4.003
13,9,405.72,171.79,47.44,55.786,23.62,23.721,TP,13,0.048,1.156,1.157,0.042,-0.024,1.156
13,10,287.76,204.72,2.82,39.567,28.149,1.412,TP,15,0.116,0.618,0.629,-0.116,-0.002,-0.618
13,11,461.17,204.49,74.19,63.411,28.117,37.095,TP,14,0.309,0.182,0.358,0.154,0.267,-0.182
13,12,339.51,217.71,81.86,46.683,29.936,40.929,FP,,,,,,,
13,13,294.8,231.57,17.2,40.535,31.841,8.6,FP,,,,,,,
13,14,295.45,233.29,6.23,40.625,32.077,3.113,TP,16,0.841,0.901,1.233,-0.257,-0.801,-0.901
13,15,44.45,259.36,57.39,6.112,35.663,28.694,TP,18,0.049,0.299,0.303,0.042,0.025,0.299
13,16,313.49,260.2,52.89,43.105,35.778,26.443,TP,19,0.191,0.674,0.7,-0.144,-0.125,0.674
13,17,364.71,267.47,2.35,50.147,36.777,1.176,TP,20,0.682,1.071,1.27,0.464,0.5,-1.071
13,18,107.5,280.07,49.21,14.781,38.51,24.607,TP,21,1.04,0.319,1.088,-0.727,-0.745,0.319
13,19,372.06,293.66,39.37,51.158,40.378,19.686,TP,22,0.027,1.066,1.067,0.023,-0.014,1.066
13,20,439.28,299.89,53.11,60.4,41.234,26.557,TP,23,0.116,0.168,0.204,0.07,0.093,-0.168
13,21,67.0,309.88,36.66,9.213,42.609,18.332,TP,25,0.873,0.238,0.905,-0.549,-0.679,0.238
13,22,440.66,317.47,87.11,60.591,43.652,43.555,TP,26,0.258,0.564,0.62,0.082,0.245,0.564
13,23,76.31,319.16,35.11,10.493,43.885,17.556,FP,,,,,,,
13,24,79.0,322.0,45.5,10.863,44.275,22.75,FP,,,,,,,
13,25,141.2,354.13,59.54,19.415,48.692,29.772,TP,27,0.045,0.059,0.074,0.038,-0.024,0.059
13,26,250.98,364.82,24.11,34.51,50.162,12.056,TP,29,0.062,1.173,1.174,-0.023,-0.057,1.173
13,27,252.5,365.0,18.5,34.719,50.188,9.25,FP,,,,,,,
13,28,303.55,379.71,33.52,41.739,52.21,16.759,TP,31,0.117,0.99,0.996,-0.006,-0.117,0.99
13,29,56.67,386.71,39.06,7.792,53.172,19.528,TP,32,0.118,0.99,0.997,-0.086,-0.08,0.99
13,30,231.68,386.46,42.55,31.856,53.138,21.274,TP,30,0.891,0.574,1.06,0.718,0.527,-0.574
13,31,184.57,443.5,33.84,25.378,60.981,16.922,TP,35,0.175,2.083,2.09,-0.003,-0.175,-2.083
13,32,193.91,447.11,68.7,26.663,61.478,34.348,TP,36,0.079,2.152,2.153,-0.018,-0.077,-2.152
13,33,360.76,449.27,84.04,49.604,61.775,42.022,TP,38,0.552,1.562,1.656,0.456,-0.311,1.562
13,34,113.99,453.5,49.74,15.674,62.356,24.87,TP,37,0.129,2.033,2.038,0.096,-0.085,2.033
13,35,473.41,472.15,61.63,65.093,64.921,30.816,TP,39,0.166,2.3,2.306,-0.104,0.129,2.3
13,36,467.04,478.41,78.75,64.218,65.781,39.374,TP,43,0.69,1.047,1.254,0.509,-0.466,-1.047
13,37,321.33,480.18,88.63,44.183,66.024,44.317,TP,44,0.376,0.635,0.738,-0.365,-0.09,0.635
13,38,323.36,481.45,1.19,44.462,66.2,0.595,TP,41,0.491,0.273,0.561,0.462,0.166,-0.273
13,39,379.74,485.25,31.35,52.215,66.722,15.676,TP,42,0.364,0.093,0.376,0.364,-0.014,0.093
13,40,396.17,496.67,76.95,54.474,68.292,38.474,TP,45,1.315,0.3,1.349,1.307,0.145,0.3
13,41,59.0,502.04,48.26,8.113,69.03,24.132,TP,48,0.264,0.698,0.747,-0.202,-0.171,0.698
13,42,176.69,502.06,57.48,24.295,69.033,28.74,TP,46,0.051,0.734,0.736,-0.021,-0.047,0.734
13,43,261.15,500.65,50.15,35.908,68.839,25.075,TP,47,0.157,2.159,2.165,-0.002,-0.157,2.159
13,,,,,55.996,0.859,8.32,FN,0,,,,,,
13,,,,,34.878,0.579,17.959,FN,1,,,,,,
13,,,,,16.878,18.952,35.668,FN,9,,,,,,
13,,,,,10.76,19.033,36.711,FN,10,,,,,,
13,,,,,40.604,31.971,47.199,FN,17,,,,,,
13,,,,,70.125,41.408,40.213,FN,24,,,,,,
13,,,,,22.081,48.978,46.491,FN,28,,,,,,
13,,,,,11.53,54.207,35.356,FN,33,,,,,,
13,,,,,66.723,53.676,48.308,FN,34,,,,,,
13,,,,,14.63,66.308,42.105,FN,40,,,,,,
13,,,,,47.59,69.794,19.472,FN,49,,,,,,
143,0,219.78,10.14,7.63,30.22,1.394,3.816,TP,1,0.353,2.889,2.91,-0.193,0.296,2.889
143,1,330.39,19.79,22.59,45.428,2.722,11.296,TP,2,0.114,1.147,1.153,0.114,0.005,1.147
143,2,19.7,39.48,71.4,2.709,5.429,35.698,TP,4,0.112,0.035,0.118,-0.071,0.087,-0.035
143,3,83.02,50.59,28.19,11.415,6.956,14.096,TP,5,0.173,0.417,0.451,-0.158,0.071,-0.417
143,4,458.19,51.77,50.78,63.001,7.119,25.39,TP,6,0.059,0.335,0.34,0.022,0.055,-0.335
143,5,171.11,64.81,68.93,23.528,8.912,34.466,TP,7,0.1,0.674,0.682,0.099,0.014,0.674
143,6,169.71,64.71,62.0,23.336,8.898,31.0,FP,,,,,,,
143,7,9.74,73.07,68.26,1.339,10.047,34.13,TP,8,0.113,3.188,3.19,0.113,-0.01,3.188
143,8,8.5,71.67,49.67,1.169,9.854,24.833,FP,,,,,,,
143,9,12.0,71.75,58.0,1.65,9.866,29.0,FP,,,,,,,
143,10,259.3,94.48,8.52,35.654,12.991,4.261,TP,9,0.299,0.074,0.308,-0.294,0.057,0.074
143,11,290.11,118.16,1.79,39.889,16.247,0.895,TP,10,0.935,1.282,1.586,-0.674,-0.648,-1.282
143,12,46.79,131.86,10.57,6.433,18.13,5.286,TP,11,0.353,1.501,1.542,0.03,0.352,1.501
143,13,329.37,141.0,8.49,45.289,19.388,4.243,TP,12,0.525,2.177,2.239,-0.083,0.519,-2.177
143,14,261.56,159.27,4.44,35.965,21.899,2.222,TP,13,0.192,1.778,1.788,-0.167,0.095,-1.778
143,15,262.56,159.56,37.89,36.101,21.939,18.944,FP,,,,,,,
143,16,176.29,172.28,59.11,24.24,23.688,29.557,TP,14,0.025,0.109,0.112,-0.0,0.025,0.109
143,17,81.04,184.37,3.76,11.142,25.35,1.881,FP,,,,,,,
143,18,386.5,183.0,17.5,53.144,25.163,8.75,TP,15,0.077,1.56,1.562,-0.01,-0.076,1.56
143,19,17.76,206.53,34.76,2.443,28.398,17.382,TP,18,0.124,1.403,1.408,-0.01,0.124,-1.403
143,20,19.85,207.06,39.89,2.73,28.47,19.944,FP,,,,,,,
143,21,24.0,210.0,41.0,3.3,28.875,20.5,FP,,,,,,,
143,22,444.06,225.4,93.6,61.058,30.993,46.8,FP,,,,,,,
143,23,157.36,225.18,24.09,21.638,30.963,12.045,TP,21,1.041,0.505,1.157,0.731,0.741,-0.505
143,24,217.14,233.27,35.45,29.857,32.074,17.727,TP,22,0.056,1.227,1.228,0.028,-0.048,1.227
143,25,188.73,250.41,85.28,25.951,34.431,42.639,FP,,,,,,,
143,26,412.26,252.92,36.35,56.686,34.777,18.174,TP,24,0.179,1.96,1.968,-0.129,-0.124,1.96
143,27,271.58,258.63,44.9,37.342,35.561,22.448,TP,25,0.031,0.73,0.731,-0.028,0.012,-0.73
143,28,189.28,261.18,78.39,26.026,35.912,39.195,TP,26,0.362,1.778,1.814,0.014,0.361,1.778
143,29,413.75,257.0,39.75,56.891,35.338,19.875,FP,,,,,,,
143,30,188.0,258.67,70.67,25.85,35.567,35.333,FP,,,,,,,
143,31,434.37,275.15,51.57,59.726,37.833,25.787,TP,27,0.16,0.44,0.469,0.021,0.159,-0.44
143,32,437.53,280.1,69.45,60.16,38.514,34.724,FP,,,,,,,
143,33,498.37,292.67,79.3,68.526,40.242,39.651,TP,29,0.349,2.788,2.81,-0.228,-0.264,2.788
143,34,64.51,304.25,10.22,8.87,41.835,5.109,TP,31,0.824,2.428,2.564,-0.81,-0.149,-2.428
143,35,101.61,335.12,15.58,13.971,46.079,7.789,TP,32,0.073,0.178,0.193,0.008,0.073,0.178
143,36,238.73,350.8,3.5,32.825,48.235,1.75,TP,33,0.38,2.149,2.183,0.269,0.268,-2.149
143,37,291.71,377.46,3.87,40.11,51.9,1.937,TP,34,0.228,0.208,0.309,-0.053,-0.222,0.208
143,38,291.84,386.33,23.51,40.127,53.12,11.753,FP,,,,,,,
143,39,35.59,417.93,87.28,4.894,57.466,43.642,TP,35,0.191,0.375,0.421,-0.176,-0.074,-0.375
143,40,148.45,419.2,29.38,20.412,57.64,14.69,TP,36,0.077,1.08,1.083,0.067,-0.037,-1.08
143,41,295.11,446.17,75.77,40.577,61.349,37.885,TP,38,0.46,0.626,0.777,0.235,0.395,0.626
143,42,94.39,450.51,74.5,12.979,61.945,37.252,TP,39,0.099,0.77,0.777,0.035,0.092,0.77
143,43,346.12,456.31,1.8,47.592,62.743,0.899,TP,40,0.212,0.399,0.452,-0.131,0.167,0.399
143,44,436.88,468.03,24.32,60.071,64.354,12.16,TP,42,0.222,0.547,0.59,-0.21,-0.073,0.547
143,45,463.52,470.06,86.26,63.735,64.634,43.129,TP,41,0.617,2.429,2.506,-0.17,0.593,-2.429
143,46,455.94,474.48,53.71,62.691,65.24,26.857,TP,43,0.2,0.484,0.524,-0.159,0.122,0.484
143,47,251.44,487.0,84.89,34.574,66.963,42.444,FP,,,,,,,
143,48,262.75,493.6,75.43,36.128,67.87,37.715,TP,44,0.719,1.5,1.664,0.538,0.477,1.5
143,49,483.76,492.23,76.68,66.517,67.681,38.342,TP,47,0.453,0.034,0.455,0.369,-0.264,-0.034
143,50,175.64,493.64,34.71,24.151,67.876,17.357,TP,45,0.106,2.643,2.645,-0.01,-0.106,-2.643
143,51,175.96,494.35,40.05,24.195,67.973,20.027,FP,,,,,,,
143,52,480.0,496.0,71.0,66.0,68.2,35.5,FP,,,,,,,
143,,,,,7.421,0.836,17.5,FN,0,,,,,,
143,,,,,12.926,5.75,32.089,FN,3,,,,,,
143,,,,,11.548,25.574,6.86,FN,16,,,,,,
143,,,,,17.128,27.066,6.677,FN,17,,,,,,
143,,,,,41.866,29.556,48.361,FN,19,,,,,,
143,,,,,63.217,28.293,48.018,FN,20,,,,,,
143,,,,,55.964,32.674,22.258,FN,23,,,,,,
143,,,,,68.265,39.359,48.27,FN,28,,,,,,
143,,,,,19.559,39.806,47.25,FN,30,,,,,,
143,,,,,15.662,61.06,5.0,FN,37,,,,,,
143,,,,,29.245,68.141,12.102,FN,46,,,,,,
143,,,,,66.83,69.166,3.388,FN,48,,,,,,
148,0,106.91,11.63,33.91,14.701,1.599,16.954,TP,0,0.145,0.525,0.545,-0.081,-0.12,-0.525
148,1,276.36,18.71,46.77,37.999,2.573,23.386,TP,1,0.221,0.88,0.907,0.06,0.212,0.88
148,2,422.98,20.64,39.79,58.16,2.838,19.894,TP,2,0.145,1.038,1.048,0.078,-0.122,1.038
148,3,316.35,27.35,77.97,43.498,3.76,38.987,TP,3,0.258,1.151,1.18,-0.138,-0.218,-1.151
148,4,74.15,41.19,1.76,10.196,5.663,0.881,TP,4,0.461,0.33,0.567,-0.319,0.332,-0.33
148,5,335.85,56.29,29.7,46.179,7.74,14.848,TP,5,0.155,0.287,0.326,0.026,0.152,-0.287
148,6,507.34,62.31,33.65,69.76,8.568,16.823,TP,7,0.063,1.566,1.568,0.061,0.015,-1.566
148,7,439.73,65.7,36.23,60.463,9.033,18.117,TP,6,0.056,0.074,0.092,-0.054,0.013,0.074
148,8,317.67,73.33,38.42,43.679,10.083,19.208,FP,,,,,,,
148,9,319.78,75.89,7.54,43.969,10.435,3.771,TP,9,0.258,3.315,3.325,-0.052,0.253,-3.315
148,10,320.0,73.5,35.0,44.0,10.106,17.5,FP,,,,,,,
148,11,313.87,92.03,69.13,43.157,12.654,34.565,FP,,,,,,,
148,12,481.79,86.88,3.74,66.246,11.947,1.872,TP,10,0.178,0.277,0.329,0.003,0.178,-0.277
148,13,376.72,113.32,76.64,51.799,15.582,38.32,TP,12,0.74,2.824,2.919,0.739,0.049,-2.824
148,14,343.1,119.14,8.85,47.176,16.381,4.424,TP,13,0.259,2.72,2.732,0.256,0.042,-2.72
148,15,238.44,130.26,70.76,32.786,17.911,35.382,TP,14,0.317,4.395,4.406,-0.095,-0.303,-4.395
148,16,394.17,178.33,53.85,54.198,24.521,26.926,TP,15,0.106,0.318,0.335,-0.035,0.099,-0.318
148,17,192.63,181.7,68.27,26.486,24.984,34.135,TP,17,0.146,1.857,1.863,-0.074,0.126,1.857
148,18,441.58,186.69,65.08,60.717,25.669,32.541,TP,19,0.063,0.05,0.081,0.024,0.059,0.05
148,19,9.15,188.52,83.18,1.258,25.922,41.592,TP,16,0.48,1.408,1.487,0.204,0.435,-1.408
148,20,291.18,191.09,3.88,40.037,26.275,1.942,TP,18,0.321,0.54,0.628,-0.038,0.319,-0.54
148,21,64.39,193.63,73.15,8.853,26.625,36.575,TP,20,0.167,1.919,1.926,0.102,-0.131,1.919
148,22,490.14,232.52,30.94,67.395,31.971,15.471,TP,22,0.31,2.204,2.226,-0.282,0.129,2.204
148,23,425.82,274.6,36.99,58.55,37.758,18.496,TP,23,0.052,0.085,0.099,0.041,0.032,0.085
148,24,203.87,290.77,11.69,28.032,39.981,5.844,TP,27,0.214,1.944,1.956,0.092,-0.193,-1.944
148,25,450.32,289.7,2.88,61.919,39.834,1.439,TP,28,0.262,0.019,0.263,-0.142,-0.22,0.019
148,26,13.08,293.43,34.05,1.798,40.347,17.023,TP,26,0.271,2.477,2.492,-0.113,0.246,-2.477
148,27,229.99,296.27,47.2,31.624,40.737,23.601,TP,29,0.165,0.095,0.19,-0.16,0.042,0.095
148,28,334.71,315.43,2.46,46.023,43.371,1.23,TP,30,0.38,0.451,0.59,-0.366,0.103,0.451
148,29,99.33,336.71,80.2,13.659,46.297,40.101,TP,32,0.379,0.372,0.531,0.277,-0.259,0.372
148,30,56.19,352.29,69.95,7.726,48.44,34.973,TP,33,0.073,0.28,0.29,0.061,-0.04,0.28
148,31,56.67,352.56,62.0,7.792,48.476,31.0,FP,,,,,,,
148,32,291.71,352.53,69.36,40.111,48.473,34.679,FP,,,,,,,
148,33,290.75,353.89,55.99,39.978,48.659,27.997,TP,34,0.14,1.225,1.233,-0.06,0.126,-1.225
148,34,260.51,377.49,73.73,35.82,51.905,36.863,TP,36,0.407,0.607,0.731,0.36,-0.191,-0.607
148,35,64.13,405.84,75.16,8.817,55.803,37.579,TP,41,0.401,4.195,4.214,0.395,0.067,4.195
148,36,61.6,400.8,70.0,8.47,55.11,35.0,FP,,,,,,,
148,37,64.68,407.34,59.4,8.893,56.009,29.7,FP,,,,,,,
148,38,75.27,413.5,69.32,10.35,56.856,34.659,TP,42,0.131,1.099,1.107,0.072,0.11,1.099
148,39,457.72,425.45,68.44,62.936,58.499,34.22,TP,43,0.345,2.535,2.559,0.162,0.304,2.535
148,40,309.64,426.57,4.71,42.575,58.654,2.357,TP,45,0.031,3.555,3.555,-0.029,0.011,-3.555
148,41,143.2,446.11,70.87,19.691,61.341,35.435,TP,46,0.134,0.562,0.578,0.129,0.034,0.562
148,42,144.0,445.0,76.0,19.8,61.188,38.0,FP,,,,,,,
148,43,143.0,446.5,76.0,19.663,61.394,38.0,FP,,,,,,,
148,44,285.81,464.75,42.56,39.299,63.903,21.282,TP,47,0.052,0.871,0.872,-0.016,0.05,-0.871
148,45,393.27,493.98,31.15,54.075,67.922,15.574,TP,49,0.259,2.566,2.579,0.076,-0.248,2.566
148,,,,,16.463,10.226,48.792,FN,8,,,,,,
148,,,,,43.116,12.584,18.248,FN,11,,,,,,
148,,,,,10.857,29.104,45.056,FN,21,,,,,,
148,,,,,50.46,37.873,47.08,FN,24,,,,,,
148,,,,,34.891,37.845,38.945,FN,25,,,,,,
148,,,,,31.906,45.068,7.443,FN,31,,,,,,
148,,,,,33.35,49.336,46.339,FN,35,,,,,,
148,,,,,65.0,53.094,10.0,FN,37,,,,,,
148,,,,,8.064,53.998,41.481,FN,38,,,,,,
148,,,,,62.863,53.669,48.771,FN,39,,,,,,
148,,,,,14.557,55.395,37.533,FN,40,,,,,,
148,,,,,63.264,57.886,11.861,FN,44,,,,,,
148,,,,,28.848,67.032,48.912,FN,48,,,,,,
149,0,467.83,6.97,26.17,64.327,0.959,13.083,TP,1,0.457,3.237,3.269,0.271,0.368,3.237
149,1,318.27,15.67,14.06,43.763,2.154,7.03,TP,2,0.26,0.756,0.799,0.143,0.217,0.756
149,2,179.46,43.9,80.89,24.676,6.036,40.447,TP,5,0.158,2.75,2.754,0.103,-0.12,-2.75
149,3,283.14,44.76,83.34,38.932,6.154,41.669,TP,4,0.167,2.077,2.083,0.105,-0.13,-2.077
149,4,405.31,53.93,22.0,55.73,7.416,10.998,TP,6,0.15,1.338,1.346,-0.018,0.149,1.338
149,5,48.63,65.48,24.15,6.686,9.003,12.073,TP,7,0.075,0.333,0.342,0.015,-0.074,0.333
149,6,32.6,70.8,42.8,4.483,9.735,21.4,FP,,,,,,,
149,7,26.6,75.58,27.28,3.658,10.393,13.641,TP,9,0.234,0.238,0.334,-0.234,-0.004,0.238
149,8,155.32,77.15,23.68,21.357,10.608,11.84,TP,8,0.455,2.463,2.504,0.154,0.428,-2.463
149,9,117.44,79.64,50.42,16.149,10.95,25.21,TP,10,0.056,0.536,0.539,0.046,0.033,0.536
149,10,86.55,87.75,33.11,11.901,12.066,16.554,TP,11,0.211,0.709,0.74,0.119,-0.175,-0.709
149,11,505.53,99.86,73.14,69.51,13.731,36.568,TP,12,0.253,0.064,0.261,-0.251,0.035,0.064
149,12,200.53,112.63,39.36,27.573,15.487,19.678,TP,13,0.162,0.708,0.726,-0.147,-0.067,0.708
149,13,69.12,125.15,74.18,9.504,17.208,37.088,TP,14,0.379,3.113,3.136,0.268,0.269,3.113
149,14,67.0,129.0,71.0,9.213,17.738,35.5,FP,,,,,,,
149,15,336.23,140.79,17.16,46.232,19.359,8.578,TP,17,0.202,0.76,0.786,-0.15,0.136,0.76
149,16,20.02,189.09,63.53,2.752,25.999,31.766,TP,19,0.208,1.021,1.042,0.197,-0.069,1.021
149,17,56.64,194.3,70.32,7.788,26.716,35.16,FP,,,,,,,
149,18,245.82,195.51,24.25,33.8,26.882,12.124,TP,20,0.157,1.279,1.288,0.151,-0.044,-1.279
149,19,352.46,200.07,75.92,48.463,27.51,37.958,TP,22,0.145,1.521,1.528,0.011,0.145,1.521
149,20,113.86,199.85,84.9,15.656,27.48,42.451,TP,21,0.369,0.994,1.06,-0.32,0.184,-0.994
149,21,246.05,209.57,49.3,33.831,28.816,24.65,TP,23,0.15,1.035,1.045,0.107,0.105,1.035
149,22,266.2,221.02,56.28,36.602,30.39,28.141,TP,24,0.186,0.541,0.573,-0.173,0.068,0.541
149,23,177.82,234.17,52.68,24.45,32.199,26.341,TP,25,0.141,0.419,0.442,0.008,-0.141,0.419
149,24,314.0,257.33,46.67,43.175,35.383,23.333,TP,26,0.449,0.031,0.45,-0.288,-0.344,0.031
149,25,315.0,259.0,47.0,43.312,35.612,23.5,FP,,,,,,,
149,26,112.02,263.23,58.14,15.402,36.194,29.069,TP,27,0.111,0.667,0.676,0.084,0.073,-0.667
149,27,341.28,264.53,57.82,46.925,36.373,28.911,TP,28,0.211,0.377,0.432,0.211,0.016,-0.377
149,28,433.22,278.15,57.48,59.568,38.246,28.741,TP,30,0.072,0.158,0.173,-0.024,-0.068,-0.158
149,29,25.59,302.66,88.84,3.519,41.616,44.419,TP,33,0.143,0.923,0.934,0.131,0.056,0.923
149,30,299.13,306.67,55.76,41.13,42.167,27.882,TP,34,0.112,0.583,0.593,-0.084,0.073,-0.583
149,31,299.67,305.33,70.0,41.204,41.983,35.0,FP,,,,,,,
149,32,183.35,318.34,86.1,25.211,43.772,43.051,TP,35,0.128,1.069,1.076,0.051,0.118,1.069
149,33,56.67,372.81,70.02,7.793,51.261,35.012,TP,38,0.145,1.221,1.23,0.131,0.063,1.221
149,34,56.33,373.67,61.0,7.746,51.379,30.5,FP,,,,,,,
149,35,137.82,381.64,38.36,18.95,52.475,19.182,TP,40,0.81,0.247,0.847,-0.425,-0.69,0.247
149,36,280.46,387.9,49.67,38.563,53.336,24.836,TP,42,0.272,0.211,0.344,0.211,0.171,-0.211
149,37,91.73,392.75,21.5,12.613,54.003,10.748,TP,41,0.527,0.386,0.653,0.257,0.461,-0.386
149,38,442.25,398.92,27.11,60.81,54.851,13.556,TP,43,0.059,1.144,1.145,0.043,0.04,-1.144
149,39,152.67,420.71,78.56,20.992,57.848,39.28,TP,44,0.689,1.599,1.741,0.51,0.464,-1.599
149,40,458.25,447.79,83.1,63.01,61.571,41.551,TP,45,0.138,0.439,0.46,0.057,-0.126,0.439
149,41,79.59,449.85,32.78,10.943,61.854,16.388,TP,46,0.569,0.888,1.055,0.569,-0.008,0.888
149,42,82.06,452.05,22.73,11.283,62.156,11.363,FP,,,,,,,
149,43,73.69,464.49,70.06,10.133,63.867,35.028,TP,48,0.385,3.211,3.234,-0.222,-0.314,-3.211
149,44,444.09,479.93,50.95,61.063,65.991,25.476,TP,49,0.078,0.261,0.272,-0.077,0.009,0.261
149,,,,,39.91,0.685,16.5,FN,0,,,,,,
149,,,,,23.668,4.717,46.44,FN,3,,,,,,
149,,,,,57.869,17.307,25.247,FN,15,,,,,,
149,,,,,15.403,19.22,32.579,FN,16,,,,,,
149,,,,,7.984,26.412,42.668,FN,18,,,,,,
149,,,,,0.509,37.566,9.112,FN,29,,,,,,
149,,,,,49.401,37.498,26.474,FN,31,,,,,,
149,,,,,64.033,39.294,45.16,FN,32,,,,,,
149,,,,,38.565,46.409,47.887,FN,36,,,,,,
149,,,,,56.08,49.052,0.5,FN,37,,,,,,
149,,,,,53.276,52.215,31.401,FN,39,,,,,,
149,,,,,10.953,62.526,6.298,FN,47,,,,,,
15,0,356.04,25.06,43.56,48.956,3.446,21.779,TP,0,0.159,0.668,0.687,0.057,0.148,0.668
15,1,95.81,40.15,33.62,13.174,5.52,16.809,TP,2,0.167,2.153,2.159,-0.166,0.022,-2.153
15,2,95.0,40.0,39.5,13.062,5.5,19.75,FP,,,,,,,
15,3,141.2,55.6,57.4,19.415,7.645,28.7,FP,,,,,,,
15,4,140.08,56.75,60.42,19.261,7.803,30.208,FP,,,,,,,
15,5,447.38,63.39,90.43,61.515,8.715,45.217,TP,5,0.319,0.8,0.862,0.032,-0.318,-0.8
15,6,153.88,68.2,53.32,21.158,9.378,26.662,TP,4,0.941,0.456,1.046,0.688,0.642,-0.456
15,7,258.34,73.01,69.2,35.522,10.039,34.6,TP,6,0.403,0.952,1.034,0.349,0.202,-0.952
15,8,57.05,101.27,49.57,7.845,13.924,24.786,TP,8,0.029,0.221,0.223,0.027,-0.011,-0.221
15,9,391.84,99.96,8.77,53.877,13.744,4.384,TP,7,0.413,0.892,0.983,-0.378,-0.167,-0.892
15,10,388.72,103.79,2.56,53.449,14.272,1.282,FP,,,,,,,
15,11,22.67,110.93,71.6,3.118,15.254,35.8,TP,10,0.109,0.336,0.353,0.055,-0.094,0.336
15,12,152.39,121.05,24.04,20.954,16.645,12.018,TP,11,0.309,0.992,1.039,-0.246,-0.187,0.992
15,13,324.53,147.34,27.17,44.623,20.26,13.586,TP,13,0.721,0.322,0.79,0.339,0.636,0.322
15,14,475.38,138.38,41.62,65.364,19.027,20.812,TP,12,0.454,0.066,0.459,0.434,0.134,-0.066
15,15,323.73,147.93,39.67,44.513,20.341,19.833,FP,,,,,,,
15,16,466.36,163.18,36.01,64.124,22.437,18.007,TP,16,0.505,1.103,1.213,-0.439,-0.251,-1.103
15,17,393.46,168.04,54.54,54.101,23.105,27.27,TP,17,0.211,0.058,0.218,-0.196,-0.077,-0.058
15,18,162.78,182.02,3.42,22.382,25.028,1.708,TP,18,0.264,0.983,1.018,0.216,-0.152,0.983
15,19,152.91,201.85,77.65,21.025,27.754,38.824,TP,19,0.062,0.941,0.943,-0.025,0.057,0.941
15,20,79.72,206.2,86.02,10.962,28.353,43.011,TP,20,0.278,1.855,1.876,-0.016,0.278,1.855
15,21,56.14,209.39,18.26,7.719,28.791,9.129,TP,21,0.088,0.641,0.647,0.069,-0.055,0.641
15,22,14.74,224.86,55.47,2.027,30.919,27.737,TP,22,0.195,0.907,0.928,0.173,0.089,0.907
15,23,297.22,227.79,90.85,40.868,31.321,45.424,TP,23,0.059,2.088,2.089,0.045,-0.038,2.088
15,24,483.19,231.86,57.92,66.439,31.881,28.961,TP,24,0.061,0.651,0.654,-0.011,0.06,0.651
15,25,184.57,287.71,68.16,25.379,39.56,34.078,TP,26,0.094,1.82,1.822,-0.017,0.092,1.82
15,26,184.18,287.54,61.28,25.325,39.537,30.639,FP,,,,,,,
15,27,44.53,292.54,77.76,6.123,40.224,38.88,TP,28,0.326,1.265,1.307,-0.324,0.035,-1.265
15,28,46.08,292.68,84.88,6.336,40.243,42.44,FP,,,,,,,
15,29,56.6,312.4,58.03,7.782,42.955,29.017,TP,29,0.208,0.966,0.988,0.038,0.205,-0.966
15,30,58.37,315.1,65.65,8.026,43.326,32.827,FP,,,,,,,
15,31,455.02,319.3,84.71,62.565,43.903,42.354,TP,30,0.224,1.524,1.54,-0.008,0.224,1.524
15,32,373.54,340.48,21.78,51.362,46.815,10.892,TP,32,0.061,0.616,0.619,0.02,-0.058,0.616
15,33,122.41,353.46,25.26,16.831,48.601,12.628,TP,33,0.464,1.673,1.736,-0.347,-0.307,1.673
15,34,123.1,352.8,64.2,16.926,48.51,32.1,FP,,,,,,,
15,35,5.53,377.12,2.18,0.76,51.854,1.088,TP,36,0.764,0.845,1.139,-0.585,-0.492,-0.845
15,36,133.27,381.64,93.91,18.325,52.475,46.955,FP,,,,,,,
15,37,266.66,399.98,68.52,36.666,54.998,34.259,TP,39,0.351,2.085,2.115,-0.004,0.351,2.085
15,38,266.67,398.33,60.0,36.667,54.771,30.0,FP,,,,,,,
15,39,427.7,418.2,58.79,58.809,57.502,29.395,TP,40,0.126,0.328,0.351,-0.038,0.12,0.328
15,40,109.76,420.82,33.12,15.092,57.862,16.561,TP,42,0.24,2.191,2.205,0.124,-0.205,-2.191
15,41,213.55,422.09,1.5,29.363,58.038,0.75,TP,41,0.216,0.25,0.33,-0.2,0.081,-0.25
15,42,34.16,426.57,1.99,4.697,58.653,0.993,TP,43,0.334,2.957,2.976,-0.045,0.331,-2.957
15,43,169.48,457.65,24.57,23.303,62.927,12.283,TP,44,0.465,2.88,2.918,-0.367,-0.285,2.88
15,44,195.32,458.45,55.69,26.856,63.037,27.847,TP,45,0.152,0.602,0.621,-0.074,0.133,0.602
15,45,55.74,486.9,79.46,7.664,66.949,39.73,TP,47,0.166,0.006,0.166,0.1,0.133,-0.006
15,46,208.73,495.53,2.62,28.7,68.136,1.308,FP,,,,,,,
15,,,,,2.408,6.033,26.125,FN,1,,,,,,
15,,,,,22.734,6.712,46.318,FN,3,,,,,,
15,,,,,28.275,15.48,48.757,FN,9,,,,,,
15,,,,,45.041,21.048,15.065,FN,14,,,,,,
15,,,,,61.576,22.386,46.28,FN,15,,,,,,
15,,,,,35.853,35.653,48.867,FN,25,,,,,,
15,,,,,64.492,41.499,39.388,FN,27,,,,,,
15,,,,,13.269,45.374,7.668,FN,31,,,,,,
15,,,,,22.63,50.157,16.718,FN,34,,,,,,
15,,,,,1.151,52.62,40.285,FN,35,,,,,,
15,,,,,19.318,53.622,38.349,FN,37,,,,,,
15,,,,,27.146,54.403,27.494,FN,38,,,,,,
15,,,,,29.133,66.892,11.411,FN,46,,,,,,
15,,,,,27.815,68.048,6.5,FN,48,,,,,,
151,0,293.09,32.95,24.4,40.299,4.53,12.202,TP,0,0.058,0.917,0.918,0.036,-0.045,-0.917
151,1,30.03,35.94,32.18,4.129,4.942,16.091,TP,2,0.027,0.026,0.037,0.008,0.026,0.026
151,2,135.64,63.99,84.73,18.651,8.799,42.364,TP,4,0.547,0.875,1.032,0.54,0.084,0.875
151,3,208.09,65.04,6.72,28.612,8.943,3.358,TP,5,0.183,2.722,2.728,-0.021,0.182,-2.722
151,4,207.5,63.0,38.0,28.531,8.663,19.0,FP,,,,,,,
151,5,409.66,107.67,37.45,56.329,14.804,18.723,TP,7,0.065,0.232,0.241,-0.062,-0.021,0.232
151,6,208.65,124.92,90.8,28.689,17.176,45.402,TP,9,0.221,1.431,1.448,0.199,-0.096,1.431
151,7,132.66,134.63,56.75,18.241,18.512,28.377,TP,10,0.252,0.729,0.772,-0.159,0.196,0.729
151,8,200.17,169.92,63.56,27.524,23.365,31.782,TP,13,0.138,0.672,0.686,0.09,0.105,0.672
151,9,123.06,183.79,79.42,16.921,25.271,39.71,TP,15,0.402,3.62,3.642,-0.366,0.166,3.62
151,10,365.19,198.62,59.28,50.214,27.31,29.638,TP,16,0.021,0.058,0.062,0.01,-0.018,0.058
151,11,456.79,203.26,81.91,62.809,27.948,40.956,TP,17,0.12,0.069,0.139,-0.063,0.102,-0.069
151,12,284.22,210.3,85.83,39.081,28.917,42.917,TP,18,0.156,0.825,0.839,0.08,0.134,-0.825
151,13,44.2,225.35,88.18,6.078,30.986,44.092,TP,20,0.288,0.617,0.681,0.286,0.036,0.617
151,14,443.27,230.1,24.17,60.95,31.638,12.083,TP,22,0.154,0.417,0.445,-0.032,0.151,-0.417
151,15,296.09,282.18,1.74,40.712,38.8,0.868,TP,26,0.497,1.916,1.979,-0.497,0.008,-1.916
151,16,34.48,288.19,70.33,4.741,39.625,35.167,TP,27,0.305,3.59,3.603,-0.073,0.296,3.59
151,17,478.75,300.68,74.16,65.828,41.344,37.079,TP,28,0.23,1.153,1.176,0.157,0.169,-1.153
151,18,501.58,301.18,35.83,68.967,41.413,17.914,TP,30,0.142,0.949,0.96,-0.14,0.023,-0.949
151,19,239.85,307.67,45.96,32.98,42.305,22.982,TP,31,0.021,0.31,0.311,0.008,-0.02,0.31
151,20,451.47,319.64,22.56,62.077,43.951,11.281,TP,33,0.361,0.985,1.049,-0.347,-0.1,0.985
151,21,373.49,330.0,25.99,51.355,45.375,12.995,TP,34,0.06,0.872,0.874,-0.015,0.058,-0.872
151,22,190.94,333.68,70.64,26.255,45.881,35.318,TP,35,0.125,1.17,1.176,-0.065,0.107,1.17
151,23,99.15,336.76,3.27,13.633,46.304,1.633,TP,36,0.162,0.48,0.507,-0.161,-0.02,-0.48
151,24,119.42,344.05,23.78,16.421,47.308,11.891,TP,38,0.193,1.161,1.177,-0.135,-0.138,1.161
151,25,489.1,360.64,2.24,67.251,49.588,1.121,TP,40,0.451,1.894,1.947,0.413,0.18,-1.894
151,26,356.5,387.0,16.97,49.019,53.213,8.484,TP,41,0.068,2.724,2.724,0.068,-0.01,2.724
151,27,130.34,408.59,70.0,17.922,56.181,35.0,FP,,,,,,,
151,28,130.38,408.89,54.93,17.928,56.222,27.465,TP,43,0.114,4.069,4.07,-0.072,-0.088,4.069
151,29,306.88,428.82,75.68,42.195,58.963,37.84,TP,44,0.37,3.814,3.832,-0.173,0.327,-3.814
151,30,307.0,426.0,86.0,42.213,58.575,43.0,FP,,,,,,,
151,31,120.19,445.05,35.19,16.527,61.194,17.594,TP,46,0.093,0.146,0.173,-0.07,-0.062,-0.146
151,32,120.02,445.01,78.98,16.503,61.189,39.488,FP,,,,,,,
151,33,279.52,449.97,69.48,38.434,61.871,34.738,TP,45,0.362,2.195,2.224,0.355,-0.074,2.195
151,34,278.4,450.2,58.0,38.28,61.903,29.0,FP,,,,,,,
151,35,297.74,456.4,13.32,40.939,62.755,6.66,TP,47,0.445,1.712,1.769,-0.401,-0.194,1.712
151,36,154.31,460.73,57.1,21.217,63.351,28.55,TP,48,0.082,1.083,1.086,0.018,-0.08,1.083
151,37,145.35,503.7,1.48,19.986,69.259,0.74,TP,49,0.376,0.821,0.903,-0.372,0.059,-0.821
151,,,,,34.479,5.484,3.84,FN,1,,,,,,
151,,,,,20.933,7.935,48.5,FN,3,,,,,,
151,,,,,27.114,12.392,34.5,FN,6,,,,,,
151,,,,,20.119,16.757,47.864,FN,8,,,,,,
151,,,,,24.71,18.536,0.644,FN,11,,,,,,
151,,,,,35.516,20.249,10.303,FN,12,,,,,,
151,,,,,35.399,24.419,40.243,FN,14,,,,,,
151,,,,,12.424,29.833,30.995,FN,19,,,,,,
151,,,,,42.189,31.381,4.602,FN,21,,,,,,
151,,,,,36.248,31.757,33.539,FN,23,,,,,,
151,,,,,39.718,34.059,12.238,FN,24,,,,,,
151,,,,,49.263,34.601,38.199,FN,25,,,,,,
151,,,,,1.555,41.559,5.0,FN,29,,,,,,
151,,,,,4.694,43.42,0.746,FN,32,,,,,,
151,,,,,52.576,47.203,24.926,FN,37,,,,,,
151,,,,,62.787,47.801,44.47,FN,39,,,,,,
151,,,,,27.013,56.438,42.836,FN,42,,,,,,
154,0,408.73,2.18,70.46,56.2,0.299,35.23,TP,0,0.241,2.973,2.983,0.055,-0.234,2.973
154,1,45.4,16.02,8.88,6.242,2.202,4.442,TP,2,0.225,1.982,1.994,-0.005,0.225,1.982
154,2,229.21,17.8,32.88,31.517,2.447,16.438,TP,5,0.128,0.325,0.349,-0.123,0.036,-0.325
154,3,318.55,17.27,70.68,43.801,2.374,35.338,TP,4,0.176,0.618,0.642,0.141,0.105,0.618
154,4,427.21,59.38,27.18,58.742,8.165,13.59,TP,6,0.092,2.299,2.3,-0.072,0.058,2.299
154,5,319.71,58.71,18.6,43.961,8.072,9.298,TP,7,0.068,0.069,0.097,-0.021,0.064,-0.069
154,6,377.26,63.9,80.67,51.874,8.786,40.333,FP,,,,,,,
154,7,165.26,75.98,58.05,22.723,10.447,29.026,TP,10,0.027,1.026,1.026,0.005,-0.027,1.026
154,8,375.43,82.42,3.02,51.621,11.332,1.511,TP,9,0.085,0.366,0.376,0.085,-0.001,0.366
154,9,202.81,88.36,54.27,27.886,12.149,27.137,TP,11,0.103,0.348,0.363,-0.08,0.066,0.348
154,10,202.57,88.77,69.06,27.854,12.205,34.532,FP,,,,,,,
154,11,8.91,94.6,48.49,1.225,13.007,24.244,TP,12,0.192,1.507,1.52,-0.188,0.035,-1.507
154,12,17.53,94.2,68.6,2.411,12.952,34.3,FP,,,,,,,
154,13,368.43,125.4,88.91,50.66,17.242,44.455,TP,13,0.531,0.651,0.84,0.289,-0.445,0.651
154,14,484.6,136.43,71.75,66.633,18.759,35.876,TP,14,0.094,0.672,0.679,0.086,0.038,-0.672
154,15,51.41,193.5,41.55,7.069,26.607,20.776,TP,19,0.088,1.24,1.243,0.086,-0.018,1.24
154,16,100.31,200.17,82.5,13.793,27.523,41.25,TP,20,0.248,2.507,2.519,0.192,0.156,2.507
154,17,136.05,217.73,83.61,18.708,29.938,41.805,TP,23,0.051,0.755,0.757,-0.05,-0.011,0.755
154,18,322.94,218.31,34.22,44.404,30.017,17.109,TP,22,0.035,0.502,0.504,0.015,-0.032,0.502
154,19,164.73,242.55,34.03,22.65,33.351,17.013,TP,24,0.157,0.456,0.482,0.142,0.067,-0.456
154,20,388.1,250.87,27.92,53.364,34.495,13.959,TP,26,0.222,0.329,0.397,-0.192,-0.111,0.329
154,21,337.54,280.84,88.26,46.412,38.615,44.128,TP,27,0.092,3.03,3.032,-0.085,-0.035,3.03
154,22,295.42,286.93,34.98,40.621,39.453,17.489,TP,29,0.358,0.056,0.362,-0.287,-0.214,0.056
154,23,235.91,321.33,76.19,32.437,44.183,38.093,TP,31,0.247,1.522,1.542,0.212,0.127,-1.522
154,24,233.86,335.28,48.14,32.156,46.1,24.069,FP,,,,,,,
154,25,247.13,340.0,18.92,33.981,46.75,9.459,TP,32,0.284,1.249,1.281,-0.283,-0.025,1.249
154,26,215.46,378.65,56.68,29.625,52.065,28.341,TP,33,0.147,0.372,0.4,-0.002,-0.147,-0.372
154,27,424.78,379.19,69.2,58.407,52.139,34.599,TP,34,0.154,0.171,0.23,0.001,-0.154,-0.171
154,28,424.5,380.5,62.0,58.369,52.319,31.0,FP,,,,,,,
154,29,426.69,385.44,69.8,58.67,52.998,34.901,FP,,,,,,,
154,30,80.2,405.43,60.93,11.027,55.746,30.463,TP,35,0.072,0.048,0.086,0.037,-0.062,-0.048
154,31,414.82,417.34,69.33,57.038,57.384,34.666,TP,37,0.164,0.338,0.376,0.092,-0.136,0.338
154,32,417.0,417.5,58.0,57.338,57.406,29.0,FP,,,,,,,
154,33,20.94,428.47,56.56,2.879,58.915,28.28,TP,39,0.064,0.086,0.107,0.039,0.05,0.086
154,34,463.37,435.3,81.18,63.713,59.854,40.59,TP,38,0.19,0.103,0.216,0.18,-0.061,0.103
154,35,230.58,432.27,73.53,31.704,59.437,36.765,TP,40,0.268,1.842,1.861,0.239,0.121,1.842
154,36,436.1,436.03,70.0,59.964,59.954,35.0,TP,41,0.156,1.11,1.121,-0.038,-0.152,1.11
154,37,281.8,458.0,39.61,38.747,62.975,19.804,TP,42,0.059,0.159,0.169,-0.058,-0.01,-0.159
154,38,296.41,481.55,58.52,40.756,66.213,29.258,TP,44,0.064,0.275,0.282,0.048,-0.042,-0.275
154,39,297.41,481.83,66.18,40.894,66.252,33.089,FP,,,,,,,
154,40,57.34,486.09,48.75,7.885,66.837,24.376,TP,45,0.112,0.253,0.277,0.003,-0.112,0.253
154,41,169.56,489.69,55.79,23.315,67.332,27.897,TP,46,0.145,0.403,0.428,0.07,0.127,-0.403
154,42,215.56,494.38,33.87,29.639,67.978,16.935,TP,47,0.124,0.511,0.526,0.058,-0.109,0.511
154,,,,,61.026,0.803,9.403,FN,1,,,,,,
154,,,,,28.522,1.998,0.585,FN,3,,,,,,
154,,,,,51.796,9.174,35.308,FN,8,,,,,,
154,,,,,15.563,18.905,22.58,FN,15,,,,,,
154,,,,,53.434,20.548,16.5,FN,16,,,,,,
154,,,,,46.186,21.346,48.234,FN,17,,,,,,
154,,,,,7.201,25.305,29.604,FN,18,,,,,,
154,,,,,12.118,28.192,9.307,FN,21,,,,,,
154,,,,,40.273,34.916,6.824,FN,25,,,,,,
154,,,,,28.285,38.132,45.98,FN,28,,,,,,
154,,,,,53.386,38.998,46.782,FN,30,,,,,,
154,,,,,12.17,56.829,47.892,FN,36,,,,,,
154,,,,,8.507,64.505,12.845,FN,43,,,,,,
154,,,,,51.567,69.101,0.533,FN,48,,,,,,
161,0,139.46,9.83,32.78,19.175,1.352,16.388,TP,0,0.25,0.27,0.368,-0.138,-0.208,-0.27
161,1,426.22,52.23,94.35,58.605,7.181,47.175,TP,3,0.342,1.971,2.001,-0.147,-0.309,1.971
161,2,235.31,62.93,76.59,32.355,8.653,38.297,TP,4,0.199,1.425,1.438,0.19,-0.058,-1.425
161,3,143.39,78.32,52.56,19.716,10.769,26.282,TP,6,0.076,1.024,1.027,0.032,0.069,1.024
161,4,434.42,79.88,70.15,59.733,10.983,35.075,TP,5,0.206,0.492,0.533,0.176,0.106,-0.492
161,5,265.0,117.53,29.4,36.438,16.161,14.7,TP,7,0.697,1.2,1.388,-0.658,-0.228,1.2
161,6,308.12,149.55,6.06,42.366,20.563,3.031,TP,8,0.282,0.54,0.61,0.095,0.266,0.54
161,7,222.85,161.45,4.82,30.642,22.199,2.409,TP,10,0.104,0.616,0.625,0.093,-0.048,-0.616
161,8,455.84,163.8,12.8,62.679,22.523,6.399,TP,11,0.203,0.473,0.515,-0.198,0.043,0.473
161,9,34.4,169.46,57.6,4.731,23.3,28.801,TP,12,0.142,0.832,0.844,0.021,-0.141,0.832
161,10,65.03,192.11,90.05,8.941,26.415,45.023,TP,13,0.516,1.351,1.446,-0.327,-0.4,-1.351
161,11,264.13,198.13,48.73,36.318,27.243,24.367,TP,14,0.13,0.414,0.434,0.072,-0.108,0.414
161,12,141.56,214.81,74.3,19.464,29.536,37.148,TP,15,0.412,3.161,3.188,0.351,0.215,3.161
161,13,377.11,228.95,90.7,51.853,31.481,45.348,TP,17,0.461,0.166,0.491,0.28,-0.367,-0.166
161,14,340.59,234.93,43.04,46.831,32.303,21.52,TP,16,0.063,0.013,0.065,0.052,0.036,0.013
161,15,245.26,295.87,71.79,33.723,40.682,35.897,TP,21,0.139,1.527,1.533,0.119,0.072,1.527
161,16,492.69,297.96,3.77,67.744,40.97,1.886,FP,,,,,,,
161,17,185.41,317.48,34.45,25.494,43.654,17.226,TP,24,0.424,1.093,1.173,-0.393,0.16,1.093
161,18,23.12,331.21,25.27,3.179,45.542,12.636,TP,27,0.033,1.882,1.882,-0.032,-0.009,-1.882
161,19,23.06,331.94,76.47,3.171,45.641,38.234,FP,,,,,,,
161,20,178.11,335.87,3.37,24.491,46.182,1.687,TP,28,0.332,1.424,1.462,-0.183,-0.278,-1.424
161,21,417.09,345.86,22.46,57.35,47.556,11.228,TP,29,0.221,4.179,4.185,-0.036,0.218,-4.179
161,22,123.07,348.01,57.43,16.922,47.851,28.717,TP,30,0.071,0.262,0.272,-0.068,-0.02,-0.262
161,23,316.0,347.86,77.43,43.45,47.83,38.714,FP,,,,,,,
161,24,431.31,372.37,86.33,59.306,51.2,43.166,TP,32,0.704,0.371,0.796,0.464,0.53,-0.371
161,25,225.37,391.09,70.04,30.988,53.775,35.018,TP,33,0.109,0.229,0.254,-0.003,0.109,-0.229
161,26,313.5,394.0,90.5,43.106,54.175,45.25,FP,,,,,,,
161,27,404.42,404.41,24.74,55.608,55.606,12.369,TP,36,0.065,1.312,1.314,0.064,0.005,-1.312
161,28,310.24,399.06,5.76,42.658,54.871,2.878,TP,34,0.675,0.282,0.731,-0.381,0.557,0.282
161,29,76.44,410.65,57.05,10.511,56.464,28.527,TP,38,0.119,0.214,0.245,0.078,-0.09,0.214
161,30,480.53,439.08,60.99,66.073,60.373,30.493,TP,41,0.15,1.113,1.123,-0.083,0.124,-1.113
161,31,47.02,466.33,49.69,6.465,64.121,24.844,TP,42,0.479,0.588,0.758,0.088,0.471,0.588
161,32,356.5,472.0,77.0,49.019,64.9,38.5,TP,43,0.42,0.085,0.429,-0.353,0.228,0.085
161,33,379.0,475.04,79.23,52.112,65.318,39.615,TP,45,0.466,2.737,2.776,-0.466,0.008,-2.737
161,34,386.48,477.83,88.43,53.141,65.701,44.215,FP,,,,,,,
161,35,288.37,497.76,53.95,39.65,68.441,26.976,TP,49,0.465,3.548,3.579,0.149,-0.44,3.548
161,36,286.73,498.19,48.92,39.425,68.501,24.462,FP,,,,,,,
161,37,79.87,500.48,16.08,10.982,68.816,8.042,TP,48,0.194,1.324,1.338,0.007,0.194,-1.324
161,38,79.5,502.0,11.0,10.931,69.025,5.5,FP,,,,,,,
161,39,288.25,505.1,41.94,39.634,69.452,20.969,FP,,,,,,,
161,,,,,23.804,3.846,28.75,FN,1,,,,,,
161,,,,,19.287,6.064,0.974,FN,2,,,,,,
161,,,,,1.083,19.944,46.151,FN,9,,,,,,
161,,,,,69.899,34.072,26.367,FN,18,,,,,,
161,,,,,32.88,39.293,48.24,FN,19,,,,,,
161,,,,,59.12,39.87,33.0,FN,20,,,,,,
161,,,,,67.343,41.047,6.78,FN,22,,,,,,
161,,,,,60.985,42.928,12.169,FN,23,,,,,,
161,,,,,0.906,44.554,18.382,FN,25,,,,,,
161,,,,,21.344,45.609,16.079,FN,26,,,,,,
161,,,,,38.319,51.649,5.832,FN,31,,,,,,
161,,,,,42.242,54.195,37.399,FN,35,,,,,,
161,,,,,39.667,55.677,18.0,FN,37,,,,,,
161,,,,,36.706,57.094,46.506,FN,39,,,,,,
161,,,,,65.903,60.528,27.5,FN,40,,,,,,
161,,,,,37.851,65.18,45.237,FN,44,,,,,,
161,,,,,21.978,67.841,32.556,FN,46,,,,,,
161,,,,,20.398,69.268,42.299,FN,47,,,,,,
195,0,358.22,3.04,70.04,49.256,0.417,35.018,TP,1,0.339,2.726,2.747,-0.02,-0.339,-2.726
195,1,287.41,10.38,70.47,39.519,1.428,35.235,TP,0,0.259,0.552,0.61,0.068,0.25,0.552
195,2,236.5,54.97,39.18,32.519,7.558,19.592,TP,4,0.378,1.963,1.999,-0.338,-0.169,1.963
195,3,149.97,58.77,48.8,20.621,8.081,24.4,TP,6,0.909,0.521,1.048,-0.842,-0.343,0.521
195,4,227.14,62.81,11.87,31.232,8.636,5.934,TP,5,0.231,0.584,0.629,-0.179,0.146,-0.584
195,5,154.26,62.29,68.71,21.211,8.565,34.356,FP,,,,,,,
195,6,161.97,63.05,47.39,22.27,8.669,23.695,FP,,,,,,,
195,7,276.92,81.75,50.09,38.077,11.241,25.043,TP,7,0.075,0.847,0.85,0.018,0.073,0.847
195,8,494.08,81.98,95.46,67.936,11.272,47.731,TP,8,0.887,1.786,1.994,-0.866,-0.19,1.786
195,9,335.67,100.56,24.93,46.155,13.827,12.465,TP,9,0.064,0.729,0.732,0.055,-0.034,-0.729
195,10,260.68,121.04,70.44,35.843,16.643,35.22,TP,10,0.542,2.839,2.89,-0.258,-0.476,-2.839
195,11,153.52,142.22,54.74,21.109,19.555,27.372,TP,11,0.04,0.136,0.142,-0.032,0.024,0.136
195,12,153.81,142.92,70.19,21.149,19.652,35.096,FP,,,,,,,
195,13,114.58,160.23,65.37,15.754,22.032,32.685,TP,12,0.116,0.491,0.504,0.114,0.023,0.491
195,14,80.84,184.65,60.07,11.115,25.389,30.036,TP,13,0.255,1.381,1.404,0.24,-0.085,-1.381
195,15,411.74,186.97,44.97,56.614,25.709,22.484,TP,14,0.027,0.064,0.069,-0.017,0.021,0.064
195,16,18.62,187.45,52.95,2.561,25.775,26.475,TP,15,0.052,0.906,0.907,0.035,0.038,0.906
195,17,438.24,194.6,48.2,60.258,26.758,24.098,TP,16,0.157,0.654,0.672,0.13,0.088,0.654
195,18,287.75,223.9,75.61,39.566,30.787,37.806,TP,18,0.337,0.779,0.849,-0.134,-0.309,0.779
195,19,208.34,228.2,56.13,28.646,31.378,28.063,TP,19,0.06,1.138,1.14,-0.042,-0.042,-1.138
195,20,177.74,247.08,86.12,24.44,33.973,43.061,TP,22,0.4,2.939,2.966,-0.089,-0.39,-2.939
195,21,410.72,271.53,53.35,56.474,37.336,26.674,TP,23,0.141,0.227,0.267,-0.075,-0.119,0.227
195,22,158.34,272.1,56.96,21.772,37.414,28.479,TP,24,0.594,1.161,1.304,-0.499,-0.322,-1.161
195,23,159.67,273.33,69.0,21.954,37.583,34.5,FP,,,,,,,
195,24,232.85,325.67,2.74,32.017,44.78,1.369,TP,25,0.491,3.191,3.229,-0.477,0.12,-3.191
195,25,237.0,326.6,9.33,32.588,44.908,4.667,FP,,,,,,,
195,26,395.79,336.12,2.62,54.421,46.217,1.312,TP,26,0.384,2.659,2.686,-0.371,-0.1,-2.659
195,27,397.67,335.67,40.5,54.679,46.154,20.25,FP,,,,,,,
195,28,266.79,343.31,25.49,36.684,47.205,12.746,TP,27,0.09,0.24,0.256,0.089,0.016,0.24
195,29,303.37,344.53,70.74,41.713,47.374,35.369,TP,28,0.388,2.379,2.41,-0.181,0.343,2.379
195,30,186.19,346.21,70.23,25.601,47.603,35.116,TP,29,0.16,0.805,0.82,0.158,-0.023,0.805
195,31,426.97,355.01,23.18,58.708,48.814,11.589,TP,31,0.151,0.914,0.927,-0.139,-0.061,0.914
195,32,187.12,362.47,37.47,25.73,49.839,18.734,FP,,,,,,,
195,33,189.12,362.12,35.0,26.005,49.792,17.5,FP,,,,,,,
195,34,339.82,375.1,2.69,46.725,51.577,1.344,TP,35,0.842,2.813,2.937,0.708,0.456,-2.813
195,35,508.4,411.94,41.06,69.905,56.642,20.529,TP,37,0.089,1.335,1.338,-0.075,-0.047,1.335
195,36,156.36,418.62,43.71,21.499,57.561,21.853,TP,38,0.448,0.277,0.527,0.412,0.176,0.277
195,37,149.0,413.0,45.5,20.488,56.788,22.75,FP,,,,,,,
195,38,419.59,417.53,33.49,57.694,57.41,16.746,TP,39,0.253,1.993,2.009,-0.165,-0.192,-1.993
195,39,156.41,417.41,69.06,21.507,57.394,34.529,FP,,,,,,,
195,40,264.48,422.71,68.62,36.366,58.122,34.309,TP,41,0.579,0.827,1.01,0.57,0.103,0.827
195,41,263.67,421.67,59.0,36.254,57.979,29.5,FP,,,,,,,
195,42,298.86,427.26,80.99,41.093,58.748,40.494,TP,36,1.039,0.824,1.326,0.403,0.957,-0.824
195,43,376.37,436.53,85.78,51.751,60.022,42.888,TP,42,0.32,0.845,0.904,-0.314,0.061,-0.845
195,44,98.75,447.77,13.03,13.578,61.568,6.515,TP,45,0.138,0.193,0.238,0.138,0.009,0.193
195,45,444.04,448.65,4.37,61.055,61.689,2.183,TP,43,0.27,0.591,0.65,0.111,0.246,0.591
195,46,23.11,457.2,30.0,3.178,62.865,15.0,TP,46,0.084,0.262,0.275,-0.083,-0.016,0.262
195,47,24.8,457.38,43.88,3.41,62.889,21.938,FP,,,,,,,
195,48,201.22,466.53,70.0,27.668,64.148,35.0,TP,47,0.3,2.853,2.869,0.284,0.097,2.853
195,49,201.0,467.0,59.0,27.638,64.213,29.5,FP,,,,,,,
195,50,140.5,496.29,77.04,19.319,68.24,38.522,TP,48,0.587,0.878,1.056,0.581,-0.087,0.878
195,,,,,37.645,2.437,28.857,FN,2,,,,,,
195,,,,,33.251,2.61,35.742,FN,3,,,,,,
195,,,,,32.083,29.308,6.795,FN,17,,,,,,
195,,,,,15.044,34.449,48.5,FN,20,,,,,,
195,,,,,34.009,33.764,41.814,FN,21,,,,,,
195,,,,,38.304,49.628,45.534,FN,30,,,,,,
195,,,,,39.083,49.412,9.239,FN,32,,,,,,
195,,,,,25.957,50.938,2.482,FN,33,,,,,,
195,,,,,62.141,51.743,48.354,FN,34,,,,,,
195,,,,,22.601,57.236,25.201,FN,40,,,,,,
195,,,,,40.118,61.073,47.622,FN,44,,,,,,
196,0,380.6,9.2,42.0,52.333,1.265,21.0,TP,2,0.205,0.731,0.759,-0.199,-0.051,-0.731
196,1,35.0,13.5,29.0,4.812,1.856,14.5,FP,,,,,,,
196,2,435.92,19.36,95.39,59.94,2.662,47.696,FP,,,,,,,
196,3,469.77,26.73,75.1,64.593,3.675,37.552,TP,4,0.495,1.68,1.752,0.446,0.215,-1.68
196,4,252.06,45.05,21.95,34.658,6.195,10.974,TP,5,0.152,1.013,1.024,0.062,-0.139,-1.013
196,5,194.43,53.9,42.59,26.735,7.411,21.296,TP,6,0.021,0.156,0.158,-0.006,-0.021,-0.156
196,6,250.52,86.0,9.85,34.446,11.825,4.926,FP,,,,,,,
196,7,399.45,91.6,80.88,54.925,12.595,40.442,TP,10,0.23,0.942,0.97,0.211,-0.092,0.942
196,8,251.54,102.99,86.36,34.586,14.161,43.179,TP,12,0.49,1.259,1.351,-0.49,0.017,-1.259
196,9,258.86,101.64,92.93,35.593,13.976,46.464,FP,,,,,,,
196,10,403.9,102.9,40.21,55.536,14.148,20.103,TP,13,0.048,0.141,0.149,0.031,0.037,-0.141
196,11,257.27,106.81,87.19,35.375,14.686,43.596,FP,,,,,,,
196,12,475.31,119.72,72.7,65.356,16.461,36.352,TP,15,0.355,1.765,1.8,0.22,0.279,1.765
196,13,32.33,170.55,29.08,4.446,23.451,14.539,TP,17,0.264,1.295,1.321,0.224,-0.139,1.295
196,14,179.67,175.01,13.82,24.704,24.064,6.909,TP,18,0.07,1.405,1.407,0.027,0.064,-1.405
196,15,440.67,185.2,5.63,60.592,25.466,2.815,TP,19,0.163,1.789,1.796,-0.085,-0.139,-1.789
196,16,50.63,203.36,67.92,6.961,27.962,33.962,TP,20,0.252,1.314,1.338,0.246,-0.054,1.314
196,17,49.0,203.0,62.0,6.738,27.913,31.0,FP,,,,,,,
196,18,491.91,208.74,40.08,67.638,28.701,20.038,TP,21,0.143,2.373,2.378,0.128,0.064,2.373
196,19,217.9,221.6,35.16,29.961,30.469,17.578,TP,22,0.048,1.178,1.179,-0.005,-0.047,-1.178
196,20,242.05,222.33,2.15,33.282,30.571,1.077,TP,23,0.367,0.801,0.881,0.136,-0.341,-0.801
196,21,376.74,223.36,68.47,51.802,30.711,34.236,TP,24,0.261,1.625,1.646,0.156,-0.209,1.625
196,22,376.24,224.41,60.41,51.732,30.857,30.206,FP,,,,,,,
196,23,242.71,225.12,87.53,33.372,30.955,43.764,FP,,,,,,,
196,24,312.99,226.8,42.54,43.036,31.185,21.271,TP,25,0.189,0.275,0.334,0.188,0.025,-0.275
196,25,424.47,236.23,29.84,58.365,32.482,14.918,TP,27,0.051,0.567,0.569,-0.051,0.003,-0.567
196,26,425.21,236.38,37.54,58.466,32.502,18.771,FP,,,,,,,
196,27,210.44,259.82,69.94,28.936,35.726,34.972,FP,,,,,,,
196,28,77.89,272.78,94.0,10.71,37.507,47.0,TP,32,0.783,1.267,1.49,0.041,0.782,1.267
196,29,221.2,287.24,77.43,30.415,39.496,38.716,TP,33,0.888,1.306,1.579,0.457,0.761,-1.306
196,30,265.85,304.98,26.22,36.554,41.935,13.108,TP,34,0.84,2.974,3.09,0.331,0.772,2.974
196,31,408.86,308.57,64.14,56.218,42.428,32.072,TP,37,0.128,0.444,0.462,0.127,-0.011,-0.444
196,32,99.81,330.96,22.54,13.724,45.506,11.27,TP,38,0.15,1.445,1.452,-0.12,-0.091,1.445
196,33,111.92,343.71,78.24,15.389,47.261,39.119,TP,39,0.516,0.218,0.56,0.397,0.33,-0.218
196,34,14.06,358.87,69.13,1.934,49.345,34.565,TP,40,0.336,0.412,0.532,0.281,0.185,-0.412
196,35,315.28,404.7,24.48,43.351,55.647,12.241,TP,42,0.177,1.45,1.46,0.125,0.126,1.45
196,36,460.7,433.47,69.82,63.346,59.603,34.908,TP,43,0.073,1.967,1.968,0.026,0.069,1.967
196,37,461.12,434.12,62.0,63.405,59.692,31.0,FP,,,,,,,
196,38,397.93,444.31,72.4,54.715,61.093,36.201,TP,44,0.214,0.036,0.217,0.177,-0.121,-0.036
196,39,201.24,447.77,51.02,27.67,61.568,25.51,TP,45,0.167,0.49,0.518,-0.035,0.163,-0.49
196,40,376.78,475.0,76.83,51.807,65.312,38.417,FP,,,,,,,
196,41,185.11,480.85,75.85,25.453,66.116,37.925,TP,48,0.481,0.425,0.642,0.461,-0.138,0.425
196,42,184.67,495.33,42.0,25.392,68.108,21.0,FP,,,,,,,
196,43,81.74,503.4,68.87,11.239,69.218,34.433,FP,,,,,,,
196,44,82.8,506.96,55.23,11.384,69.706,27.617,TP,49,0.111,1.592,1.595,-0.11,-0.016,1.592
196,,,,,4.907,0.729,4.309,FN,0,,,,,,
196,,,,,49.802,0.408,40.733,FN,1,,,,,,
196,,,,,60.592,1.511,44.071,FN,3,,,,,,
196,,,,,33.402,10.954,9.126,FN,7,,,,,,
196,,,,,34.429,11.904,48.442,FN,8,,,,,,
196,,,,,59.03,11.879,24.148,FN,9,,,,,,
196,,,,,59.986,15.424,47.357,FN,11,,,,,,
196,,,,,27.446,14.591,43.138,FN,14,,,,,,
196,,,,,7.858,20.539,14.0,FN,16,,,,,,
196,,,,,2.38,31.501,48.27,FN,26,,,,,,
196,,,,,28.309,34.351,24.766,FN,28,,,,,,
196,,,,,29.808,35.774,40.776,FN,29,,,,,,
196,,,,,53.038,35.605,4.863,FN,30,,,,,,
196,,,,,53.439,35.884,33.377,FN,31,,,,,,
196,,,,,4.072,40.456,44.75,FN,35,,,,,,
196,,,,,17.123,41.411,1.484,FN,36,,,,,,
196,,,,,40.097,53.532,4.354,FN,41,,,,,,
196,,,,,52.234,65.417,13.745,FN,46,,,,,,
196,,,,,70.162,66.371,28.0,FN,47,,,,,,
21,0,342.92,23.66,15.29,47.151,3.254,7.643,TP,0,0.124,1.277,1.283,0.088,-0.087,1.277
21,1,201.86,28.57,35.13,27.756,3.929,17.566,TP,1,0.172,1.087,1.1,0.08,-0.152,-1.087
21,2,83.81,47.37,89.23,11.523,6.514,44.617,TP,2,0.208,0.111,0.236,-0.189,-0.087,-0.111
21,3,26.86,80.0,50.61,3.694,11.0,25.303,TP,4,0.139,1.514,1.521,0.082,0.112,-1.514
21,4,27.0,78.0,61.5,3.713,10.725,30.75,FP,,,,,,,
21,5,228.56,102.86,79.57,31.427,14.143,39.783,TP,5,0.14,1.335,1.343,0.131,0.049,1.335
21,6,115.1,108.19,25.38,15.826,14.876,12.69,TP,6,0.377,1.81,1.849,0.377,-0.009,-1.81
21,7,442.07,108.75,32.98,60.784,14.954,16.488,TP,7,0.178,1.542,1.553,0.147,-0.1,-1.542
21,8,405.97,115.4,78.81,55.821,15.868,39.405,TP,8,0.112,1.099,1.104,0.112,0.011,-1.099
21,9,56.69,134.17,81.82,7.794,18.448,40.908,TP,9,0.506,1.873,1.94,-0.062,0.502,1.873
21,10,251.65,152.14,70.21,34.602,20.919,35.105,TP,10,0.224,1.264,1.284,0.224,-0.01,1.264
21,11,251.73,153.18,77.11,34.613,21.062,38.556,FP,,,,,,,
21,12,258.94,156.26,2.09,35.605,21.486,1.045,FP,,,,,,,
21,13,267.68,155.52,22.84,36.806,21.384,11.42,TP,12,0.092,0.381,0.392,-0.028,-0.088,0.381
21,14,140.11,157.1,19.69,19.265,21.601,9.844,TP,11,0.334,1.147,1.194,-0.308,-0.129,-1.147
21,15,267.15,155.23,94.92,36.734,21.344,47.462,FP,,,,,,,
21,16,336.56,159.22,87.87,46.276,21.893,43.935,FP,,,,,,,
21,17,338.69,161.04,70.97,46.57,22.143,35.486,TP,13,0.219,2.143,2.154,0.165,0.143,-2.143
21,18,341.0,161.0,76.5,46.888,22.138,38.25,FP,,,,,,,
21,19,178.45,167.39,34.22,24.537,23.016,17.112,TP,14,0.749,0.196,0.774,-0.457,-0.594,0.196
21,20,414.24,177.85,2.77,56.958,24.454,1.386,TP,15,0.46,0.526,0.699,0.387,-0.248,0.526
21,21,205.33,196.29,31.84,28.233,26.99,15.919,TP,17,0.336,0.645,0.728,0.047,0.333,-0.645
21,22,368.89,197.31,16.93,50.722,27.13,8.463,TP,18,0.088,0.118,0.147,-0.022,0.085,-0.118
21,23,501.15,212.19,27.4,68.909,29.177,13.702,TP,20,0.16,0.78,0.796,-0.132,-0.09,-0.78
21,24,315.36,220.38,26.27,43.362,30.302,13.135,TP,19,0.275,0.122,0.301,0.098,0.257,0.122
21,25,488.43,216.95,60.57,67.159,29.831,30.286,TP,21,0.323,3.146,3.163,0.322,-0.034,3.146
21,26,490.61,216.96,50.39,67.459,29.832,25.196,FP,,,,,,,
21,27,490.25,217.5,54.12,67.409,29.906,27.062,FP,,,,,,,
21,28,38.6,250.2,70.0,5.307,34.403,35.0,FP,,,,,,,
21,29,37.26,253.5,56.24,5.123,34.856,28.12,TP,22,0.131,0.356,0.379,-0.021,-0.13,-0.356
21,30,38.18,257.89,70.23,5.249,35.46,35.115,FP,,,,,,,
21,31,349.16,264.97,38.06,48.009,36.433,19.029,TP,23,0.132,1.471,1.477,-0.055,-0.12,-1.471
21,32,461.81,275.29,41.06,63.499,37.852,20.528,TP,24,0.091,0.076,0.119,-0.08,0.042,0.076
21,33,161.89,294.36,78.14,22.26,40.475,39.068,TP,25,0.036,1.2,1.201,0.024,0.027,-1.2
21,34,130.25,308.72,49.57,17.909,42.45,24.787,TP,27,0.167,0.494,0.522,0.126,0.11,0.494
21,35,337.14,317.91,27.03,46.356,43.713,13.516,TP,29,0.052,0.972,0.974,0.032,0.041,-0.972
21,36,80.89,319.2,55.71,11.122,43.889,27.856,TP,28,0.1,0.459,0.47,0.088,-0.048,0.459
21,37,90.17,325.63,33.1,12.399,44.775,16.55,TP,31,0.177,0.061,0.187,-0.149,0.095,0.061
21,38,40.32,337.61,32.35,5.544,46.422,16.174,TP,32,0.043,0.311,0.314,0.021,0.037,0.311
21,39,224.93,356.14,28.26,30.928,48.969,14.131,TP,33,0.104,0.38,0.394,-0.043,-0.095,-0.38
21,40,225.33,354.5,37.89,30.983,48.744,18.944,FP,,,,,,,
21,41,41.89,360.86,10.08,5.76,49.618,5.04,TP,34,0.425,2.104,2.147,0.084,-0.417,-2.104
21,42,396.27,381.31,38.65,54.487,52.43,19.327,TP,35,0.078,1.114,1.117,-0.064,0.045,1.114
21,43,24.5,412.82,83.14,3.369,56.763,41.568,TP,37,0.263,2.706,2.718,-0.089,-0.248,-2.706
21,44,419.31,433.55,39.62,57.655,59.614,19.811,TP,38,0.047,0.052,0.07,0.045,0.011,-0.052
21,45,417.57,432.1,34.52,57.416,59.413,17.262,FP,,,,,,,
21,46,447.16,435.38,26.78,61.485,59.865,13.392,TP,39,0.206,0.73,0.758,0.17,0.115,0.73
21,47,159.31,440.63,3.18,21.905,60.587,1.589,TP,41,0.163,3.507,3.511,-0.101,0.128,-3.507
21,48,273.6,441.88,41.26,37.619,60.759,20.628,TP,40,0.109,0.275,0.296,0.098,0.048,-0.275
21,49,274.0,441.5,66.0,37.675,60.706,33.0,FP,,,,,,,
21,50,331.7,468.19,78.41,45.608,64.376,39.207,TP,43,0.039,1.669,1.67,0.039,-0.003,1.669
21,51,58.17,484.76,46.18,7.998,66.655,23.088,TP,45,0.139,1.1,1.109,0.034,-0.135,1.1
21,52,60.4,481.8,70.0,8.305,66.247,35.0,FP,,,,,,,
21,53,25.38,486.58,41.83,3.49,66.905,20.916,TP,46,0.057,0.882,0.884,0.018,-0.054,0.882
21,54,27.17,484.33,49.0,3.735,66.596,24.5,FP,,,,,,,
21,55,58.67,484.67,70.0,8.067,66.642,35.0,FP,,,,,,,
21,56,22.88,489.72,33.56,3.146,67.337,16.778,FP,,,,,,,
21,57,174.42,493.53,38.96,23.983,67.86,19.478,TP,48,0.133,0.326,0.352,0.076,0.109,0.326
21,58,202.55,494.64,69.37,27.85,68.013,34.687,TP,49,0.687,0.946,1.169,0.682,-0.083,-0.946
21,,,,,6.165,10.545,39.02,FN,3,,,,,,
21,,,,,24.974,25.818,15.417,FN,16,,,,,,
21,,,,,58.738,41.744,37.308,FN,26,,,,,,
21,,,,,38.719,43.729,43.5,FN,30,,,,,,
21,,,,,35.836,55.499,43.993,FN,36,,,,,,
21,,,,,0.642,61.78,33.488,FN,42,,,,,,
21,,,,,40.472,66.985,41.083,FN,44,,,,,,
21,,,,,28.848,68.39,34.579,FN,47,,,,,,
35,0,455.1,14.61,20.55,62.577,2.01,10.273,TP,0,0.195,0.006,0.195,0.18,0.075,0.006
35,1,346.94,28.88,60.28,47.704,3.971,30.14,TP,1,0.015,0.399,0.4,0.01,-0.012,-0.399
35,2,485.0,76.13,52.67,66.688,10.468,26.333,TP,2,0.956,0.142,0.967,-0.79,-0.538,-0.142
35,3,487.95,78.58,60.05,67.093,10.805,30.025,FP,,,,,,,
35,4,489.0,79.0,51.0,67.238,10.863,25.5,FP,,,,,,,
35,5,495.97,82.54,49.73,68.195,11.35,24.864,FP,,,,,,,
35,6,151.72,96.02,14.76,20.861,13.203,7.38,TP,4,0.582,1.604,1.707,-0.261,-0.52,1.604
35,7,342.52,95.72,2.83,47.097,13.162,1.416,TP,5,0.067,0.428,0.434,-0.062,0.025,0.428
35,8,34.98,111.0,82.83,4.81,15.263,41.416,TP,6,0.112,1.354,1.359,0.094,-0.062,1.354
35,9,220.4,123.3,51.63,30.305,16.954,25.813,TP,9,0.107,0.593,0.602,0.05,0.095,0.593
35,10,224.52,130.0,77.18,30.871,17.875,38.589,FP,,,,,,,
35,11,224.5,130.0,70.0,30.869,17.875,35.0,FP,,,,,,,
35,12,458.0,131.35,69.55,62.975,18.061,34.775,TP,10,0.451,2.572,2.612,0.312,0.327,2.572
35,13,296.41,150.97,84.78,40.756,20.758,42.391,TP,13,0.188,0.559,0.59,-0.168,-0.084,0.559
35,14,356.5,159.88,22.75,49.019,21.983,11.377,TP,14,0.069,0.526,0.53,0.044,-0.053,0.526
35,15,123.21,168.15,67.22,16.941,23.12,33.612,FP,,,,,,,
35,16,124.02,166.83,55.19,17.052,22.938,27.595,TP,15,0.528,2.521,2.576,-0.528,-0.006,2.521
35,17,129.56,167.65,49.66,17.815,23.051,24.83,FP,,,,,,,
35,18,430.34,194.37,41.95,59.171,26.726,20.976,TP,17,0.031,0.524,0.525,-0.012,-0.028,-0.524
35,19,377.62,198.12,85.69,51.923,27.242,42.844,TP,16,0.297,0.156,0.336,0.159,0.251,-0.156
35,20,57.52,205.26,77.31,7.91,28.224,38.655,FP,,,,,,,
35,21,58.91,224.94,18.6,8.101,30.929,9.301,TP,21,0.301,0.113,0.322,-0.293,-0.072,0.113
35,22,17.69,231.62,8.48,2.432,31.848,4.241,TP,20,0.128,0.19,0.229,-0.121,-0.041,0.19
35,23,326.03,238.13,16.82,44.829,32.743,8.412,TP,22,0.391,1.065,1.135,0.273,0.28,-1.065
35,24,3.89,240.02,30.1,0.534,33.002,15.048,FP,,,,,,,
35,25,90.5,253.08,77.25,12.444,34.799,38.625,FP,,,,,,,
35,26,93.27,259.4,72.29,12.824,35.667,36.147,TP,23,0.066,1.501,1.503,-0.032,-0.058,1.501
35,27,456.33,271.97,93.39,62.746,37.396,46.697,TP,24,0.864,0.938,1.275,-0.199,0.84,0.938
35,28,48.39,280.91,2.51,6.653,38.626,1.257,TP,26,0.119,0.294,0.317,-0.084,0.084,-0.294
35,29,174.07,291.4,50.56,23.934,40.068,25.279,TP,28,0.062,0.918,0.92,0.053,-0.032,0.918
35,30,314.53,294.11,63.94,43.248,40.44,31.968,TP,27,0.203,0.864,0.888,0.148,-0.139,0.864
35,31,398.37,311.03,33.46,54.775,42.766,16.728,TP,29,0.101,1.178,1.182,0.095,0.033,1.178
35,32,399.65,310.83,80.13,54.952,42.739,40.065,FP,,,,,,,
35,33,187.67,327.43,24.81,25.804,45.022,12.405,TP,30,0.111,1.493,1.497,-0.017,-0.11,1.493
35,34,39.71,342.56,74.23,5.46,47.103,37.113,TP,32,0.226,0.78,0.812,0.169,0.151,0.78
35,35,371.62,349.87,35.09,51.098,48.107,17.544,TP,33,0.104,0.113,0.154,-0.103,-0.009,0.113
35,36,372.41,349.4,77.74,51.206,48.042,38.869,FP,,,,,,,
35,37,208.56,400.87,28.39,28.677,55.12,14.195,TP,37,0.124,0.692,0.703,-0.107,-0.064,-0.692
35,38,389.56,401.69,55.45,53.564,55.232,27.727,TP,36,0.162,1.848,1.855,0.161,0.021,-1.848
35,39,241.13,441.92,61.11,33.156,60.764,30.555,TP,39,0.182,1.58,1.59,-0.047,-0.175,-1.58
35,40,385.4,445.49,31.23,52.993,61.255,15.616,TP,40,0.063,2.879,2.88,0.03,-0.056,-2.879
35,41,163.24,446.82,16.45,22.446,61.438,8.224,TP,41,0.08,0.964,0.968,0.058,0.055,0.964
35,42,168.0,447.0,11.0,23.1,61.463,5.5,FP,,,,,,,
35,43,423.94,455.9,45.36,58.292,62.686,22.68,TP,43,0.092,0.52,0.528,0.051,0.077,0.52
35,44,187.5,457.2,84.24,25.781,62.864,42.12,TP,42,0.265,0.099,0.283,-0.0,0.265,-0.099
35,45,54.22,457.24,50.34,7.456,62.871,25.172,TP,44,0.084,1.422,1.424,0.082,0.021,1.422
35,46,362.56,461.97,17.2,49.851,63.521,8.6,FP,,,,,,,
35,47,378.94,464.71,17.45,52.104,63.898,8.726,FP,,,,,,,
35,48,327.48,472.92,26.83,45.029,65.027,13.417,TP,48,0.107,0.6,0.61,-0.042,-0.099,0.6
35,49,327.07,472.67,38.33,44.972,64.992,19.167,FP,,,,,,,
35,,,,,52.689,12.76,48.0,FN,3,,,,,,
35,,,,,58.676,15.812,46.985,FN,7,,,,,,
35,,,,,1.238,16.558,47.773,FN,8,,,,,,
35,,,,,24.962,19.017,4.654,FN,11,,,,,,
35,,,,,34.234,17.792,2.267,FN,12,,,,,,
35,,,,,7.602,30.495,1.253,FN,18,,,,,,
35,,,,,2.052,30.792,48.124,FN,19,,,,,,
35,,,,,7.288,37.937,41.8,FN,25,,,,,,
35,,,,,52.439,45.653,12.114,FN,31,,,,,,
35,,,,,40.983,51.789,43.5,FN,34,,,,,,
35,,,,,45.683,54.56,7.486,FN,35,,,,,,
35,,,,,31.656,59.401,36.818,FN,38,,,,,,
35,,,,,47.587,63.368,2.958,FN,45,,,,,,
35,,,,,50.461,63.791,2.274,FN,46,,,,,,
35,,,,,51.081,65.585,45.872,FN,47,,,,,,
44,0,145.04,17.12,57.74,19.943,2.354,28.868,TP,0,0.14,2.007,2.012,0.087,0.11,2.007
44,1,465.58,20.44,17.54,64.017,2.81,8.77,TP,1,0.342,1.145,1.195,0.341,0.02,1.145
44,2,388.0,35.36,38.36,53.35,4.863,19.182,TP,2,0.159,3.36,3.364,0.021,-0.158,3.36
44,3,400.68,39.99,57.74,55.093,5.498,28.872,TP,3,0.117,1.313,1.319,0.099,0.063,1.313
44,4,171.65,54.73,75.09,23.601,7.525,37.544,FP,,,,,,,
44,5,170.66,54.68,45.15,23.466,7.519,22.574,TP,5,0.881,0.03,0.881,-0.567,-0.674,0.03
44,6,170.84,54.38,54.94,23.491,7.477,27.469,FP,,,,,,,
44,7,179.49,64.47,69.96,24.68,8.865,34.981,FP,,,,,,,
44,8,179.33,65.62,46.36,24.658,9.023,23.18,FP,,,,,,,
44,9,320.76,77.57,3.9,44.104,10.666,1.951,TP,7,0.196,0.261,0.326,-0.168,0.1,0.261
44,10,180.81,91.04,39.82,24.862,12.518,19.912,TP,9,0.036,0.461,0.463,-0.021,-0.029,-0.461
44,11,34.33,103.13,21.78,4.72,14.18,10.89,TP,10,0.137,0.765,0.777,-0.075,0.115,0.765
44,12,84.21,104.88,45.87,11.578,14.421,22.934,TP,11,0.112,0.12,0.164,0.103,0.044,-0.12
44,13,80.1,101.9,70.1,11.014,14.011,35.05,FP,,,,,,,
44,14,417.43,129.32,30.13,57.397,17.782,15.066,TP,13,0.164,1.928,1.935,0.055,0.154,-1.928
44,15,306.29,153.0,68.82,42.114,21.038,34.408,TP,15,0.053,1.438,1.439,0.041,0.033,1.438
44,16,307.0,153.25,61.8,42.213,21.072,30.899,FP,,,,,,,
44,17,427.65,157.57,41.11,58.801,21.666,20.553,TP,16,0.039,0.009,0.04,0.038,0.01,0.009
44,18,121.5,181.5,85.0,16.706,24.956,42.5,TP,17,0.729,2.889,2.979,0.535,-0.495,-2.889
44,19,161.54,192.27,68.07,22.212,26.437,34.034,TP,18,0.091,1.288,1.291,0.088,-0.024,1.288
44,20,163.0,199.5,61.5,22.413,27.431,30.75,FP,,,,,,,
44,21,45.89,205.97,91.32,6.309,28.321,45.661,FP,,,,,,,
44,22,443.94,215.48,49.48,61.042,29.629,24.742,TP,19,0.332,0.099,0.346,-0.14,-0.301,0.099
44,23,280.84,220.14,15.99,38.616,30.269,7.995,TP,20,0.14,0.531,0.549,-0.125,0.062,-0.531
44,24,447.57,222.57,50.14,61.541,30.604,25.071,FP,,,,,,,
44,25,474.17,233.02,46.89,65.199,32.04,23.446,TP,21,0.33,1.439,1.477,0.02,0.33,-1.439
44,26,475.5,231.84,74.42,65.381,31.878,37.211,FP,,,,,,,
44,27,28.16,241.2,38.76,3.872,33.164,19.379,TP,22,0.104,1.882,1.885,0.096,0.039,1.882
44,28,382.48,244.26,36.3,52.591,33.586,18.15,TP,23,1.037,0.103,1.043,-1.037,0.019,-0.103
44,29,138.46,262.37,46.61,19.038,36.076,23.307,TP,24,0.015,0.459,0.46,0.014,0.007,0.459
44,30,40.83,270.44,8.98,5.614,37.185,4.489,TP,25,0.367,1.587,1.629,-0.195,0.311,1.587
44,31,392.68,286.08,1.9,53.994,39.336,0.95,FP,,,,,,,
44,32,424.85,287.56,88.54,58.417,39.54,44.268,TP,27,0.134,1.78,1.785,-0.012,-0.133,1.78
44,33,403.28,289.59,14.25,55.45,39.819,7.124,TP,28,0.258,0.835,0.874,0.257,0.021,-0.835
44,34,229.43,305.59,72.79,31.546,42.018,36.393,TP,29,0.154,3.87,3.873,0.147,-0.046,3.87
44,35,154.89,318.14,83.8,21.298,43.744,41.9,TP,30,0.626,1.387,1.522,0.291,0.555,-1.387
44,36,130.6,343.05,48.8,17.958,47.17,24.4,TP,31,0.287,0.575,0.643,0.069,-0.278,-0.575
44,37,442.54,358.47,67.83,60.849,49.29,33.916,TP,33,0.186,0.693,0.717,0.172,-0.071,0.693
44,38,80.02,360.69,72.7,11.002,49.595,36.348,TP,32,0.036,2.362,2.362,-0.036,-0.004,2.362
44,39,441.28,359.97,59.54,60.676,49.496,29.769,FP,,,,,,,
44,40,344.48,362.33,41.55,47.366,49.821,20.773,TP,34,0.035,0.51,0.511,-0.032,0.015,-0.51
44,41,344.0,362.0,51.27,47.3,49.775,25.636,FP,,,,,,,
44,42,364.44,400.06,16.29,50.11,55.008,8.147,TP,36,0.305,0.44,0.535,0.226,0.205,0.44
44,43,481.22,404.05,58.22,66.168,55.557,29.11,TP,37,0.715,3.081,3.163,-0.535,-0.475,-3.081
44,44,485.39,409.36,76.57,66.742,56.287,38.286,FP,,,,,,,
44,45,143.09,426.29,74.65,19.675,58.615,37.325,TP,38,0.267,1.321,1.348,0.189,0.19,1.321
44,46,18.89,429.3,38.87,2.598,59.029,19.434,TP,39,0.095,0.197,0.219,0.072,0.063,-0.197
44,47,312.97,439.44,6.39,43.034,60.423,3.193,FP,,,,,,,
44,48,443.45,442.11,77.91,60.975,60.791,38.955,TP,40,0.579,2.523,2.589,0.273,0.511,2.523
44,49,402.07,444.4,22.37,55.285,61.105,11.185,TP,42,0.234,0.451,0.508,-0.035,-0.231,0.451
44,50,305.4,462.8,9.22,41.993,63.634,4.609,TP,43,0.151,0.34,0.372,-0.052,0.142,-0.34
44,51,245.99,471.53,75.25,33.823,64.836,37.625,TP,44,0.233,2.255,2.267,0.057,0.226,2.255
44,52,457.5,481.5,35.0,62.906,66.206,17.5,TP,45,0.121,0.646,0.657,-0.121,-0.001,-0.646
44,53,431.95,483.99,37.45,59.394,66.549,18.727,TP,46,0.247,0.918,0.95,-0.242,0.049,-0.918
44,54,120.18,492.77,17.17,16.525,67.756,8.586,FP,,,,,,,
44,,,,,23.283,7.039,44.907,FN,4,,,,,,
44,,,,,5.148,8.76,18.746,FN,6,,,,,,
44,,,,,20.307,12.096,30.545,FN,8,,,,,,
44,,,,,6.51,16.015,48.741,FN,12,,,,,,
44,,,,,69.585,19.038,19.944,FN,14,,,,,,
44,,,,,53.934,36.542,2.355,FN,26,,,,,,
44,,,,,57.484,54.121,38.979,FN,35,,,,,,
44,,,,,42.992,60.299,10.053,FN,41,,,,,,
44,,,,,16.85,68.179,2.076,FN,47,,,,,,
44,,,,,22.021,69.808,21.051,FN,48,,,,,,
48,0,471.31,18.58,33.81,64.805,2.555,16.906,TP,0,0.081,1.405,1.407,0.07,-0.04,-1.405
48,1,416.67,33.97,63.99,57.293,4.671,31.993,TP,1,0.099,1.388,1.392,0.093,0.034,1.388
48,2,51.46,44.22,77.32,7.076,6.08,38.662,TP,3,0.136,0.428,0.449,0.085,0.106,-0.428
48,3,447.65,46.87,85.97,61.551,6.445,42.984,FP,,,,,,,
48,4,111.77,53.26,3.63,15.369,7.323,1.814,TP,4,0.08,0.261,0.273,-0.08,0.003,0.261
48,5,113.0,53.0,86.0,15.538,7.288,43.0,FP,,,,,,,
48,6,114.0,53.0,85.0,15.675,7.288,42.5,FP,,,,,,,
48,7,194.91,76.27,32.39,26.8,10.487,16.194,TP,5,0.05,0.782,0.784,-0.043,0.025,-0.782
48,8,195.67,75.0,37.33,26.904,10.312,18.667,FP,,,,,,,
48,9,457.08,101.77,64.81,62.849,13.994,32.405,TP,6,0.108,0.528,0.539,0.083,-0.069,0.528
48,10,56.7,105.49,52.64,7.797,14.504,26.319,TP,8,0.054,1.27,1.271,-0.053,-0.004,1.27
48,11,296.13,119.12,73.04,40.718,16.379,36.522,TP,10,0.025,2.398,2.398,0.02,0.014,2.398
48,12,311.5,116.86,3.0,42.831,16.068,1.5,TP,9,0.395,2.716,2.744,-0.193,0.345,-2.716
48,13,462.0,121.61,29.19,63.526,16.722,14.594,TP,11,0.347,0.835,0.905,-0.188,-0.292,-0.835
48,14,260.86,174.71,68.67,35.868,24.023,34.336,TP,16,0.28,0.052,0.285,0.184,-0.212,-0.052
48,15,112.99,185.53,9.01,15.536,25.51,4.505,TP,17,0.229,1.495,1.513,-0.229,-0.01,1.495
48,16,116.75,185.67,3.0,16.053,25.529,1.5,FP,,,,,,,
48,17,405.54,206.04,78.1,55.762,28.33,39.048,FP,,,,,,,
48,18,369.28,206.7,60.97,50.777,28.421,30.483,TP,19,0.115,0.142,0.183,0.091,0.071,0.142
48,19,401.5,205.5,62.0,55.206,28.256,31.0,TP,18,0.485,1.138,1.237,-0.449,-0.184,-1.138
48,20,368.33,207.67,69.0,50.646,28.554,34.5,FP,,,,,,,
48,21,497.27,217.27,84.54,68.374,29.875,42.269,TP,21,0.244,1.246,1.269,-0.205,0.132,1.246
48,22,231.72,224.39,77.38,31.861,30.854,38.692,TP,23,0.236,1.123,1.147,0.234,0.028,-1.123
48,23,290.12,226.09,30.21,39.891,31.088,15.104,FP,,,,,,,
48,24,420.49,236.33,56.01,57.818,32.496,28.003,TP,25,0.081,0.07,0.107,-0.033,-0.074,-0.07
48,25,29.82,270.9,56.86,4.1,37.249,28.43,TP,28,0.359,0.685,0.773,0.359,-0.005,0.685
48,26,28.52,272.26,68.45,3.921,37.436,34.224,FP,,,,,,,
48,27,274.98,273.6,32.09,37.81,37.62,16.045,TP,29,0.064,1.199,1.2,0.064,0.008,-1.199
48,28,348.55,303.32,25.37,47.925,41.707,12.687,TP,32,0.055,0.072,0.091,0.021,0.051,0.072
48,29,347.67,303.67,38.17,47.804,41.754,19.083,FP,,,,,,,
48,30,79.72,351.37,3.29,10.961,48.314,1.646,TP,33,0.091,0.354,0.366,0.03,-0.086,-0.354
48,31,183.37,366.78,47.29,25.214,50.433,23.645,TP,34,0.562,1.378,1.488,-0.432,-0.359,-1.378
48,32,191.69,373.77,41.92,26.358,51.393,20.962,FP,,,,,,,
48,33,96.1,387.62,49.83,13.213,53.298,24.914,TP,35,0.081,0.487,0.494,0.081,0.006,-0.487
48,34,353.04,394.67,49.44,48.543,54.267,24.722,TP,36,0.425,0.278,0.508,0.065,0.42,-0.278
48,35,457.18,397.46,41.38,62.863,54.651,20.688,TP,37,0.053,0.679,0.681,-0.047,-0.026,0.679
48,36,121.12,416.16,73.92,16.654,57.222,36.961,TP,40,0.106,1.287,1.292,0.051,-0.093,1.287
48,37,440.11,415.16,26.67,60.515,57.085,13.334,TP,41,0.101,1.08,1.085,-0.083,0.057,-1.08
48,38,130.6,416.5,84.57,17.958,57.269,42.287,FP,,,,,,,
48,39,122.0,415.67,55.67,16.775,57.154,27.833,FP,,,,,,,
48,40,87.44,425.96,69.51,12.023,58.57,34.754,TP,42,0.555,1.251,1.368,0.204,-0.516,-1.251
48,41,433.13,440.02,32.24,59.556,60.503,16.122,TP,44,0.161,0.042,0.166,-0.144,-0.071,-0.042
48,42,86.29,453.94,71.92,11.864,62.417,35.959,TP,45,0.363,0.769,0.85,0.276,0.236,-0.769
48,43,181.66,459.6,3.34,24.978,63.195,1.67,TP,47,0.229,0.802,0.834,-0.225,-0.042,-0.802
48,44,226.9,482.44,41.77,31.198,66.336,20.885,TP,48,0.395,0.038,0.397,-0.022,0.394,0.038
48,45,220.08,493.49,2.31,30.26,67.856,1.156,TP,49,0.181,4.457,4.461,0.18,0.021,-4.457
48,,,,,68.174,5.421,5.961,FN,2,,,,,,
48,,,,,16.253,15.056,41.675,FN,7,,,,,,
48,,,,,13.878,19.189,45.943,FN,12,,,,,,
48,,,,,49.935,18.434,0.95,FN,13,,,,,,
48,,,,,53.859,19.222,46.648,FN,14,,,,,,
48,,,,,60.135,20.332,39.678,FN,15,,,,,,
48,,,,,25.58,29.034,48.028,FN,20,,,,,,
48,,,,,32.757,31.428,22.921,FN,22,,,,,,
48,,,,,40.277,31.193,20.196,FN,24,,,,,,
48,,,,,39.236,34.613,24.86,FN,26,,,,,,
48,,,,,67.634,35.498,33.83,FN,27,,,,,,
48,,,,,17.331,39.796,47.554,FN,30,,,,,,
48,,,,,60.091,41.043,48.782,FN,31,,,,,,
48,,,,,48.528,55.157,24.5,FN,38,,,,,,
48,,,,,17.765,56.687,32.5,FN,39,,,,,,
48,,,,,34.501,60.171,4.182,FN,43,,,,,,
48,,,,,20.854,63.67,45.978,FN,46,,,,,,
48,,,,,18.259,69.082,38.357,FN,50,,,,,,
55,0,333.16,16.3,92.04,45.809,2.241,46.022,TP,2,0.986,0.875,1.318,0.068,0.983,0.875
55,1,290.26,55.94,12.55,39.91,7.691,6.275,TP,4,0.218,2.02,2.032,0.096,0.196,-2.02
55,2,289.0,56.0,5.0,39.737,7.7,2.5,FP,,,,,,,
55,3,202.12,58.93,73.98,27.792,8.103,36.988,TP,6,0.058,2.678,2.678,-0.053,-0.024,2.678
55,4,360.9,62.93,58.04,49.624,8.653,29.022,TP,7,0.278,0.344,0.443,0.232,0.154,-0.344
55,5,406.31,75.75,3.71,55.867,10.415,1.856,TP,8,0.097,0.227,0.247,-0.096,-0.017,-0.227
55,6,215.71,80.2,75.97,29.66,11.027,37.985,TP,9,0.243,0.765,0.803,0.191,0.15,-0.765
55,7,301.5,84.59,8.7,41.456,11.631,4.352,TP,10,0.165,2.841,2.846,0.164,0.012,2.841
55,8,419.16,99.95,94.67,57.635,13.744,47.337,FP,,,,,,,
55,9,419.44,101.85,15.72,57.673,14.005,7.862,TP,12,0.156,0.471,0.497,0.008,0.156,-0.471
55,10,121.62,105.04,39.29,16.722,14.442,19.646,TP,11,0.084,0.13,0.154,0.026,0.08,-0.13
55,11,180.3,133.14,42.86,24.792,18.306,21.428,TP,17,0.039,0.351,0.353,0.031,-0.024,-0.351
55,12,461.09,142.57,66.44,63.4,19.603,33.219,TP,18,0.016,0.915,0.916,-0.004,-0.016,0.915
55,13,429.5,144.0,94.0,59.056,19.8,47.0,FP,,,,,,,
55,14,269.01,158.48,25.57,36.988,21.791,12.785,TP,19,0.181,0.827,0.846,-0.162,0.08,-0.827
55,15,270.0,157.17,44.17,37.125,21.61,22.083,FP,,,,,,,
55,16,451.97,160.33,17.57,62.146,22.045,8.784,TP,20,0.113,0.226,0.253,0.112,-0.016,0.226
55,17,303.66,167.74,33.83,41.753,23.065,16.914,TP,21,0.844,2.368,2.514,-0.309,-0.785,2.368
55,18,28.61,181.7,71.79,3.934,24.984,35.896,TP,22,0.031,1.695,1.695,0.027,0.016,1.695
55,19,312.85,185.83,24.4,43.017,25.551,12.2,TP,23,0.351,1.931,1.963,-0.255,-0.241,1.931
55,20,26.5,184.2,61.0,3.644,25.327,30.5,FP,,,,,,,
55,21,313.85,186.35,45.71,43.154,25.623,22.856,FP,,,,,,,
55,22,126.1,201.04,35.96,17.338,27.643,17.98,TP,25,0.755,0.151,0.77,-0.54,-0.527,0.151
55,23,123.15,202.23,68.72,16.934,27.807,34.359,FP,,,,,,,
55,24,130.99,207.03,39.69,18.011,28.466,19.846,FP,,,,,,,
55,25,271.17,210.53,58.3,37.285,28.948,29.15,TP,26,0.101,0.316,0.332,0.095,-0.035,-0.316
55,26,396.6,241.74,56.14,54.533,33.239,28.069,TP,29,0.003,0.858,0.858,-0.001,0.003,0.858
55,27,67.92,254.35,39.8,9.339,34.973,19.899,TP,30,0.032,1.753,1.753,0.026,0.02,1.753
55,28,299.07,258.72,21.29,41.123,35.575,10.644,TP,31,0.183,1.567,1.577,0.123,0.136,1.567
55,29,112.12,297.54,23.61,15.416,40.912,11.806,TP,33,0.141,0.43,0.452,-0.001,0.141,-0.43
55,30,363.45,299.42,49.0,49.974,41.17,24.5,TP,32,0.495,1.27,1.363,0.33,0.369,-1.27
55,31,271.94,310.47,74.15,37.391,42.689,37.075,TP,34,0.24,2.874,2.884,-0.047,0.235,2.874
55,32,272.82,311.18,61.27,37.513,42.788,30.636,FP,,,,,,,
55,33,376.56,314.99,55.33,51.777,43.312,27.667,TP,35,0.456,0.492,0.671,-0.455,-0.032,0.492
55,34,27.55,329.17,5.4,3.787,45.26,2.701,TP,36,0.314,3.122,3.138,-0.311,-0.046,-3.122
55,35,349.02,338.82,72.88,47.99,46.588,36.442,TP,37,0.511,0.43,0.668,0.152,-0.488,0.43
55,36,307.1,362.63,2.48,42.226,49.862,1.24,TP,38,0.56,3.735,3.776,-0.45,0.332,-3.735
55,37,239.57,375.73,25.91,32.941,51.662,12.954,TP,39,0.212,1.187,1.206,-0.037,-0.209,1.187
55,38,484.35,404.05,18.35,66.599,55.556,9.174,TP,40,0.254,0.245,0.353,-0.01,-0.254,0.245
55,39,34.73,432.89,33.47,4.776,59.523,16.734,TP,42,0.081,1.237,1.239,0.077,0.025,-1.237
55,40,462.21,444.81,83.24,63.554,61.161,41.619,TP,43,0.128,1.473,1.479,0.127,0.014,-1.473
55,41,467.15,455.25,21.6,64.233,62.596,10.802,TP,45,0.218,0.971,0.995,0.179,0.124,-0.971
55,42,411.2,456.0,50.4,56.54,62.7,25.2,TP,44,1.037,1.923,2.185,-0.602,-0.845,-1.923
55,43,416.31,463.73,54.17,57.243,63.763,27.085,FP,,,,,,,
55,44,412.0,458.0,51.0,56.65,62.975,25.5,FP,,,,,,,
55,45,281.67,477.23,24.17,38.729,65.619,12.083,TP,46,0.058,0.667,0.669,0.058,0.007,-0.667
55,46,211.0,483.14,37.39,29.013,66.432,18.693,TP,48,0.126,0.381,0.402,-0.005,0.126,-0.381
55,47,159.6,484.64,54.89,21.944,66.638,27.445,TP,47,0.162,0.976,0.989,-0.013,-0.161,0.976
55,,,,,15.321,0.039,0.5,FN,0,,,,,,
55,,,,,41.021,1.006,24.957,FN,1,,,,,,
55,,,,,69.569,4.442,1.512,FN,3,,,,,,
55,,,,,17.179,7.474,42.681,FN,5,,,,,,
55,,,,,35.526,14.358,48.465,FN,13,,,,,,
55,,,,,19.421,16.306,47.333,FN,14,,,,,,
55,,,,,19.625,16.587,19.838,FN,15,,,,,,
55,,,,,46.49,17.892,22.762,FN,16,,,,,,
55,,,,,44.903,26.585,6.232,FN,24,,,,,,
55,,,,,46.827,28.711,29.703,FN,27,,,,,,
55,,,,,17.872,33.212,43.509,FN,28,,,,,,
55,,,,,63.318,57.411,1.487,FN,41,,,,,,
55,,,,,69.263,69.308,15.261,FN,49,,,,,,
58,0,64.07,48.9,29.73,8.809,6.724,14.866,TP,2,0.246,1.649,1.667,-0.102,-0.224,-1.649
58,1,64.22,49.62,37.92,8.83,6.823,18.959,FP,,,,,,,
58,2,237.23,61.26,18.83,32.619,8.423,9.413,TP,6,0.071,0.851,0.854,0.061,0.035,-0.851
58,3,310.41,61.47,49.23,42.681,8.452,24.615,TP,5,0.15,0.505,0.527,0.147,0.029,0.505
58,4,308.42,62.6,69.33,42.407,8.608,34.667,FP,,,,,,,
58,5,151.48,63.47,8.91,20.829,8.728,4.455,TP,4,0.074,1.402,1.404,0.069,-0.028,-1.402
58,6,289.33,63.67,56.0,39.783,8.754,28.0,TP,7,0.487,3.279,3.315,-0.38,-0.304,3.279
58,7,151.76,88.79,16.02,20.867,12.209,8.012,TP,9,0.113,1.212,1.218,0.113,-0.007,1.212
58,8,19.63,91.81,76.75,2.699,12.624,38.373,TP,8,0.748,0.433,0.864,0.088,0.743,0.433
58,9,458.94,97.56,89.2,63.104,13.415,44.599,TP,12,0.36,0.005,0.36,0.306,-0.188,0.005
58,10,198.15,100.36,36.8,27.245,13.8,18.4,TP,10,0.288,0.447,0.531,0.214,0.192,0.447
58,11,196.33,98.67,44.5,26.996,13.567,22.25,FP,,,,,,,
58,12,326.98,106.04,41.55,44.96,14.58,20.773,TP,13,0.395,0.069,0.401,-0.366,-0.149,-0.069
58,13,354.27,122.32,74.11,48.713,16.819,37.057,TP,15,0.221,0.707,0.74,0.043,-0.216,0.707
58,14,51.31,124.73,28.88,7.055,17.151,14.438,TP,16,0.154,2.323,2.328,-0.005,-0.154,2.323
58,15,365.83,154.06,45.45,50.301,21.184,22.725,TP,18,0.405,0.119,0.422,-0.4,-0.065,0.119
58,16,34.27,160.46,72.17,4.713,22.063,36.083,TP,19,0.176,0.193,0.261,-0.072,0.161,-0.193
58,17,449.85,171.13,52.9,61.854,23.53,26.448,TP,20,0.064,0.045,0.078,-0.051,0.038,-0.045
58,18,91.74,181.05,25.18,12.614,24.894,12.591,TP,23,0.04,0.363,0.366,0.014,-0.038,-0.363
58,19,462.54,185.75,5.04,63.599,25.541,2.522,TP,24,0.091,1.039,1.043,0.058,0.07,1.039
58,20,87.05,205.57,16.54,11.97,28.266,8.272,TP,26,0.316,0.895,0.949,-0.262,-0.175,-0.895
58,21,320.38,207.24,88.41,44.053,28.495,44.206,FP,,,,,,,
58,22,287.35,217.51,58.51,39.51,29.907,29.257,TP,27,0.091,0.183,0.205,-0.036,0.084,-0.183
58,23,316.58,214.0,85.37,43.53,29.425,42.684,FP,,,,,,,
58,24,309.79,217.88,30.67,42.596,29.958,15.333,FP,,,,,,,
58,25,310.9,217.93,41.1,42.749,29.966,20.549,TP,28,0.08,1.19,1.193,0.063,0.049,-1.19
58,26,467.4,270.47,44.79,64.268,37.19,22.396,TP,31,0.054,0.054,0.076,-0.003,0.054,-0.054
58,27,112.91,276.3,17.14,15.525,37.992,8.568,TP,32,0.309,3.571,3.585,-0.213,0.224,3.571
58,28,245.09,276.67,23.94,33.699,38.042,11.972,TP,33,0.347,0.665,0.75,0.346,-0.011,0.665
58,29,155.2,301.86,43.67,21.34,41.505,21.833,TP,34,0.083,0.281,0.293,0.007,-0.083,0.281
58,30,220.87,299.88,49.49,30.37,41.233,24.746,TP,35,0.18,1.273,1.285,0.174,0.046,1.273
58,31,491.94,304.87,79.57,67.642,41.919,39.787,TP,36,0.675,2.713,2.795,-0.661,-0.136,-2.713
58,32,369.25,319.41,91.24,50.772,43.919,45.619,TP,37,0.437,0.214,0.486,-0.436,0.021,0.214
58,33,169.98,354.5,13.73,23.372,48.744,6.867,TP,38,0.143,0.37,0.397,-0.143,-0.002,-0.37
58,34,119.36,359.86,35.45,16.413,49.481,17.723,TP,39,1.016,0.613,1.187,-0.924,-0.424,-0.613
58,35,121.36,360.14,70.21,16.687,49.52,35.107,FP,,,,,,,
58,36,121.31,361.51,77.02,16.681,49.707,38.51,FP,,,,,,,
58,37,125.0,362.0,38.0,17.188,49.775,19.0,FP,,,,,,,
58,38,74.69,401.33,50.56,10.269,55.183,25.281,TP,42,0.17,0.55,0.576,-0.105,0.134,0.55
58,39,264.0,403.17,76.27,36.3,55.436,38.134,TP,41,0.268,0.701,0.751,0.232,0.134,-0.701
58,40,495.67,416.59,8.93,68.154,57.281,4.463,TP,44,0.188,0.373,0.417,-0.18,0.053,-0.373
58,41,497.48,417.03,2.83,68.404,57.342,1.414,FP,,,,,,,
58,42,2.5,439.0,25.0,0.344,60.363,12.5,TP,45,0.048,0.75,0.752,-0.045,-0.017,0.75
58,43,492.71,449.71,18.53,67.747,61.835,9.265,TP,46,0.291,0.881,0.928,0.008,-0.291,-0.881
58,44,76.01,467.78,18.6,10.452,64.32,9.302,TP,47,0.038,0.554,0.555,-0.034,-0.017,0.554
58,45,380.35,480.06,75.12,52.298,66.008,37.561,FP,,,,,,,
58,46,385.22,482.59,85.54,52.967,66.357,42.77,TP,48,0.69,0.068,0.694,0.59,0.358,0.068
58,47,133.24,489.68,69.51,18.32,67.331,34.757,TP,49,0.288,1.065,1.103,0.239,-0.161,1.065
58,48,132.5,489.83,61.83,18.219,67.352,30.917,FP,,,,,,,
58,49,136.5,493.5,76.5,18.769,67.856,38.25,FP,,,,,,,
58,50,138.33,496.67,77.0,19.021,68.292,38.5,FP,,,,,,,
58,,,,,18.383,0.951,33.928,FN,0,,,,,,
58,,,,,17.209,3.23,47.853,FN,1,,,,,,
58,,,,,8.418,6.559,12.527,FN,3,,,,,,
58,,,,,28.319,13.836,9.51,FN,11,,,,,,
58,,,,,11.194,17.285,21.029,FN,14,,,,,,
58,,,,,2.414,20.013,47.383,FN,17,,,,,,
58,,,,,38.675,23.705,44.185,FN,21,,,,,,
58,,,,,57.475,25.163,44.5,FN,22,,,,,,
58,,,,,1.98,26.421,30.43,FN,25,,,,,,
58,,,,,39.195,30.757,22.029,FN,29,,,,,,
58,,,,,36.141,36.793,47.287,FN,30,,,,,,
58,,,,,24.241,52.302,45.006,FN,40,,,,,,
58,,,,,51.992,57.2,46.756,FN,43,,,,,,
66,0,233.55,1.13,27.0,32.113,0.155,13.5,TP,0,0.136,1.064,1.073,0.132,0.032,-1.064
66,1,353.46,22.37,13.27,48.601,3.076,6.637,TP,1,0.358,1.775,1.811,-0.119,0.338,1.775
66,2,118.52,34.37,16.75,16.297,4.726,8.377,TP,2,0.16,1.887,1.894,-0.117,0.108,1.887
66,3,121.47,33.44,8.81,16.702,4.599,4.403,FP,,,,,,,
66,4,46.5,45.75,93.0,6.394,6.291,46.5,FP,,,,,,,
66,5,235.71,50.77,38.02,32.409,6.981,19.01,TP,3,0.109,0.138,0.176,0.015,0.108,0.138
66,6,84.94,50.02,31.65,11.679,6.878,15.826,TP,4,0.159,1.368,1.377,-0.031,-0.156,-1.368
66,7,8.12,64.41,32.1,1.117,8.857,16.049,TP,5,0.084,0.897,0.901,-0.062,-0.057,0.897
66,8,297.59,72.04,67.88,40.918,9.905,33.94,TP,6,0.171,1.724,1.733,0.16,-0.06,1.724
66,9,298.03,74.06,60.29,40.979,10.183,30.143,FP,,,,,,,
66,10,95.6,79.11,46.91,13.145,10.878,23.455,TP,7,0.287,2.807,2.822,-0.025,-0.286,2.807
66,11,345.97,82.7,18.62,47.571,11.371,9.308,TP,9,0.138,0.316,0.345,-0.112,-0.08,-0.316
66,12,348.73,81.94,2.41,47.951,11.267,1.204,FP,,,,,,,
66,13,89.75,94.47,6.53,12.341,12.989,3.266,TP,10,0.303,2.395,2.414,0.251,-0.17,-2.395
66,14,23.18,100.61,69.67,3.188,13.834,34.837,FP,,,,,,,
66,15,25.25,102.75,77.25,3.472,14.128,38.625,FP,,,,,,,
66,16,298.49,112.65,16.22,41.042,15.489,8.109,TP,12,0.19,1.521,1.533,-0.129,0.14,-1.521
66,17,61.03,138.93,24.15,8.392,19.102,12.077,TP,14,0.064,2.18,2.181,0.062,0.016,-2.18
66,18,241.51,167.79,3.42,33.208,23.071,1.71,TP,16,0.257,3.267,3.277,0.123,0.226,-3.267
66,19,479.59,168.11,52.43,65.944,23.115,26.215,TP,17,0.148,0.429,0.454,0.012,0.147,-0.429
66,20,33.85,180.48,63.9,4.655,24.816,31.95,TP,19,0.129,0.7,0.711,0.087,-0.095,0.7
66,21,115.99,179.58,58.58,15.948,24.693,29.288,TP,18,0.095,0.139,0.168,0.002,0.095,-0.139
66,22,480.74,187.4,81.01,66.101,25.767,40.504,TP,20,0.391,4.005,4.025,0.129,0.369,-4.005
66,23,480.51,217.33,73.48,66.071,29.882,36.74,TP,21,0.318,1.064,1.11,0.007,0.318,-1.064
66,24,162.07,231.97,2.62,22.285,31.896,1.31,TP,23,0.084,0.373,0.382,0.058,-0.06,0.373
66,25,495.62,243.25,68.38,68.148,33.447,34.188,FP,,,,,,,
66,26,500.64,248.67,41.57,68.837,34.193,20.787,TP,24,0.127,0.85,0.86,-0.072,0.105,0.85
66,27,148.43,277.19,75.16,20.409,38.114,37.579,TP,27,0.194,3.206,3.212,0.115,0.155,-3.206
66,28,485.14,286.71,16.62,66.707,39.423,8.31,FP,,,,,,,
66,29,487.6,287.38,10.22,67.046,39.515,5.11,TP,28,0.487,2.289,2.34,-0.404,0.271,2.289
66,30,212.83,296.33,22.51,29.264,40.745,11.254,FP,,,,,,,
66,31,214.57,293.96,94.65,29.503,40.419,47.326,FP,,,,,,,
66,32,296.46,299.92,83.7,40.764,41.239,41.848,TP,29,0.491,2.35,2.401,0.156,0.466,-2.35
66,33,389.53,297.15,75.21,53.56,40.858,37.603,TP,31,0.221,0.694,0.729,0.078,0.207,0.694
66,34,218.0,298.5,81.0,29.975,41.044,40.5,FP,,,,,,,
66,35,50.65,310.58,8.24,6.964,42.705,4.118,TP,33,0.114,0.054,0.126,-0.08,-0.081,-0.054
66,36,91.33,323.97,81.37,12.558,44.546,40.683,TP,35,0.044,1.084,1.085,0.017,0.041,-1.084
66,37,2.86,326.19,29.64,0.393,44.851,14.821,TP,36,0.298,1.28,1.314,-0.23,0.189,-1.28
66,38,180.58,332.17,82.03,24.83,45.673,41.014,TP,37,0.113,0.753,0.762,0.08,-0.08,-0.753
66,39,375.23,332.5,24.22,51.594,45.719,12.108,TP,38,0.252,0.461,0.526,-0.242,-0.072,0.461
66,40,231.35,386.97,33.84,31.811,53.209,16.919,FP,,,,,,,
66,41,225.75,401.42,69.93,31.04,55.196,34.963,FP,,,,,,,
66,42,225.7,402.15,45.75,31.034,55.296,22.874,TP,40,0.044,1.031,1.032,0.006,0.043,1.031
66,43,96.0,409.5,2.0,13.2,56.306,1.0,TP,42,0.272,0.5,0.569,-0.262,-0.071,-0.5
66,44,137.8,425.01,40.68,18.947,58.439,20.341,TP,43,0.214,0.286,0.357,-0.214,0.002,0.286
66,45,501.68,431.9,88.1,68.98,59.386,44.052,TP,44,0.361,0.703,0.791,-0.357,-0.058,-0.703
66,46,303.26,461.68,32.09,41.698,63.481,16.043,TP,46,0.15,0.212,0.26,0.1,0.111,-0.212
66,47,303.42,461.04,37.88,41.721,63.393,18.942,FP,,,,,,,
66,48,31.11,470.29,58.87,4.278,64.665,29.433,TP,47,0.234,0.816,0.849,0.175,0.156,0.816
66,49,465.49,491.17,87.69,64.005,67.536,43.843,TP,48,0.881,0.219,0.908,-0.462,-0.75,0.219
66,50,180.43,493.73,25.53,24.809,67.888,12.765,TP,49,0.784,2.135,2.274,-0.111,-0.776,2.135
66,51,473.74,502.57,79.57,65.14,69.103,39.785,FP,,,,,,,
66,,,,,2.574,12.524,32.281,FN,8,,,,,,
66,,,,,3.438,14.231,14.5,FN,11,,,,,,
66,,,,,66.909,18.676,16.255,FN,13,,,,,,
66,,,,,61.505,21.267,3.021,FN,15,,,,,,
66,,,,,17.315,30.548,30.044,FN,22,,,,,,
66,,,,,34.011,35.685,12.5,FN,25,,,,,,
66,,,,,33.67,37.416,31.468,FN,26,,,,,,
66,,,,,29.966,40.74,5.597,FN,30,,,,,,
66,,,,,45.665,41.635,49.23,FN,32,,,,,,
66,,,,,23.117,43.048,48.259,FN,34,,,,,,
66,,,,,31.695,53.331,26.261,FN,39,,,,,,
66,,,,,64.002,55.374,0.5,FN,41,,,,,,
66,,,,,3.248,61.041,11.319,FN,45,,,,,,
69,0,78.52,22.88,70.58,10.796,3.146,35.289,TP,1,0.23,3.122,3.131,0.23,0.018,3.122
69,1,76.73,20.91,59.91,10.55,2.875,29.955,FP,,,,,,,
69,2,80.0,19.0,75.0,11.0,2.612,37.5,FP,,,,,,,
69,3,79.38,22.31,76.19,10.914,3.068,38.094,FP,,,,,,,
69,4,335.28,31.73,23.74,46.101,4.362,11.87,TP,4,0.242,2.618,2.629,-0.135,0.201,2.618
69,5,425.85,37.41,49.9,58.554,5.144,24.948,TP,5,0.22,0.898,0.925,0.213,-0.056,0.898
69,6,387.21,42.92,29.19,53.242,5.901,14.596,TP,6,0.076,1.31,1.312,0.029,0.07,1.31
69,7,9.96,59.54,80.42,1.369,8.186,40.208,TP,7,0.402,0.474,0.622,0.399,0.048,0.474
69,8,390.84,71.57,55.24,53.74,9.84,27.619,TP,8,0.347,1.617,1.654,0.333,0.097,-1.617
69,9,486.97,120.21,2.05,66.959,16.529,1.024,TP,10,0.212,0.431,0.48,-0.005,0.212,-0.431
69,10,258.83,122.53,38.07,35.589,16.848,19.036,TP,11,0.508,1.321,1.415,0.494,0.116,1.321
69,11,250.92,123.37,33.68,34.502,16.963,16.839,FP,,,,,,,
69,12,392.56,171.19,2.12,53.977,23.539,1.06,TP,12,0.393,1.037,1.109,-0.348,-0.183,-1.037
69,13,504.12,170.1,31.31,69.316,23.389,15.655,TP,13,0.078,0.688,0.693,-0.078,0.002,0.688
69,14,502.08,170.46,38.54,69.036,23.438,19.269,FP,,,,,,,
69,15,444.23,201.2,59.53,61.082,27.665,29.767,TP,14,0.178,0.298,0.347,-0.164,-0.068,-0.298
69,16,445.07,201.67,67.16,61.198,27.73,33.582,FP,,,,,,,
69,17,270.8,228.91,49.08,37.235,31.475,24.54,TP,16,0.068,0.78,0.783,0.058,0.035,0.78
69,18,341.57,230.52,68.68,46.966,31.696,34.339,TP,17,0.491,0.25,0.551,-0.425,-0.246,-0.25
69,19,354.42,236.81,77.45,48.733,32.561,38.724,FP,,,,,,,
69,20,357.05,237.18,69.29,49.094,32.612,34.646,TP,19,0.494,2.421,2.471,-0.373,-0.324,2.421
69,21,360.31,239.52,61.72,49.542,32.934,30.861,FP,,,,,,,
69,22,190.37,249.08,69.7,26.176,34.248,34.852,FP,,,,,,,
69,23,193.86,249.09,57.86,26.656,34.25,28.928,TP,20,0.298,0.53,0.608,0.296,0.033,0.53
69,24,117.56,260.33,5.44,16.164,35.796,2.722,FP,,,,,,,
69,25,431.14,278.89,26.01,59.281,38.348,13.003,TP,25,0.029,0.641,0.642,0.021,-0.02,-0.641
69,26,224.21,302.52,47.3,30.829,41.597,23.649,TP,26,0.022,0.757,0.757,-0.018,0.013,0.757
69,27,267.5,313.0,86.0,36.781,43.038,43.0,FP,,,,,,,
69,28,262.47,320.39,47.81,36.089,44.054,23.904,TP,27,0.219,0.006,0.219,0.189,0.111,-0.006
69,29,350.14,331.64,3.98,48.144,45.601,1.992,FP,,,,,,,
69,30,410.58,332.58,51.4,56.454,45.729,25.7,TP,29,0.023,0.385,0.385,0.019,-0.012,0.385
69,31,410.06,334.77,69.04,56.383,46.031,34.519,FP,,,,,,,
69,32,386.62,338.19,22.95,53.16,46.501,11.476,TP,30,0.068,3.057,3.058,0.022,0.064,3.057
69,33,264.09,352.03,25.33,36.313,48.404,12.663,TP,31,0.032,1.569,1.569,-0.017,0.028,-1.569
69,34,285.4,367.32,2.07,39.242,50.506,1.034,TP,32,0.2,0.466,0.507,0.045,-0.194,-0.466
69,35,63.51,392.34,27.65,8.733,53.946,13.823,TP,34,0.135,0.944,0.953,0.049,-0.126,-0.944
69,36,328.21,430.98,68.02,45.129,59.259,34.008,TP,36,0.085,1.732,1.734,0.085,0.006,1.732
69,37,327.31,426.67,60.97,45.005,58.667,30.486,FP,,,,,,,
69,38,70.0,430.25,93.42,9.625,59.159,46.708,FP,,,,,,,
69,39,367.87,443.52,19.65,50.583,60.984,9.825,TP,39,0.098,0.171,0.198,-0.06,-0.078,-0.171
69,40,264.08,447.58,50.96,36.311,61.542,25.482,TP,40,0.116,1.281,1.286,0.005,0.116,1.281
69,41,372.83,445.92,9.33,51.265,61.314,4.667,FP,,,,,,,
69,42,250.61,449.45,69.81,34.459,61.799,34.906,FP,,,,,,,
69,43,263.1,448.16,70.5,36.176,61.622,35.25,FP,,,,,,,
69,44,252.29,451.43,48.66,34.689,62.071,24.329,TP,42,0.207,1.066,1.086,-0.17,-0.118,1.066
69,45,430.38,455.32,78.47,59.177,62.606,39.237,TP,38,0.654,3.763,3.819,0.311,0.575,-3.763
69,46,46.6,456.03,27.35,6.408,62.704,13.677,TP,41,0.13,0.571,0.585,0.09,0.093,-0.571
69,47,362.1,475.03,49.79,49.789,65.316,24.897,TP,44,0.033,0.596,0.597,-0.018,0.028,0.596
69,48,27.16,484.6,40.7,3.735,66.633,20.348,TP,45,0.205,0.814,0.84,0.204,0.027,0.814
69,49,316.29,490.64,41.06,43.49,67.463,20.531,TP,48,0.274,0.983,1.021,-0.18,-0.207,0.983
69,50,234.03,496.9,2.06,32.179,68.323,1.031,TP,49,0.645,1.965,2.068,-0.596,0.246,-1.965
69,,,,,65.212,1.034,9.683,FN,0,,,,,,
69,,,,,0.579,2.448,23.514,FN,2,,,,,,
69,,,,,5.703,3.061,13.179,FN,3,,,,,,
69,,,,,59.842,14.015,46.787,FN,9,,,,,,
69,,,,,41.577,30.362,48.783,FN,15,,,,,,
69,,,,,61.671,31.678,45.257,FN,18,,,,,,
69,,,,,34.837,35.325,13.812,FN,21,,,,,,
69,,,,,48.961,35.675,41.0,FN,22,,,,,,
69,,,,,16.151,35.973,44.959,FN,23,,,,,,
69,,,,,61.698,37.62,45.753,FN,24,,,,,,
69,,,,,47.984,45.571,8.836,FN,28,,,,,,
69,,,,,69.923,54.271,20.283,FN,33,,,,,,
69,,,,,66.22,55.427,28.0,FN,35,,,,,,
69,,,,,7.977,60.089,47.746,FN,37,,,,,,
69,,,,,52.42,63.657,20.753,FN,43,,,,,,
69,,,,,52.046,67.161,47.965,FN,46,,,,,,
69,,,,,55.502,66.804,48.009,FN,47,,,,,,
75,0,76.0,23.62,49.23,10.45,3.247,24.615,TP,2,0.802,0.16,0.818,0.046,-0.801,0.16
75,1,267.3,25.3,25.4,36.754,3.479,12.7,TP,1,0.238,1.224,1.247,0.223,0.083,1.224
75,2,111.05,36.38,43.06,15.269,5.002,21.528,TP,4,0.046,0.724,0.725,-0.033,-0.032,-0.724
75,3,247.31,47.25,93.09,34.005,6.497,46.544,TP,5,0.995,1.544,1.837,-0.963,0.25,1.544
75,4,47.83,48.08,56.92,6.577,6.611,28.458,FP,,,,,,,
75,5,150.17,55.84,20.95,20.648,7.678,10.476,TP,6,0.659,1.163,1.337,0.553,0.358,1.163
75,6,416.03,57.43,75.61,57.204,7.897,37.804,TP,7,0.104,0.571,0.58,-0.062,-0.083,0.571
75,7,37.58,59.75,25.22,5.167,8.216,12.612,TP,8,0.236,0.046,0.24,-0.179,0.154,0.046
75,8,153.98,57.95,76.79,21.173,7.968,38.397,FP,,,,,,,
75,9,90.93,64.61,94.59,12.503,8.884,47.297,TP,9,0.904,3.415,3.533,-0.227,-0.875,3.415
75,10,68.58,82.85,71.75,9.43,11.392,35.877,TP,10,0.615,1.274,1.415,0.278,0.548,-1.274
75,11,93.0,97.72,24.17,12.788,13.437,12.085,TP,12,0.083,1.912,1.913,0.016,0.081,-1.912
75,12,91.89,98.48,73.59,12.634,13.541,36.793,FP,,,,,,,
75,13,93.43,97.71,38.86,12.846,13.436,19.429,FP,,,,,,,
75,14,275.65,109.75,65.63,37.901,15.091,32.814,TP,13,0.359,0.822,0.897,0.347,0.092,0.822
75,15,41.82,111.42,48.85,5.75,15.321,24.424,TP,15,0.431,3.152,3.181,-0.424,-0.073,-3.152
75,16,47.59,112.09,44.36,6.544,15.413,22.182,FP,,,,,,,
75,17,52.08,111.58,57.62,7.161,15.343,28.812,FP,,,,,,,
75,18,48.0,112.0,49.0,6.6,15.4,24.5,FP,,,,,,,
75,19,34.27,114.53,38.45,4.713,15.748,19.226,FP,,,,,,,
75,20,159.21,153.46,73.14,21.891,21.101,36.568,TP,19,0.747,2.068,2.199,0.522,0.534,2.068
75,21,72.07,169.65,59.55,9.909,23.327,29.776,TP,20,0.099,0.019,0.101,0.08,0.059,-0.019
75,22,72.55,168.91,68.55,9.975,23.225,34.273,FP,,,,,,,
75,23,143.56,175.55,85.47,19.739,24.138,42.734,TP,21,0.353,0.706,0.789,0.353,0.013,0.706
75,24,337.17,176.33,88.41,46.361,24.246,44.203,TP,22,0.245,0.185,0.307,-0.231,-0.083,0.185
75,25,198.98,183.18,17.63,27.36,25.188,8.815,TP,23,0.108,0.75,0.757,-0.102,0.034,0.75
75,26,463.02,191.99,93.73,63.665,26.398,46.865,TP,24,0.526,0.635,0.825,0.072,-0.521,-0.635
75,27,9.14,204.22,76.59,1.256,28.08,38.297,FP,,,,,,,
75,28,220.34,204.78,41.11,30.297,28.157,20.553,TP,26,0.073,0.474,0.48,0.043,-0.059,-0.474
75,29,219.83,204.75,34.33,30.227,28.153,17.167,FP,,,,,,,
75,30,17.16,223.62,18.06,2.359,30.748,9.031,FP,,,,,,,
75,31,211.46,232.31,25.33,29.076,31.943,12.663,TP,27,0.635,3.8,3.853,0.313,0.552,3.8
75,32,68.27,272.84,8.35,9.386,37.515,4.173,TP,30,0.139,3.278,3.281,0.061,-0.124,3.278
75,33,65.0,273.0,3.0,8.938,37.538,1.5,FP,,,,,,,
75,34,221.85,308.33,11.64,30.504,42.395,5.822,TP,31,0.233,0.235,0.331,0.233,0.011,0.235
75,35,450.6,325.73,14.17,61.957,44.788,7.085,TP,32,0.099,1.321,1.324,-0.045,0.088,1.321
75,36,189.37,333.11,17.18,26.038,45.803,8.588,TP,35,0.119,1.263,1.268,-0.025,0.116,-1.263
75,37,71.21,332.05,2.9,9.791,45.657,1.449,TP,33,0.939,1.924,2.141,-0.937,-0.061,-1.924
75,38,76.57,334.21,8.36,10.529,45.954,4.179,FP,,,,,,,
75,39,122.75,352.38,70.18,16.878,48.452,35.091,TP,37,0.301,2.049,2.071,0.114,-0.278,2.049
75,40,242.73,365.47,25.95,33.375,50.252,12.973,TP,38,0.17,3.027,3.032,0.107,0.133,-3.027
75,41,148.05,370.99,26.47,20.356,51.011,13.237,TP,39,0.123,1.067,1.074,0.022,-0.121,-1.067
75,42,222.5,375.5,58.0,30.594,51.631,29.0,TP,40,0.123,1.868,1.872,-0.104,0.067,-1.868
75,43,183.96,388.49,72.4,25.295,53.417,36.201,TP,41,0.2,0.065,0.211,0.181,0.086,0.065
75,44,495.94,416.35,31.76,68.192,57.248,15.88,TP,42,0.089,1.103,1.107,-0.042,0.078,1.103
75,45,494.6,415.6,37.8,68.007,57.145,18.9,FP,,,,,,,
75,46,350.92,454.27,58.87,48.252,62.463,29.434,TP,43,0.031,0.389,0.39,0.027,0.016,0.389
75,47,464.9,463.39,93.1,63.924,63.716,46.552,TP,44,0.347,0.06,0.352,-0.323,0.128,0.06
75,48,183.22,471.48,5.99,25.193,64.828,2.997,TP,45,0.212,0.468,0.514,-0.208,-0.043,0.468
75,49,412.21,470.07,72.31,56.678,64.634,36.156,TP,46,0.254,0.156,0.298,0.214,0.137,0.156
75,50,323.34,505.26,58.86,44.46,69.474,29.43,TP,48,0.141,0.425,0.448,-0.107,0.091,0.425
75,51,322.74,504.87,68.77,44.377,69.42,34.387,FP,,,,,,,
75,,,,,14.667,1.236,44.0,FN,0,,,,,,
75,,,,,61.236,3.355,19.262,FN,3,,,,,,
75,,,,,64.957,12.495,48.748,FN,11,,,,,,
75,,,,,23.155,15.268,0.5,FN,14,,,,,,
75,,,,,12.677,16.459,9.591,FN,16,,,,,,
75,,,,,5.851,15.871,16.055,FN,17,,,,,,
75,,,,,0.561,20.952,34.249,FN,18,,,,,,
75,,,,,0.363,28.381,30.139,FN,25,,,,,,
75,,,,,1.544,31.191,4.246,FN,28,,,,,,
75,,,,,18.883,37.429,46.307,FN,29,,,,,,
75,,,,,8.663,45.43,6.561,FN,34,,,,,,
75,,,,,61.247,46.978,48.581,FN,36,,,,,,
75,,,,,51.064,68.072,49.457,FN,47,,,,,,
75,,,,,50.945,69.685,4.5,FN,49,,,,,,
89,0,281.69,12.32,68.6,38.732,1.693,34.298,TP,0,0.483,1.798,1.862,0.16,0.456,1.798
89,1,280.24,10.0,59.65,38.532,1.375,29.824,FP,,,,,,,
89,2,440.08,18.93,72.57,60.511,2.603,36.286,TP,1,0.165,1.966,1.973,0.164,0.017,1.966
89,3,440.62,17.31,57.76,60.585,2.38,28.882,FP,,,,,,,
89,4,492.93,27.1,11.5,67.778,3.726,5.752,TP,2,0.216,0.443,0.493,-0.11,-0.185,-0.443
89,5,100.35,57.3,24.75,13.799,7.879,12.376,TP,3,0.129,0.445,0.464,0.082,0.1,-0.445
89,6,203.58,54.99,14.18,27.992,7.561,7.09,TP,5,0.179,0.643,0.668,-0.143,0.108,-0.643
89,7,400.56,67.4,39.48,55.077,9.268,19.74,TP,6,0.2,1.679,1.691,-0.04,0.196,1.679
89,8,136.97,76.53,79.19,18.833,10.522,39.596,TP,7,0.059,0.083,0.102,0.048,-0.034,0.083
89,9,373.46,90.74,36.74,51.351,12.476,18.368,TP,8,1.145,0.72,1.353,-1.119,-0.241,0.72
89,10,373.18,92.67,65.9,51.312,12.742,32.949,FP,,,,,,,
89,11,412.42,106.58,70.87,56.708,14.655,35.434,TP,10,0.184,0.92,0.938,0.077,-0.168,0.92
89,12,32.38,124.33,53.04,4.452,17.096,26.522,TP,12,0.065,0.185,0.196,-0.027,-0.059,-0.185
89,13,32.56,130.45,69.29,4.476,17.937,34.644,FP,,,,,,,
89,14,477.6,137.24,52.12,65.67,18.87,26.06,TP,13,0.478,0.035,0.479,-0.47,-0.089,-0.035
89,15,480.0,137.0,57.0,66.0,18.837,28.5,FP,,,,,,,
89,16,480.0,137.0,59.0,66.0,18.837,29.5,FP,,,,,,,
89,17,380.76,170.62,24.82,52.354,23.461,12.408,TP,14,0.227,1.359,1.378,-0.205,0.098,-1.359
89,18,379.0,169.5,75.0,52.112,23.306,37.5,FP,,,,,,,
89,19,381.67,169.67,38.0,52.479,23.329,19.0,FP,,,,,,,
89,20,412.49,205.31,69.58,56.717,28.23,34.789,TP,16,0.101,2.457,2.459,-0.043,-0.092,2.457
89,21,313.65,214.1,35.79,43.127,29.439,17.895,TP,17,0.084,0.578,0.584,-0.01,-0.084,0.578
89,22,234.73,216.94,75.27,32.275,29.83,37.633,TP,18,0.414,3.2,3.226,0.074,0.407,3.2
89,23,213.65,233.23,6.72,29.377,32.069,3.359,TP,20,0.274,1.796,1.817,-0.209,0.177,-1.796
89,24,199.04,261.54,70.39,27.368,35.961,35.197,TP,23,0.047,0.344,0.348,-0.04,0.024,-0.344
89,25,114.69,277.31,25.33,15.769,38.13,12.664,TP,24,0.346,1.623,1.659,0.34,-0.069,-1.623
89,26,73.25,282.67,26.29,10.072,38.867,13.146,TP,25,0.161,1.048,1.061,-0.147,-0.065,-1.048
89,27,71.0,283.51,75.24,9.762,38.983,37.622,FP,,,,,,,
89,28,368.74,289.96,24.62,50.702,39.869,12.309,TP,28,0.27,1.263,1.292,-0.052,-0.265,1.263
89,29,482.01,287.77,32.72,66.276,39.569,16.359,TP,29,0.177,2.354,2.361,0.153,0.088,-2.354
89,30,401.84,289.09,3.02,55.253,39.75,1.508,TP,27,0.077,2.353,2.355,-0.077,-0.006,-2.353
89,31,479.86,287.64,40.18,65.98,39.551,20.089,FP,,,,,,,
89,32,480.17,287.5,69.17,66.023,39.531,34.583,FP,,,,,,,
89,33,66.53,320.35,57.33,9.147,44.048,28.666,TP,31,0.103,0.688,0.695,0.054,0.088,0.688
89,34,224.08,321.32,68.28,30.811,44.181,34.142,TP,33,0.078,1.683,1.684,0.054,-0.056,1.683
89,35,224.38,322.42,61.64,30.853,44.333,30.818,FP,,,,,,,
89,36,264.17,324.5,69.95,36.323,44.619,34.975,TP,32,0.051,0.14,0.149,0.016,0.049,0.14
89,37,326.69,375.11,53.1,44.919,51.577,26.551,TP,34,0.323,0.287,0.432,-0.203,-0.251,0.287
89,38,327.21,369.36,70.5,44.992,50.787,35.25,FP,,,,,,,
89,39,330.83,410.89,59.57,45.489,56.498,29.786,TP,37,0.071,0.205,0.217,-0.052,0.048,-0.205
89,40,202.5,406.15,83.99,27.844,55.845,41.995,TP,38,0.47,2.541,2.584,0.219,0.416,-2.541
89,41,487.46,407.38,30.32,67.026,56.014,15.161,TP,39,0.117,1.439,1.444,-0.087,-0.078,1.439
89,42,315.96,409.38,24.29,43.444,56.289,12.146,TP,36,0.527,1.487,1.578,0.086,0.519,1.487
89,43,315.9,411.41,17.02,43.436,56.568,8.508,FP,,,,,,,
89,44,332.45,413.54,69.59,45.712,56.862,34.793,FP,,,,,,,
89,45,443.89,426.2,57.66,61.034,58.602,28.832,TP,40,0.148,1.36,1.368,0.132,-0.067,-1.36
89,46,505.05,446.02,72.71,69.444,61.328,36.354,FP,,,,,,,
89,47,428.2,487.84,74.88,58.878,67.078,37.44,FP,,,,,,,
89,48,424.85,490.73,49.43,58.417,67.476,24.717,TP,45,0.013,0.041,0.043,0.012,0.005,0.041
89,49,175.62,492.0,48.0,24.148,67.65,24.0,TP,44,0.657,0.788,1.026,0.597,0.274,-0.788
89,50,171.49,493.57,42.49,23.579,67.866,21.243,FP,,,,,,,
89,51,401.41,497.25,59.55,55.194,68.372,29.775,TP,47,0.43,2.226,2.267,-0.067,-0.425,2.226
89,52,275.15,497.69,2.73,37.833,68.432,1.365,TP,46,0.324,0.64,0.717,-0.299,-0.125,0.64
89,53,405.5,496.0,69.0,55.756,68.2,34.5,FP,,,,,,,
89,,,,,53.87,7.245,47.186,FN,4,,,,,,
89,,,,,7.052,15.438,30.033,FN,9,,,,,,
89,,,,,56.883,17.336,49.027,FN,11,,,,,,
89,,,,,53.535,24.689,47.979,FN,15,,,,,,
89,,,,,69.886,31.674,26.603,FN,19,,,,,,
89,,,,,28.352,32.747,1.241,FN,21,,,,,,
89,,,,,53.621,35.599,47.5,FN,22,,,,,,
89,,,,,14.419,38.858,48.781,FN,26,,,,,,
89,,,,,47.089,41.98,48.321,FN,30,,,,,,
89,,,,,1.053,54.212,13.974,FN,35,,,,,,
89,,,,,13.052,59.649,48.616,FN,41,,,,,,
89,,,,,70.093,61.02,30.614,FN,42,,,,,,
89,,,,,12.674,65.16,47.075,FN,43,,,,,,
89,,,,,19.989,68.858,29.994,FN,48,,,,,,
89,,,,,22.885,68.896,4.181,FN,49,,,,,,
9,0,61.41,7.72,81.16,8.443,1.061,40.581,TP,0,0.314,0.156,0.351,0.05,0.31,0.156
9,1,503.1,15.96,23.57,69.176,2.195,11.784,TP,3,0.241,0.406,0.472,-0.009,-0.241,-0.406
9,2,363.62,27.58,86.29,49.997,3.793,43.146,TP,4,0.859,1.678,1.885,-0.659,-0.551,1.678
9,3,267.75,54.83,69.33,36.816,7.54,34.667,TP,5,0.144,0.419,0.443,0.112,0.091,0.419
9,4,264.26,56.63,60.83,36.335,7.786,30.414,FP,,,,,,,
9,5,224.22,66.88,74.8,30.831,9.196,37.402,TP,6,0.051,1.214,1.215,-0.041,-0.031,1.214
9,6,76.67,91.42,75.9,10.542,12.57,37.95,TP,7,0.129,0.334,0.358,0.121,0.045,-0.334
9,7,475.32,95.15,5.76,65.356,13.084,2.88,TP,8,0.148,2.561,2.565,-0.06,0.135,-2.561
9,8,367.34,96.57,16.51,50.509,13.278,8.257,TP,9,0.478,0.806,0.937,0.065,-0.474,0.806
9,9,368.0,98.0,11.0,50.6,13.475,5.5,FP,,,,,,,
9,10,427.77,107.67,80.62,58.819,14.805,40.309,TP,10,0.186,0.051,0.193,0.186,-0.005,0.051
9,11,301.34,138.7,25.9,41.435,19.072,12.951,TP,14,0.087,2.971,2.973,-0.008,-0.087,-2.971
9,12,129.56,152.2,54.46,17.815,20.927,27.232,TP,15,0.069,3.231,3.232,0.025,-0.064,-3.231
9,13,130.87,173.42,17.54,17.994,23.845,8.772,TP,17,0.185,2.535,2.541,0.146,0.113,2.535
9,14,147.45,176.3,24.81,20.274,24.241,12.407,TP,19,0.05,0.149,0.157,0.042,0.027,-0.149
9,15,259.02,176.77,9.66,35.615,24.305,4.829,TP,16,0.546,1.876,1.954,-0.536,-0.104,-1.876
9,16,445.67,179.75,18.92,61.28,24.716,9.46,TP,18,0.429,0.484,0.647,-0.294,-0.313,-0.484
9,17,305.93,180.39,67.7,42.065,24.804,33.851,TP,20,0.246,1.511,1.531,0.23,-0.088,1.511
9,18,306.25,180.59,61.12,42.109,24.832,30.562,FP,,,,,,,
9,19,454.73,194.19,76.32,62.525,26.7,38.162,TP,21,0.29,0.662,0.723,0.29,-0.018,0.662
9,20,22.5,254.05,26.08,3.094,34.932,13.038,TP,24,0.215,2.014,2.026,0.093,-0.194,2.014
9,21,219.89,282.41,37.88,30.235,38.832,18.941,TP,26,0.142,0.504,0.524,-0.062,-0.128,0.504
9,22,24.4,275.3,76.17,3.355,37.854,38.083,TP,27,0.72,1.598,1.753,0.654,-0.303,1.598
9,23,220.45,283.57,77.22,30.312,38.991,38.611,FP,,,,,,,
9,24,375.48,283.32,76.75,51.629,38.957,38.375,TP,29,0.143,0.008,0.143,0.142,-0.017,-0.008
9,25,121.08,312.16,24.33,16.649,42.923,12.164,TP,32,0.357,2.001,2.033,-0.318,-0.162,2.001
9,26,123.75,313.58,18.12,17.016,43.118,9.062,FP,,,,,,,
9,27,164.3,324.59,22.29,22.591,44.631,11.145,TP,33,0.141,0.109,0.178,0.141,-0.015,-0.109
9,28,190.91,335.7,2.35,26.251,46.159,1.177,TP,34,0.433,2.073,2.117,-0.355,-0.247,-2.073
9,29,80.17,351.9,32.23,11.024,48.386,16.116,TP,35,0.387,3.568,3.589,0.043,-0.384,-3.568
9,30,234.81,353.87,52.63,32.286,48.657,26.317,TP,36,0.078,0.046,0.091,-0.073,-0.029,0.046
9,31,369.72,355.41,54.06,50.837,48.869,27.03,TP,37,0.112,0.066,0.13,0.107,0.032,-0.066
9,32,455.34,387.5,24.72,62.609,53.281,12.358,TP,38,0.235,0.238,0.335,0.081,-0.22,0.238
9,33,317.36,389.97,37.55,43.637,53.621,18.773,TP,39,0.057,0.727,0.729,-0.007,-0.057,-0.727
9,34,27.9,395.37,34.8,3.836,54.363,17.4,TP,40,0.189,0.384,0.428,-0.156,-0.107,0.384
9,35,290.49,404.62,32.73,39.943,55.635,16.366,TP,42,0.125,1.7,1.705,0.123,-0.022,-1.7
9,36,472.61,404.42,69.21,64.984,55.608,34.606,TP,43,0.035,2.606,2.606,0.003,0.035,2.606
9,37,470.73,401.8,57.47,64.726,55.248,28.733,FP,,,,,,,
9,38,291.88,409.58,37.88,40.134,56.317,18.942,FP,,,,,,,
9,39,79.04,413.72,5.09,10.869,56.886,2.544,TP,44,0.275,0.713,0.764,0.104,0.254,-0.713
9,40,277.3,463.72,33.95,38.128,63.761,16.976,TP,46,0.194,0.728,0.753,0.022,-0.192,-0.728
9,41,197.46,472.98,30.98,27.151,65.035,15.488,TP,47,0.062,0.376,0.381,0.052,0.033,0.376
9,42,509.0,478.0,69.0,69.988,65.725,34.5,TP,48,0.101,1.434,1.437,0.036,-0.094,1.434
9,43,506.36,480.92,69.56,69.624,66.127,34.78,FP,,,,,,,
9,44,339.21,507.02,73.36,46.642,69.715,36.68,TP,49,0.453,2.684,2.722,-0.236,0.387,2.684
9,45,340.56,505.31,59.69,46.827,69.48,29.844,FP,,,,,,,
9,,,,,46.475,0.38,46.333,FN,1,,,,,,
9,,,,,49.364,2.165,39.506,FN,2,,,,,,
9,,,,,33.562,14.949,43.532,FN,11,,,,,,
9,,,,,10.952,17.743,32.847,FN,12,,,,,,
9,,,,,68.743,17.938,26.012,FN,13,,,,,,
9,,,,,40.51,30.003,8.324,FN,22,,,,,,
9,,,,,38.162,35.12,9.51,FN,23,,,,,,
9,,,,,4.386,36.733,0.638,FN,25,,,,,,
9,,,,,15.96,38.221,14.803,FN,28,,,,,,
9,,,,,58.43,40.22,47.5,FN,30,,,,,,
9,,,,,31.197,42.879,16.0,FN,31,,,,,,
9,,,,,51.142,54.238,47.758,FN,41,,,,,,
9,,,,,35.736,62.627,48.114,FN,45,,,,,,
91,0,317.98,27.75,63.13,43.722,3.816,31.564,TP,3,0.082,0.299,0.31,0.07,-0.044,0.299
91,1,445.14,30.27,4.34,61.207,4.162,2.169,TP,4,0.305,0.995,1.041,-0.097,-0.289,0.995
91,2,249.68,51.34,26.73,34.331,7.059,13.365,TP,6,0.206,1.358,1.374,0.162,-0.127,-1.358
91,3,104.76,49.25,68.92,14.405,6.772,34.461,FP,,,,,,,
91,4,108.94,54.2,28.77,14.979,7.453,14.384,TP,8,0.216,0.733,0.764,-0.19,-0.102,-0.733
91,5,306.12,59.62,33.45,42.092,8.198,16.726,TP,10,0.06,1.926,1.927,0.018,-0.057,-1.926
91,6,307.2,58.2,23.27,42.24,8.003,11.633,FP,,,,,,,
91,7,305.25,60.77,81.93,41.971,8.356,40.965,FP,,,,,,,
91,8,51.46,63.7,19.76,7.076,8.759,9.879,TP,9,0.204,0.375,0.427,0.012,0.204,-0.375
91,9,162.71,79.65,24.39,22.372,10.951,12.196,TP,11,0.343,0.934,0.995,0.338,0.057,-0.934
91,10,489.61,85.48,97.0,67.321,11.753,48.5,FP,,,,,,,
91,11,345.24,91.53,65.14,47.471,12.586,32.572,TP,13,0.12,1.05,1.057,-0.048,-0.11,1.05
91,12,228.0,89.0,13.0,31.35,12.238,6.5,TP,12,0.163,1.77,1.777,-0.142,0.081,1.77
91,13,478.55,93.76,79.35,65.8,12.891,39.674,TP,14,0.255,1.219,1.245,0.049,0.25,-1.219
91,14,399.91,110.62,60.27,54.988,15.21,30.134,TP,17,0.105,0.219,0.243,0.054,0.09,-0.219
91,15,445.1,138.01,37.67,61.201,18.976,18.833,TP,18,0.033,0.066,0.074,-0.032,-0.01,0.066
91,16,16.95,155.26,41.01,2.331,21.348,20.505,TP,19,0.112,0.765,0.773,0.104,-0.042,0.765
91,17,239.69,156.98,86.17,32.958,21.585,43.085,FP,,,,,,,
91,18,243.46,158.08,69.84,33.476,21.737,34.918,TP,20,0.165,0.918,0.933,0.035,0.161,-0.918
91,19,163.16,184.06,88.98,22.435,25.308,44.49,TP,21,0.26,2.251,2.266,0.239,0.102,-2.251
91,20,117.46,191.71,21.77,16.15,26.36,10.886,TP,22,0.119,2.719,2.722,-0.039,-0.113,2.719
91,21,484.94,206.32,23.37,66.679,28.369,11.687,TP,23,0.278,0.362,0.456,0.062,0.271,0.362
91,22,352.76,223.01,92.67,48.504,30.664,46.335,TP,25,0.104,0.05,0.116,0.05,-0.092,-0.05
91,23,38.92,231.55,74.75,5.351,31.839,37.376,TP,26,0.105,0.382,0.396,-0.07,0.078,0.382
91,24,84.74,242.26,40.37,11.652,33.311,20.183,TP,27,0.363,0.536,0.648,-0.16,-0.326,-0.536
91,25,8.85,266.0,5.58,1.216,36.575,2.788,FP,,,,,,,
91,26,2.25,269.67,8.83,0.309,37.079,4.417,FP,,,,,,,
91,27,430.84,282.36,79.55,59.24,38.825,39.776,TP,32,0.394,1.057,1.128,0.256,0.299,-1.057
91,28,96.43,289.88,33.6,13.258,39.859,16.799,TP,33,0.168,0.201,0.262,0.097,0.138,-0.201
91,29,47.53,302.17,18.75,6.535,41.548,9.373,TP,34,0.399,0.365,0.541,0.086,0.39,0.365
91,30,120.11,310.56,77.44,16.515,42.701,38.722,TP,35,0.916,0.632,1.113,-0.885,-0.236,0.632
91,31,208.39,349.9,21.0,28.654,48.111,10.5,TP,36,0.142,0.003,0.142,-0.132,0.051,0.003
91,32,403.72,352.39,2.06,55.512,48.453,1.028,TP,37,0.24,0.291,0.377,-0.179,-0.159,0.291
91,33,455.54,358.52,3.85,62.637,49.297,1.923,TP,38,0.17,1.212,1.224,0.051,0.162,1.212
91,34,46.42,391.66,61.34,6.383,53.853,30.672,TP,40,0.043,1.162,1.163,-0.031,-0.031,1.162
91,35,375.4,412.45,49.47,51.618,56.711,24.733,TP,42,0.088,1.108,1.112,0.039,-0.079,1.108
91,36,47.78,426.32,76.38,6.57,58.619,38.192,TP,43,0.32,0.755,0.82,0.253,0.195,-0.755
91,37,6.74,432.3,1.86,0.927,59.441,0.931,TP,44,0.606,3.048,3.108,-0.553,0.248,-3.048
91,38,398.64,438.86,28.95,54.813,60.344,14.477,TP,45,0.147,1.238,1.247,0.029,0.144,-1.238
91,39,68.86,467.99,9.47,9.469,64.349,4.736,FP,,,,,,,
91,40,404.27,479.6,93.35,55.588,65.945,46.677,TP,48,0.824,0.596,1.017,-0.141,-0.812,0.596
91,,,,,51.932,0.848,7.523,FN,0,,,,,,
91,,,,,53.553,2.026,12.825,FN,1,,,,,,
91,,,,,39.6,2.639,46.402,FN,2,,,,,,
91,,,,,45.322,6.003,41.215,FN,5,,,,,,
91,,,,,40.667,7.947,42.217,FN,7,,,,,,
91,,,,,68.078,11.968,39.018,FN,15,,,,,,
91,,,,,14.685,12.573,12.5,FN,16,,,,,,
91,,,,,21.43,29.285,48.02,FN,24,,,,,,
91,,,,,14.11,35.188,32.807,FN,28,,,,,,
91,,,,,3.74,36.169,45.994,FN,29,,,,,,
91,,,,,1.508,36.607,10.045,FN,30,,,,,,
91,,,,,2.514,36.883,22.179,FN,31,,,,,,
91,,,,,12.02,53.709,7.246,FN,39,,,,,,
91,,,,,53.672,53.753,0.534,FN,41,,,,,,
91,,,,,53.198,63.155,48.541,FN,46,,,,,,
91,,,,,9.791,64.547,9.753,FN,47,,,,,,
97,0,266.1,5.08,26.53,36.588,0.698,13.263,TP,0,0.209,1.959,1.97,-0.076,-0.195,-1.959
97,1,500.74,17.39,25.97,68.852,2.391,12.984,FP,,,,,,,
97,2,498.53,22.89,32.5,68.548,3.147,16.25,FP,,,,,,,
97,3,204.22,33.66,24.58,28.08,4.629,12.291,TP,6,0.133,0.566,0.581,-0.065,-0.116,-0.566
97,4,226.62,34.26,16.66,31.16,4.711,8.331,TP,5,0.315,1.358,1.394,-0.309,0.06,1.358
97,5,227.08,34.69,10.04,31.223,4.77,5.019,FP,,,,,,,
97,6,327.83,42.53,54.87,45.077,5.848,27.433,TP,7,0.23,0.382,0.445,-0.086,-0.213,-0.382
97,7,375.62,89.32,18.11,51.648,12.281,9.056,FP,,,,,,,
97,8,464.49,96.2,8.65,63.868,13.228,4.324,TP,10,0.256,2.58,2.592,-0.169,0.193,-2.58
97,9,464.0,96.0,16.0,63.8,13.2,8.0,FP,,,,,,,
97,10,443.5,140.67,81.17,60.981,19.342,40.583,TP,12,0.514,2.811,2.858,0.39,0.335,-2.811
97,11,493.99,152.05,2.2,67.924,20.907,1.098,TP,13,0.547,3.611,3.653,0.377,0.396,-3.611
97,12,447.98,157.36,46.1,61.597,21.636,23.05,TP,14,0.037,0.853,0.854,-0.022,0.03,0.853
97,13,82.61,172.46,58.34,11.359,23.713,29.168,TP,15,0.076,0.663,0.667,0.059,-0.047,0.663
97,14,41.5,189.5,2.0,5.706,26.056,1.0,TP,16,0.323,0.5,0.595,-0.198,0.255,0.5
97,15,271.56,189.89,88.33,37.339,26.11,44.167,FP,,,,,,,
97,16,277.49,199.11,80.77,38.156,27.377,40.385,TP,17,0.282,0.233,0.366,0.076,-0.272,-0.233
97,17,99.91,220.07,3.49,13.738,30.259,1.747,TP,18,0.181,0.056,0.189,-0.158,-0.088,0.056
97,18,493.09,219.33,23.81,67.8,30.157,11.907,TP,19,0.133,1.191,1.198,-0.081,0.105,-1.191
97,19,439.59,226.49,84.25,60.443,31.143,42.123,TP,21,0.572,2.258,2.329,0.57,0.041,-2.258
97,20,256.56,229.49,41.55,35.277,31.555,20.774,TP,20,0.097,2.201,2.203,-0.095,0.02,2.201
97,21,155.47,229.21,37.77,21.378,31.516,18.885,TP,22,0.104,1.131,1.135,0.034,-0.099,1.131
97,22,251.08,230.55,78.0,34.523,31.701,39.0,FP,,,,,,,
97,23,457.43,240.29,79.0,62.896,33.039,39.5,TP,23,0.557,2.543,2.603,0.551,-0.076,-2.543
97,24,105.0,271.0,55.0,14.438,37.263,27.5,TP,26,0.168,2.485,2.49,-0.138,-0.096,-2.485
97,25,112.7,274.83,35.52,15.496,37.79,17.762,TP,27,0.061,0.935,0.937,0.06,-0.012,-0.935
97,26,389.67,273.47,33.6,53.579,37.602,16.8,FP,,,,,,,
97,27,400.27,275.96,41.38,55.037,37.945,20.692,TP,25,0.511,4.058,4.09,0.133,0.493,-4.058
97,28,401.5,277.25,48.75,55.206,38.122,24.375,FP,,,,,,,
97,29,495.16,279.93,3.63,68.085,38.491,1.816,TP,28,0.127,1.293,1.299,0.127,0.007,-1.293
97,30,30.57,285.2,93.86,4.204,39.215,46.929,TP,29,0.732,1.817,1.959,-0.603,0.416,1.817
97,31,134.39,291.0,55.71,18.478,40.013,27.853,TP,30,0.166,0.882,0.898,0.065,0.152,-0.882
97,32,338.55,353.78,87.44,46.551,48.645,43.718,TP,35,0.234,1.034,1.061,-0.117,-0.203,1.034
97,33,433.66,362.62,41.5,59.628,49.861,20.75,TP,36,0.257,0.522,0.582,-0.059,-0.251,0.522
97,34,432.6,362.8,66.4,59.483,49.885,33.2,FP,,,,,,,
97,35,504.24,370.89,41.56,69.333,50.998,20.778,TP,38,0.217,0.871,0.897,0.203,0.075,-0.871
97,36,13.38,370.25,50.75,1.839,50.909,25.375,TP,37,0.173,0.006,0.173,-0.015,0.173,0.006
97,37,17.0,370.5,61.0,2.338,50.944,30.5,FP,,,,,,,
97,38,504.98,371.3,32.56,69.435,51.054,16.28,FP,,,,,,,
97,39,297.89,386.95,25.58,40.96,53.206,12.788,TP,41,0.235,1.047,1.073,0.095,-0.215,-1.047
97,40,417.18,385.12,22.41,57.362,52.954,11.206,FP,,,,,,,
97,41,455.68,441.82,65.74,62.656,60.751,32.868,TP,43,0.159,0.205,0.259,0.152,0.049,0.205
97,42,130.53,442.59,46.68,17.948,60.856,23.338,TP,42,0.227,0.706,0.741,-0.053,-0.22,0.706
97,43,130.0,443.0,42.0,17.875,60.913,21.0,FP,,,,,,,
97,44,132.0,444.0,42.0,18.15,61.05,21.0,FP,,,,,,,
97,45,224.93,460.59,6.48,30.928,63.331,3.241,TP,44,0.245,0.209,0.322,-0.218,0.113,0.209
97,46,168.23,460.98,76.54,23.131,63.385,38.272,TP,45,0.173,0.699,0.72,0.142,-0.099,-0.699
97,47,89.46,487.92,79.95,12.301,67.088,39.973,TP,47,0.058,0.189,0.197,-0.004,-0.057,-0.189
97,48,61.45,489.36,91.2,8.449,67.288,45.599,TP,48,0.258,2.327,2.342,-0.245,0.081,2.327
97,,,,,69.242,2.628,7.43,FN,1,,,,,,
97,,,,,2.472,3.345,47.666,FN,2,,,,,,
97,,,,,19.3,3.487,9.038,FN,3,,,,,,
97,,,,,43.847,3.317,8.075,FN,4,,,,,,
97,,,,,53.598,8.665,20.935,FN,8,,,,,,
97,,,,,51.877,12.319,3.254,FN,9,,,,,,
97,,,,,62.299,16.389,20.683,FN,11,,,,,,
97,,,,,33.848,32.62,44.789,FN,24,,,,,,
97,,,,,14.518,42.051,8.225,FN,31,,,,,,
97,,,,,53.889,42.519,46.596,FN,32,,,,,,
97,,,,,14.97,45.046,17.644,FN,33,,,,,,
97,,,,,7.718,46.072,42.199,FN,34,,,,,,
97,,,,,0.19,51.41,25.575,FN,39,,,,,,
97,,,,,57.163,52.353,4.414,FN,40,,,,,,
97,,,,,18.964,65.766,1.448,FN,46,,,,,,
97,,,,,20.263,68.736,49.484,FN,49,,,,,,
